id,domain,condition,layer,norm_depth,p_emotional
c-01,technical_mechanical,C_complex_neutral,0,0.0625,0.003976
c-01,technical_mechanical,C_complex_neutral,1,0.125,0.000252
c-01,technical_mechanical,C_complex_neutral,2,0.1875,0.000024
c-01,technical_mechanical,C_complex_neutral,3,0.25,0.000024
c-01,technical_mechanical,C_complex_neutral,4,0.3125,0.00135
c-01,technical_mechanical,C_complex_neutral,5,0.375,0.00341
c-01,technical_mechanical,C_complex_neutral,6,0.4375,0.001898
c-01,technical_mechanical,C_complex_neutral,7,0.5,0.000893
c-01,technical_mechanical,C_complex_neutral,8,0.5625,0.00489
c-01,technical_mechanical,C_complex_neutral,9,0.625,0.001497
c-01,technical_mechanical,C_complex_neutral,10,0.6875,0.001229
c-01,technical_mechanical,C_complex_neutral,11,0.75,0.000506
c-01,technical_mechanical,C_complex_neutral,12,0.8125,0.000389
c-01,technical_mechanical,C_complex_neutral,13,0.875,0.000387
c-01,technical_mechanical,C_complex_neutral,14,0.9375,0.000332
c-01,technical_mechanical,C_complex_neutral,15,1.0,0.000331
c-02,technical_mechanical,C_complex_neutral,0,0.0625,0.472793
c-02,technical_mechanical,C_complex_neutral,1,0.125,0.373793
c-02,technical_mechanical,C_complex_neutral,2,0.1875,0.046191
c-02,technical_mechanical,C_complex_neutral,3,0.25,0.39488
c-02,technical_mechanical,C_complex_neutral,4,0.3125,0.091099
c-02,technical_mechanical,C_complex_neutral,5,0.375,0.0339
c-02,technical_mechanical,C_complex_neutral,6,0.4375,0.247156
c-02,technical_mechanical,C_complex_neutral,7,0.5,0.067737
c-02,technical_mechanical,C_complex_neutral,8,0.5625,0.006287
c-02,technical_mechanical,C_complex_neutral,9,0.625,0.002468
c-02,technical_mechanical,C_complex_neutral,10,0.6875,0.001559
c-02,technical_mechanical,C_complex_neutral,11,0.75,0.000962
c-02,technical_mechanical,C_complex_neutral,12,0.8125,0.000327
c-02,technical_mechanical,C_complex_neutral,13,0.875,0.000511
c-02,technical_mechanical,C_complex_neutral,14,0.9375,0.000725
c-02,technical_mechanical,C_complex_neutral,15,1.0,0.000857
c-03,technical_mechanical,C_complex_neutral,0,0.0625,0.88155
c-03,technical_mechanical,C_complex_neutral,1,0.125,0.637466
c-03,technical_mechanical,C_complex_neutral,2,0.1875,0.902971
c-03,technical_mechanical,C_complex_neutral,3,0.25,0.556801
c-03,technical_mechanical,C_complex_neutral,4,0.3125,0.993702
c-03,technical_mechanical,C_complex_neutral,5,0.375,0.94636
c-03,technical_mechanical,C_complex_neutral,6,0.4375,0.817378
c-03,technical_mechanical,C_complex_neutral,7,0.5,0.02721
c-03,technical_mechanical,C_complex_neutral,8,0.5625,0.004981
c-03,technical_mechanical,C_complex_neutral,9,0.625,0.008631
c-03,technical_mechanical,C_complex_neutral,10,0.6875,0.027112
c-03,technical_mechanical,C_complex_neutral,11,0.75,0.010621
c-03,technical_mechanical,C_complex_neutral,12,0.8125,0.006916
c-03,technical_mechanical,C_complex_neutral,13,0.875,0.022004
c-03,technical_mechanical,C_complex_neutral,14,0.9375,0.036046
c-03,technical_mechanical,C_complex_neutral,15,1.0,0.056163
c-04,technical_mechanical,C_complex_neutral,0,0.0625,0.983556
c-04,technical_mechanical,C_complex_neutral,1,0.125,0.901112
c-04,technical_mechanical,C_complex_neutral,2,0.1875,0.93565
c-04,technical_mechanical,C_complex_neutral,3,0.25,0.998072
c-04,technical_mechanical,C_complex_neutral,4,0.3125,0.994981
c-04,technical_mechanical,C_complex_neutral,5,0.375,0.98073
c-04,technical_mechanical,C_complex_neutral,6,0.4375,0.864756
c-04,technical_mechanical,C_complex_neutral,7,0.5,0.644656
c-04,technical_mechanical,C_complex_neutral,8,0.5625,0.014418
c-04,technical_mechanical,C_complex_neutral,9,0.625,0.008457
c-04,technical_mechanical,C_complex_neutral,10,0.6875,0.011069
c-04,technical_mechanical,C_complex_neutral,11,0.75,0.012485
c-04,technical_mechanical,C_complex_neutral,12,0.8125,0.008293
c-04,technical_mechanical,C_complex_neutral,13,0.875,0.005403
c-04,technical_mechanical,C_complex_neutral,14,0.9375,0.005697
c-04,technical_mechanical,C_complex_neutral,15,1.0,0.011374
c-05,technical_mechanical,C_complex_neutral,0,0.0625,0.016771
c-05,technical_mechanical,C_complex_neutral,1,0.125,0.006417
c-05,technical_mechanical,C_complex_neutral,2,0.1875,0.017522
c-05,technical_mechanical,C_complex_neutral,3,0.25,0.053464
c-05,technical_mechanical,C_complex_neutral,4,0.3125,0.164849
c-05,technical_mechanical,C_complex_neutral,5,0.375,0.295151
c-05,technical_mechanical,C_complex_neutral,6,0.4375,0.531029
c-05,technical_mechanical,C_complex_neutral,7,0.5,0.135066
c-05,technical_mechanical,C_complex_neutral,8,0.5625,0.30748
c-05,technical_mechanical,C_complex_neutral,9,0.625,0.048568
c-05,technical_mechanical,C_complex_neutral,10,0.6875,0.027077
c-05,technical_mechanical,C_complex_neutral,11,0.75,0.05202
c-05,technical_mechanical,C_complex_neutral,12,0.8125,0.041613
c-05,technical_mechanical,C_complex_neutral,13,0.875,0.137037
c-05,technical_mechanical,C_complex_neutral,14,0.9375,0.247537
c-05,technical_mechanical,C_complex_neutral,15,1.0,0.406762
c-06,technical_mechanical,C_complex_neutral,0,0.0625,0.202401
c-06,technical_mechanical,C_complex_neutral,1,0.125,0.054983
c-06,technical_mechanical,C_complex_neutral,2,0.1875,0.071325
c-06,technical_mechanical,C_complex_neutral,3,0.25,0.03123
c-06,technical_mechanical,C_complex_neutral,4,0.3125,0.017804
c-06,technical_mechanical,C_complex_neutral,5,0.375,0.004679
c-06,technical_mechanical,C_complex_neutral,6,0.4375,0.012938
c-06,technical_mechanical,C_complex_neutral,7,0.5,0.008379
c-06,technical_mechanical,C_complex_neutral,8,0.5625,0.003396
c-06,technical_mechanical,C_complex_neutral,9,0.625,0.003911
c-06,technical_mechanical,C_complex_neutral,10,0.6875,0.004879
c-06,technical_mechanical,C_complex_neutral,11,0.75,0.001937
c-06,technical_mechanical,C_complex_neutral,12,0.8125,0.001149
c-06,technical_mechanical,C_complex_neutral,13,0.875,0.004787
c-06,technical_mechanical,C_complex_neutral,14,0.9375,0.00832
c-06,technical_mechanical,C_complex_neutral,15,1.0,0.011485
c-07,natural_environment,C_complex_neutral,0,0.0625,0.809893
c-07,natural_environment,C_complex_neutral,1,0.125,0.050857
c-07,natural_environment,C_complex_neutral,2,0.1875,0.368711
c-07,natural_environment,C_complex_neutral,3,0.25,0.027388
c-07,natural_environment,C_complex_neutral,4,0.3125,0.092993
c-07,natural_environment,C_complex_neutral,5,0.375,0.082156
c-07,natural_environment,C_complex_neutral,6,0.4375,0.029267
c-07,natural_environment,C_complex_neutral,7,0.5,0.013035
c-07,natural_environment,C_complex_neutral,8,0.5625,0.002756
c-07,natural_environment,C_complex_neutral,9,0.625,0.003216
c-07,natural_environment,C_complex_neutral,10,0.6875,0.005475
c-07,natural_environment,C_complex_neutral,11,0.75,0.008333
c-07,natural_environment,C_complex_neutral,12,0.8125,0.012719
c-07,natural_environment,C_complex_neutral,13,0.875,0.021395
c-07,natural_environment,C_complex_neutral,14,0.9375,0.041575
c-07,natural_environment,C_complex_neutral,15,1.0,0.046597
c-08,natural_environment,C_complex_neutral,0,0.0625,0.690961
c-08,natural_environment,C_complex_neutral,1,0.125,0.108189
c-08,natural_environment,C_complex_neutral,2,0.1875,0.961281
c-08,natural_environment,C_complex_neutral,3,0.25,0.957062
c-08,natural_environment,C_complex_neutral,4,0.3125,0.996288
c-08,natural_environment,C_complex_neutral,5,0.375,0.963739
c-08,natural_environment,C_complex_neutral,6,0.4375,0.962314
c-08,natural_environment,C_complex_neutral,7,0.5,0.548671
c-08,natural_environment,C_complex_neutral,8,0.5625,0.114698
c-08,natural_environment,C_complex_neutral,9,0.625,0.03773
c-08,natural_environment,C_complex_neutral,10,0.6875,0.02658
c-08,natural_environment,C_complex_neutral,11,0.75,0.129641
c-08,natural_environment,C_complex_neutral,12,0.8125,0.123871
c-08,natural_environment,C_complex_neutral,13,0.875,0.349103
c-08,natural_environment,C_complex_neutral,14,0.9375,0.520706
c-08,natural_environment,C_complex_neutral,15,1.0,0.764365
c-09,natural_environment,C_complex_neutral,0,0.0625,0.21394
c-09,natural_environment,C_complex_neutral,1,0.125,0.649535
c-09,natural_environment,C_complex_neutral,2,0.1875,0.806824
c-09,natural_environment,C_complex_neutral,3,0.25,0.66573
c-09,natural_environment,C_complex_neutral,4,0.3125,0.678924
c-09,natural_environment,C_complex_neutral,5,0.375,0.410501
c-09,natural_environment,C_complex_neutral,6,0.4375,0.272757
c-09,natural_environment,C_complex_neutral,7,0.5,0.007997
c-09,natural_environment,C_complex_neutral,8,0.5625,0.000961
c-09,natural_environment,C_complex_neutral,9,0.625,0.002793
c-09,natural_environment,C_complex_neutral,10,0.6875,0.002508
c-09,natural_environment,C_complex_neutral,11,0.75,0.06449
c-09,natural_environment,C_complex_neutral,12,0.8125,0.082235
c-09,natural_environment,C_complex_neutral,13,0.875,0.421754
c-09,natural_environment,C_complex_neutral,14,0.9375,0.620745
c-09,natural_environment,C_complex_neutral,15,1.0,0.692277
c-10,natural_environment,C_complex_neutral,0,0.0625,0.833538
c-10,natural_environment,C_complex_neutral,1,0.125,0.49573
c-10,natural_environment,C_complex_neutral,2,0.1875,0.966264
c-10,natural_environment,C_complex_neutral,3,0.25,0.961797
c-10,natural_environment,C_complex_neutral,4,0.3125,0.997765
c-10,natural_environment,C_complex_neutral,5,0.375,0.992272
c-10,natural_environment,C_complex_neutral,6,0.4375,0.986842
c-10,natural_environment,C_complex_neutral,7,0.5,0.661412
c-10,natural_environment,C_complex_neutral,8,0.5625,0.329829
c-10,natural_environment,C_complex_neutral,9,0.625,0.239828
c-10,natural_environment,C_complex_neutral,10,0.6875,0.342171
c-10,natural_environment,C_complex_neutral,11,0.75,0.694221
c-10,natural_environment,C_complex_neutral,12,0.8125,0.772387
c-10,natural_environment,C_complex_neutral,13,0.875,0.89343
c-10,natural_environment,C_complex_neutral,14,0.9375,0.961558
c-10,natural_environment,C_complex_neutral,15,1.0,0.990276
c-11,natural_environment,C_complex_neutral,0,0.0625,0.045151
c-11,natural_environment,C_complex_neutral,1,0.125,0.034208
c-11,natural_environment,C_complex_neutral,2,0.1875,0.791535
c-11,natural_environment,C_complex_neutral,3,0.25,0.782423
c-11,natural_environment,C_complex_neutral,4,0.3125,0.996035
c-11,natural_environment,C_complex_neutral,5,0.375,0.943223
c-11,natural_environment,C_complex_neutral,6,0.4375,0.869805
c-11,natural_environment,C_complex_neutral,7,0.5,0.291458
c-11,natural_environment,C_complex_neutral,8,0.5625,0.527766
c-11,natural_environment,C_complex_neutral,9,0.625,0.142199
c-11,natural_environment,C_complex_neutral,10,0.6875,0.239833
c-11,natural_environment,C_complex_neutral,11,0.75,0.254699
c-11,natural_environment,C_complex_neutral,12,0.8125,0.444048
c-11,natural_environment,C_complex_neutral,13,0.875,0.904596
c-11,natural_environment,C_complex_neutral,14,0.9375,0.933386
c-11,natural_environment,C_complex_neutral,15,1.0,0.975568
c-12,natural_environment,C_complex_neutral,0,0.0625,0.063196
c-12,natural_environment,C_complex_neutral,1,0.125,0.077455
c-12,natural_environment,C_complex_neutral,2,0.1875,0.257483
c-12,natural_environment,C_complex_neutral,3,0.25,0.045799
c-12,natural_environment,C_complex_neutral,4,0.3125,0.418298
c-12,natural_environment,C_complex_neutral,5,0.375,0.237247
c-12,natural_environment,C_complex_neutral,6,0.4375,0.167922
c-12,natural_environment,C_complex_neutral,7,0.5,0.07702
c-12,natural_environment,C_complex_neutral,8,0.5625,0.02101
c-12,natural_environment,C_complex_neutral,9,0.625,0.020046
c-12,natural_environment,C_complex_neutral,10,0.6875,0.061785
c-12,natural_environment,C_complex_neutral,11,0.75,0.070915
c-12,natural_environment,C_complex_neutral,12,0.8125,0.139145
c-12,natural_environment,C_complex_neutral,13,0.875,0.124497
c-12,natural_environment,C_complex_neutral,14,0.9375,0.224545
c-12,natural_environment,C_complex_neutral,15,1.0,0.365118
c-13,commercial_urban,C_complex_neutral,0,0.0625,0.905095
c-13,commercial_urban,C_complex_neutral,1,0.125,0.511985
c-13,commercial_urban,C_complex_neutral,2,0.1875,0.047564
c-13,commercial_urban,C_complex_neutral,3,0.25,0.060002
c-13,commercial_urban,C_complex_neutral,4,0.3125,0.005083
c-13,commercial_urban,C_complex_neutral,5,0.375,0.002674
c-13,commercial_urban,C_complex_neutral,6,0.4375,0.001866
c-13,commercial_urban,C_complex_neutral,7,0.5,0.002512
c-13,commercial_urban,C_complex_neutral,8,0.5625,0.000836
c-13,commercial_urban,C_complex_neutral,9,0.625,0.000259
c-13,commercial_urban,C_complex_neutral,10,0.6875,0.000079
c-13,commercial_urban,C_complex_neutral,11,0.75,0.000301
c-13,commercial_urban,C_complex_neutral,12,0.8125,0.000157
c-13,commercial_urban,C_complex_neutral,13,0.875,0.000543
c-13,commercial_urban,C_complex_neutral,14,0.9375,0.00118
c-13,commercial_urban,C_complex_neutral,15,1.0,0.002197
c-14,commercial_urban,C_complex_neutral,0,0.0625,0.00107
c-14,commercial_urban,C_complex_neutral,1,0.125,0.023707
c-14,commercial_urban,C_complex_neutral,2,0.1875,0.108757
c-14,commercial_urban,C_complex_neutral,3,0.25,0.173927
c-14,commercial_urban,C_complex_neutral,4,0.3125,0.441841
c-14,commercial_urban,C_complex_neutral,5,0.375,0.10254
c-14,commercial_urban,C_complex_neutral,6,0.4375,0.109362
c-14,commercial_urban,C_complex_neutral,7,0.5,0.009123
c-14,commercial_urban,C_complex_neutral,8,0.5625,0.031036
c-14,commercial_urban,C_complex_neutral,9,0.625,0.003158
c-14,commercial_urban,C_complex_neutral,10,0.6875,0.001836
c-14,commercial_urban,C_complex_neutral,11,0.75,0.003014
c-14,commercial_urban,C_complex_neutral,12,0.8125,0.004652
c-14,commercial_urban,C_complex_neutral,13,0.875,0.004278
c-14,commercial_urban,C_complex_neutral,14,0.9375,0.006511
c-14,commercial_urban,C_complex_neutral,15,1.0,0.005495
c-15,commercial_urban,C_complex_neutral,0,0.0625,0.005302
c-15,commercial_urban,C_complex_neutral,1,0.125,0.000538
c-15,commercial_urban,C_complex_neutral,2,0.1875,0.00372
c-15,commercial_urban,C_complex_neutral,3,0.25,0.063766
c-15,commercial_urban,C_complex_neutral,4,0.3125,0.2825
c-15,commercial_urban,C_complex_neutral,5,0.375,0.105826
c-15,commercial_urban,C_complex_neutral,6,0.4375,0.061109
c-15,commercial_urban,C_complex_neutral,7,0.5,0.173282
c-15,commercial_urban,C_complex_neutral,8,0.5625,0.08268
c-15,commercial_urban,C_complex_neutral,9,0.625,0.014481
c-15,commercial_urban,C_complex_neutral,10,0.6875,0.017461
c-15,commercial_urban,C_complex_neutral,11,0.75,0.029468
c-15,commercial_urban,C_complex_neutral,12,0.8125,0.027342
c-15,commercial_urban,C_complex_neutral,13,0.875,0.159436
c-15,commercial_urban,C_complex_neutral,14,0.9375,0.331332
c-15,commercial_urban,C_complex_neutral,15,1.0,0.669764
c-16,commercial_urban,C_complex_neutral,0,0.0625,0.000459
c-16,commercial_urban,C_complex_neutral,1,0.125,0.032553
c-16,commercial_urban,C_complex_neutral,2,0.1875,0.200369
c-16,commercial_urban,C_complex_neutral,3,0.25,0.510904
c-16,commercial_urban,C_complex_neutral,4,0.3125,0.205267
c-16,commercial_urban,C_complex_neutral,5,0.375,0.117205
c-16,commercial_urban,C_complex_neutral,6,0.4375,0.094474
c-16,commercial_urban,C_complex_neutral,7,0.5,0.095079
c-16,commercial_urban,C_complex_neutral,8,0.5625,0.056095
c-16,commercial_urban,C_complex_neutral,9,0.625,0.012711
c-16,commercial_urban,C_complex_neutral,10,0.6875,0.004133
c-16,commercial_urban,C_complex_neutral,11,0.75,0.009203
c-16,commercial_urban,C_complex_neutral,12,0.8125,0.008022
c-16,commercial_urban,C_complex_neutral,13,0.875,0.015106
c-16,commercial_urban,C_complex_neutral,14,0.9375,0.035725
c-16,commercial_urban,C_complex_neutral,15,1.0,0.046995
c-17,commercial_urban,C_complex_neutral,0,0.0625,0.003574
c-17,commercial_urban,C_complex_neutral,1,0.125,0.000154
c-17,commercial_urban,C_complex_neutral,2,0.1875,0.002861
c-17,commercial_urban,C_complex_neutral,3,0.25,0.006646
c-17,commercial_urban,C_complex_neutral,4,0.3125,0.000367
c-17,commercial_urban,C_complex_neutral,5,0.375,0.00055
c-17,commercial_urban,C_complex_neutral,6,0.4375,0.004175
c-17,commercial_urban,C_complex_neutral,7,0.5,0.031462
c-17,commercial_urban,C_complex_neutral,8,0.5625,0.107141
c-17,commercial_urban,C_complex_neutral,9,0.625,0.155362
c-17,commercial_urban,C_complex_neutral,10,0.6875,0.121436
c-17,commercial_urban,C_complex_neutral,11,0.75,0.029934
c-17,commercial_urban,C_complex_neutral,12,0.8125,0.01034
c-17,commercial_urban,C_complex_neutral,13,0.875,0.003874
c-17,commercial_urban,C_complex_neutral,14,0.9375,0.005797
c-17,commercial_urban,C_complex_neutral,15,1.0,0.012183
c-18,commercial_urban,C_complex_neutral,0,0.0625,0.000794
c-18,commercial_urban,C_complex_neutral,1,0.125,0.006739
c-18,commercial_urban,C_complex_neutral,2,0.1875,0.014242
c-18,commercial_urban,C_complex_neutral,3,0.25,0.163391
c-18,commercial_urban,C_complex_neutral,4,0.3125,0.032322
c-18,commercial_urban,C_complex_neutral,5,0.375,0.211999
c-18,commercial_urban,C_complex_neutral,6,0.4375,0.17158
c-18,commercial_urban,C_complex_neutral,7,0.5,0.798766
c-18,commercial_urban,C_complex_neutral,8,0.5625,0.090503
c-18,commercial_urban,C_complex_neutral,9,0.625,0.048355
c-18,commercial_urban,C_complex_neutral,10,0.6875,0.034731
c-18,commercial_urban,C_complex_neutral,11,0.75,0.038442
c-18,commercial_urban,C_complex_neutral,12,0.8125,0.019748
c-18,commercial_urban,C_complex_neutral,13,0.875,0.045952
c-18,commercial_urban,C_complex_neutral,14,0.9375,0.080009
c-18,commercial_urban,C_complex_neutral,15,1.0,0.10227
c-19,routine_process,C_complex_neutral,0,0.0625,0.584838
c-19,routine_process,C_complex_neutral,1,0.125,0.183369
c-19,routine_process,C_complex_neutral,2,0.1875,0.249629
c-19,routine_process,C_complex_neutral,3,0.25,0.142252
c-19,routine_process,C_complex_neutral,4,0.3125,0.263914
c-19,routine_process,C_complex_neutral,5,0.375,0.172441
c-19,routine_process,C_complex_neutral,6,0.4375,0.314702
c-19,routine_process,C_complex_neutral,7,0.5,0.171411
c-19,routine_process,C_complex_neutral,8,0.5625,0.018474
c-19,routine_process,C_complex_neutral,9,0.625,0.004125
c-19,routine_process,C_complex_neutral,10,0.6875,0.0067
c-19,routine_process,C_complex_neutral,11,0.75,0.004856
c-19,routine_process,C_complex_neutral,12,0.8125,0.002983
c-19,routine_process,C_complex_neutral,13,0.875,0.011337
c-19,routine_process,C_complex_neutral,14,0.9375,0.020527
c-19,routine_process,C_complex_neutral,15,1.0,0.066596
c-20,routine_process,C_complex_neutral,0,0.0625,0.000779
c-20,routine_process,C_complex_neutral,1,0.125,0.013757
c-20,routine_process,C_complex_neutral,2,0.1875,0.001622
c-20,routine_process,C_complex_neutral,3,0.25,0.032162
c-20,routine_process,C_complex_neutral,4,0.3125,0.027009
c-20,routine_process,C_complex_neutral,5,0.375,0.000871
c-20,routine_process,C_complex_neutral,6,0.4375,0.000141
c-20,routine_process,C_complex_neutral,7,0.5,0.000015
c-20,routine_process,C_complex_neutral,8,0.5625,0.000607
c-20,routine_process,C_complex_neutral,9,0.625,0.00055
c-20,routine_process,C_complex_neutral,10,0.6875,0.003267
c-20,routine_process,C_complex_neutral,11,0.75,0.00603
c-20,routine_process,C_complex_neutral,12,0.8125,0.011204
c-20,routine_process,C_complex_neutral,13,0.875,0.019653
c-20,routine_process,C_complex_neutral,14,0.9375,0.038164
c-20,routine_process,C_complex_neutral,15,1.0,0.060015
c-21,routine_process,C_complex_neutral,0,0.0625,0.934788
c-21,routine_process,C_complex_neutral,1,0.125,0.035177
c-21,routine_process,C_complex_neutral,2,0.1875,0.082761
c-21,routine_process,C_complex_neutral,3,0.25,0.092184
c-21,routine_process,C_complex_neutral,4,0.3125,0.553174
c-21,routine_process,C_complex_neutral,5,0.375,0.177462
c-21,routine_process,C_complex_neutral,6,0.4375,0.305665
c-21,routine_process,C_complex_neutral,7,0.5,0.061424
c-21,routine_process,C_complex_neutral,8,0.5625,0.010072
c-21,routine_process,C_complex_neutral,9,0.625,0.001322
c-21,routine_process,C_complex_neutral,10,0.6875,0.002426
c-21,routine_process,C_complex_neutral,11,0.75,0.003645
c-21,routine_process,C_complex_neutral,12,0.8125,0.002113
c-21,routine_process,C_complex_neutral,13,0.875,0.001364
c-21,routine_process,C_complex_neutral,14,0.9375,0.002404
c-21,routine_process,C_complex_neutral,15,1.0,0.00168
c-22,routine_process,C_complex_neutral,0,0.0625,0.033584
c-22,routine_process,C_complex_neutral,1,0.125,0.024999
c-22,routine_process,C_complex_neutral,2,0.1875,0.294238
c-22,routine_process,C_complex_neutral,3,0.25,0.793001
c-22,routine_process,C_complex_neutral,4,0.3125,0.172486
c-22,routine_process,C_complex_neutral,5,0.375,0.081055
c-22,routine_process,C_complex_neutral,6,0.4375,0.133365
c-22,routine_process,C_complex_neutral,7,0.5,0.105957
c-22,routine_process,C_complex_neutral,8,0.5625,0.056545
c-22,routine_process,C_complex_neutral,9,0.625,0.003871
c-22,routine_process,C_complex_neutral,10,0.6875,0.003207
c-22,routine_process,C_complex_neutral,11,0.75,0.006283
c-22,routine_process,C_complex_neutral,12,0.8125,0.002744
c-22,routine_process,C_complex_neutral,13,0.875,0.014119
c-22,routine_process,C_complex_neutral,14,0.9375,0.033364
c-22,routine_process,C_complex_neutral,15,1.0,0.041482
c-23,routine_process,C_complex_neutral,0,0.0625,0.005773
c-23,routine_process,C_complex_neutral,1,0.125,0.040539
c-23,routine_process,C_complex_neutral,2,0.1875,0.031676
c-23,routine_process,C_complex_neutral,3,0.25,0.051064
c-23,routine_process,C_complex_neutral,4,0.3125,0.012902
c-23,routine_process,C_complex_neutral,5,0.375,0.023131
c-23,routine_process,C_complex_neutral,6,0.4375,0.033026
c-23,routine_process,C_complex_neutral,7,0.5,0.021131
c-23,routine_process,C_complex_neutral,8,0.5625,0.004788
c-23,routine_process,C_complex_neutral,9,0.625,0.001304
c-23,routine_process,C_complex_neutral,10,0.6875,0.001672
c-23,routine_process,C_complex_neutral,11,0.75,0.004287
c-23,routine_process,C_complex_neutral,12,0.8125,0.002585
c-23,routine_process,C_complex_neutral,13,0.875,0.004582
c-23,routine_process,C_complex_neutral,14,0.9375,0.008069
c-23,routine_process,C_complex_neutral,15,1.0,0.01255
c-24,routine_process,C_complex_neutral,0,0.0625,2e-6
c-24,routine_process,C_complex_neutral,1,0.125,0.000105
c-24,routine_process,C_complex_neutral,2,0.1875,0.000628
c-24,routine_process,C_complex_neutral,3,0.25,0.00205
c-24,routine_process,C_complex_neutral,4,0.3125,0.0334
c-24,routine_process,C_complex_neutral,5,0.375,0.018434
c-24,routine_process,C_complex_neutral,6,0.4375,0.007044
c-24,routine_process,C_complex_neutral,7,0.5,0.004172
c-24,routine_process,C_complex_neutral,8,0.5625,0.013783
c-24,routine_process,C_complex_neutral,9,0.625,0.00048
c-24,routine_process,C_complex_neutral,10,0.6875,0.000687
c-24,routine_process,C_complex_neutral,11,0.75,0.00078
c-24,routine_process,C_complex_neutral,12,0.8125,0.001
c-24,routine_process,C_complex_neutral,13,0.875,0.001006
c-24,routine_process,C_complex_neutral,14,0.9375,0.003343
c-24,routine_process,C_complex_neutral,15,1.0,0.002975
setb_emo_000,B_clinical,B_emotional,0,0.0625,1.0
setb_emo_000,B_clinical,B_emotional,1,0.125,1.0
setb_emo_000,B_clinical,B_emotional,2,0.1875,1.0
setb_emo_000,B_clinical,B_emotional,3,0.25,1.0
setb_emo_000,B_clinical,B_emotional,4,0.3125,1.0
setb_emo_000,B_clinical,B_emotional,5,0.375,1.0
setb_emo_000,B_clinical,B_emotional,6,0.4375,1.0
setb_emo_000,B_clinical,B_emotional,7,0.5,1.0
setb_emo_000,B_clinical,B_emotional,8,0.5625,1.0
setb_emo_000,B_clinical,B_emotional,9,0.625,0.999999
setb_emo_000,B_clinical,B_emotional,10,0.6875,0.999999
setb_emo_000,B_clinical,B_emotional,11,0.75,1.0
setb_emo_000,B_clinical,B_emotional,12,0.8125,1.0
setb_emo_000,B_clinical,B_emotional,13,0.875,0.999999
setb_emo_000,B_clinical,B_emotional,14,0.9375,0.999999
setb_emo_000,B_clinical,B_emotional,15,1.0,0.999998
setb_emo_001,B_clinical,B_emotional,0,0.0625,1.0
setb_emo_001,B_clinical,B_emotional,1,0.125,1.0
setb_emo_001,B_clinical,B_emotional,2,0.1875,1.0
setb_emo_001,B_clinical,B_emotional,3,0.25,0.999997
setb_emo_001,B_clinical,B_emotional,4,0.3125,0.999985
setb_emo_001,B_clinical,B_emotional,5,0.375,1.0
setb_emo_001,B_clinical,B_emotional,6,0.4375,0.999999
setb_emo_001,B_clinical,B_emotional,7,0.5,0.999995
setb_emo_001,B_clinical,B_emotional,8,0.5625,0.999652
setb_emo_001,B_clinical,B_emotional,9,0.625,0.999309
setb_emo_001,B_clinical,B_emotional,10,0.6875,0.998458
setb_emo_001,B_clinical,B_emotional,11,0.75,0.999778
setb_emo_001,B_clinical,B_emotional,12,0.8125,0.999905
setb_emo_001,B_clinical,B_emotional,13,0.875,0.999901
setb_emo_001,B_clinical,B_emotional,14,0.9375,0.999938
setb_emo_001,B_clinical,B_emotional,15,1.0,0.999964
setb_emo_002,B_clinical,B_emotional,0,0.0625,1.0
setb_emo_002,B_clinical,B_emotional,1,0.125,1.0
setb_emo_002,B_clinical,B_emotional,2,0.1875,1.0
setb_emo_002,B_clinical,B_emotional,3,0.25,1.0
setb_emo_002,B_clinical,B_emotional,4,0.3125,1.0
setb_emo_002,B_clinical,B_emotional,5,0.375,1.0
setb_emo_002,B_clinical,B_emotional,6,0.4375,1.0
setb_emo_002,B_clinical,B_emotional,7,0.5,0.999999
setb_emo_002,B_clinical,B_emotional,8,0.5625,0.999997
setb_emo_002,B_clinical,B_emotional,9,0.625,0.999989
setb_emo_002,B_clinical,B_emotional,10,0.6875,0.999989
setb_emo_002,B_clinical,B_emotional,11,0.75,0.999974
setb_emo_002,B_clinical,B_emotional,12,0.8125,0.999973
setb_emo_002,B_clinical,B_emotional,13,0.875,0.999897
setb_emo_002,B_clinical,B_emotional,14,0.9375,0.999952
setb_emo_002,B_clinical,B_emotional,15,1.0,0.999887
setb_emo_003,B_clinical,B_emotional,0,0.0625,1.0
setb_emo_003,B_clinical,B_emotional,1,0.125,0.999999
setb_emo_003,B_clinical,B_emotional,2,0.1875,1.0
setb_emo_003,B_clinical,B_emotional,3,0.25,1.0
setb_emo_003,B_clinical,B_emotional,4,0.3125,1.0
setb_emo_003,B_clinical,B_emotional,5,0.375,1.0
setb_emo_003,B_clinical,B_emotional,6,0.4375,0.999999
setb_emo_003,B_clinical,B_emotional,7,0.5,0.999997
setb_emo_003,B_clinical,B_emotional,8,0.5625,0.999738
setb_emo_003,B_clinical,B_emotional,9,0.625,0.999605
setb_emo_003,B_clinical,B_emotional,10,0.6875,0.999296
setb_emo_003,B_clinical,B_emotional,11,0.75,0.999538
setb_emo_003,B_clinical,B_emotional,12,0.8125,0.999434
setb_emo_003,B_clinical,B_emotional,13,0.875,0.999468
setb_emo_003,B_clinical,B_emotional,14,0.9375,0.999821
setb_emo_003,B_clinical,B_emotional,15,1.0,0.999415
setb_emo_004,B_clinical,B_emotional,0,0.0625,1.0
setb_emo_004,B_clinical,B_emotional,1,0.125,0.999998
setb_emo_004,B_clinical,B_emotional,2,0.1875,0.999998
setb_emo_004,B_clinical,B_emotional,3,0.25,0.999999
setb_emo_004,B_clinical,B_emotional,4,0.3125,0.999998
setb_emo_004,B_clinical,B_emotional,5,0.375,0.999954
setb_emo_004,B_clinical,B_emotional,6,0.4375,0.998946
setb_emo_004,B_clinical,B_emotional,7,0.5,0.99987
setb_emo_004,B_clinical,B_emotional,8,0.5625,0.999179
setb_emo_004,B_clinical,B_emotional,9,0.625,0.99998
setb_emo_004,B_clinical,B_emotional,10,0.6875,0.999999
setb_emo_004,B_clinical,B_emotional,11,0.75,1.0
setb_emo_004,B_clinical,B_emotional,12,0.8125,1.0
setb_emo_004,B_clinical,B_emotional,13,0.875,1.0
setb_emo_004,B_clinical,B_emotional,14,0.9375,1.0
setb_emo_004,B_clinical,B_emotional,15,1.0,1.0
setb_emo_005,B_clinical,B_emotional,0,0.0625,0.99998
setb_emo_005,B_clinical,B_emotional,1,0.125,0.999984
setb_emo_005,B_clinical,B_emotional,2,0.1875,0.999992
setb_emo_005,B_clinical,B_emotional,3,0.25,0.999998
setb_emo_005,B_clinical,B_emotional,4,0.3125,0.999972
setb_emo_005,B_clinical,B_emotional,5,0.375,0.999875
setb_emo_005,B_clinical,B_emotional,6,0.4375,0.999873
setb_emo_005,B_clinical,B_emotional,7,0.5,0.999939
setb_emo_005,B_clinical,B_emotional,8,0.5625,0.999983
setb_emo_005,B_clinical,B_emotional,9,0.625,0.999998
setb_emo_005,B_clinical,B_emotional,10,0.6875,0.999999
setb_emo_005,B_clinical,B_emotional,11,0.75,1.0
setb_emo_005,B_clinical,B_emotional,12,0.8125,0.999999
setb_emo_005,B_clinical,B_emotional,13,0.875,0.999998
setb_emo_005,B_clinical,B_emotional,14,0.9375,0.999999
setb_emo_005,B_clinical,B_emotional,15,1.0,0.999998
setb_emo_006,B_clinical,B_emotional,0,0.0625,0.999997
setb_emo_006,B_clinical,B_emotional,1,0.125,1.0
setb_emo_006,B_clinical,B_emotional,2,0.1875,1.0
setb_emo_006,B_clinical,B_emotional,3,0.25,1.0
setb_emo_006,B_clinical,B_emotional,4,0.3125,1.0
setb_emo_006,B_clinical,B_emotional,5,0.375,1.0
setb_emo_006,B_clinical,B_emotional,6,0.4375,1.0
setb_emo_006,B_clinical,B_emotional,7,0.5,1.0
setb_emo_006,B_clinical,B_emotional,8,0.5625,1.0
setb_emo_006,B_clinical,B_emotional,9,0.625,1.0
setb_emo_006,B_clinical,B_emotional,10,0.6875,1.0
setb_emo_006,B_clinical,B_emotional,11,0.75,1.0
setb_emo_006,B_clinical,B_emotional,12,0.8125,1.0
setb_emo_006,B_clinical,B_emotional,13,0.875,1.0
setb_emo_006,B_clinical,B_emotional,14,0.9375,1.0
setb_emo_006,B_clinical,B_emotional,15,1.0,1.0
setb_emo_007,B_clinical,B_emotional,0,0.0625,0.999996
setb_emo_007,B_clinical,B_emotional,1,0.125,0.999999
setb_emo_007,B_clinical,B_emotional,2,0.1875,0.999995
setb_emo_007,B_clinical,B_emotional,3,0.25,0.999999
setb_emo_007,B_clinical,B_emotional,4,0.3125,0.999998
setb_emo_007,B_clinical,B_emotional,5,0.375,0.999999
setb_emo_007,B_clinical,B_emotional,6,0.4375,0.999999
setb_emo_007,B_clinical,B_emotional,7,0.5,1.0
setb_emo_007,B_clinical,B_emotional,8,0.5625,1.0
setb_emo_007,B_clinical,B_emotional,9,0.625,0.999999
setb_emo_007,B_clinical,B_emotional,10,0.6875,0.999999
setb_emo_007,B_clinical,B_emotional,11,0.75,0.999997
setb_emo_007,B_clinical,B_emotional,12,0.8125,0.999999
setb_emo_007,B_clinical,B_emotional,13,0.875,0.999997
setb_emo_007,B_clinical,B_emotional,14,0.9375,0.999995
setb_emo_007,B_clinical,B_emotional,15,1.0,0.999986
setb_emo_008,B_clinical,B_emotional,0,0.0625,0.999995
setb_emo_008,B_clinical,B_emotional,1,0.125,0.999999
setb_emo_008,B_clinical,B_emotional,2,0.1875,1.0
setb_emo_008,B_clinical,B_emotional,3,0.25,1.0
setb_emo_008,B_clinical,B_emotional,4,0.3125,0.999999
setb_emo_008,B_clinical,B_emotional,5,0.375,0.999994
setb_emo_008,B_clinical,B_emotional,6,0.4375,0.999959
setb_emo_008,B_clinical,B_emotional,7,0.5,0.999972
setb_emo_008,B_clinical,B_emotional,8,0.5625,0.998181
setb_emo_008,B_clinical,B_emotional,9,0.625,0.996304
setb_emo_008,B_clinical,B_emotional,10,0.6875,0.995952
setb_emo_008,B_clinical,B_emotional,11,0.75,0.995192
setb_emo_008,B_clinical,B_emotional,12,0.8125,0.994588
setb_emo_008,B_clinical,B_emotional,13,0.875,0.995394
setb_emo_008,B_clinical,B_emotional,14,0.9375,0.995787
setb_emo_008,B_clinical,B_emotional,15,1.0,0.995493
setb_emo_009,B_clinical,B_emotional,0,0.0625,0.999997
setb_emo_009,B_clinical,B_emotional,1,0.125,1.0
setb_emo_009,B_clinical,B_emotional,2,0.1875,1.0
setb_emo_009,B_clinical,B_emotional,3,0.25,1.0
setb_emo_009,B_clinical,B_emotional,4,0.3125,0.999999
setb_emo_009,B_clinical,B_emotional,5,0.375,1.0
setb_emo_009,B_clinical,B_emotional,6,0.4375,1.0
setb_emo_009,B_clinical,B_emotional,7,0.5,0.999999
setb_emo_009,B_clinical,B_emotional,8,0.5625,1.0
setb_emo_009,B_clinical,B_emotional,9,0.625,1.0
setb_emo_009,B_clinical,B_emotional,10,0.6875,1.0
setb_emo_009,B_clinical,B_emotional,11,0.75,1.0
setb_emo_009,B_clinical,B_emotional,12,0.8125,1.0
setb_emo_009,B_clinical,B_emotional,13,0.875,1.0
setb_emo_009,B_clinical,B_emotional,14,0.9375,1.0
setb_emo_009,B_clinical,B_emotional,15,1.0,1.0
setb_emo_010,B_clinical,B_emotional,0,0.0625,0.999824
setb_emo_010,B_clinical,B_emotional,1,0.125,0.999831
setb_emo_010,B_clinical,B_emotional,2,0.1875,0.999951
setb_emo_010,B_clinical,B_emotional,3,0.25,0.999999
setb_emo_010,B_clinical,B_emotional,4,0.3125,1.0
setb_emo_010,B_clinical,B_emotional,5,0.375,1.0
setb_emo_010,B_clinical,B_emotional,6,0.4375,0.999996
setb_emo_010,B_clinical,B_emotional,7,0.5,0.999978
setb_emo_010,B_clinical,B_emotional,8,0.5625,0.999992
setb_emo_010,B_clinical,B_emotional,9,0.625,0.999999
setb_emo_010,B_clinical,B_emotional,10,0.6875,0.999999
setb_emo_010,B_clinical,B_emotional,11,0.75,1.0
setb_emo_010,B_clinical,B_emotional,12,0.8125,1.0
setb_emo_010,B_clinical,B_emotional,13,0.875,1.0
setb_emo_010,B_clinical,B_emotional,14,0.9375,1.0
setb_emo_010,B_clinical,B_emotional,15,1.0,0.999999
setb_emo_011,B_clinical,B_emotional,0,0.0625,0.999956
setb_emo_011,B_clinical,B_emotional,1,0.125,0.999886
setb_emo_011,B_clinical,B_emotional,2,0.1875,0.999992
setb_emo_011,B_clinical,B_emotional,3,0.25,0.998776
setb_emo_011,B_clinical,B_emotional,4,0.3125,0.99927
setb_emo_011,B_clinical,B_emotional,5,0.375,0.999578
setb_emo_011,B_clinical,B_emotional,6,0.4375,0.999723
setb_emo_011,B_clinical,B_emotional,7,0.5,0.999988
setb_emo_011,B_clinical,B_emotional,8,0.5625,0.999992
setb_emo_011,B_clinical,B_emotional,9,0.625,0.999965
setb_emo_011,B_clinical,B_emotional,10,0.6875,0.999992
setb_emo_011,B_clinical,B_emotional,11,0.75,0.999998
setb_emo_011,B_clinical,B_emotional,12,0.8125,0.999998
setb_emo_011,B_clinical,B_emotional,13,0.875,0.999998
setb_emo_011,B_clinical,B_emotional,14,0.9375,0.999999
setb_emo_011,B_clinical,B_emotional,15,1.0,0.999998
setb_emo_012,B_clinical,B_emotional,0,0.0625,0.999999
setb_emo_012,B_clinical,B_emotional,1,0.125,0.999998
setb_emo_012,B_clinical,B_emotional,2,0.1875,0.999997
setb_emo_012,B_clinical,B_emotional,3,0.25,0.999995
setb_emo_012,B_clinical,B_emotional,4,0.3125,0.999996
setb_emo_012,B_clinical,B_emotional,5,0.375,1.0
setb_emo_012,B_clinical,B_emotional,6,0.4375,1.0
setb_emo_012,B_clinical,B_emotional,7,0.5,0.99999
setb_emo_012,B_clinical,B_emotional,8,0.5625,1.0
setb_emo_012,B_clinical,B_emotional,9,0.625,1.0
setb_emo_012,B_clinical,B_emotional,10,0.6875,1.0
setb_emo_012,B_clinical,B_emotional,11,0.75,1.0
setb_emo_012,B_clinical,B_emotional,12,0.8125,1.0
setb_emo_012,B_clinical,B_emotional,13,0.875,0.999999
setb_emo_012,B_clinical,B_emotional,14,0.9375,0.999999
setb_emo_012,B_clinical,B_emotional,15,1.0,0.999999
setb_emo_013,B_clinical,B_emotional,0,0.0625,1.0
setb_emo_013,B_clinical,B_emotional,1,0.125,1.0
setb_emo_013,B_clinical,B_emotional,2,0.1875,1.0
setb_emo_013,B_clinical,B_emotional,3,0.25,1.0
setb_emo_013,B_clinical,B_emotional,4,0.3125,1.0
setb_emo_013,B_clinical,B_emotional,5,0.375,1.0
setb_emo_013,B_clinical,B_emotional,6,0.4375,1.0
setb_emo_013,B_clinical,B_emotional,7,0.5,0.999997
setb_emo_013,B_clinical,B_emotional,8,0.5625,0.999996
setb_emo_013,B_clinical,B_emotional,9,0.625,0.999998
setb_emo_013,B_clinical,B_emotional,10,0.6875,0.999999
setb_emo_013,B_clinical,B_emotional,11,0.75,1.0
setb_emo_013,B_clinical,B_emotional,12,0.8125,1.0
setb_emo_013,B_clinical,B_emotional,13,0.875,1.0
setb_emo_013,B_clinical,B_emotional,14,0.9375,1.0
setb_emo_013,B_clinical,B_emotional,15,1.0,1.0
setb_emo_014,B_clinical,B_emotional,0,0.0625,0.995314
setb_emo_014,B_clinical,B_emotional,1,0.125,0.999364
setb_emo_014,B_clinical,B_emotional,2,0.1875,0.999999
setb_emo_014,B_clinical,B_emotional,3,0.25,0.999999
setb_emo_014,B_clinical,B_emotional,4,0.3125,0.999999
setb_emo_014,B_clinical,B_emotional,5,0.375,0.999999
setb_emo_014,B_clinical,B_emotional,6,0.4375,1.0
setb_emo_014,B_clinical,B_emotional,7,0.5,0.999997
setb_emo_014,B_clinical,B_emotional,8,0.5625,0.999904
setb_emo_014,B_clinical,B_emotional,9,0.625,0.999797
setb_emo_014,B_clinical,B_emotional,10,0.6875,0.999718
setb_emo_014,B_clinical,B_emotional,11,0.75,0.999746
setb_emo_014,B_clinical,B_emotional,12,0.8125,0.9997
setb_emo_014,B_clinical,B_emotional,13,0.875,0.999416
setb_emo_014,B_clinical,B_emotional,14,0.9375,0.999895
setb_emo_014,B_clinical,B_emotional,15,1.0,0.999949
setb_emo_015,B_clinical,B_emotional,0,0.0625,0.999992
setb_emo_015,B_clinical,B_emotional,1,0.125,0.999996
setb_emo_015,B_clinical,B_emotional,2,0.1875,1.0
setb_emo_015,B_clinical,B_emotional,3,0.25,1.0
setb_emo_015,B_clinical,B_emotional,4,0.3125,0.999997
setb_emo_015,B_clinical,B_emotional,5,0.375,0.999986
setb_emo_015,B_clinical,B_emotional,6,0.4375,0.999997
setb_emo_015,B_clinical,B_emotional,7,0.5,0.999978
setb_emo_015,B_clinical,B_emotional,8,0.5625,0.999981
setb_emo_015,B_clinical,B_emotional,9,0.625,0.999972
setb_emo_015,B_clinical,B_emotional,10,0.6875,0.999955
setb_emo_015,B_clinical,B_emotional,11,0.75,0.999942
setb_emo_015,B_clinical,B_emotional,12,0.8125,0.99993
setb_emo_015,B_clinical,B_emotional,13,0.875,0.999971
setb_emo_015,B_clinical,B_emotional,14,0.9375,0.999988
setb_emo_015,B_clinical,B_emotional,15,1.0,0.999973
setb_emo_016,B_clinical,B_emotional,0,0.0625,0.996905
setb_emo_016,B_clinical,B_emotional,1,0.125,0.996906
setb_emo_016,B_clinical,B_emotional,2,0.1875,0.99779
setb_emo_016,B_clinical,B_emotional,3,0.25,0.999274
setb_emo_016,B_clinical,B_emotional,4,0.3125,0.998501
setb_emo_016,B_clinical,B_emotional,5,0.375,0.997576
setb_emo_016,B_clinical,B_emotional,6,0.4375,0.998456
setb_emo_016,B_clinical,B_emotional,7,0.5,0.997857
setb_emo_016,B_clinical,B_emotional,8,0.5625,0.99806
setb_emo_016,B_clinical,B_emotional,9,0.625,0.999757
setb_emo_016,B_clinical,B_emotional,10,0.6875,0.999602
setb_emo_016,B_clinical,B_emotional,11,0.75,0.999577
setb_emo_016,B_clinical,B_emotional,12,0.8125,0.999583
setb_emo_016,B_clinical,B_emotional,13,0.875,0.999827
setb_emo_016,B_clinical,B_emotional,14,0.9375,0.999913
setb_emo_016,B_clinical,B_emotional,15,1.0,0.999907
setb_emo_017,B_clinical,B_emotional,0,0.0625,0.999995
setb_emo_017,B_clinical,B_emotional,1,0.125,0.999993
setb_emo_017,B_clinical,B_emotional,2,0.1875,0.999987
setb_emo_017,B_clinical,B_emotional,3,0.25,0.999953
setb_emo_017,B_clinical,B_emotional,4,0.3125,0.99999
setb_emo_017,B_clinical,B_emotional,5,0.375,0.999985
setb_emo_017,B_clinical,B_emotional,6,0.4375,0.999999
setb_emo_017,B_clinical,B_emotional,7,0.5,1.0
setb_emo_017,B_clinical,B_emotional,8,0.5625,0.999996
setb_emo_017,B_clinical,B_emotional,9,0.625,0.999998
setb_emo_017,B_clinical,B_emotional,10,0.6875,0.999994
setb_emo_017,B_clinical,B_emotional,11,0.75,0.999998
setb_emo_017,B_clinical,B_emotional,12,0.8125,0.999999
setb_emo_017,B_clinical,B_emotional,13,0.875,0.999998
setb_emo_017,B_clinical,B_emotional,14,0.9375,0.999999
setb_emo_017,B_clinical,B_emotional,15,1.0,0.999999
setb_emo_018,B_clinical,B_emotional,0,0.0625,0.999996
setb_emo_018,B_clinical,B_emotional,1,0.125,0.99996
setb_emo_018,B_clinical,B_emotional,2,0.1875,0.999975
setb_emo_018,B_clinical,B_emotional,3,0.25,0.999988
setb_emo_018,B_clinical,B_emotional,4,0.3125,0.999999
setb_emo_018,B_clinical,B_emotional,5,0.375,0.999998
setb_emo_018,B_clinical,B_emotional,6,0.4375,0.999999
setb_emo_018,B_clinical,B_emotional,7,0.5,0.999996
setb_emo_018,B_clinical,B_emotional,8,0.5625,0.999998
setb_emo_018,B_clinical,B_emotional,9,0.625,1.0
setb_emo_018,B_clinical,B_emotional,10,0.6875,1.0
setb_emo_018,B_clinical,B_emotional,11,0.75,1.0
setb_emo_018,B_clinical,B_emotional,12,0.8125,1.0
setb_emo_018,B_clinical,B_emotional,13,0.875,1.0
setb_emo_018,B_clinical,B_emotional,14,0.9375,1.0
setb_emo_018,B_clinical,B_emotional,15,1.0,1.0
setb_emo_019,B_clinical,B_emotional,0,0.0625,0.999648
setb_emo_019,B_clinical,B_emotional,1,0.125,0.999336
setb_emo_019,B_clinical,B_emotional,2,0.1875,0.998869
setb_emo_019,B_clinical,B_emotional,3,0.25,0.999229
setb_emo_019,B_clinical,B_emotional,4,0.3125,0.999056
setb_emo_019,B_clinical,B_emotional,5,0.375,0.999821
setb_emo_019,B_clinical,B_emotional,6,0.4375,0.999823
setb_emo_019,B_clinical,B_emotional,7,0.5,0.999863
setb_emo_019,B_clinical,B_emotional,8,0.5625,0.99987
setb_emo_019,B_clinical,B_emotional,9,0.625,0.999988
setb_emo_019,B_clinical,B_emotional,10,0.6875,0.999994
setb_emo_019,B_clinical,B_emotional,11,0.75,0.999985
setb_emo_019,B_clinical,B_emotional,12,0.8125,0.999985
setb_emo_019,B_clinical,B_emotional,13,0.875,0.999988
setb_emo_019,B_clinical,B_emotional,14,0.9375,0.999989
setb_emo_019,B_clinical,B_emotional,15,1.0,0.999986
setb_emo_020,B_clinical,B_emotional,0,0.0625,0.999992
setb_emo_020,B_clinical,B_emotional,1,0.125,0.999935
setb_emo_020,B_clinical,B_emotional,2,0.1875,0.999991
setb_emo_020,B_clinical,B_emotional,3,0.25,0.999988
setb_emo_020,B_clinical,B_emotional,4,0.3125,0.99999
setb_emo_020,B_clinical,B_emotional,5,0.375,0.999974
setb_emo_020,B_clinical,B_emotional,6,0.4375,0.999987
setb_emo_020,B_clinical,B_emotional,7,0.5,0.99998
setb_emo_020,B_clinical,B_emotional,8,0.5625,0.99998
setb_emo_020,B_clinical,B_emotional,9,0.625,0.999977
setb_emo_020,B_clinical,B_emotional,10,0.6875,0.999965
setb_emo_020,B_clinical,B_emotional,11,0.75,0.999977
setb_emo_020,B_clinical,B_emotional,12,0.8125,0.999978
setb_emo_020,B_clinical,B_emotional,13,0.875,0.999903
setb_emo_020,B_clinical,B_emotional,14,0.9375,0.999935
setb_emo_020,B_clinical,B_emotional,15,1.0,0.999914
setb_emo_021,B_clinical,B_emotional,0,0.0625,1.0
setb_emo_021,B_clinical,B_emotional,1,0.125,1.0
setb_emo_021,B_clinical,B_emotional,2,0.1875,1.0
setb_emo_021,B_clinical,B_emotional,3,0.25,0.999995
setb_emo_021,B_clinical,B_emotional,4,0.3125,0.999999
setb_emo_021,B_clinical,B_emotional,5,0.375,0.999999
setb_emo_021,B_clinical,B_emotional,6,0.4375,0.999999
setb_emo_021,B_clinical,B_emotional,7,0.5,1.0
setb_emo_021,B_clinical,B_emotional,8,0.5625,1.0
setb_emo_021,B_clinical,B_emotional,9,0.625,0.999999
setb_emo_021,B_clinical,B_emotional,10,0.6875,0.999998
setb_emo_021,B_clinical,B_emotional,11,0.75,0.999997
setb_emo_021,B_clinical,B_emotional,12,0.8125,0.999994
setb_emo_021,B_clinical,B_emotional,13,0.875,0.99995
setb_emo_021,B_clinical,B_emotional,14,0.9375,0.999977
setb_emo_021,B_clinical,B_emotional,15,1.0,0.999975
setb_emo_022,B_clinical,B_emotional,0,0.0625,0.999733
setb_emo_022,B_clinical,B_emotional,1,0.125,0.999998
setb_emo_022,B_clinical,B_emotional,2,0.1875,0.999986
setb_emo_022,B_clinical,B_emotional,3,0.25,0.999978
setb_emo_022,B_clinical,B_emotional,4,0.3125,0.99999
setb_emo_022,B_clinical,B_emotional,5,0.375,1.0
setb_emo_022,B_clinical,B_emotional,6,0.4375,1.0
setb_emo_022,B_clinical,B_emotional,7,0.5,0.999998
setb_emo_022,B_clinical,B_emotional,8,0.5625,1.0
setb_emo_022,B_clinical,B_emotional,9,0.625,1.0
setb_emo_022,B_clinical,B_emotional,10,0.6875,1.0
setb_emo_022,B_clinical,B_emotional,11,0.75,1.0
setb_emo_022,B_clinical,B_emotional,12,0.8125,1.0
setb_emo_022,B_clinical,B_emotional,13,0.875,1.0
setb_emo_022,B_clinical,B_emotional,14,0.9375,1.0
setb_emo_022,B_clinical,B_emotional,15,1.0,1.0
setb_emo_023,B_clinical,B_emotional,0,0.0625,0.999998
setb_emo_023,B_clinical,B_emotional,1,0.125,0.999962
setb_emo_023,B_clinical,B_emotional,2,0.1875,0.99903
setb_emo_023,B_clinical,B_emotional,3,0.25,0.997495
setb_emo_023,B_clinical,B_emotional,4,0.3125,0.999776
setb_emo_023,B_clinical,B_emotional,5,0.375,0.999951
setb_emo_023,B_clinical,B_emotional,6,0.4375,0.99964
setb_emo_023,B_clinical,B_emotional,7,0.5,0.999157
setb_emo_023,B_clinical,B_emotional,8,0.5625,0.998984
setb_emo_023,B_clinical,B_emotional,9,0.625,0.998283
setb_emo_023,B_clinical,B_emotional,10,0.6875,0.998287
setb_emo_023,B_clinical,B_emotional,11,0.75,0.998733
setb_emo_023,B_clinical,B_emotional,12,0.8125,0.998367
setb_emo_023,B_clinical,B_emotional,13,0.875,0.998323
setb_emo_023,B_clinical,B_emotional,14,0.9375,0.998946
setb_emo_023,B_clinical,B_emotional,15,1.0,0.999047
setb_emo_024,B_clinical,B_emotional,0,0.0625,0.999999
setb_emo_024,B_clinical,B_emotional,1,0.125,0.99991
setb_emo_024,B_clinical,B_emotional,2,0.1875,0.998086
setb_emo_024,B_clinical,B_emotional,3,0.25,0.999384
setb_emo_024,B_clinical,B_emotional,4,0.3125,0.999583
setb_emo_024,B_clinical,B_emotional,5,0.375,0.999983
setb_emo_024,B_clinical,B_emotional,6,0.4375,0.999984
setb_emo_024,B_clinical,B_emotional,7,0.5,0.999968
setb_emo_024,B_clinical,B_emotional,8,0.5625,1.0
setb_emo_024,B_clinical,B_emotional,9,0.625,0.999997
setb_emo_024,B_clinical,B_emotional,10,0.6875,0.999999
setb_emo_024,B_clinical,B_emotional,11,0.75,1.0
setb_emo_024,B_clinical,B_emotional,12,0.8125,1.0
setb_emo_024,B_clinical,B_emotional,13,0.875,1.0
setb_emo_024,B_clinical,B_emotional,14,0.9375,1.0
setb_emo_024,B_clinical,B_emotional,15,1.0,1.0
setb_emo_025,B_clinical,B_emotional,0,0.0625,0.999999
setb_emo_025,B_clinical,B_emotional,1,0.125,0.999999
setb_emo_025,B_clinical,B_emotional,2,0.1875,0.999998
setb_emo_025,B_clinical,B_emotional,3,0.25,0.999999
setb_emo_025,B_clinical,B_emotional,4,0.3125,0.999998
setb_emo_025,B_clinical,B_emotional,5,0.375,0.999985
setb_emo_025,B_clinical,B_emotional,6,0.4375,0.999978
setb_emo_025,B_clinical,B_emotional,7,0.5,0.999981
setb_emo_025,B_clinical,B_emotional,8,0.5625,0.999999
setb_emo_025,B_clinical,B_emotional,9,0.625,1.0
setb_emo_025,B_clinical,B_emotional,10,0.6875,1.0
setb_emo_025,B_clinical,B_emotional,11,0.75,1.0
setb_emo_025,B_clinical,B_emotional,12,0.8125,1.0
setb_emo_025,B_clinical,B_emotional,13,0.875,1.0
setb_emo_025,B_clinical,B_emotional,14,0.9375,1.0
setb_emo_025,B_clinical,B_emotional,15,1.0,1.0
setb_emo_026,B_clinical,B_emotional,0,0.0625,0.998625
setb_emo_026,B_clinical,B_emotional,1,0.125,0.999625
setb_emo_026,B_clinical,B_emotional,2,0.1875,0.999999
setb_emo_026,B_clinical,B_emotional,3,0.25,1.0
setb_emo_026,B_clinical,B_emotional,4,0.3125,1.0
setb_emo_026,B_clinical,B_emotional,5,0.375,1.0
setb_emo_026,B_clinical,B_emotional,6,0.4375,1.0
setb_emo_026,B_clinical,B_emotional,7,0.5,0.999999
setb_emo_026,B_clinical,B_emotional,8,0.5625,0.999998
setb_emo_026,B_clinical,B_emotional,9,0.625,0.999993
setb_emo_026,B_clinical,B_emotional,10,0.6875,0.999996
setb_emo_026,B_clinical,B_emotional,11,0.75,0.999999
setb_emo_026,B_clinical,B_emotional,12,0.8125,0.999999
setb_emo_026,B_clinical,B_emotional,13,0.875,0.999999
setb_emo_026,B_clinical,B_emotional,14,0.9375,1.0
setb_emo_026,B_clinical,B_emotional,15,1.0,1.0
setb_emo_027,B_clinical,B_emotional,0,0.0625,1.0
setb_emo_027,B_clinical,B_emotional,1,0.125,0.999993
setb_emo_027,B_clinical,B_emotional,2,0.1875,0.999995
setb_emo_027,B_clinical,B_emotional,3,0.25,0.999996
setb_emo_027,B_clinical,B_emotional,4,0.3125,0.999944
setb_emo_027,B_clinical,B_emotional,5,0.375,0.999844
setb_emo_027,B_clinical,B_emotional,6,0.4375,0.999915
setb_emo_027,B_clinical,B_emotional,7,0.5,0.999756
setb_emo_027,B_clinical,B_emotional,8,0.5625,0.999996
setb_emo_027,B_clinical,B_emotional,9,0.625,0.999998
setb_emo_027,B_clinical,B_emotional,10,0.6875,1.0
setb_emo_027,B_clinical,B_emotional,11,0.75,1.0
setb_emo_027,B_clinical,B_emotional,12,0.8125,1.0
setb_emo_027,B_clinical,B_emotional,13,0.875,1.0
setb_emo_027,B_clinical,B_emotional,14,0.9375,1.0
setb_emo_027,B_clinical,B_emotional,15,1.0,1.0
setb_emo_028,B_clinical,B_emotional,0,0.0625,0.999999
setb_emo_028,B_clinical,B_emotional,1,0.125,1.0
setb_emo_028,B_clinical,B_emotional,2,0.1875,1.0
setb_emo_028,B_clinical,B_emotional,3,0.25,1.0
setb_emo_028,B_clinical,B_emotional,4,0.3125,0.999997
setb_emo_028,B_clinical,B_emotional,5,0.375,0.999998
setb_emo_028,B_clinical,B_emotional,6,0.4375,0.999999
setb_emo_028,B_clinical,B_emotional,7,0.5,0.999984
setb_emo_028,B_clinical,B_emotional,8,0.5625,0.999999
setb_emo_028,B_clinical,B_emotional,9,0.625,0.999984
setb_emo_028,B_clinical,B_emotional,10,0.6875,0.999953
setb_emo_028,B_clinical,B_emotional,11,0.75,0.999956
setb_emo_028,B_clinical,B_emotional,12,0.8125,0.999918
setb_emo_028,B_clinical,B_emotional,13,0.875,0.99991
setb_emo_028,B_clinical,B_emotional,14,0.9375,0.9999
setb_emo_028,B_clinical,B_emotional,15,1.0,0.999927
setb_emo_029,B_clinical,B_emotional,0,0.0625,0.99998
setb_emo_029,B_clinical,B_emotional,1,0.125,0.999994
setb_emo_029,B_clinical,B_emotional,2,0.1875,0.999853
setb_emo_029,B_clinical,B_emotional,3,0.25,0.999924
setb_emo_029,B_clinical,B_emotional,4,0.3125,0.999803
setb_emo_029,B_clinical,B_emotional,5,0.375,0.9994
setb_emo_029,B_clinical,B_emotional,6,0.4375,0.999494
setb_emo_029,B_clinical,B_emotional,7,0.5,0.99947
setb_emo_029,B_clinical,B_emotional,8,0.5625,0.999965
setb_emo_029,B_clinical,B_emotional,9,0.625,0.999884
setb_emo_029,B_clinical,B_emotional,10,0.6875,0.999766
setb_emo_029,B_clinical,B_emotional,11,0.75,0.999919
setb_emo_029,B_clinical,B_emotional,12,0.8125,0.999871
setb_emo_029,B_clinical,B_emotional,13,0.875,0.999739
setb_emo_029,B_clinical,B_emotional,14,0.9375,0.999735
setb_emo_029,B_clinical,B_emotional,15,1.0,0.999721
setb_emo_030,B_clinical,B_emotional,0,0.0625,0.999699
setb_emo_030,B_clinical,B_emotional,1,0.125,0.99884
setb_emo_030,B_clinical,B_emotional,2,0.1875,0.999974
setb_emo_030,B_clinical,B_emotional,3,0.25,0.999973
setb_emo_030,B_clinical,B_emotional,4,0.3125,0.999881
setb_emo_030,B_clinical,B_emotional,5,0.375,0.999943
setb_emo_030,B_clinical,B_emotional,6,0.4375,0.999873
setb_emo_030,B_clinical,B_emotional,7,0.5,0.99991
setb_emo_030,B_clinical,B_emotional,8,0.5625,0.999997
setb_emo_030,B_clinical,B_emotional,9,0.625,0.999897
setb_emo_030,B_clinical,B_emotional,10,0.6875,0.999836
setb_emo_030,B_clinical,B_emotional,11,0.75,0.999945
setb_emo_030,B_clinical,B_emotional,12,0.8125,0.999941
setb_emo_030,B_clinical,B_emotional,13,0.875,0.999824
setb_emo_030,B_clinical,B_emotional,14,0.9375,0.999811
setb_emo_030,B_clinical,B_emotional,15,1.0,0.999532
setb_emo_031,B_clinical,B_emotional,0,0.0625,0.999488
setb_emo_031,B_clinical,B_emotional,1,0.125,0.999431
setb_emo_031,B_clinical,B_emotional,2,0.1875,0.99984
setb_emo_031,B_clinical,B_emotional,3,0.25,0.999932
setb_emo_031,B_clinical,B_emotional,4,0.3125,0.999219
setb_emo_031,B_clinical,B_emotional,5,0.375,0.999344
setb_emo_031,B_clinical,B_emotional,6,0.4375,0.999609
setb_emo_031,B_clinical,B_emotional,7,0.5,0.999804
setb_emo_031,B_clinical,B_emotional,8,0.5625,0.999222
setb_emo_031,B_clinical,B_emotional,9,0.625,0.999342
setb_emo_031,B_clinical,B_emotional,10,0.6875,0.998469
setb_emo_031,B_clinical,B_emotional,11,0.75,0.997376
setb_emo_031,B_clinical,B_emotional,12,0.8125,0.997196
setb_emo_031,B_clinical,B_emotional,13,0.875,0.996733
setb_emo_031,B_clinical,B_emotional,14,0.9375,0.995629
setb_emo_031,B_clinical,B_emotional,15,1.0,0.995715
setb_emo_032,B_clinical,B_emotional,0,0.0625,0.999886
setb_emo_032,B_clinical,B_emotional,1,0.125,0.999902
setb_emo_032,B_clinical,B_emotional,2,0.1875,0.999261
setb_emo_032,B_clinical,B_emotional,3,0.25,0.999087
setb_emo_032,B_clinical,B_emotional,4,0.3125,0.999967
setb_emo_032,B_clinical,B_emotional,5,0.375,0.999981
setb_emo_032,B_clinical,B_emotional,6,0.4375,0.99998
setb_emo_032,B_clinical,B_emotional,7,0.5,0.999395
setb_emo_032,B_clinical,B_emotional,8,0.5625,0.998648
setb_emo_032,B_clinical,B_emotional,9,0.625,0.999453
setb_emo_032,B_clinical,B_emotional,10,0.6875,0.999116
setb_emo_032,B_clinical,B_emotional,11,0.75,0.999289
setb_emo_032,B_clinical,B_emotional,12,0.8125,0.997894
setb_emo_032,B_clinical,B_emotional,13,0.875,0.998324
setb_emo_032,B_clinical,B_emotional,14,0.9375,0.998497
setb_emo_032,B_clinical,B_emotional,15,1.0,0.998485
setb_emo_033,B_clinical,B_emotional,0,0.0625,0.999814
setb_emo_033,B_clinical,B_emotional,1,0.125,0.999861
setb_emo_033,B_clinical,B_emotional,2,0.1875,0.999827
setb_emo_033,B_clinical,B_emotional,3,0.25,0.999987
setb_emo_033,B_clinical,B_emotional,4,0.3125,0.999999
setb_emo_033,B_clinical,B_emotional,5,0.375,1.0
setb_emo_033,B_clinical,B_emotional,6,0.4375,1.0
setb_emo_033,B_clinical,B_emotional,7,0.5,0.999994
setb_emo_033,B_clinical,B_emotional,8,0.5625,0.999998
setb_emo_033,B_clinical,B_emotional,9,0.625,0.999991
setb_emo_033,B_clinical,B_emotional,10,0.6875,0.999992
setb_emo_033,B_clinical,B_emotional,11,0.75,0.999998
setb_emo_033,B_clinical,B_emotional,12,0.8125,0.999994
setb_emo_033,B_clinical,B_emotional,13,0.875,0.999997
setb_emo_033,B_clinical,B_emotional,14,0.9375,0.999998
setb_emo_033,B_clinical,B_emotional,15,1.0,0.999998
setb_emo_034,B_clinical,B_emotional,0,0.0625,1.0
setb_emo_034,B_clinical,B_emotional,1,0.125,1.0
setb_emo_034,B_clinical,B_emotional,2,0.1875,1.0
setb_emo_034,B_clinical,B_emotional,3,0.25,1.0
setb_emo_034,B_clinical,B_emotional,4,0.3125,1.0
setb_emo_034,B_clinical,B_emotional,5,0.375,1.0
setb_emo_034,B_clinical,B_emotional,6,0.4375,1.0
setb_emo_034,B_clinical,B_emotional,7,0.5,0.999999
setb_emo_034,B_clinical,B_emotional,8,0.5625,0.999997
setb_emo_034,B_clinical,B_emotional,9,0.625,0.999998
setb_emo_034,B_clinical,B_emotional,10,0.6875,0.999997
setb_emo_034,B_clinical,B_emotional,11,0.75,0.999997
setb_emo_034,B_clinical,B_emotional,12,0.8125,0.999999
setb_emo_034,B_clinical,B_emotional,13,0.875,0.999983
setb_emo_034,B_clinical,B_emotional,14,0.9375,0.999992
setb_emo_034,B_clinical,B_emotional,15,1.0,0.999995
setb_emo_035,B_clinical,B_emotional,0,0.0625,0.999994
setb_emo_035,B_clinical,B_emotional,1,0.125,1.0
setb_emo_035,B_clinical,B_emotional,2,0.1875,1.0
setb_emo_035,B_clinical,B_emotional,3,0.25,1.0
setb_emo_035,B_clinical,B_emotional,4,0.3125,1.0
setb_emo_035,B_clinical,B_emotional,5,0.375,1.0
setb_emo_035,B_clinical,B_emotional,6,0.4375,1.0
setb_emo_035,B_clinical,B_emotional,7,0.5,0.999998
setb_emo_035,B_clinical,B_emotional,8,0.5625,0.999908
setb_emo_035,B_clinical,B_emotional,9,0.625,0.999888
setb_emo_035,B_clinical,B_emotional,10,0.6875,0.999967
setb_emo_035,B_clinical,B_emotional,11,0.75,0.999983
setb_emo_035,B_clinical,B_emotional,12,0.8125,0.999965
setb_emo_035,B_clinical,B_emotional,13,0.875,0.999937
setb_emo_035,B_clinical,B_emotional,14,0.9375,0.999932
setb_emo_035,B_clinical,B_emotional,15,1.0,0.999918
setb_emo_036,B_clinical,B_emotional,0,0.0625,0.996699
setb_emo_036,B_clinical,B_emotional,1,0.125,0.996239
setb_emo_036,B_clinical,B_emotional,2,0.1875,0.998805
setb_emo_036,B_clinical,B_emotional,3,0.25,0.998779
setb_emo_036,B_clinical,B_emotional,4,0.3125,0.999163
setb_emo_036,B_clinical,B_emotional,5,0.375,0.997823
setb_emo_036,B_clinical,B_emotional,6,0.4375,0.998786
setb_emo_036,B_clinical,B_emotional,7,0.5,0.998642
setb_emo_036,B_clinical,B_emotional,8,0.5625,0.999993
setb_emo_036,B_clinical,B_emotional,9,0.625,0.999948
setb_emo_036,B_clinical,B_emotional,10,0.6875,0.999938
setb_emo_036,B_clinical,B_emotional,11,0.75,0.999975
setb_emo_036,B_clinical,B_emotional,12,0.8125,0.999987
setb_emo_036,B_clinical,B_emotional,13,0.875,0.999961
setb_emo_036,B_clinical,B_emotional,14,0.9375,0.999953
setb_emo_036,B_clinical,B_emotional,15,1.0,0.999925
setb_emo_037,B_clinical,B_emotional,0,0.0625,0.999889
setb_emo_037,B_clinical,B_emotional,1,0.125,0.998317
setb_emo_037,B_clinical,B_emotional,2,0.1875,0.998167
setb_emo_037,B_clinical,B_emotional,3,0.25,0.998487
setb_emo_037,B_clinical,B_emotional,4,0.3125,0.999821
setb_emo_037,B_clinical,B_emotional,5,0.375,0.999881
setb_emo_037,B_clinical,B_emotional,6,0.4375,0.999759
setb_emo_037,B_clinical,B_emotional,7,0.5,0.999737
setb_emo_037,B_clinical,B_emotional,8,0.5625,0.999993
setb_emo_037,B_clinical,B_emotional,9,0.625,0.999999
setb_emo_037,B_clinical,B_emotional,10,0.6875,0.999999
setb_emo_037,B_clinical,B_emotional,11,0.75,0.999999
setb_emo_037,B_clinical,B_emotional,12,0.8125,0.999997
setb_emo_037,B_clinical,B_emotional,13,0.875,0.999987
setb_emo_037,B_clinical,B_emotional,14,0.9375,0.999989
setb_emo_037,B_clinical,B_emotional,15,1.0,0.999983
setb_emo_038,B_clinical,B_emotional,0,0.0625,0.999745
setb_emo_038,B_clinical,B_emotional,1,0.125,0.998907
setb_emo_038,B_clinical,B_emotional,2,0.1875,0.998532
setb_emo_038,B_clinical,B_emotional,3,0.25,0.996743
setb_emo_038,B_clinical,B_emotional,4,0.3125,0.998088
setb_emo_038,B_clinical,B_emotional,5,0.375,0.999744
setb_emo_038,B_clinical,B_emotional,6,0.4375,0.999862
setb_emo_038,B_clinical,B_emotional,7,0.5,0.999448
setb_emo_038,B_clinical,B_emotional,8,0.5625,1.0
setb_emo_038,B_clinical,B_emotional,9,0.625,0.999997
setb_emo_038,B_clinical,B_emotional,10,0.6875,0.999998
setb_emo_038,B_clinical,B_emotional,11,0.75,0.999999
setb_emo_038,B_clinical,B_emotional,12,0.8125,0.999999
setb_emo_038,B_clinical,B_emotional,13,0.875,0.999998
setb_emo_038,B_clinical,B_emotional,14,0.9375,0.999999
setb_emo_038,B_clinical,B_emotional,15,1.0,0.999996
setb_emo_039,B_clinical,B_emotional,0,0.0625,0.999996
setb_emo_039,B_clinical,B_emotional,1,0.125,0.999997
setb_emo_039,B_clinical,B_emotional,2,0.1875,0.999951
setb_emo_039,B_clinical,B_emotional,3,0.25,0.999948
setb_emo_039,B_clinical,B_emotional,4,0.3125,0.999997
setb_emo_039,B_clinical,B_emotional,5,0.375,0.999975
setb_emo_039,B_clinical,B_emotional,6,0.4375,0.999976
setb_emo_039,B_clinical,B_emotional,7,0.5,0.999837
setb_emo_039,B_clinical,B_emotional,8,0.5625,0.999969
setb_emo_039,B_clinical,B_emotional,9,0.625,0.999978
setb_emo_039,B_clinical,B_emotional,10,0.6875,0.999953
setb_emo_039,B_clinical,B_emotional,11,0.75,0.999994
setb_emo_039,B_clinical,B_emotional,12,0.8125,0.999993
setb_emo_039,B_clinical,B_emotional,13,0.875,0.999997
setb_emo_039,B_clinical,B_emotional,14,0.9375,0.999997
setb_emo_039,B_clinical,B_emotional,15,1.0,0.999996
setb_emo_040,B_clinical,B_emotional,0,0.0625,0.998312
setb_emo_040,B_clinical,B_emotional,1,0.125,0.999132
setb_emo_040,B_clinical,B_emotional,2,0.1875,0.997874
setb_emo_040,B_clinical,B_emotional,3,0.25,0.99811
setb_emo_040,B_clinical,B_emotional,4,0.3125,0.999235
setb_emo_040,B_clinical,B_emotional,5,0.375,0.999688
setb_emo_040,B_clinical,B_emotional,6,0.4375,0.999892
setb_emo_040,B_clinical,B_emotional,7,0.5,0.999719
setb_emo_040,B_clinical,B_emotional,8,0.5625,0.999999
setb_emo_040,B_clinical,B_emotional,9,0.625,0.999996
setb_emo_040,B_clinical,B_emotional,10,0.6875,0.999999
setb_emo_040,B_clinical,B_emotional,11,0.75,0.999998
setb_emo_040,B_clinical,B_emotional,12,0.8125,0.999997
setb_emo_040,B_clinical,B_emotional,13,0.875,0.999993
setb_emo_040,B_clinical,B_emotional,14,0.9375,0.999995
setb_emo_040,B_clinical,B_emotional,15,1.0,0.999993
setb_emo_041,B_clinical,B_emotional,0,0.0625,0.991984
setb_emo_041,B_clinical,B_emotional,1,0.125,0.985702
setb_emo_041,B_clinical,B_emotional,2,0.1875,0.988846
setb_emo_041,B_clinical,B_emotional,3,0.25,0.992703
setb_emo_041,B_clinical,B_emotional,4,0.3125,0.993437
setb_emo_041,B_clinical,B_emotional,5,0.375,0.994427
setb_emo_041,B_clinical,B_emotional,6,0.4375,0.99317
setb_emo_041,B_clinical,B_emotional,7,0.5,0.989046
setb_emo_041,B_clinical,B_emotional,8,0.5625,0.995792
setb_emo_041,B_clinical,B_emotional,9,0.625,0.994309
setb_emo_041,B_clinical,B_emotional,10,0.6875,0.991526
setb_emo_041,B_clinical,B_emotional,11,0.75,0.995296
setb_emo_041,B_clinical,B_emotional,12,0.8125,0.994901
setb_emo_041,B_clinical,B_emotional,13,0.875,0.995953
setb_emo_041,B_clinical,B_emotional,14,0.9375,0.995053
setb_emo_041,B_clinical,B_emotional,15,1.0,0.995412
setb_emo_042,B_clinical,B_emotional,0,0.0625,0.991626
setb_emo_042,B_clinical,B_emotional,1,0.125,0.990493
setb_emo_042,B_clinical,B_emotional,2,0.1875,0.996746
setb_emo_042,B_clinical,B_emotional,3,0.25,0.995672
setb_emo_042,B_clinical,B_emotional,4,0.3125,0.994536
setb_emo_042,B_clinical,B_emotional,5,0.375,0.996759
setb_emo_042,B_clinical,B_emotional,6,0.4375,0.994574
setb_emo_042,B_clinical,B_emotional,7,0.5,0.992718
setb_emo_042,B_clinical,B_emotional,8,0.5625,0.998352
setb_emo_042,B_clinical,B_emotional,9,0.625,0.997056
setb_emo_042,B_clinical,B_emotional,10,0.6875,0.997747
setb_emo_042,B_clinical,B_emotional,11,0.75,0.997339
setb_emo_042,B_clinical,B_emotional,12,0.8125,0.995839
setb_emo_042,B_clinical,B_emotional,13,0.875,0.994769
setb_emo_042,B_clinical,B_emotional,14,0.9375,0.995103
setb_emo_042,B_clinical,B_emotional,15,1.0,0.995338
setb_emo_043,B_clinical,B_emotional,0,0.0625,0.99998
setb_emo_043,B_clinical,B_emotional,1,0.125,0.998739
setb_emo_043,B_clinical,B_emotional,2,0.1875,0.995859
setb_emo_043,B_clinical,B_emotional,3,0.25,0.999052
setb_emo_043,B_clinical,B_emotional,4,0.3125,0.999076
setb_emo_043,B_clinical,B_emotional,5,0.375,0.997112
setb_emo_043,B_clinical,B_emotional,6,0.4375,0.998677
setb_emo_043,B_clinical,B_emotional,7,0.5,0.998535
setb_emo_043,B_clinical,B_emotional,8,0.5625,0.999989
setb_emo_043,B_clinical,B_emotional,9,0.625,0.999937
setb_emo_043,B_clinical,B_emotional,10,0.6875,0.999931
setb_emo_043,B_clinical,B_emotional,11,0.75,0.999957
setb_emo_043,B_clinical,B_emotional,12,0.8125,0.999975
setb_emo_043,B_clinical,B_emotional,13,0.875,0.999906
setb_emo_043,B_clinical,B_emotional,14,0.9375,0.999925
setb_emo_043,B_clinical,B_emotional,15,1.0,0.99994
setb_emo_044,B_clinical,B_emotional,0,0.0625,0.982509
setb_emo_044,B_clinical,B_emotional,1,0.125,0.978141
setb_emo_044,B_clinical,B_emotional,2,0.1875,0.988578
setb_emo_044,B_clinical,B_emotional,3,0.25,0.991708
setb_emo_044,B_clinical,B_emotional,4,0.3125,0.993347
setb_emo_044,B_clinical,B_emotional,5,0.375,0.992852
setb_emo_044,B_clinical,B_emotional,6,0.4375,0.991061
setb_emo_044,B_clinical,B_emotional,7,0.5,0.995928
setb_emo_044,B_clinical,B_emotional,8,0.5625,0.998037
setb_emo_044,B_clinical,B_emotional,9,0.625,0.997731
setb_emo_044,B_clinical,B_emotional,10,0.6875,0.996669
setb_emo_044,B_clinical,B_emotional,11,0.75,0.998018
setb_emo_044,B_clinical,B_emotional,12,0.8125,0.997878
setb_emo_044,B_clinical,B_emotional,13,0.875,0.998044
setb_emo_044,B_clinical,B_emotional,14,0.9375,0.998238
setb_emo_044,B_clinical,B_emotional,15,1.0,0.997421
setb_emo_045,B_clinical,B_emotional,0,0.0625,0.996745
setb_emo_045,B_clinical,B_emotional,1,0.125,0.994853
setb_emo_045,B_clinical,B_emotional,2,0.1875,0.997227
setb_emo_045,B_clinical,B_emotional,3,0.25,0.994012
setb_emo_045,B_clinical,B_emotional,4,0.3125,0.994745
setb_emo_045,B_clinical,B_emotional,5,0.375,0.996584
setb_emo_045,B_clinical,B_emotional,6,0.4375,0.994279
setb_emo_045,B_clinical,B_emotional,7,0.5,0.990392
setb_emo_045,B_clinical,B_emotional,8,0.5625,0.994858
setb_emo_045,B_clinical,B_emotional,9,0.625,0.99776
setb_emo_045,B_clinical,B_emotional,10,0.6875,0.999119
setb_emo_045,B_clinical,B_emotional,11,0.75,0.999574
setb_emo_045,B_clinical,B_emotional,12,0.8125,0.999696
setb_emo_045,B_clinical,B_emotional,13,0.875,0.999671
setb_emo_045,B_clinical,B_emotional,14,0.9375,0.999692
setb_emo_045,B_clinical,B_emotional,15,1.0,0.999461
setb_emo_046,B_clinical,B_emotional,0,0.0625,0.999997
setb_emo_046,B_clinical,B_emotional,1,0.125,0.999931
setb_emo_046,B_clinical,B_emotional,2,0.1875,0.999969
setb_emo_046,B_clinical,B_emotional,3,0.25,0.999991
setb_emo_046,B_clinical,B_emotional,4,0.3125,0.999987
setb_emo_046,B_clinical,B_emotional,5,0.375,0.999968
setb_emo_046,B_clinical,B_emotional,6,0.4375,0.999997
setb_emo_046,B_clinical,B_emotional,7,0.5,0.999996
setb_emo_046,B_clinical,B_emotional,8,0.5625,0.999995
setb_emo_046,B_clinical,B_emotional,9,0.625,0.999925
setb_emo_046,B_clinical,B_emotional,10,0.6875,0.99984
setb_emo_046,B_clinical,B_emotional,11,0.75,0.999665
setb_emo_046,B_clinical,B_emotional,12,0.8125,0.999704
setb_emo_046,B_clinical,B_emotional,13,0.875,0.999466
setb_emo_046,B_clinical,B_emotional,14,0.9375,0.999655
setb_emo_046,B_clinical,B_emotional,15,1.0,0.999277
setb_emo_047,B_clinical,B_emotional,0,0.0625,0.999933
setb_emo_047,B_clinical,B_emotional,1,0.125,0.998974
setb_emo_047,B_clinical,B_emotional,2,0.1875,0.999515
setb_emo_047,B_clinical,B_emotional,3,0.25,0.999587
setb_emo_047,B_clinical,B_emotional,4,0.3125,0.99999
setb_emo_047,B_clinical,B_emotional,5,0.375,0.999995
setb_emo_047,B_clinical,B_emotional,6,0.4375,0.999986
setb_emo_047,B_clinical,B_emotional,7,0.5,0.999947
setb_emo_047,B_clinical,B_emotional,8,0.5625,0.999998
setb_emo_047,B_clinical,B_emotional,9,0.625,0.999958
setb_emo_047,B_clinical,B_emotional,10,0.6875,0.999977
setb_emo_047,B_clinical,B_emotional,11,0.75,0.999923
setb_emo_047,B_clinical,B_emotional,12,0.8125,0.999885
setb_emo_047,B_clinical,B_emotional,13,0.875,0.999794
setb_emo_047,B_clinical,B_emotional,14,0.9375,0.999871
setb_emo_047,B_clinical,B_emotional,15,1.0,0.99972
setb_emo_048,B_clinical,B_emotional,0,0.0625,0.993541
setb_emo_048,B_clinical,B_emotional,1,0.125,0.998794
setb_emo_048,B_clinical,B_emotional,2,0.1875,0.998574
setb_emo_048,B_clinical,B_emotional,3,0.25,0.999924
setb_emo_048,B_clinical,B_emotional,4,0.3125,0.999385
setb_emo_048,B_clinical,B_emotional,5,0.375,0.999159
setb_emo_048,B_clinical,B_emotional,6,0.4375,0.999498
setb_emo_048,B_clinical,B_emotional,7,0.5,0.99979
setb_emo_048,B_clinical,B_emotional,8,0.5625,0.999811
setb_emo_048,B_clinical,B_emotional,9,0.625,0.999322
setb_emo_048,B_clinical,B_emotional,10,0.6875,0.999274
setb_emo_048,B_clinical,B_emotional,11,0.75,0.998209
setb_emo_048,B_clinical,B_emotional,12,0.8125,0.997958
setb_emo_048,B_clinical,B_emotional,13,0.875,0.998293
setb_emo_048,B_clinical,B_emotional,14,0.9375,0.998831
setb_emo_048,B_clinical,B_emotional,15,1.0,0.998376
setb_emo_049,B_clinical,B_emotional,0,0.0625,0.98903
setb_emo_049,B_clinical,B_emotional,1,0.125,0.994708
setb_emo_049,B_clinical,B_emotional,2,0.1875,0.9928
setb_emo_049,B_clinical,B_emotional,3,0.25,0.994111
setb_emo_049,B_clinical,B_emotional,4,0.3125,0.994553
setb_emo_049,B_clinical,B_emotional,5,0.375,0.995345
setb_emo_049,B_clinical,B_emotional,6,0.4375,0.99717
setb_emo_049,B_clinical,B_emotional,7,0.5,0.995578
setb_emo_049,B_clinical,B_emotional,8,0.5625,0.993957
setb_emo_049,B_clinical,B_emotional,9,0.625,0.995481
setb_emo_049,B_clinical,B_emotional,10,0.6875,0.997321
setb_emo_049,B_clinical,B_emotional,11,0.75,0.996607
setb_emo_049,B_clinical,B_emotional,12,0.8125,0.996145
setb_emo_049,B_clinical,B_emotional,13,0.875,0.996971
setb_emo_049,B_clinical,B_emotional,14,0.9375,0.997768
setb_emo_049,B_clinical,B_emotional,15,1.0,0.997935
setb_emo_050,B_clinical,B_emotional,0,0.0625,0.989675
setb_emo_050,B_clinical,B_emotional,1,0.125,0.986502
setb_emo_050,B_clinical,B_emotional,2,0.1875,0.99004
setb_emo_050,B_clinical,B_emotional,3,0.25,0.996514
setb_emo_050,B_clinical,B_emotional,4,0.3125,0.997094
setb_emo_050,B_clinical,B_emotional,5,0.375,0.999098
setb_emo_050,B_clinical,B_emotional,6,0.4375,0.998996
setb_emo_050,B_clinical,B_emotional,7,0.5,0.999117
setb_emo_050,B_clinical,B_emotional,8,0.5625,0.999907
setb_emo_050,B_clinical,B_emotional,9,0.625,0.99987
setb_emo_050,B_clinical,B_emotional,10,0.6875,0.999801
setb_emo_050,B_clinical,B_emotional,11,0.75,0.999708
setb_emo_050,B_clinical,B_emotional,12,0.8125,0.999874
setb_emo_050,B_clinical,B_emotional,13,0.875,0.999825
setb_emo_050,B_clinical,B_emotional,14,0.9375,0.999892
setb_emo_050,B_clinical,B_emotional,15,1.0,0.999626
setb_emo_051,B_clinical,B_emotional,0,0.0625,0.999893
setb_emo_051,B_clinical,B_emotional,1,0.125,0.999996
setb_emo_051,B_clinical,B_emotional,2,0.1875,0.999841
setb_emo_051,B_clinical,B_emotional,3,0.25,0.999995
setb_emo_051,B_clinical,B_emotional,4,0.3125,0.999995
setb_emo_051,B_clinical,B_emotional,5,0.375,0.999997
setb_emo_051,B_clinical,B_emotional,6,0.4375,0.999987
setb_emo_051,B_clinical,B_emotional,7,0.5,0.999893
setb_emo_051,B_clinical,B_emotional,8,0.5625,0.999872
setb_emo_051,B_clinical,B_emotional,9,0.625,0.999805
setb_emo_051,B_clinical,B_emotional,10,0.6875,0.999857
setb_emo_051,B_clinical,B_emotional,11,0.75,0.999864
setb_emo_051,B_clinical,B_emotional,12,0.8125,0.999943
setb_emo_051,B_clinical,B_emotional,13,0.875,0.999924
setb_emo_051,B_clinical,B_emotional,14,0.9375,0.999928
setb_emo_051,B_clinical,B_emotional,15,1.0,0.999955
setb_emo_052,B_clinical,B_emotional,0,0.0625,0.986514
setb_emo_052,B_clinical,B_emotional,1,0.125,0.993908
setb_emo_052,B_clinical,B_emotional,2,0.1875,0.993896
setb_emo_052,B_clinical,B_emotional,3,0.25,0.997765
setb_emo_052,B_clinical,B_emotional,4,0.3125,0.998401
setb_emo_052,B_clinical,B_emotional,5,0.375,0.997004
setb_emo_052,B_clinical,B_emotional,6,0.4375,0.995003
setb_emo_052,B_clinical,B_emotional,7,0.5,0.996499
setb_emo_052,B_clinical,B_emotional,8,0.5625,0.999937
setb_emo_052,B_clinical,B_emotional,9,0.625,0.999995
setb_emo_052,B_clinical,B_emotional,10,0.6875,0.999997
setb_emo_052,B_clinical,B_emotional,11,0.75,0.999999
setb_emo_052,B_clinical,B_emotional,12,0.8125,0.999999
setb_emo_052,B_clinical,B_emotional,13,0.875,0.999999
setb_emo_052,B_clinical,B_emotional,14,0.9375,0.999999
setb_emo_052,B_clinical,B_emotional,15,1.0,1.0
setb_emo_053,B_clinical,B_emotional,0,0.0625,0.999534
setb_emo_053,B_clinical,B_emotional,1,0.125,0.999499
setb_emo_053,B_clinical,B_emotional,2,0.1875,0.999129
setb_emo_053,B_clinical,B_emotional,3,0.25,0.999193
setb_emo_053,B_clinical,B_emotional,4,0.3125,0.999479
setb_emo_053,B_clinical,B_emotional,5,0.375,0.999889
setb_emo_053,B_clinical,B_emotional,6,0.4375,0.999777
setb_emo_053,B_clinical,B_emotional,7,0.5,0.999813
setb_emo_053,B_clinical,B_emotional,8,0.5625,0.999993
setb_emo_053,B_clinical,B_emotional,9,0.625,0.999996
setb_emo_053,B_clinical,B_emotional,10,0.6875,0.999997
setb_emo_053,B_clinical,B_emotional,11,0.75,0.999997
setb_emo_053,B_clinical,B_emotional,12,0.8125,0.999999
setb_emo_053,B_clinical,B_emotional,13,0.875,0.999999
setb_emo_053,B_clinical,B_emotional,14,0.9375,0.999999
setb_emo_053,B_clinical,B_emotional,15,1.0,0.999997
setb_emo_054,B_clinical,B_emotional,0,0.0625,0.999935
setb_emo_054,B_clinical,B_emotional,1,0.125,0.999998
setb_emo_054,B_clinical,B_emotional,2,0.1875,0.999997
setb_emo_054,B_clinical,B_emotional,3,0.25,0.999999
setb_emo_054,B_clinical,B_emotional,4,0.3125,0.999998
setb_emo_054,B_clinical,B_emotional,5,0.375,1.0
setb_emo_054,B_clinical,B_emotional,6,0.4375,1.0
setb_emo_054,B_clinical,B_emotional,7,0.5,1.0
setb_emo_054,B_clinical,B_emotional,8,0.5625,1.0
setb_emo_054,B_clinical,B_emotional,9,0.625,1.0
setb_emo_054,B_clinical,B_emotional,10,0.6875,1.0
setb_emo_054,B_clinical,B_emotional,11,0.75,1.0
setb_emo_054,B_clinical,B_emotional,12,0.8125,1.0
setb_emo_054,B_clinical,B_emotional,13,0.875,1.0
setb_emo_054,B_clinical,B_emotional,14,0.9375,1.0
setb_emo_054,B_clinical,B_emotional,15,1.0,1.0
setb_emo_055,B_clinical,B_emotional,0,0.0625,0.995989
setb_emo_055,B_clinical,B_emotional,1,0.125,0.998876
setb_emo_055,B_clinical,B_emotional,2,0.1875,0.999527
setb_emo_055,B_clinical,B_emotional,3,0.25,0.999762
setb_emo_055,B_clinical,B_emotional,4,0.3125,0.999471
setb_emo_055,B_clinical,B_emotional,5,0.375,0.999873
setb_emo_055,B_clinical,B_emotional,6,0.4375,0.999871
setb_emo_055,B_clinical,B_emotional,7,0.5,0.999908
setb_emo_055,B_clinical,B_emotional,8,0.5625,0.999999
setb_emo_055,B_clinical,B_emotional,9,0.625,1.0
setb_emo_055,B_clinical,B_emotional,10,0.6875,1.0
setb_emo_055,B_clinical,B_emotional,11,0.75,1.0
setb_emo_055,B_clinical,B_emotional,12,0.8125,1.0
setb_emo_055,B_clinical,B_emotional,13,0.875,1.0
setb_emo_055,B_clinical,B_emotional,14,0.9375,1.0
setb_emo_055,B_clinical,B_emotional,15,1.0,0.999999
setb_emo_056,B_clinical,B_emotional,0,0.0625,0.998727
setb_emo_056,B_clinical,B_emotional,1,0.125,0.999709
setb_emo_056,B_clinical,B_emotional,2,0.1875,0.998976
setb_emo_056,B_clinical,B_emotional,3,0.25,0.99985
setb_emo_056,B_clinical,B_emotional,4,0.3125,0.999945
setb_emo_056,B_clinical,B_emotional,5,0.375,0.999898
setb_emo_056,B_clinical,B_emotional,6,0.4375,0.999829
setb_emo_056,B_clinical,B_emotional,7,0.5,0.999895
setb_emo_056,B_clinical,B_emotional,8,0.5625,0.999995
setb_emo_056,B_clinical,B_emotional,9,0.625,0.999999
setb_emo_056,B_clinical,B_emotional,10,0.6875,1.0
setb_emo_056,B_clinical,B_emotional,11,0.75,1.0
setb_emo_056,B_clinical,B_emotional,12,0.8125,1.0
setb_emo_056,B_clinical,B_emotional,13,0.875,1.0
setb_emo_056,B_clinical,B_emotional,14,0.9375,1.0
setb_emo_056,B_clinical,B_emotional,15,1.0,1.0
setb_emo_057,B_clinical,B_emotional,0,0.0625,0.990234
setb_emo_057,B_clinical,B_emotional,1,0.125,0.994756
setb_emo_057,B_clinical,B_emotional,2,0.1875,0.997722
setb_emo_057,B_clinical,B_emotional,3,0.25,0.999723
setb_emo_057,B_clinical,B_emotional,4,0.3125,0.999832
setb_emo_057,B_clinical,B_emotional,5,0.375,0.999882
setb_emo_057,B_clinical,B_emotional,6,0.4375,0.999761
setb_emo_057,B_clinical,B_emotional,7,0.5,0.999881
setb_emo_057,B_clinical,B_emotional,8,0.5625,0.999956
setb_emo_057,B_clinical,B_emotional,9,0.625,0.999986
setb_emo_057,B_clinical,B_emotional,10,0.6875,0.999993
setb_emo_057,B_clinical,B_emotional,11,0.75,0.999979
setb_emo_057,B_clinical,B_emotional,12,0.8125,0.999981
setb_emo_057,B_clinical,B_emotional,13,0.875,0.999971
setb_emo_057,B_clinical,B_emotional,14,0.9375,0.999975
setb_emo_057,B_clinical,B_emotional,15,1.0,0.999979
setb_emo_058,B_clinical,B_emotional,0,0.0625,0.999991
setb_emo_058,B_clinical,B_emotional,1,0.125,0.999717
setb_emo_058,B_clinical,B_emotional,2,0.1875,0.998984
setb_emo_058,B_clinical,B_emotional,3,0.25,0.998481
setb_emo_058,B_clinical,B_emotional,4,0.3125,0.998705
setb_emo_058,B_clinical,B_emotional,5,0.375,0.999847
setb_emo_058,B_clinical,B_emotional,6,0.4375,0.999788
setb_emo_058,B_clinical,B_emotional,7,0.5,0.999739
setb_emo_058,B_clinical,B_emotional,8,0.5625,0.99992
setb_emo_058,B_clinical,B_emotional,9,0.625,0.99996
setb_emo_058,B_clinical,B_emotional,10,0.6875,0.999979
setb_emo_058,B_clinical,B_emotional,11,0.75,0.999974
setb_emo_058,B_clinical,B_emotional,12,0.8125,0.999994
setb_emo_058,B_clinical,B_emotional,13,0.875,0.999996
setb_emo_058,B_clinical,B_emotional,14,0.9375,0.999997
setb_emo_058,B_clinical,B_emotional,15,1.0,0.99999
setb_emo_059,B_clinical,B_emotional,0,0.0625,0.999998
setb_emo_059,B_clinical,B_emotional,1,0.125,1.0
setb_emo_059,B_clinical,B_emotional,2,0.1875,0.99995
setb_emo_059,B_clinical,B_emotional,3,0.25,0.999975
setb_emo_059,B_clinical,B_emotional,4,0.3125,0.999956
setb_emo_059,B_clinical,B_emotional,5,0.375,0.999805
setb_emo_059,B_clinical,B_emotional,6,0.4375,0.999201
setb_emo_059,B_clinical,B_emotional,7,0.5,0.999606
setb_emo_059,B_clinical,B_emotional,8,0.5625,0.995919
setb_emo_059,B_clinical,B_emotional,9,0.625,0.996783
setb_emo_059,B_clinical,B_emotional,10,0.6875,0.998464
setb_emo_059,B_clinical,B_emotional,11,0.75,0.998971
setb_emo_059,B_clinical,B_emotional,12,0.8125,0.999297
setb_emo_059,B_clinical,B_emotional,13,0.875,0.999176
setb_emo_059,B_clinical,B_emotional,14,0.9375,0.999329
setb_emo_059,B_clinical,B_emotional,15,1.0,0.999203
setb_emo_060,B_clinical,B_emotional,0,0.0625,0.993282
setb_emo_060,B_clinical,B_emotional,1,0.125,0.991888
setb_emo_060,B_clinical,B_emotional,2,0.1875,0.992413
setb_emo_060,B_clinical,B_emotional,3,0.25,0.996075
setb_emo_060,B_clinical,B_emotional,4,0.3125,0.998043
setb_emo_060,B_clinical,B_emotional,5,0.375,0.998937
setb_emo_060,B_clinical,B_emotional,6,0.4375,0.997666
setb_emo_060,B_clinical,B_emotional,7,0.5,0.997989
setb_emo_060,B_clinical,B_emotional,8,0.5625,0.999998
setb_emo_060,B_clinical,B_emotional,9,0.625,1.0
setb_emo_060,B_clinical,B_emotional,10,0.6875,1.0
setb_emo_060,B_clinical,B_emotional,11,0.75,1.0
setb_emo_060,B_clinical,B_emotional,12,0.8125,1.0
setb_emo_060,B_clinical,B_emotional,13,0.875,1.0
setb_emo_060,B_clinical,B_emotional,14,0.9375,1.0
setb_emo_060,B_clinical,B_emotional,15,1.0,1.0
setb_emo_061,B_clinical,B_emotional,0,0.0625,0.993596
setb_emo_061,B_clinical,B_emotional,1,0.125,0.99693
setb_emo_061,B_clinical,B_emotional,2,0.1875,0.997629
setb_emo_061,B_clinical,B_emotional,3,0.25,0.999922
setb_emo_061,B_clinical,B_emotional,4,0.3125,0.999658
setb_emo_061,B_clinical,B_emotional,5,0.375,0.999961
setb_emo_061,B_clinical,B_emotional,6,0.4375,0.999357
setb_emo_061,B_clinical,B_emotional,7,0.5,0.998845
setb_emo_061,B_clinical,B_emotional,8,0.5625,0.999585
setb_emo_061,B_clinical,B_emotional,9,0.625,0.999697
setb_emo_061,B_clinical,B_emotional,10,0.6875,0.999495
setb_emo_061,B_clinical,B_emotional,11,0.75,0.999338
setb_emo_061,B_clinical,B_emotional,12,0.8125,0.99833
setb_emo_061,B_clinical,B_emotional,13,0.875,0.996897
setb_emo_061,B_clinical,B_emotional,14,0.9375,0.997288
setb_emo_061,B_clinical,B_emotional,15,1.0,0.997304
setb_emo_062,B_clinical,B_emotional,0,0.0625,0.998795
setb_emo_062,B_clinical,B_emotional,1,0.125,0.999342
setb_emo_062,B_clinical,B_emotional,2,0.1875,0.998551
setb_emo_062,B_clinical,B_emotional,3,0.25,0.997782
setb_emo_062,B_clinical,B_emotional,4,0.3125,0.994657
setb_emo_062,B_clinical,B_emotional,5,0.375,0.99609
setb_emo_062,B_clinical,B_emotional,6,0.4375,0.998404
setb_emo_062,B_clinical,B_emotional,7,0.5,0.999312
setb_emo_062,B_clinical,B_emotional,8,0.5625,0.999539
setb_emo_062,B_clinical,B_emotional,9,0.625,0.999855
setb_emo_062,B_clinical,B_emotional,10,0.6875,0.999925
setb_emo_062,B_clinical,B_emotional,11,0.75,0.999967
setb_emo_062,B_clinical,B_emotional,12,0.8125,0.999985
setb_emo_062,B_clinical,B_emotional,13,0.875,0.999995
setb_emo_062,B_clinical,B_emotional,14,0.9375,0.999996
setb_emo_062,B_clinical,B_emotional,15,1.0,0.999997
setb_emo_063,B_clinical,B_emotional,0,0.0625,0.992751
setb_emo_063,B_clinical,B_emotional,1,0.125,0.997669
setb_emo_063,B_clinical,B_emotional,2,0.1875,0.999614
setb_emo_063,B_clinical,B_emotional,3,0.25,0.99896
setb_emo_063,B_clinical,B_emotional,4,0.3125,0.997733
setb_emo_063,B_clinical,B_emotional,5,0.375,0.997405
setb_emo_063,B_clinical,B_emotional,6,0.4375,0.999029
setb_emo_063,B_clinical,B_emotional,7,0.5,0.999464
setb_emo_063,B_clinical,B_emotional,8,0.5625,0.999258
setb_emo_063,B_clinical,B_emotional,9,0.625,0.999936
setb_emo_063,B_clinical,B_emotional,10,0.6875,0.999971
setb_emo_063,B_clinical,B_emotional,11,0.75,0.999966
setb_emo_063,B_clinical,B_emotional,12,0.8125,0.999972
setb_emo_063,B_clinical,B_emotional,13,0.875,0.99998
setb_emo_063,B_clinical,B_emotional,14,0.9375,0.99999
setb_emo_063,B_clinical,B_emotional,15,1.0,0.999988
setb_emo_064,B_clinical,B_emotional,0,0.0625,0.982207
setb_emo_064,B_clinical,B_emotional,1,0.125,0.992749
setb_emo_064,B_clinical,B_emotional,2,0.1875,0.994245
setb_emo_064,B_clinical,B_emotional,3,0.25,0.991684
setb_emo_064,B_clinical,B_emotional,4,0.3125,0.991512
setb_emo_064,B_clinical,B_emotional,5,0.375,0.987523
setb_emo_064,B_clinical,B_emotional,6,0.4375,0.987046
setb_emo_064,B_clinical,B_emotional,7,0.5,0.990728
setb_emo_064,B_clinical,B_emotional,8,0.5625,0.994553
setb_emo_064,B_clinical,B_emotional,9,0.625,0.992692
setb_emo_064,B_clinical,B_emotional,10,0.6875,0.994077
setb_emo_064,B_clinical,B_emotional,11,0.75,0.992038
setb_emo_064,B_clinical,B_emotional,12,0.8125,0.994198
setb_emo_064,B_clinical,B_emotional,13,0.875,0.993281
setb_emo_064,B_clinical,B_emotional,14,0.9375,0.994235
setb_emo_064,B_clinical,B_emotional,15,1.0,0.993821
setb_emo_065,B_clinical,B_emotional,0,0.0625,0.998909
setb_emo_065,B_clinical,B_emotional,1,0.125,0.994115
setb_emo_065,B_clinical,B_emotional,2,0.1875,0.995501
setb_emo_065,B_clinical,B_emotional,3,0.25,0.99484
setb_emo_065,B_clinical,B_emotional,4,0.3125,0.995133
setb_emo_065,B_clinical,B_emotional,5,0.375,0.995029
setb_emo_065,B_clinical,B_emotional,6,0.4375,0.996935
setb_emo_065,B_clinical,B_emotional,7,0.5,0.998216
setb_emo_065,B_clinical,B_emotional,8,0.5625,0.99989
setb_emo_065,B_clinical,B_emotional,9,0.625,0.999995
setb_emo_065,B_clinical,B_emotional,10,0.6875,0.999999
setb_emo_065,B_clinical,B_emotional,11,0.75,1.0
setb_emo_065,B_clinical,B_emotional,12,0.8125,1.0
setb_emo_065,B_clinical,B_emotional,13,0.875,1.0
setb_emo_065,B_clinical,B_emotional,14,0.9375,1.0
setb_emo_065,B_clinical,B_emotional,15,1.0,1.0
setb_emo_066,B_clinical,B_emotional,0,0.0625,0.993989
setb_emo_066,B_clinical,B_emotional,1,0.125,0.999167
setb_emo_066,B_clinical,B_emotional,2,0.1875,0.997909
setb_emo_066,B_clinical,B_emotional,3,0.25,0.998281
setb_emo_066,B_clinical,B_emotional,4,0.3125,0.998365
setb_emo_066,B_clinical,B_emotional,5,0.375,0.999219
setb_emo_066,B_clinical,B_emotional,6,0.4375,0.996812
setb_emo_066,B_clinical,B_emotional,7,0.5,0.996937
setb_emo_066,B_clinical,B_emotional,8,0.5625,0.999033
setb_emo_066,B_clinical,B_emotional,9,0.625,0.998884
setb_emo_066,B_clinical,B_emotional,10,0.6875,0.999767
setb_emo_066,B_clinical,B_emotional,11,0.75,0.999932
setb_emo_066,B_clinical,B_emotional,12,0.8125,0.999969
setb_emo_066,B_clinical,B_emotional,13,0.875,0.999953
setb_emo_066,B_clinical,B_emotional,14,0.9375,0.999977
setb_emo_066,B_clinical,B_emotional,15,1.0,0.999964
setb_emo_067,B_clinical,B_emotional,0,0.0625,0.999056
setb_emo_067,B_clinical,B_emotional,1,0.125,0.998948
setb_emo_067,B_clinical,B_emotional,2,0.1875,0.999565
setb_emo_067,B_clinical,B_emotional,3,0.25,0.999878
setb_emo_067,B_clinical,B_emotional,4,0.3125,0.99974
setb_emo_067,B_clinical,B_emotional,5,0.375,0.99998
setb_emo_067,B_clinical,B_emotional,6,0.4375,0.999969
setb_emo_067,B_clinical,B_emotional,7,0.5,0.999245
setb_emo_067,B_clinical,B_emotional,8,0.5625,0.999829
setb_emo_067,B_clinical,B_emotional,9,0.625,0.999974
setb_emo_067,B_clinical,B_emotional,10,0.6875,0.999994
setb_emo_067,B_clinical,B_emotional,11,0.75,0.999979
setb_emo_067,B_clinical,B_emotional,12,0.8125,0.999984
setb_emo_067,B_clinical,B_emotional,13,0.875,0.999946
setb_emo_067,B_clinical,B_emotional,14,0.9375,0.999968
setb_emo_067,B_clinical,B_emotional,15,1.0,0.999961
setb_emo_068,B_clinical,B_emotional,0,0.0625,0.986984
setb_emo_068,B_clinical,B_emotional,1,0.125,0.997481
setb_emo_068,B_clinical,B_emotional,2,0.1875,0.998526
setb_emo_068,B_clinical,B_emotional,3,0.25,0.998304
setb_emo_068,B_clinical,B_emotional,4,0.3125,0.999914
setb_emo_068,B_clinical,B_emotional,5,0.375,0.99995
setb_emo_068,B_clinical,B_emotional,6,0.4375,0.999973
setb_emo_068,B_clinical,B_emotional,7,0.5,0.99989
setb_emo_068,B_clinical,B_emotional,8,0.5625,0.999995
setb_emo_068,B_clinical,B_emotional,9,0.625,0.999998
setb_emo_068,B_clinical,B_emotional,10,0.6875,1.0
setb_emo_068,B_clinical,B_emotional,11,0.75,1.0
setb_emo_068,B_clinical,B_emotional,12,0.8125,1.0
setb_emo_068,B_clinical,B_emotional,13,0.875,1.0
setb_emo_068,B_clinical,B_emotional,14,0.9375,1.0
setb_emo_068,B_clinical,B_emotional,15,1.0,1.0
setb_emo_069,B_clinical,B_emotional,0,0.0625,0.994584
setb_emo_069,B_clinical,B_emotional,1,0.125,0.988826
setb_emo_069,B_clinical,B_emotional,2,0.1875,0.992885
setb_emo_069,B_clinical,B_emotional,3,0.25,0.995474
setb_emo_069,B_clinical,B_emotional,4,0.3125,0.995343
setb_emo_069,B_clinical,B_emotional,5,0.375,0.993587
setb_emo_069,B_clinical,B_emotional,6,0.4375,0.994422
setb_emo_069,B_clinical,B_emotional,7,0.5,0.998751
setb_emo_069,B_clinical,B_emotional,8,0.5625,0.99955
setb_emo_069,B_clinical,B_emotional,9,0.625,0.999981
setb_emo_069,B_clinical,B_emotional,10,0.6875,1.0
setb_emo_069,B_clinical,B_emotional,11,0.75,1.0
setb_emo_069,B_clinical,B_emotional,12,0.8125,1.0
setb_emo_069,B_clinical,B_emotional,13,0.875,1.0
setb_emo_069,B_clinical,B_emotional,14,0.9375,1.0
setb_emo_069,B_clinical,B_emotional,15,1.0,1.0
setb_emo_070,B_clinical,B_emotional,0,0.0625,0.998964
setb_emo_070,B_clinical,B_emotional,1,0.125,0.999762
setb_emo_070,B_clinical,B_emotional,2,0.1875,0.99555
setb_emo_070,B_clinical,B_emotional,3,0.25,0.998165
setb_emo_070,B_clinical,B_emotional,4,0.3125,0.998092
setb_emo_070,B_clinical,B_emotional,5,0.375,0.998432
setb_emo_070,B_clinical,B_emotional,6,0.4375,0.997459
setb_emo_070,B_clinical,B_emotional,7,0.5,0.99931
setb_emo_070,B_clinical,B_emotional,8,0.5625,0.999944
setb_emo_070,B_clinical,B_emotional,9,0.625,0.999934
setb_emo_070,B_clinical,B_emotional,10,0.6875,0.999892
setb_emo_070,B_clinical,B_emotional,11,0.75,0.999788
setb_emo_070,B_clinical,B_emotional,12,0.8125,0.999968
setb_emo_070,B_clinical,B_emotional,13,0.875,0.999942
setb_emo_070,B_clinical,B_emotional,14,0.9375,0.99994
setb_emo_070,B_clinical,B_emotional,15,1.0,0.999915
setb_emo_071,B_clinical,B_emotional,0,0.0625,0.999998
setb_emo_071,B_clinical,B_emotional,1,0.125,0.999999
setb_emo_071,B_clinical,B_emotional,2,0.1875,1.0
setb_emo_071,B_clinical,B_emotional,3,0.25,0.999998
setb_emo_071,B_clinical,B_emotional,4,0.3125,0.999999
setb_emo_071,B_clinical,B_emotional,5,0.375,0.999998
setb_emo_071,B_clinical,B_emotional,6,0.4375,0.999988
setb_emo_071,B_clinical,B_emotional,7,0.5,0.999981
setb_emo_071,B_clinical,B_emotional,8,0.5625,0.99997
setb_emo_071,B_clinical,B_emotional,9,0.625,0.999989
setb_emo_071,B_clinical,B_emotional,10,0.6875,0.999998
setb_emo_071,B_clinical,B_emotional,11,0.75,0.999998
setb_emo_071,B_clinical,B_emotional,12,0.8125,1.0
setb_emo_071,B_clinical,B_emotional,13,0.875,0.999997
setb_emo_071,B_clinical,B_emotional,14,0.9375,0.999997
setb_emo_071,B_clinical,B_emotional,15,1.0,0.999998
setb_emo_072,B_clinical,B_emotional,0,0.0625,0.981604
setb_emo_072,B_clinical,B_emotional,1,0.125,0.989466
setb_emo_072,B_clinical,B_emotional,2,0.1875,0.996834
setb_emo_072,B_clinical,B_emotional,3,0.25,0.99886
setb_emo_072,B_clinical,B_emotional,4,0.3125,0.998118
setb_emo_072,B_clinical,B_emotional,5,0.375,0.998901
setb_emo_072,B_clinical,B_emotional,6,0.4375,0.997517
setb_emo_072,B_clinical,B_emotional,7,0.5,0.996134
setb_emo_072,B_clinical,B_emotional,8,0.5625,0.997265
setb_emo_072,B_clinical,B_emotional,9,0.625,0.995904
setb_emo_072,B_clinical,B_emotional,10,0.6875,0.996078
setb_emo_072,B_clinical,B_emotional,11,0.75,0.997401
setb_emo_072,B_clinical,B_emotional,12,0.8125,0.996781
setb_emo_072,B_clinical,B_emotional,13,0.875,0.997134
setb_emo_072,B_clinical,B_emotional,14,0.9375,0.996779
setb_emo_072,B_clinical,B_emotional,15,1.0,0.995928
setb_emo_073,B_clinical,B_emotional,0,0.0625,0.998421
setb_emo_073,B_clinical,B_emotional,1,0.125,0.997644
setb_emo_073,B_clinical,B_emotional,2,0.1875,0.999508
setb_emo_073,B_clinical,B_emotional,3,0.25,0.999428
setb_emo_073,B_clinical,B_emotional,4,0.3125,0.99889
setb_emo_073,B_clinical,B_emotional,5,0.375,0.999182
setb_emo_073,B_clinical,B_emotional,6,0.4375,0.999876
setb_emo_073,B_clinical,B_emotional,7,0.5,0.999865
setb_emo_073,B_clinical,B_emotional,8,0.5625,0.99788
setb_emo_073,B_clinical,B_emotional,9,0.625,0.996884
setb_emo_073,B_clinical,B_emotional,10,0.6875,0.996728
setb_emo_073,B_clinical,B_emotional,11,0.75,0.997319
setb_emo_073,B_clinical,B_emotional,12,0.8125,0.997228
setb_emo_073,B_clinical,B_emotional,13,0.875,0.997072
setb_emo_073,B_clinical,B_emotional,14,0.9375,0.996872
setb_emo_073,B_clinical,B_emotional,15,1.0,0.996539
setb_emo_074,B_clinical,B_emotional,0,0.0625,0.99999
setb_emo_074,B_clinical,B_emotional,1,0.125,0.999214
setb_emo_074,B_clinical,B_emotional,2,0.1875,0.9971
setb_emo_074,B_clinical,B_emotional,3,0.25,0.998814
setb_emo_074,B_clinical,B_emotional,4,0.3125,0.999761
setb_emo_074,B_clinical,B_emotional,5,0.375,0.999812
setb_emo_074,B_clinical,B_emotional,6,0.4375,0.999548
setb_emo_074,B_clinical,B_emotional,7,0.5,0.99881
setb_emo_074,B_clinical,B_emotional,8,0.5625,0.999775
setb_emo_074,B_clinical,B_emotional,9,0.625,0.999588
setb_emo_074,B_clinical,B_emotional,10,0.6875,0.9996
setb_emo_074,B_clinical,B_emotional,11,0.75,0.999855
setb_emo_074,B_clinical,B_emotional,12,0.8125,0.999874
setb_emo_074,B_clinical,B_emotional,13,0.875,0.999765
setb_emo_074,B_clinical,B_emotional,14,0.9375,0.999652
setb_emo_074,B_clinical,B_emotional,15,1.0,0.999227
setb_emo_075,B_clinical,B_emotional,0,0.0625,0.999873
setb_emo_075,B_clinical,B_emotional,1,0.125,0.995997
setb_emo_075,B_clinical,B_emotional,2,0.1875,0.99893
setb_emo_075,B_clinical,B_emotional,3,0.25,0.99988
setb_emo_075,B_clinical,B_emotional,4,0.3125,0.999833
setb_emo_075,B_clinical,B_emotional,5,0.375,0.999929
setb_emo_075,B_clinical,B_emotional,6,0.4375,0.999928
setb_emo_075,B_clinical,B_emotional,7,0.5,0.999608
setb_emo_075,B_clinical,B_emotional,8,0.5625,0.999019
setb_emo_075,B_clinical,B_emotional,9,0.625,0.999674
setb_emo_075,B_clinical,B_emotional,10,0.6875,0.999576
setb_emo_075,B_clinical,B_emotional,11,0.75,0.999339
setb_emo_075,B_clinical,B_emotional,12,0.8125,0.998763
setb_emo_075,B_clinical,B_emotional,13,0.875,0.99928
setb_emo_075,B_clinical,B_emotional,14,0.9375,0.998775
setb_emo_075,B_clinical,B_emotional,15,1.0,0.999225
setb_emo_076,B_clinical,B_emotional,0,0.0625,0.99997
setb_emo_076,B_clinical,B_emotional,1,0.125,0.999287
setb_emo_076,B_clinical,B_emotional,2,0.1875,0.999614
setb_emo_076,B_clinical,B_emotional,3,0.25,0.999943
setb_emo_076,B_clinical,B_emotional,4,0.3125,0.999986
setb_emo_076,B_clinical,B_emotional,5,0.375,0.999994
setb_emo_076,B_clinical,B_emotional,6,0.4375,0.99997
setb_emo_076,B_clinical,B_emotional,7,0.5,0.999937
setb_emo_076,B_clinical,B_emotional,8,0.5625,0.999955
setb_emo_076,B_clinical,B_emotional,9,0.625,0.999913
setb_emo_076,B_clinical,B_emotional,10,0.6875,0.999861
setb_emo_076,B_clinical,B_emotional,11,0.75,0.999977
setb_emo_076,B_clinical,B_emotional,12,0.8125,0.999978
setb_emo_076,B_clinical,B_emotional,13,0.875,0.999961
setb_emo_076,B_clinical,B_emotional,14,0.9375,0.999976
setb_emo_076,B_clinical,B_emotional,15,1.0,0.999959
setb_emo_077,B_clinical,B_emotional,0,0.0625,1.0
setb_emo_077,B_clinical,B_emotional,1,0.125,1.0
setb_emo_077,B_clinical,B_emotional,2,0.1875,0.999999
setb_emo_077,B_clinical,B_emotional,3,0.25,1.0
setb_emo_077,B_clinical,B_emotional,4,0.3125,0.999995
setb_emo_077,B_clinical,B_emotional,5,0.375,0.999999
setb_emo_077,B_clinical,B_emotional,6,0.4375,0.999999
setb_emo_077,B_clinical,B_emotional,7,0.5,0.999991
setb_emo_077,B_clinical,B_emotional,8,0.5625,0.999937
setb_emo_077,B_clinical,B_emotional,9,0.625,0.999869
setb_emo_077,B_clinical,B_emotional,10,0.6875,0.999829
setb_emo_077,B_clinical,B_emotional,11,0.75,0.999915
setb_emo_077,B_clinical,B_emotional,12,0.8125,0.999903
setb_emo_077,B_clinical,B_emotional,13,0.875,0.999833
setb_emo_077,B_clinical,B_emotional,14,0.9375,0.99986
setb_emo_077,B_clinical,B_emotional,15,1.0,0.999747
setb_emo_078,B_clinical,B_emotional,0,0.0625,0.999927
setb_emo_078,B_clinical,B_emotional,1,0.125,0.999758
setb_emo_078,B_clinical,B_emotional,2,0.1875,0.996426
setb_emo_078,B_clinical,B_emotional,3,0.25,0.99314
setb_emo_078,B_clinical,B_emotional,4,0.3125,0.994877
setb_emo_078,B_clinical,B_emotional,5,0.375,0.993073
setb_emo_078,B_clinical,B_emotional,6,0.4375,0.99644
setb_emo_078,B_clinical,B_emotional,7,0.5,0.997389
setb_emo_078,B_clinical,B_emotional,8,0.5625,0.998365
setb_emo_078,B_clinical,B_emotional,9,0.625,0.994724
setb_emo_078,B_clinical,B_emotional,10,0.6875,0.99493
setb_emo_078,B_clinical,B_emotional,11,0.75,0.99602
setb_emo_078,B_clinical,B_emotional,12,0.8125,0.995737
setb_emo_078,B_clinical,B_emotional,13,0.875,0.995317
setb_emo_078,B_clinical,B_emotional,14,0.9375,0.994921
setb_emo_078,B_clinical,B_emotional,15,1.0,0.994811
setb_emo_079,B_clinical,B_emotional,0,0.0625,0.999995
setb_emo_079,B_clinical,B_emotional,1,0.125,0.999998
setb_emo_079,B_clinical,B_emotional,2,0.1875,0.999998
setb_emo_079,B_clinical,B_emotional,3,0.25,0.999998
setb_emo_079,B_clinical,B_emotional,4,0.3125,0.999998
setb_emo_079,B_clinical,B_emotional,5,0.375,1.0
setb_emo_079,B_clinical,B_emotional,6,0.4375,1.0
setb_emo_079,B_clinical,B_emotional,7,0.5,0.999995
setb_emo_079,B_clinical,B_emotional,8,0.5625,1.0
setb_emo_079,B_clinical,B_emotional,9,0.625,1.0
setb_emo_079,B_clinical,B_emotional,10,0.6875,1.0
setb_emo_079,B_clinical,B_emotional,11,0.75,0.999999
setb_emo_079,B_clinical,B_emotional,12,0.8125,0.999999
setb_emo_079,B_clinical,B_emotional,13,0.875,1.0
setb_emo_079,B_clinical,B_emotional,14,0.9375,1.0
setb_emo_079,B_clinical,B_emotional,15,1.0,1.0
setb_emo_080,B_clinical,B_emotional,0,0.0625,0.999943
setb_emo_080,B_clinical,B_emotional,1,0.125,0.999876
setb_emo_080,B_clinical,B_emotional,2,0.1875,0.999826
setb_emo_080,B_clinical,B_emotional,3,0.25,0.999994
setb_emo_080,B_clinical,B_emotional,4,0.3125,0.99996
setb_emo_080,B_clinical,B_emotional,5,0.375,0.999997
setb_emo_080,B_clinical,B_emotional,6,0.4375,0.999995
setb_emo_080,B_clinical,B_emotional,7,0.5,0.99996
setb_emo_080,B_clinical,B_emotional,8,0.5625,0.999935
setb_emo_080,B_clinical,B_emotional,9,0.625,0.999987
setb_emo_080,B_clinical,B_emotional,10,0.6875,0.999999
setb_emo_080,B_clinical,B_emotional,11,0.75,1.0
setb_emo_080,B_clinical,B_emotional,12,0.8125,1.0
setb_emo_080,B_clinical,B_emotional,13,0.875,0.999999
setb_emo_080,B_clinical,B_emotional,14,0.9375,0.999998
setb_emo_080,B_clinical,B_emotional,15,1.0,0.999997
setb_emo_081,B_clinical,B_emotional,0,0.0625,1.0
setb_emo_081,B_clinical,B_emotional,1,0.125,1.0
setb_emo_081,B_clinical,B_emotional,2,0.1875,0.999999
setb_emo_081,B_clinical,B_emotional,3,0.25,1.0
setb_emo_081,B_clinical,B_emotional,4,0.3125,1.0
setb_emo_081,B_clinical,B_emotional,5,0.375,0.999995
setb_emo_081,B_clinical,B_emotional,6,0.4375,0.999941
setb_emo_081,B_clinical,B_emotional,7,0.5,0.999998
setb_emo_081,B_clinical,B_emotional,8,0.5625,0.999338
setb_emo_081,B_clinical,B_emotional,9,0.625,0.999934
setb_emo_081,B_clinical,B_emotional,10,0.6875,0.999947
setb_emo_081,B_clinical,B_emotional,11,0.75,0.999965
setb_emo_081,B_clinical,B_emotional,12,0.8125,0.999925
setb_emo_081,B_clinical,B_emotional,13,0.875,0.999713
setb_emo_081,B_clinical,B_emotional,14,0.9375,0.999813
setb_emo_081,B_clinical,B_emotional,15,1.0,0.99959
setb_emo_082,B_clinical,B_emotional,0,0.0625,0.992592
setb_emo_082,B_clinical,B_emotional,1,0.125,0.998577
setb_emo_082,B_clinical,B_emotional,2,0.1875,0.999275
setb_emo_082,B_clinical,B_emotional,3,0.25,0.999995
setb_emo_082,B_clinical,B_emotional,4,0.3125,0.999975
setb_emo_082,B_clinical,B_emotional,5,0.375,0.999999
setb_emo_082,B_clinical,B_emotional,6,0.4375,0.999998
setb_emo_082,B_clinical,B_emotional,7,0.5,0.999996
setb_emo_082,B_clinical,B_emotional,8,0.5625,0.999977
setb_emo_082,B_clinical,B_emotional,9,0.625,0.999979
setb_emo_082,B_clinical,B_emotional,10,0.6875,0.999991
setb_emo_082,B_clinical,B_emotional,11,0.75,0.999991
setb_emo_082,B_clinical,B_emotional,12,0.8125,0.999983
setb_emo_082,B_clinical,B_emotional,13,0.875,0.999907
setb_emo_082,B_clinical,B_emotional,14,0.9375,0.999906
setb_emo_082,B_clinical,B_emotional,15,1.0,0.999775
setb_emo_083,B_clinical,B_emotional,0,0.0625,0.99929
setb_emo_083,B_clinical,B_emotional,1,0.125,0.997821
setb_emo_083,B_clinical,B_emotional,2,0.1875,0.998707
setb_emo_083,B_clinical,B_emotional,3,0.25,0.999991
setb_emo_083,B_clinical,B_emotional,4,0.3125,0.999998
setb_emo_083,B_clinical,B_emotional,5,0.375,0.999998
setb_emo_083,B_clinical,B_emotional,6,0.4375,0.999998
setb_emo_083,B_clinical,B_emotional,7,0.5,0.999996
setb_emo_083,B_clinical,B_emotional,8,0.5625,0.999823
setb_emo_083,B_clinical,B_emotional,9,0.625,0.999921
setb_emo_083,B_clinical,B_emotional,10,0.6875,0.999982
setb_emo_083,B_clinical,B_emotional,11,0.75,0.999995
setb_emo_083,B_clinical,B_emotional,12,0.8125,0.999975
setb_emo_083,B_clinical,B_emotional,13,0.875,0.999933
setb_emo_083,B_clinical,B_emotional,14,0.9375,0.999911
setb_emo_083,B_clinical,B_emotional,15,1.0,0.999739
setb_emo_084,B_clinical,B_emotional,0,0.0625,0.999962
setb_emo_084,B_clinical,B_emotional,1,0.125,0.999742
setb_emo_084,B_clinical,B_emotional,2,0.1875,0.999968
setb_emo_084,B_clinical,B_emotional,3,0.25,0.999998
setb_emo_084,B_clinical,B_emotional,4,0.3125,0.999992
setb_emo_084,B_clinical,B_emotional,5,0.375,0.999998
setb_emo_084,B_clinical,B_emotional,6,0.4375,0.999998
setb_emo_084,B_clinical,B_emotional,7,0.5,0.999997
setb_emo_084,B_clinical,B_emotional,8,0.5625,0.998813
setb_emo_084,B_clinical,B_emotional,9,0.625,0.998965
setb_emo_084,B_clinical,B_emotional,10,0.6875,0.997013
setb_emo_084,B_clinical,B_emotional,11,0.75,0.996539
setb_emo_084,B_clinical,B_emotional,12,0.8125,0.99468
setb_emo_084,B_clinical,B_emotional,13,0.875,0.995297
setb_emo_084,B_clinical,B_emotional,14,0.9375,0.995527
setb_emo_084,B_clinical,B_emotional,15,1.0,0.995485
setb_emo_085,B_clinical,B_emotional,0,0.0625,0.995896
setb_emo_085,B_clinical,B_emotional,1,0.125,0.998298
setb_emo_085,B_clinical,B_emotional,2,0.1875,0.999152
setb_emo_085,B_clinical,B_emotional,3,0.25,0.999937
setb_emo_085,B_clinical,B_emotional,4,0.3125,0.999961
setb_emo_085,B_clinical,B_emotional,5,0.375,0.99978
setb_emo_085,B_clinical,B_emotional,6,0.4375,0.99982
setb_emo_085,B_clinical,B_emotional,7,0.5,0.999667
setb_emo_085,B_clinical,B_emotional,8,0.5625,0.999213
setb_emo_085,B_clinical,B_emotional,9,0.625,0.999324
setb_emo_085,B_clinical,B_emotional,10,0.6875,0.998682
setb_emo_085,B_clinical,B_emotional,11,0.75,0.997834
setb_emo_085,B_clinical,B_emotional,12,0.8125,0.998363
setb_emo_085,B_clinical,B_emotional,13,0.875,0.998693
setb_emo_085,B_clinical,B_emotional,14,0.9375,0.998772
setb_emo_085,B_clinical,B_emotional,15,1.0,0.998801
setb_emo_086,B_clinical,B_emotional,0,0.0625,0.999999
setb_emo_086,B_clinical,B_emotional,1,0.125,0.999998
setb_emo_086,B_clinical,B_emotional,2,0.1875,1.0
setb_emo_086,B_clinical,B_emotional,3,0.25,1.0
setb_emo_086,B_clinical,B_emotional,4,0.3125,0.999999
setb_emo_086,B_clinical,B_emotional,5,0.375,0.999997
setb_emo_086,B_clinical,B_emotional,6,0.4375,0.999994
setb_emo_086,B_clinical,B_emotional,7,0.5,0.999733
setb_emo_086,B_clinical,B_emotional,8,0.5625,0.999568
setb_emo_086,B_clinical,B_emotional,9,0.625,0.99839
setb_emo_086,B_clinical,B_emotional,10,0.6875,0.997936
setb_emo_086,B_clinical,B_emotional,11,0.75,0.998262
setb_emo_086,B_clinical,B_emotional,12,0.8125,0.99891
setb_emo_086,B_clinical,B_emotional,13,0.875,0.998293
setb_emo_086,B_clinical,B_emotional,14,0.9375,0.998776
setb_emo_086,B_clinical,B_emotional,15,1.0,0.999061
setb_emo_087,B_clinical,B_emotional,0,0.0625,0.996022
setb_emo_087,B_clinical,B_emotional,1,0.125,0.985948
setb_emo_087,B_clinical,B_emotional,2,0.1875,0.993916
setb_emo_087,B_clinical,B_emotional,3,0.25,0.995885
setb_emo_087,B_clinical,B_emotional,4,0.3125,0.994432
setb_emo_087,B_clinical,B_emotional,5,0.375,0.99672
setb_emo_087,B_clinical,B_emotional,6,0.4375,0.993496
setb_emo_087,B_clinical,B_emotional,7,0.5,0.993274
setb_emo_087,B_clinical,B_emotional,8,0.5625,0.99842
setb_emo_087,B_clinical,B_emotional,9,0.625,0.996947
setb_emo_087,B_clinical,B_emotional,10,0.6875,0.995566
setb_emo_087,B_clinical,B_emotional,11,0.75,0.996017
setb_emo_087,B_clinical,B_emotional,12,0.8125,0.99668
setb_emo_087,B_clinical,B_emotional,13,0.875,0.99605
setb_emo_087,B_clinical,B_emotional,14,0.9375,0.995692
setb_emo_087,B_clinical,B_emotional,15,1.0,0.995101
setb_emo_088,B_clinical,B_emotional,0,0.0625,0.991289
setb_emo_088,B_clinical,B_emotional,1,0.125,0.999606
setb_emo_088,B_clinical,B_emotional,2,0.1875,0.999595
setb_emo_088,B_clinical,B_emotional,3,0.25,0.99997
setb_emo_088,B_clinical,B_emotional,4,0.3125,0.999971
setb_emo_088,B_clinical,B_emotional,5,0.375,0.999958
setb_emo_088,B_clinical,B_emotional,6,0.4375,0.999942
setb_emo_088,B_clinical,B_emotional,7,0.5,0.999894
setb_emo_088,B_clinical,B_emotional,8,0.5625,0.999055
setb_emo_088,B_clinical,B_emotional,9,0.625,0.999721
setb_emo_088,B_clinical,B_emotional,10,0.6875,0.999849
setb_emo_088,B_clinical,B_emotional,11,0.75,0.999613
setb_emo_088,B_clinical,B_emotional,12,0.8125,0.999661
setb_emo_088,B_clinical,B_emotional,13,0.875,0.999258
setb_emo_088,B_clinical,B_emotional,14,0.9375,0.999424
setb_emo_088,B_clinical,B_emotional,15,1.0,0.999409
setb_emo_089,B_clinical,B_emotional,0,0.0625,0.999872
setb_emo_089,B_clinical,B_emotional,1,0.125,0.999995
setb_emo_089,B_clinical,B_emotional,2,0.1875,1.0
setb_emo_089,B_clinical,B_emotional,3,0.25,0.999998
setb_emo_089,B_clinical,B_emotional,4,0.3125,0.999999
setb_emo_089,B_clinical,B_emotional,5,0.375,0.999997
setb_emo_089,B_clinical,B_emotional,6,0.4375,0.999997
setb_emo_089,B_clinical,B_emotional,7,0.5,0.999909
setb_emo_089,B_clinical,B_emotional,8,0.5625,0.999642
setb_emo_089,B_clinical,B_emotional,9,0.625,0.999849
setb_emo_089,B_clinical,B_emotional,10,0.6875,0.999751
setb_emo_089,B_clinical,B_emotional,11,0.75,0.999954
setb_emo_089,B_clinical,B_emotional,12,0.8125,0.999817
setb_emo_089,B_clinical,B_emotional,13,0.875,0.999757
setb_emo_089,B_clinical,B_emotional,14,0.9375,0.999764
setb_emo_089,B_clinical,B_emotional,15,1.0,0.999835
setb_emo_090,B_clinical,B_emotional,0,0.0625,0.999916
setb_emo_090,B_clinical,B_emotional,1,0.125,0.999973
setb_emo_090,B_clinical,B_emotional,2,0.1875,0.999949
setb_emo_090,B_clinical,B_emotional,3,0.25,0.999996
setb_emo_090,B_clinical,B_emotional,4,0.3125,0.999998
setb_emo_090,B_clinical,B_emotional,5,0.375,0.999944
setb_emo_090,B_clinical,B_emotional,6,0.4375,0.999928
setb_emo_090,B_clinical,B_emotional,7,0.5,0.99944
setb_emo_090,B_clinical,B_emotional,8,0.5625,0.999811
setb_emo_090,B_clinical,B_emotional,9,0.625,0.999501
setb_emo_090,B_clinical,B_emotional,10,0.6875,0.998956
setb_emo_090,B_clinical,B_emotional,11,0.75,0.999494
setb_emo_090,B_clinical,B_emotional,12,0.8125,0.999536
setb_emo_090,B_clinical,B_emotional,13,0.875,0.999227
setb_emo_090,B_clinical,B_emotional,14,0.9375,0.998859
setb_emo_090,B_clinical,B_emotional,15,1.0,0.998742
setb_emo_091,B_clinical,B_emotional,0,0.0625,0.999688
setb_emo_091,B_clinical,B_emotional,1,0.125,0.999974
setb_emo_091,B_clinical,B_emotional,2,0.1875,0.999998
setb_emo_091,B_clinical,B_emotional,3,0.25,0.999992
setb_emo_091,B_clinical,B_emotional,4,0.3125,0.999994
setb_emo_091,B_clinical,B_emotional,5,0.375,0.999998
setb_emo_091,B_clinical,B_emotional,6,0.4375,0.999999
setb_emo_091,B_clinical,B_emotional,7,0.5,0.999798
setb_emo_091,B_clinical,B_emotional,8,0.5625,0.999929
setb_emo_091,B_clinical,B_emotional,9,0.625,0.999977
setb_emo_091,B_clinical,B_emotional,10,0.6875,0.999971
setb_emo_091,B_clinical,B_emotional,11,0.75,0.999988
setb_emo_091,B_clinical,B_emotional,12,0.8125,0.99997
setb_emo_091,B_clinical,B_emotional,13,0.875,0.999817
setb_emo_091,B_clinical,B_emotional,14,0.9375,0.999967
setb_emo_091,B_clinical,B_emotional,15,1.0,0.999985
setb_emo_092,B_clinical,B_emotional,0,0.0625,0.992683
setb_emo_092,B_clinical,B_emotional,1,0.125,0.99329
setb_emo_092,B_clinical,B_emotional,2,0.1875,0.99903
setb_emo_092,B_clinical,B_emotional,3,0.25,0.999792
setb_emo_092,B_clinical,B_emotional,4,0.3125,0.999941
setb_emo_092,B_clinical,B_emotional,5,0.375,0.999977
setb_emo_092,B_clinical,B_emotional,6,0.4375,0.99999
setb_emo_092,B_clinical,B_emotional,7,0.5,0.999925
setb_emo_092,B_clinical,B_emotional,8,0.5625,0.999262
setb_emo_092,B_clinical,B_emotional,9,0.625,0.997536
setb_emo_092,B_clinical,B_emotional,10,0.6875,0.998777
setb_emo_092,B_clinical,B_emotional,11,0.75,0.998453
setb_emo_092,B_clinical,B_emotional,12,0.8125,0.998173
setb_emo_092,B_clinical,B_emotional,13,0.875,0.997813
setb_emo_092,B_clinical,B_emotional,14,0.9375,0.997659
setb_emo_092,B_clinical,B_emotional,15,1.0,0.998003
setb_emo_093,B_clinical,B_emotional,0,0.0625,0.999998
setb_emo_093,B_clinical,B_emotional,1,0.125,0.99987
setb_emo_093,B_clinical,B_emotional,2,0.1875,0.999982
setb_emo_093,B_clinical,B_emotional,3,0.25,0.999995
setb_emo_093,B_clinical,B_emotional,4,0.3125,0.999997
setb_emo_093,B_clinical,B_emotional,5,0.375,0.999998
setb_emo_093,B_clinical,B_emotional,6,0.4375,0.999999
setb_emo_093,B_clinical,B_emotional,7,0.5,0.999968
setb_emo_093,B_clinical,B_emotional,8,0.5625,0.999572
setb_emo_093,B_clinical,B_emotional,9,0.625,0.999739
setb_emo_093,B_clinical,B_emotional,10,0.6875,0.999904
setb_emo_093,B_clinical,B_emotional,11,0.75,0.999543
setb_emo_093,B_clinical,B_emotional,12,0.8125,0.999826
setb_emo_093,B_clinical,B_emotional,13,0.875,0.999403
setb_emo_093,B_clinical,B_emotional,14,0.9375,0.999195
setb_emo_093,B_clinical,B_emotional,15,1.0,0.998935
setb_emo_094,B_clinical,B_emotional,0,0.0625,0.992987
setb_emo_094,B_clinical,B_emotional,1,0.125,0.9969
setb_emo_094,B_clinical,B_emotional,2,0.1875,0.997863
setb_emo_094,B_clinical,B_emotional,3,0.25,0.998443
setb_emo_094,B_clinical,B_emotional,4,0.3125,0.997662
setb_emo_094,B_clinical,B_emotional,5,0.375,0.995719
setb_emo_094,B_clinical,B_emotional,6,0.4375,0.99596
setb_emo_094,B_clinical,B_emotional,7,0.5,0.997398
setb_emo_094,B_clinical,B_emotional,8,0.5625,0.999363
setb_emo_094,B_clinical,B_emotional,9,0.625,0.99993
setb_emo_094,B_clinical,B_emotional,10,0.6875,0.999988
setb_emo_094,B_clinical,B_emotional,11,0.75,0.999959
setb_emo_094,B_clinical,B_emotional,12,0.8125,0.999942
setb_emo_094,B_clinical,B_emotional,13,0.875,0.999922
setb_emo_094,B_clinical,B_emotional,14,0.9375,0.999848
setb_emo_094,B_clinical,B_emotional,15,1.0,0.999604
setb_emo_095,B_clinical,B_emotional,0,0.0625,0.991206
setb_emo_095,B_clinical,B_emotional,1,0.125,0.998323
setb_emo_095,B_clinical,B_emotional,2,0.1875,0.999772
setb_emo_095,B_clinical,B_emotional,3,0.25,0.99955
setb_emo_095,B_clinical,B_emotional,4,0.3125,0.999599
setb_emo_095,B_clinical,B_emotional,5,0.375,0.998038
setb_emo_095,B_clinical,B_emotional,6,0.4375,0.998845
setb_emo_095,B_clinical,B_emotional,7,0.5,0.999727
setb_emo_095,B_clinical,B_emotional,8,0.5625,0.998366
setb_emo_095,B_clinical,B_emotional,9,0.625,0.999791
setb_emo_095,B_clinical,B_emotional,10,0.6875,0.999915
setb_emo_095,B_clinical,B_emotional,11,0.75,0.999969
setb_emo_095,B_clinical,B_emotional,12,0.8125,0.999969
setb_emo_095,B_clinical,B_emotional,13,0.875,0.999917
setb_emo_095,B_clinical,B_emotional,14,0.9375,0.999905
setb_emo_095,B_clinical,B_emotional,15,1.0,0.99989
setb_neu_000,neutral_control,B_neutral,0,0.0625,0.000039
setb_neu_000,neutral_control,B_neutral,1,0.125,0.000258
setb_neu_000,neutral_control,B_neutral,2,0.1875,0.000555
setb_neu_000,neutral_control,B_neutral,3,0.25,0.000617
setb_neu_000,neutral_control,B_neutral,4,0.3125,0.000647
setb_neu_000,neutral_control,B_neutral,5,0.375,0.000411
setb_neu_000,neutral_control,B_neutral,6,0.4375,0.000593
setb_neu_000,neutral_control,B_neutral,7,0.5,0.001132
setb_neu_000,neutral_control,B_neutral,8,0.5625,0.000448
setb_neu_000,neutral_control,B_neutral,9,0.625,0.000774
setb_neu_000,neutral_control,B_neutral,10,0.6875,0.001376
setb_neu_000,neutral_control,B_neutral,11,0.75,0.00069
setb_neu_000,neutral_control,B_neutral,12,0.8125,0.001561
setb_neu_000,neutral_control,B_neutral,13,0.875,0.002252
setb_neu_000,neutral_control,B_neutral,14,0.9375,0.002678
setb_neu_000,neutral_control,B_neutral,15,1.0,0.001687
setb_neu_001,neutral_control,B_neutral,0,0.0625,0.006376
setb_neu_001,neutral_control,B_neutral,1,0.125,0.008367
setb_neu_001,neutral_control,B_neutral,2,0.1875,0.005834
setb_neu_001,neutral_control,B_neutral,3,0.25,0.004057
setb_neu_001,neutral_control,B_neutral,4,0.3125,0.001454
setb_neu_001,neutral_control,B_neutral,5,0.375,0.001471
setb_neu_001,neutral_control,B_neutral,6,0.4375,0.00102
setb_neu_001,neutral_control,B_neutral,7,0.5,0.000267
setb_neu_001,neutral_control,B_neutral,8,0.5625,0.000235
setb_neu_001,neutral_control,B_neutral,9,0.625,0.000321
setb_neu_001,neutral_control,B_neutral,10,0.6875,0.000129
setb_neu_001,neutral_control,B_neutral,11,0.75,0.000196
setb_neu_001,neutral_control,B_neutral,12,0.8125,0.00022
setb_neu_001,neutral_control,B_neutral,13,0.875,0.000121
setb_neu_001,neutral_control,B_neutral,14,0.9375,0.000172
setb_neu_001,neutral_control,B_neutral,15,1.0,0.000221
setb_neu_002,neutral_control,B_neutral,0,0.0625,0.000016
setb_neu_002,neutral_control,B_neutral,1,0.125,0.000029
setb_neu_002,neutral_control,B_neutral,2,0.1875,0.00004
setb_neu_002,neutral_control,B_neutral,3,0.25,5e-6
setb_neu_002,neutral_control,B_neutral,4,0.3125,6e-6
setb_neu_002,neutral_control,B_neutral,5,0.375,7e-6
setb_neu_002,neutral_control,B_neutral,6,0.4375,4e-6
setb_neu_002,neutral_control,B_neutral,7,0.5,0.000014
setb_neu_002,neutral_control,B_neutral,8,0.5625,0.000205
setb_neu_002,neutral_control,B_neutral,9,0.625,0.000249
setb_neu_002,neutral_control,B_neutral,10,0.6875,0.000328
setb_neu_002,neutral_control,B_neutral,11,0.75,0.000512
setb_neu_002,neutral_control,B_neutral,12,0.8125,0.000662
setb_neu_002,neutral_control,B_neutral,13,0.875,0.00072
setb_neu_002,neutral_control,B_neutral,14,0.9375,0.000641
setb_neu_002,neutral_control,B_neutral,15,1.0,0.000317
setb_neu_003,neutral_control,B_neutral,0,0.0625,0.0
setb_neu_003,neutral_control,B_neutral,1,0.125,2e-6
setb_neu_003,neutral_control,B_neutral,2,0.1875,0.0
setb_neu_003,neutral_control,B_neutral,3,0.25,1e-6
setb_neu_003,neutral_control,B_neutral,4,0.3125,1e-6
setb_neu_003,neutral_control,B_neutral,5,0.375,0.000021
setb_neu_003,neutral_control,B_neutral,6,0.4375,0.000018
setb_neu_003,neutral_control,B_neutral,7,0.5,4e-6
setb_neu_003,neutral_control,B_neutral,8,0.5625,0.0
setb_neu_003,neutral_control,B_neutral,9,0.625,6e-6
setb_neu_003,neutral_control,B_neutral,10,0.6875,5e-6
setb_neu_003,neutral_control,B_neutral,11,0.75,0.000018
setb_neu_003,neutral_control,B_neutral,12,0.8125,0.00002
setb_neu_003,neutral_control,B_neutral,13,0.875,8e-6
setb_neu_003,neutral_control,B_neutral,14,0.9375,0.000014
setb_neu_003,neutral_control,B_neutral,15,1.0,8e-6
setb_neu_004,neutral_control,B_neutral,0,0.0625,0.000547
setb_neu_004,neutral_control,B_neutral,1,0.125,0.000433
setb_neu_004,neutral_control,B_neutral,2,0.1875,0.00021
setb_neu_004,neutral_control,B_neutral,3,0.25,0.00001
setb_neu_004,neutral_control,B_neutral,4,0.3125,5e-6
setb_neu_004,neutral_control,B_neutral,5,0.375,8e-6
setb_neu_004,neutral_control,B_neutral,6,0.4375,0.000011
setb_neu_004,neutral_control,B_neutral,7,0.5,7e-6
setb_neu_004,neutral_control,B_neutral,8,0.5625,0.0
setb_neu_004,neutral_control,B_neutral,9,0.625,5e-6
setb_neu_004,neutral_control,B_neutral,10,0.6875,5e-6
setb_neu_004,neutral_control,B_neutral,11,0.75,7e-6
setb_neu_004,neutral_control,B_neutral,12,0.8125,8e-6
setb_neu_004,neutral_control,B_neutral,13,0.875,7e-6
setb_neu_004,neutral_control,B_neutral,14,0.9375,5e-6
setb_neu_004,neutral_control,B_neutral,15,1.0,3e-6
setb_neu_005,neutral_control,B_neutral,0,0.0625,0.000034
setb_neu_005,neutral_control,B_neutral,1,0.125,0.000026
setb_neu_005,neutral_control,B_neutral,2,0.1875,0.000023
setb_neu_005,neutral_control,B_neutral,3,0.25,0.000207
setb_neu_005,neutral_control,B_neutral,4,0.3125,0.000126
setb_neu_005,neutral_control,B_neutral,5,0.375,0.000181
setb_neu_005,neutral_control,B_neutral,6,0.4375,0.000025
setb_neu_005,neutral_control,B_neutral,7,0.5,0.000032
setb_neu_005,neutral_control,B_neutral,8,0.5625,0.000024
setb_neu_005,neutral_control,B_neutral,9,0.625,0.000064
setb_neu_005,neutral_control,B_neutral,10,0.6875,0.000052
setb_neu_005,neutral_control,B_neutral,11,0.75,0.000179
setb_neu_005,neutral_control,B_neutral,12,0.8125,0.000117
setb_neu_005,neutral_control,B_neutral,13,0.875,0.000109
setb_neu_005,neutral_control,B_neutral,14,0.9375,0.000129
setb_neu_005,neutral_control,B_neutral,15,1.0,0.000046
setb_neu_006,neutral_control,B_neutral,0,0.0625,0.001568
setb_neu_006,neutral_control,B_neutral,1,0.125,0.000569
setb_neu_006,neutral_control,B_neutral,2,0.1875,0.00175
setb_neu_006,neutral_control,B_neutral,3,0.25,0.000425
setb_neu_006,neutral_control,B_neutral,4,0.3125,0.000393
setb_neu_006,neutral_control,B_neutral,5,0.375,0.000147
setb_neu_006,neutral_control,B_neutral,6,0.4375,0.000169
setb_neu_006,neutral_control,B_neutral,7,0.5,0.000031
setb_neu_006,neutral_control,B_neutral,8,0.5625,0.000048
setb_neu_006,neutral_control,B_neutral,9,0.625,0.000013
setb_neu_006,neutral_control,B_neutral,10,0.6875,5e-6
setb_neu_006,neutral_control,B_neutral,11,0.75,0.000022
setb_neu_006,neutral_control,B_neutral,12,0.8125,0.000026
setb_neu_006,neutral_control,B_neutral,13,0.875,0.000052
setb_neu_006,neutral_control,B_neutral,14,0.9375,0.00005
setb_neu_006,neutral_control,B_neutral,15,1.0,0.000092
setb_neu_007,neutral_control,B_neutral,0,0.0625,1e-6
setb_neu_007,neutral_control,B_neutral,1,0.125,0.000015
setb_neu_007,neutral_control,B_neutral,2,0.1875,2e-6
setb_neu_007,neutral_control,B_neutral,3,0.25,0.000054
setb_neu_007,neutral_control,B_neutral,4,0.3125,0.000024
setb_neu_007,neutral_control,B_neutral,5,0.375,0.000024
setb_neu_007,neutral_control,B_neutral,6,0.4375,9e-6
setb_neu_007,neutral_control,B_neutral,7,0.5,1e-6
setb_neu_007,neutral_control,B_neutral,8,0.5625,1e-6
setb_neu_007,neutral_control,B_neutral,9,0.625,5e-6
setb_neu_007,neutral_control,B_neutral,10,0.6875,0.000011
setb_neu_007,neutral_control,B_neutral,11,0.75,7e-6
setb_neu_007,neutral_control,B_neutral,12,0.8125,0.000011
setb_neu_007,neutral_control,B_neutral,13,0.875,4e-6
setb_neu_007,neutral_control,B_neutral,14,0.9375,6e-6
setb_neu_007,neutral_control,B_neutral,15,1.0,2e-6
setb_neu_008,neutral_control,B_neutral,0,0.0625,0.0
setb_neu_008,neutral_control,B_neutral,1,0.125,5e-6
setb_neu_008,neutral_control,B_neutral,2,0.1875,0.000172
setb_neu_008,neutral_control,B_neutral,3,0.25,0.00005
setb_neu_008,neutral_control,B_neutral,4,0.3125,0.000019
setb_neu_008,neutral_control,B_neutral,5,0.375,7e-6
setb_neu_008,neutral_control,B_neutral,6,0.4375,8e-6
setb_neu_008,neutral_control,B_neutral,7,0.5,0.000046
setb_neu_008,neutral_control,B_neutral,8,0.5625,0.000018
setb_neu_008,neutral_control,B_neutral,9,0.625,0.000132
setb_neu_008,neutral_control,B_neutral,10,0.6875,0.000229
setb_neu_008,neutral_control,B_neutral,11,0.75,0.000123
setb_neu_008,neutral_control,B_neutral,12,0.8125,0.000067
setb_neu_008,neutral_control,B_neutral,13,0.875,0.000084
setb_neu_008,neutral_control,B_neutral,14,0.9375,0.000075
setb_neu_008,neutral_control,B_neutral,15,1.0,0.000082
setb_neu_009,neutral_control,B_neutral,0,0.0625,0.001802
setb_neu_009,neutral_control,B_neutral,1,0.125,0.00031
setb_neu_009,neutral_control,B_neutral,2,0.1875,3e-6
setb_neu_009,neutral_control,B_neutral,3,0.25,0.000014
setb_neu_009,neutral_control,B_neutral,4,0.3125,0.000011
setb_neu_009,neutral_control,B_neutral,5,0.375,9e-6
setb_neu_009,neutral_control,B_neutral,6,0.4375,6e-6
setb_neu_009,neutral_control,B_neutral,7,0.5,5e-6
setb_neu_009,neutral_control,B_neutral,8,0.5625,0.000016
setb_neu_009,neutral_control,B_neutral,9,0.625,0.000012
setb_neu_009,neutral_control,B_neutral,10,0.6875,0.00003
setb_neu_009,neutral_control,B_neutral,11,0.75,0.00006
setb_neu_009,neutral_control,B_neutral,12,0.8125,0.000042
setb_neu_009,neutral_control,B_neutral,13,0.875,0.000034
setb_neu_009,neutral_control,B_neutral,14,0.9375,0.000034
setb_neu_009,neutral_control,B_neutral,15,1.0,0.000015
setb_neu_010,neutral_control,B_neutral,0,0.0625,0.0
setb_neu_010,neutral_control,B_neutral,1,0.125,0.0
setb_neu_010,neutral_control,B_neutral,2,0.1875,1e-6
setb_neu_010,neutral_control,B_neutral,3,0.25,2e-6
setb_neu_010,neutral_control,B_neutral,4,0.3125,1e-6
setb_neu_010,neutral_control,B_neutral,5,0.375,0.000023
setb_neu_010,neutral_control,B_neutral,6,0.4375,0.000082
setb_neu_010,neutral_control,B_neutral,7,0.5,0.000136
setb_neu_010,neutral_control,B_neutral,8,0.5625,0.000709
setb_neu_010,neutral_control,B_neutral,9,0.625,0.000481
setb_neu_010,neutral_control,B_neutral,10,0.6875,0.000466
setb_neu_010,neutral_control,B_neutral,11,0.75,0.000308
setb_neu_010,neutral_control,B_neutral,12,0.8125,0.000626
setb_neu_010,neutral_control,B_neutral,13,0.875,0.000332
setb_neu_010,neutral_control,B_neutral,14,0.9375,0.000335
setb_neu_010,neutral_control,B_neutral,15,1.0,0.000404
setb_neu_011,neutral_control,B_neutral,0,0.0625,0.003673
setb_neu_011,neutral_control,B_neutral,1,0.125,0.00118
setb_neu_011,neutral_control,B_neutral,2,0.1875,0.000494
setb_neu_011,neutral_control,B_neutral,3,0.25,0.000131
setb_neu_011,neutral_control,B_neutral,4,0.3125,0.000036
setb_neu_011,neutral_control,B_neutral,5,0.375,0.000041
setb_neu_011,neutral_control,B_neutral,6,0.4375,0.000018
setb_neu_011,neutral_control,B_neutral,7,0.5,0.000296
setb_neu_011,neutral_control,B_neutral,8,0.5625,0.001008
setb_neu_011,neutral_control,B_neutral,9,0.625,0.002988
setb_neu_011,neutral_control,B_neutral,10,0.6875,0.004242
setb_neu_011,neutral_control,B_neutral,11,0.75,0.002938
setb_neu_011,neutral_control,B_neutral,12,0.8125,0.001836
setb_neu_011,neutral_control,B_neutral,13,0.875,0.001783
setb_neu_011,neutral_control,B_neutral,14,0.9375,0.002133
setb_neu_011,neutral_control,B_neutral,15,1.0,0.001958
setb_neu_012,neutral_control,B_neutral,0,0.0625,0.001271
setb_neu_012,neutral_control,B_neutral,1,0.125,0.001064
setb_neu_012,neutral_control,B_neutral,2,0.1875,0.002858
setb_neu_012,neutral_control,B_neutral,3,0.25,0.000095
setb_neu_012,neutral_control,B_neutral,4,0.3125,6e-6
setb_neu_012,neutral_control,B_neutral,5,0.375,8e-6
setb_neu_012,neutral_control,B_neutral,6,0.4375,0.000015
setb_neu_012,neutral_control,B_neutral,7,0.5,7e-6
setb_neu_012,neutral_control,B_neutral,8,0.5625,7e-6
setb_neu_012,neutral_control,B_neutral,9,0.625,0.000107
setb_neu_012,neutral_control,B_neutral,10,0.6875,0.000017
setb_neu_012,neutral_control,B_neutral,11,0.75,0.000062
setb_neu_012,neutral_control,B_neutral,12,0.8125,0.000051
setb_neu_012,neutral_control,B_neutral,13,0.875,0.000097
setb_neu_012,neutral_control,B_neutral,14,0.9375,0.000075
setb_neu_012,neutral_control,B_neutral,15,1.0,0.000113
setb_neu_013,neutral_control,B_neutral,0,0.0625,0.002362
setb_neu_013,neutral_control,B_neutral,1,0.125,0.000348
setb_neu_013,neutral_control,B_neutral,2,0.1875,0.000156
setb_neu_013,neutral_control,B_neutral,3,0.25,0.000037
setb_neu_013,neutral_control,B_neutral,4,0.3125,0.000041
setb_neu_013,neutral_control,B_neutral,5,0.375,0.000014
setb_neu_013,neutral_control,B_neutral,6,0.4375,0.000034
setb_neu_013,neutral_control,B_neutral,7,0.5,0.000135
setb_neu_013,neutral_control,B_neutral,8,0.5625,0.000366
setb_neu_013,neutral_control,B_neutral,9,0.625,0.000415
setb_neu_013,neutral_control,B_neutral,10,0.6875,0.000857
setb_neu_013,neutral_control,B_neutral,11,0.75,0.001403
setb_neu_013,neutral_control,B_neutral,12,0.8125,0.001282
setb_neu_013,neutral_control,B_neutral,13,0.875,0.002185
setb_neu_013,neutral_control,B_neutral,14,0.9375,0.002481
setb_neu_013,neutral_control,B_neutral,15,1.0,0.002303
setb_neu_014,neutral_control,B_neutral,0,0.0625,0.0
setb_neu_014,neutral_control,B_neutral,1,0.125,0.00001
setb_neu_014,neutral_control,B_neutral,2,0.1875,0.000236
setb_neu_014,neutral_control,B_neutral,3,0.25,0.000058
setb_neu_014,neutral_control,B_neutral,4,0.3125,0.000036
setb_neu_014,neutral_control,B_neutral,5,0.375,0.000053
setb_neu_014,neutral_control,B_neutral,6,0.4375,0.000114
setb_neu_014,neutral_control,B_neutral,7,0.5,0.000036
setb_neu_014,neutral_control,B_neutral,8,0.5625,0.00045
setb_neu_014,neutral_control,B_neutral,9,0.625,0.000649
setb_neu_014,neutral_control,B_neutral,10,0.6875,0.000512
setb_neu_014,neutral_control,B_neutral,11,0.75,0.000306
setb_neu_014,neutral_control,B_neutral,12,0.8125,0.000425
setb_neu_014,neutral_control,B_neutral,13,0.875,0.000197
setb_neu_014,neutral_control,B_neutral,14,0.9375,0.000387
setb_neu_014,neutral_control,B_neutral,15,1.0,0.000254
setb_neu_015,neutral_control,B_neutral,0,0.0625,0.0
setb_neu_015,neutral_control,B_neutral,1,0.125,1e-6
setb_neu_015,neutral_control,B_neutral,2,0.1875,0.000015
setb_neu_015,neutral_control,B_neutral,3,0.25,0.00006
setb_neu_015,neutral_control,B_neutral,4,0.3125,0.00005
setb_neu_015,neutral_control,B_neutral,5,0.375,0.000152
setb_neu_015,neutral_control,B_neutral,6,0.4375,0.000289
setb_neu_015,neutral_control,B_neutral,7,0.5,0.000155
setb_neu_015,neutral_control,B_neutral,8,0.5625,6e-6
setb_neu_015,neutral_control,B_neutral,9,0.625,7e-6
setb_neu_015,neutral_control,B_neutral,10,0.6875,0.000013
setb_neu_015,neutral_control,B_neutral,11,0.75,0.000024
setb_neu_015,neutral_control,B_neutral,12,0.8125,0.000029
setb_neu_015,neutral_control,B_neutral,13,0.875,0.000029
setb_neu_015,neutral_control,B_neutral,14,0.9375,0.00004
setb_neu_015,neutral_control,B_neutral,15,1.0,0.000014
setb_neu_016,neutral_control,B_neutral,0,0.0625,0.00487
setb_neu_016,neutral_control,B_neutral,1,0.125,0.001945
setb_neu_016,neutral_control,B_neutral,2,0.1875,0.000127
setb_neu_016,neutral_control,B_neutral,3,0.25,0.000346
setb_neu_016,neutral_control,B_neutral,4,0.3125,0.000683
setb_neu_016,neutral_control,B_neutral,5,0.375,0.000713
setb_neu_016,neutral_control,B_neutral,6,0.4375,0.000181
setb_neu_016,neutral_control,B_neutral,7,0.5,0.000053
setb_neu_016,neutral_control,B_neutral,8,0.5625,0.000136
setb_neu_016,neutral_control,B_neutral,9,0.625,0.000749
setb_neu_016,neutral_control,B_neutral,10,0.6875,0.00037
setb_neu_016,neutral_control,B_neutral,11,0.75,0.00082
setb_neu_016,neutral_control,B_neutral,12,0.8125,0.000688
setb_neu_016,neutral_control,B_neutral,13,0.875,0.000503
setb_neu_016,neutral_control,B_neutral,14,0.9375,0.000565
setb_neu_016,neutral_control,B_neutral,15,1.0,0.00083
setb_neu_017,neutral_control,B_neutral,0,0.0625,0.006816
setb_neu_017,neutral_control,B_neutral,1,0.125,0.00233
setb_neu_017,neutral_control,B_neutral,2,0.1875,0.002513
setb_neu_017,neutral_control,B_neutral,3,0.25,0.001022
setb_neu_017,neutral_control,B_neutral,4,0.3125,0.001887
setb_neu_017,neutral_control,B_neutral,5,0.375,0.002074
setb_neu_017,neutral_control,B_neutral,6,0.4375,0.003168
setb_neu_017,neutral_control,B_neutral,7,0.5,0.001205
setb_neu_017,neutral_control,B_neutral,8,0.5625,0.000078
setb_neu_017,neutral_control,B_neutral,9,0.625,0.000283
setb_neu_017,neutral_control,B_neutral,10,0.6875,0.000276
setb_neu_017,neutral_control,B_neutral,11,0.75,0.000737
setb_neu_017,neutral_control,B_neutral,12,0.8125,0.001326
setb_neu_017,neutral_control,B_neutral,13,0.875,0.002077
setb_neu_017,neutral_control,B_neutral,14,0.9375,0.001781
setb_neu_017,neutral_control,B_neutral,15,1.0,0.00283
setb_neu_018,neutral_control,B_neutral,0,0.0625,0.000595
setb_neu_018,neutral_control,B_neutral,1,0.125,0.001457
setb_neu_018,neutral_control,B_neutral,2,0.1875,0.001092
setb_neu_018,neutral_control,B_neutral,3,0.25,0.001018
setb_neu_018,neutral_control,B_neutral,4,0.3125,0.000748
setb_neu_018,neutral_control,B_neutral,5,0.375,0.00026
setb_neu_018,neutral_control,B_neutral,6,0.4375,0.000102
setb_neu_018,neutral_control,B_neutral,7,0.5,0.000791
setb_neu_018,neutral_control,B_neutral,8,0.5625,0.001587
setb_neu_018,neutral_control,B_neutral,9,0.625,0.002141
setb_neu_018,neutral_control,B_neutral,10,0.6875,0.001745
setb_neu_018,neutral_control,B_neutral,11,0.75,0.002022
setb_neu_018,neutral_control,B_neutral,12,0.8125,0.002016
setb_neu_018,neutral_control,B_neutral,13,0.875,0.001735
setb_neu_018,neutral_control,B_neutral,14,0.9375,0.001383
setb_neu_018,neutral_control,B_neutral,15,1.0,0.001853
setb_neu_019,neutral_control,B_neutral,0,0.0625,0.0
setb_neu_019,neutral_control,B_neutral,1,0.125,0.0
setb_neu_019,neutral_control,B_neutral,2,0.1875,0.0
setb_neu_019,neutral_control,B_neutral,3,0.25,0.000071
setb_neu_019,neutral_control,B_neutral,4,0.3125,0.000014
setb_neu_019,neutral_control,B_neutral,5,0.375,0.000113
setb_neu_019,neutral_control,B_neutral,6,0.4375,0.000041
setb_neu_019,neutral_control,B_neutral,7,0.5,7e-6
setb_neu_019,neutral_control,B_neutral,8,0.5625,0.000017
setb_neu_019,neutral_control,B_neutral,9,0.625,0.000034
setb_neu_019,neutral_control,B_neutral,10,0.6875,0.000032
setb_neu_019,neutral_control,B_neutral,11,0.75,0.00007
setb_neu_019,neutral_control,B_neutral,12,0.8125,0.000093
setb_neu_019,neutral_control,B_neutral,13,0.875,0.00019
setb_neu_019,neutral_control,B_neutral,14,0.9375,0.000266
setb_neu_019,neutral_control,B_neutral,15,1.0,0.000206
setb_neu_020,neutral_control,B_neutral,0,0.0625,0.007716
setb_neu_020,neutral_control,B_neutral,1,0.125,0.000175
setb_neu_020,neutral_control,B_neutral,2,0.1875,5e-6
setb_neu_020,neutral_control,B_neutral,3,0.25,0.000026
setb_neu_020,neutral_control,B_neutral,4,0.3125,0.000045
setb_neu_020,neutral_control,B_neutral,5,0.375,0.000016
setb_neu_020,neutral_control,B_neutral,6,0.4375,1e-6
setb_neu_020,neutral_control,B_neutral,7,0.5,2e-6
setb_neu_020,neutral_control,B_neutral,8,0.5625,0.000181
setb_neu_020,neutral_control,B_neutral,9,0.625,0.00038
setb_neu_020,neutral_control,B_neutral,10,0.6875,0.001566
setb_neu_020,neutral_control,B_neutral,11,0.75,0.000853
setb_neu_020,neutral_control,B_neutral,12,0.8125,0.000906
setb_neu_020,neutral_control,B_neutral,13,0.875,0.000691
setb_neu_020,neutral_control,B_neutral,14,0.9375,0.001006
setb_neu_020,neutral_control,B_neutral,15,1.0,0.000578
setb_neu_021,neutral_control,B_neutral,0,0.0625,0.002055
setb_neu_021,neutral_control,B_neutral,1,0.125,0.001132
setb_neu_021,neutral_control,B_neutral,2,0.1875,9e-6
setb_neu_021,neutral_control,B_neutral,3,0.25,0.000033
setb_neu_021,neutral_control,B_neutral,4,0.3125,2e-6
setb_neu_021,neutral_control,B_neutral,5,0.375,2e-6
setb_neu_021,neutral_control,B_neutral,6,0.4375,3e-6
setb_neu_021,neutral_control,B_neutral,7,0.5,0.0
setb_neu_021,neutral_control,B_neutral,8,0.5625,3e-6
setb_neu_021,neutral_control,B_neutral,9,0.625,5e-6
setb_neu_021,neutral_control,B_neutral,10,0.6875,7e-6
setb_neu_021,neutral_control,B_neutral,11,0.75,0.000017
setb_neu_021,neutral_control,B_neutral,12,0.8125,0.000012
setb_neu_021,neutral_control,B_neutral,13,0.875,5e-6
setb_neu_021,neutral_control,B_neutral,14,0.9375,7e-6
setb_neu_021,neutral_control,B_neutral,15,1.0,0.000016
setb_neu_022,neutral_control,B_neutral,0,0.0625,2e-6
setb_neu_022,neutral_control,B_neutral,1,0.125,0.000191
setb_neu_022,neutral_control,B_neutral,2,0.1875,0.000025
setb_neu_022,neutral_control,B_neutral,3,0.25,3e-6
setb_neu_022,neutral_control,B_neutral,4,0.3125,0.000056
setb_neu_022,neutral_control,B_neutral,5,0.375,0.000082
setb_neu_022,neutral_control,B_neutral,6,0.4375,0.00021
setb_neu_022,neutral_control,B_neutral,7,0.5,0.000192
setb_neu_022,neutral_control,B_neutral,8,0.5625,1e-6
setb_neu_022,neutral_control,B_neutral,9,0.625,7e-6
setb_neu_022,neutral_control,B_neutral,10,0.6875,5e-6
setb_neu_022,neutral_control,B_neutral,11,0.75,9e-6
setb_neu_022,neutral_control,B_neutral,12,0.8125,8e-6
setb_neu_022,neutral_control,B_neutral,13,0.875,2e-6
setb_neu_022,neutral_control,B_neutral,14,0.9375,4e-6
setb_neu_022,neutral_control,B_neutral,15,1.0,5e-6
setb_neu_023,neutral_control,B_neutral,0,0.0625,0.000076
setb_neu_023,neutral_control,B_neutral,1,0.125,0.0
setb_neu_023,neutral_control,B_neutral,2,0.1875,1e-6
setb_neu_023,neutral_control,B_neutral,3,0.25,1e-6
setb_neu_023,neutral_control,B_neutral,4,0.3125,1e-6
setb_neu_023,neutral_control,B_neutral,5,0.375,1e-6
setb_neu_023,neutral_control,B_neutral,6,0.4375,0.0
setb_neu_023,neutral_control,B_neutral,7,0.5,0.0
setb_neu_023,neutral_control,B_neutral,8,0.5625,0.000035
setb_neu_023,neutral_control,B_neutral,9,0.625,7e-6
setb_neu_023,neutral_control,B_neutral,10,0.6875,0.000012
setb_neu_023,neutral_control,B_neutral,11,0.75,3e-6
setb_neu_023,neutral_control,B_neutral,12,0.8125,1e-6
setb_neu_023,neutral_control,B_neutral,13,0.875,3e-6
setb_neu_023,neutral_control,B_neutral,14,0.9375,5e-6
setb_neu_023,neutral_control,B_neutral,15,1.0,9e-6
setb_neu_024,neutral_control,B_neutral,0,0.0625,0.000979
setb_neu_024,neutral_control,B_neutral,1,0.125,0.000285
setb_neu_024,neutral_control,B_neutral,2,0.1875,0.000947
setb_neu_024,neutral_control,B_neutral,3,0.25,0.000722
setb_neu_024,neutral_control,B_neutral,4,0.3125,0.000934
setb_neu_024,neutral_control,B_neutral,5,0.375,0.001352
setb_neu_024,neutral_control,B_neutral,6,0.4375,0.00322
setb_neu_024,neutral_control,B_neutral,7,0.5,0.001494
setb_neu_024,neutral_control,B_neutral,8,0.5625,0.000726
setb_neu_024,neutral_control,B_neutral,9,0.625,0.000394
setb_neu_024,neutral_control,B_neutral,10,0.6875,0.000241
setb_neu_024,neutral_control,B_neutral,11,0.75,0.000163
setb_neu_024,neutral_control,B_neutral,12,0.8125,0.000083
setb_neu_024,neutral_control,B_neutral,13,0.875,0.000038
setb_neu_024,neutral_control,B_neutral,14,0.9375,0.000029
setb_neu_024,neutral_control,B_neutral,15,1.0,0.000019
setb_neu_025,neutral_control,B_neutral,0,0.0625,9e-6
setb_neu_025,neutral_control,B_neutral,1,0.125,0.000105
setb_neu_025,neutral_control,B_neutral,2,0.1875,0.000075
setb_neu_025,neutral_control,B_neutral,3,0.25,0.000146
setb_neu_025,neutral_control,B_neutral,4,0.3125,0.000157
setb_neu_025,neutral_control,B_neutral,5,0.375,0.000166
setb_neu_025,neutral_control,B_neutral,6,0.4375,0.000048
setb_neu_025,neutral_control,B_neutral,7,0.5,0.000034
setb_neu_025,neutral_control,B_neutral,8,0.5625,0.00009
setb_neu_025,neutral_control,B_neutral,9,0.625,0.000222
setb_neu_025,neutral_control,B_neutral,10,0.6875,0.000191
setb_neu_025,neutral_control,B_neutral,11,0.75,0.000078
setb_neu_025,neutral_control,B_neutral,12,0.8125,0.000033
setb_neu_025,neutral_control,B_neutral,13,0.875,0.000032
setb_neu_025,neutral_control,B_neutral,14,0.9375,0.00003
setb_neu_025,neutral_control,B_neutral,15,1.0,0.000017
setb_neu_026,neutral_control,B_neutral,0,0.0625,0.00019
setb_neu_026,neutral_control,B_neutral,1,0.125,0.000888
setb_neu_026,neutral_control,B_neutral,2,0.1875,0.0002
setb_neu_026,neutral_control,B_neutral,3,0.25,0.000269
setb_neu_026,neutral_control,B_neutral,4,0.3125,0.000043
setb_neu_026,neutral_control,B_neutral,5,0.375,0.000018
setb_neu_026,neutral_control,B_neutral,6,0.4375,0.0
setb_neu_026,neutral_control,B_neutral,7,0.5,1e-6
setb_neu_026,neutral_control,B_neutral,8,0.5625,0.000015
setb_neu_026,neutral_control,B_neutral,9,0.625,0.00002
setb_neu_026,neutral_control,B_neutral,10,0.6875,0.000035
setb_neu_026,neutral_control,B_neutral,11,0.75,0.000056
setb_neu_026,neutral_control,B_neutral,12,0.8125,0.000054
setb_neu_026,neutral_control,B_neutral,13,0.875,0.000042
setb_neu_026,neutral_control,B_neutral,14,0.9375,0.000071
setb_neu_026,neutral_control,B_neutral,15,1.0,0.000128
setb_neu_027,neutral_control,B_neutral,0,0.0625,0.0
setb_neu_027,neutral_control,B_neutral,1,0.125,5e-6
setb_neu_027,neutral_control,B_neutral,2,0.1875,0.0
setb_neu_027,neutral_control,B_neutral,3,0.25,1e-6
setb_neu_027,neutral_control,B_neutral,4,0.3125,0.0
setb_neu_027,neutral_control,B_neutral,5,0.375,4e-6
setb_neu_027,neutral_control,B_neutral,6,0.4375,4e-6
setb_neu_027,neutral_control,B_neutral,7,0.5,4e-6
setb_neu_027,neutral_control,B_neutral,8,0.5625,0.000016
setb_neu_027,neutral_control,B_neutral,9,0.625,0.000162
setb_neu_027,neutral_control,B_neutral,10,0.6875,0.000264
setb_neu_027,neutral_control,B_neutral,11,0.75,0.000569
setb_neu_027,neutral_control,B_neutral,12,0.8125,0.000457
setb_neu_027,neutral_control,B_neutral,13,0.875,0.000506
setb_neu_027,neutral_control,B_neutral,14,0.9375,0.000385
setb_neu_027,neutral_control,B_neutral,15,1.0,0.000308
setb_neu_028,neutral_control,B_neutral,0,0.0625,0.001777
setb_neu_028,neutral_control,B_neutral,1,0.125,0.004264
setb_neu_028,neutral_control,B_neutral,2,0.1875,0.000993
setb_neu_028,neutral_control,B_neutral,3,0.25,0.000191
setb_neu_028,neutral_control,B_neutral,4,0.3125,0.000087
setb_neu_028,neutral_control,B_neutral,5,0.375,7e-6
setb_neu_028,neutral_control,B_neutral,6,0.4375,0.000022
setb_neu_028,neutral_control,B_neutral,7,0.5,0.00032
setb_neu_028,neutral_control,B_neutral,8,0.5625,0.00008
setb_neu_028,neutral_control,B_neutral,9,0.625,0.000134
setb_neu_028,neutral_control,B_neutral,10,0.6875,0.000303
setb_neu_028,neutral_control,B_neutral,11,0.75,0.000119
setb_neu_028,neutral_control,B_neutral,12,0.8125,0.000056
setb_neu_028,neutral_control,B_neutral,13,0.875,0.00002
setb_neu_028,neutral_control,B_neutral,14,0.9375,0.000019
setb_neu_028,neutral_control,B_neutral,15,1.0,0.000028
setb_neu_029,neutral_control,B_neutral,0,0.0625,0.0
setb_neu_029,neutral_control,B_neutral,1,0.125,0.001058
setb_neu_029,neutral_control,B_neutral,2,0.1875,0.001874
setb_neu_029,neutral_control,B_neutral,3,0.25,0.001982
setb_neu_029,neutral_control,B_neutral,4,0.3125,0.000847
setb_neu_029,neutral_control,B_neutral,5,0.375,0.002077
setb_neu_029,neutral_control,B_neutral,6,0.4375,0.000595
setb_neu_029,neutral_control,B_neutral,7,0.5,0.000403
setb_neu_029,neutral_control,B_neutral,8,0.5625,0.000065
setb_neu_029,neutral_control,B_neutral,9,0.625,1e-6
setb_neu_029,neutral_control,B_neutral,10,0.6875,0.0
setb_neu_029,neutral_control,B_neutral,11,0.75,1e-6
setb_neu_029,neutral_control,B_neutral,12,0.8125,1e-6
setb_neu_029,neutral_control,B_neutral,13,0.875,1e-6
setb_neu_029,neutral_control,B_neutral,14,0.9375,1e-6
setb_neu_029,neutral_control,B_neutral,15,1.0,2e-6
setb_neu_030,neutral_control,B_neutral,0,0.0625,0.002577
setb_neu_030,neutral_control,B_neutral,1,0.125,0.000144
setb_neu_030,neutral_control,B_neutral,2,0.1875,0.000137
setb_neu_030,neutral_control,B_neutral,3,0.25,0.000377
setb_neu_030,neutral_control,B_neutral,4,0.3125,0.000654
setb_neu_030,neutral_control,B_neutral,5,0.375,0.000371
setb_neu_030,neutral_control,B_neutral,6,0.4375,0.00026
setb_neu_030,neutral_control,B_neutral,7,0.5,0.000391
setb_neu_030,neutral_control,B_neutral,8,0.5625,0.000586
setb_neu_030,neutral_control,B_neutral,9,0.625,0.000553
setb_neu_030,neutral_control,B_neutral,10,0.6875,0.000263
setb_neu_030,neutral_control,B_neutral,11,0.75,0.000074
setb_neu_030,neutral_control,B_neutral,12,0.8125,0.000053
setb_neu_030,neutral_control,B_neutral,13,0.875,0.000152
setb_neu_030,neutral_control,B_neutral,14,0.9375,0.000145
setb_neu_030,neutral_control,B_neutral,15,1.0,0.000165
setb_neu_031,neutral_control,B_neutral,0,0.0625,0.0
setb_neu_031,neutral_control,B_neutral,1,0.125,0.0
setb_neu_031,neutral_control,B_neutral,2,0.1875,0.0
setb_neu_031,neutral_control,B_neutral,3,0.25,1e-6
setb_neu_031,neutral_control,B_neutral,4,0.3125,1e-6
setb_neu_031,neutral_control,B_neutral,5,0.375,7e-6
setb_neu_031,neutral_control,B_neutral,6,0.4375,3e-6
setb_neu_031,neutral_control,B_neutral,7,0.5,1e-6
setb_neu_031,neutral_control,B_neutral,8,0.5625,3e-6
setb_neu_031,neutral_control,B_neutral,9,0.625,1e-6
setb_neu_031,neutral_control,B_neutral,10,0.6875,1e-6
setb_neu_031,neutral_control,B_neutral,11,0.75,1e-6
setb_neu_031,neutral_control,B_neutral,12,0.8125,1e-6
setb_neu_031,neutral_control,B_neutral,13,0.875,1e-6
setb_neu_031,neutral_control,B_neutral,14,0.9375,1e-6
setb_neu_031,neutral_control,B_neutral,15,1.0,0.0
setb_neu_032,neutral_control,B_neutral,0,0.0625,0.0
setb_neu_032,neutral_control,B_neutral,1,0.125,0.0
setb_neu_032,neutral_control,B_neutral,2,0.1875,2e-6
setb_neu_032,neutral_control,B_neutral,3,0.25,1e-6
setb_neu_032,neutral_control,B_neutral,4,0.3125,8e-6
setb_neu_032,neutral_control,B_neutral,5,0.375,5e-6
setb_neu_032,neutral_control,B_neutral,6,0.4375,3e-6
setb_neu_032,neutral_control,B_neutral,7,0.5,4e-6
setb_neu_032,neutral_control,B_neutral,8,0.5625,0.000013
setb_neu_032,neutral_control,B_neutral,9,0.625,0.000011
setb_neu_032,neutral_control,B_neutral,10,0.6875,7e-6
setb_neu_032,neutral_control,B_neutral,11,0.75,3e-6
setb_neu_032,neutral_control,B_neutral,12,0.8125,7e-6
setb_neu_032,neutral_control,B_neutral,13,0.875,1e-6
setb_neu_032,neutral_control,B_neutral,14,0.9375,2e-6
setb_neu_032,neutral_control,B_neutral,15,1.0,1e-6
setb_neu_033,neutral_control,B_neutral,0,0.0625,0.001795
setb_neu_033,neutral_control,B_neutral,1,0.125,0.00086
setb_neu_033,neutral_control,B_neutral,2,0.1875,0.00018
setb_neu_033,neutral_control,B_neutral,3,0.25,0.000027
setb_neu_033,neutral_control,B_neutral,4,0.3125,0.000173
setb_neu_033,neutral_control,B_neutral,5,0.375,0.000094
setb_neu_033,neutral_control,B_neutral,6,0.4375,0.000042
setb_neu_033,neutral_control,B_neutral,7,0.5,0.000029
setb_neu_033,neutral_control,B_neutral,8,0.5625,0.00006
setb_neu_033,neutral_control,B_neutral,9,0.625,0.000174
setb_neu_033,neutral_control,B_neutral,10,0.6875,0.000219
setb_neu_033,neutral_control,B_neutral,11,0.75,0.000113
setb_neu_033,neutral_control,B_neutral,12,0.8125,0.0001
setb_neu_033,neutral_control,B_neutral,13,0.875,0.000261
setb_neu_033,neutral_control,B_neutral,14,0.9375,0.000279
setb_neu_033,neutral_control,B_neutral,15,1.0,0.000373
setb_neu_034,neutral_control,B_neutral,0,0.0625,3e-6
setb_neu_034,neutral_control,B_neutral,1,0.125,0.0
setb_neu_034,neutral_control,B_neutral,2,0.1875,1e-6
setb_neu_034,neutral_control,B_neutral,3,0.25,0.0
setb_neu_034,neutral_control,B_neutral,4,0.3125,3e-6
setb_neu_034,neutral_control,B_neutral,5,0.375,0.000011
setb_neu_034,neutral_control,B_neutral,6,0.4375,8e-6
setb_neu_034,neutral_control,B_neutral,7,0.5,9e-6
setb_neu_034,neutral_control,B_neutral,8,0.5625,2e-6
setb_neu_034,neutral_control,B_neutral,9,0.625,2e-6
setb_neu_034,neutral_control,B_neutral,10,0.6875,3e-6
setb_neu_034,neutral_control,B_neutral,11,0.75,3e-6
setb_neu_034,neutral_control,B_neutral,12,0.8125,1e-6
setb_neu_034,neutral_control,B_neutral,13,0.875,1e-6
setb_neu_034,neutral_control,B_neutral,14,0.9375,2e-6
setb_neu_034,neutral_control,B_neutral,15,1.0,3e-6
setb_neu_035,neutral_control,B_neutral,0,0.0625,0.001949
setb_neu_035,neutral_control,B_neutral,1,0.125,0.00042
setb_neu_035,neutral_control,B_neutral,2,0.1875,0.000014
setb_neu_035,neutral_control,B_neutral,3,0.25,5e-6
setb_neu_035,neutral_control,B_neutral,4,0.3125,0.000058
setb_neu_035,neutral_control,B_neutral,5,0.375,0.000201
setb_neu_035,neutral_control,B_neutral,6,0.4375,0.000042
setb_neu_035,neutral_control,B_neutral,7,0.5,0.000022
setb_neu_035,neutral_control,B_neutral,8,0.5625,4e-6
setb_neu_035,neutral_control,B_neutral,9,0.625,5e-6
setb_neu_035,neutral_control,B_neutral,10,0.6875,5e-6
setb_neu_035,neutral_control,B_neutral,11,0.75,0.000014
setb_neu_035,neutral_control,B_neutral,12,0.8125,0.000019
setb_neu_035,neutral_control,B_neutral,13,0.875,0.000012
setb_neu_035,neutral_control,B_neutral,14,0.9375,0.000018
setb_neu_035,neutral_control,B_neutral,15,1.0,0.000027
setb_neu_036,neutral_control,B_neutral,0,0.0625,0.000071
setb_neu_036,neutral_control,B_neutral,1,0.125,0.00007
setb_neu_036,neutral_control,B_neutral,2,0.1875,0.000038
setb_neu_036,neutral_control,B_neutral,3,0.25,0.000133
setb_neu_036,neutral_control,B_neutral,4,0.3125,0.000314
setb_neu_036,neutral_control,B_neutral,5,0.375,0.000236
setb_neu_036,neutral_control,B_neutral,6,0.4375,0.00024
setb_neu_036,neutral_control,B_neutral,7,0.5,0.000057
setb_neu_036,neutral_control,B_neutral,8,0.5625,9e-6
setb_neu_036,neutral_control,B_neutral,9,0.625,3e-6
setb_neu_036,neutral_control,B_neutral,10,0.6875,1e-6
setb_neu_036,neutral_control,B_neutral,11,0.75,4e-6
setb_neu_036,neutral_control,B_neutral,12,0.8125,3e-6
setb_neu_036,neutral_control,B_neutral,13,0.875,7e-6
setb_neu_036,neutral_control,B_neutral,14,0.9375,6e-6
setb_neu_036,neutral_control,B_neutral,15,1.0,8e-6
setb_neu_037,neutral_control,B_neutral,0,0.0625,0.000485
setb_neu_037,neutral_control,B_neutral,1,0.125,0.000035
setb_neu_037,neutral_control,B_neutral,2,0.1875,0.000011
setb_neu_037,neutral_control,B_neutral,3,0.25,0.000017
setb_neu_037,neutral_control,B_neutral,4,0.3125,0.00008
setb_neu_037,neutral_control,B_neutral,5,0.375,0.00008
setb_neu_037,neutral_control,B_neutral,6,0.4375,0.000181
setb_neu_037,neutral_control,B_neutral,7,0.5,0.000017
setb_neu_037,neutral_control,B_neutral,8,0.5625,0.000017
setb_neu_037,neutral_control,B_neutral,9,0.625,0.000074
setb_neu_037,neutral_control,B_neutral,10,0.6875,0.000015
setb_neu_037,neutral_control,B_neutral,11,0.75,0.00002
setb_neu_037,neutral_control,B_neutral,12,0.8125,0.00004
setb_neu_037,neutral_control,B_neutral,13,0.875,0.000024
setb_neu_037,neutral_control,B_neutral,14,0.9375,0.000029
setb_neu_037,neutral_control,B_neutral,15,1.0,0.000026
setb_neu_038,neutral_control,B_neutral,0,0.0625,0.000775
setb_neu_038,neutral_control,B_neutral,1,0.125,0.000049
setb_neu_038,neutral_control,B_neutral,2,0.1875,0.000032
setb_neu_038,neutral_control,B_neutral,3,0.25,0.000024
setb_neu_038,neutral_control,B_neutral,4,0.3125,0.000071
setb_neu_038,neutral_control,B_neutral,5,0.375,0.000052
setb_neu_038,neutral_control,B_neutral,6,0.4375,0.000349
setb_neu_038,neutral_control,B_neutral,7,0.5,0.000455
setb_neu_038,neutral_control,B_neutral,8,0.5625,0.000028
setb_neu_038,neutral_control,B_neutral,9,0.625,0.000029
setb_neu_038,neutral_control,B_neutral,10,0.6875,2e-6
setb_neu_038,neutral_control,B_neutral,11,0.75,0.00004
setb_neu_038,neutral_control,B_neutral,12,0.8125,0.000013
setb_neu_038,neutral_control,B_neutral,13,0.875,0.000125
setb_neu_038,neutral_control,B_neutral,14,0.9375,0.000132
setb_neu_038,neutral_control,B_neutral,15,1.0,0.000173
setb_neu_039,neutral_control,B_neutral,0,0.0625,2e-6
setb_neu_039,neutral_control,B_neutral,1,0.125,6e-6
setb_neu_039,neutral_control,B_neutral,2,0.1875,0.0
setb_neu_039,neutral_control,B_neutral,3,0.25,1e-6
setb_neu_039,neutral_control,B_neutral,4,0.3125,1e-6
setb_neu_039,neutral_control,B_neutral,5,0.375,1e-6
setb_neu_039,neutral_control,B_neutral,6,0.4375,5e-6
setb_neu_039,neutral_control,B_neutral,7,0.5,6e-6
setb_neu_039,neutral_control,B_neutral,8,0.5625,5e-6
setb_neu_039,neutral_control,B_neutral,9,0.625,5e-6
setb_neu_039,neutral_control,B_neutral,10,0.6875,0.0
setb_neu_039,neutral_control,B_neutral,11,0.75,0.0
setb_neu_039,neutral_control,B_neutral,12,0.8125,0.0
setb_neu_039,neutral_control,B_neutral,13,0.875,0.0
setb_neu_039,neutral_control,B_neutral,14,0.9375,0.0
setb_neu_039,neutral_control,B_neutral,15,1.0,0.0
setb_neu_040,neutral_control,B_neutral,0,0.0625,0.000578
setb_neu_040,neutral_control,B_neutral,1,0.125,0.000514
setb_neu_040,neutral_control,B_neutral,2,0.1875,0.000131
setb_neu_040,neutral_control,B_neutral,3,0.25,0.000665
setb_neu_040,neutral_control,B_neutral,4,0.3125,0.002273
setb_neu_040,neutral_control,B_neutral,5,0.375,0.004387
setb_neu_040,neutral_control,B_neutral,6,0.4375,0.004418
setb_neu_040,neutral_control,B_neutral,7,0.5,0.004288
setb_neu_040,neutral_control,B_neutral,8,0.5625,0.001826
setb_neu_040,neutral_control,B_neutral,9,0.625,0.000506
setb_neu_040,neutral_control,B_neutral,10,0.6875,0.000467
setb_neu_040,neutral_control,B_neutral,11,0.75,0.000343
setb_neu_040,neutral_control,B_neutral,12,0.8125,0.000105
setb_neu_040,neutral_control,B_neutral,13,0.875,0.00004
setb_neu_040,neutral_control,B_neutral,14,0.9375,0.00004
setb_neu_040,neutral_control,B_neutral,15,1.0,0.000063
setb_neu_041,neutral_control,B_neutral,0,0.0625,0.006512
setb_neu_041,neutral_control,B_neutral,1,0.125,0.010323
setb_neu_041,neutral_control,B_neutral,2,0.1875,0.007459
setb_neu_041,neutral_control,B_neutral,3,0.25,0.001961
setb_neu_041,neutral_control,B_neutral,4,0.3125,0.0008
setb_neu_041,neutral_control,B_neutral,5,0.375,0.00071
setb_neu_041,neutral_control,B_neutral,6,0.4375,0.001719
setb_neu_041,neutral_control,B_neutral,7,0.5,0.005699
setb_neu_041,neutral_control,B_neutral,8,0.5625,0.001815
setb_neu_041,neutral_control,B_neutral,9,0.625,0.000811
setb_neu_041,neutral_control,B_neutral,10,0.6875,0.000392
setb_neu_041,neutral_control,B_neutral,11,0.75,0.000156
setb_neu_041,neutral_control,B_neutral,12,0.8125,0.000039
setb_neu_041,neutral_control,B_neutral,13,0.875,0.00003
setb_neu_041,neutral_control,B_neutral,14,0.9375,0.000058
setb_neu_041,neutral_control,B_neutral,15,1.0,0.000091
setb_neu_042,neutral_control,B_neutral,0,0.0625,0.000833
setb_neu_042,neutral_control,B_neutral,1,0.125,0.000011
setb_neu_042,neutral_control,B_neutral,2,0.1875,9e-6
setb_neu_042,neutral_control,B_neutral,3,0.25,6e-6
setb_neu_042,neutral_control,B_neutral,4,0.3125,0.000014
setb_neu_042,neutral_control,B_neutral,5,0.375,6e-6
setb_neu_042,neutral_control,B_neutral,6,0.4375,2e-6
setb_neu_042,neutral_control,B_neutral,7,0.5,9e-6
setb_neu_042,neutral_control,B_neutral,8,0.5625,9e-6
setb_neu_042,neutral_control,B_neutral,9,0.625,0.000018
setb_neu_042,neutral_control,B_neutral,10,0.6875,3e-6
setb_neu_042,neutral_control,B_neutral,11,0.75,8e-6
setb_neu_042,neutral_control,B_neutral,12,0.8125,7e-6
setb_neu_042,neutral_control,B_neutral,13,0.875,0.000012
setb_neu_042,neutral_control,B_neutral,14,0.9375,0.000012
setb_neu_042,neutral_control,B_neutral,15,1.0,0.000023
setb_neu_043,neutral_control,B_neutral,0,0.0625,0.002035
setb_neu_043,neutral_control,B_neutral,1,0.125,0.000484
setb_neu_043,neutral_control,B_neutral,2,0.1875,1e-6
setb_neu_043,neutral_control,B_neutral,3,0.25,7e-6
setb_neu_043,neutral_control,B_neutral,4,0.3125,0.00003
setb_neu_043,neutral_control,B_neutral,5,0.375,0.00013
setb_neu_043,neutral_control,B_neutral,6,0.4375,0.000236
setb_neu_043,neutral_control,B_neutral,7,0.5,0.000701
setb_neu_043,neutral_control,B_neutral,8,0.5625,0.001646
setb_neu_043,neutral_control,B_neutral,9,0.625,0.000969
setb_neu_043,neutral_control,B_neutral,10,0.6875,0.002628
setb_neu_043,neutral_control,B_neutral,11,0.75,0.004353
setb_neu_043,neutral_control,B_neutral,12,0.8125,0.003792
setb_neu_043,neutral_control,B_neutral,13,0.875,0.004894
setb_neu_043,neutral_control,B_neutral,14,0.9375,0.004063
setb_neu_043,neutral_control,B_neutral,15,1.0,0.003448
setb_neu_044,neutral_control,B_neutral,0,0.0625,0.001216
setb_neu_044,neutral_control,B_neutral,1,0.125,0.003022
setb_neu_044,neutral_control,B_neutral,2,0.1875,0.0094
setb_neu_044,neutral_control,B_neutral,3,0.25,0.011156
setb_neu_044,neutral_control,B_neutral,4,0.3125,0.008658
setb_neu_044,neutral_control,B_neutral,5,0.375,0.010344
setb_neu_044,neutral_control,B_neutral,6,0.4375,0.011246
setb_neu_044,neutral_control,B_neutral,7,0.5,0.005813
setb_neu_044,neutral_control,B_neutral,8,0.5625,0.002732
setb_neu_044,neutral_control,B_neutral,9,0.625,0.001763
setb_neu_044,neutral_control,B_neutral,10,0.6875,0.002039
setb_neu_044,neutral_control,B_neutral,11,0.75,0.002043
setb_neu_044,neutral_control,B_neutral,12,0.8125,0.002516
setb_neu_044,neutral_control,B_neutral,13,0.875,0.002508
setb_neu_044,neutral_control,B_neutral,14,0.9375,0.002474
setb_neu_044,neutral_control,B_neutral,15,1.0,0.002944
setb_neu_045,neutral_control,B_neutral,0,0.0625,0.008116
setb_neu_045,neutral_control,B_neutral,1,0.125,0.014321
setb_neu_045,neutral_control,B_neutral,2,0.1875,0.011673
setb_neu_045,neutral_control,B_neutral,3,0.25,0.009808
setb_neu_045,neutral_control,B_neutral,4,0.3125,0.012161
setb_neu_045,neutral_control,B_neutral,5,0.375,0.011442
setb_neu_045,neutral_control,B_neutral,6,0.4375,0.009736
setb_neu_045,neutral_control,B_neutral,7,0.5,0.010614
setb_neu_045,neutral_control,B_neutral,8,0.5625,0.004808
setb_neu_045,neutral_control,B_neutral,9,0.625,0.002634
setb_neu_045,neutral_control,B_neutral,10,0.6875,0.002046
setb_neu_045,neutral_control,B_neutral,11,0.75,0.001685
setb_neu_045,neutral_control,B_neutral,12,0.8125,0.001431
setb_neu_045,neutral_control,B_neutral,13,0.875,0.001674
setb_neu_045,neutral_control,B_neutral,14,0.9375,0.002457
setb_neu_045,neutral_control,B_neutral,15,1.0,0.002463
setb_neu_046,neutral_control,B_neutral,0,0.0625,0.017731
setb_neu_046,neutral_control,B_neutral,1,0.125,0.010396
setb_neu_046,neutral_control,B_neutral,2,0.1875,0.006231
setb_neu_046,neutral_control,B_neutral,3,0.25,0.002295
setb_neu_046,neutral_control,B_neutral,4,0.3125,0.000816
setb_neu_046,neutral_control,B_neutral,5,0.375,0.000253
setb_neu_046,neutral_control,B_neutral,6,0.4375,0.001297
setb_neu_046,neutral_control,B_neutral,7,0.5,0.000736
setb_neu_046,neutral_control,B_neutral,8,0.5625,0.001215
setb_neu_046,neutral_control,B_neutral,9,0.625,0.00065
setb_neu_046,neutral_control,B_neutral,10,0.6875,0.000252
setb_neu_046,neutral_control,B_neutral,11,0.75,0.000422
setb_neu_046,neutral_control,B_neutral,12,0.8125,0.000218
setb_neu_046,neutral_control,B_neutral,13,0.875,0.000504
setb_neu_046,neutral_control,B_neutral,14,0.9375,0.000863
setb_neu_046,neutral_control,B_neutral,15,1.0,0.000507
setb_neu_047,neutral_control,B_neutral,0,0.0625,0.001844
setb_neu_047,neutral_control,B_neutral,1,0.125,0.000119
setb_neu_047,neutral_control,B_neutral,2,0.1875,0.000052
setb_neu_047,neutral_control,B_neutral,3,0.25,0.000026
setb_neu_047,neutral_control,B_neutral,4,0.3125,0.000084
setb_neu_047,neutral_control,B_neutral,5,0.375,0.00026
setb_neu_047,neutral_control,B_neutral,6,0.4375,0.000311
setb_neu_047,neutral_control,B_neutral,7,0.5,0.000177
setb_neu_047,neutral_control,B_neutral,8,0.5625,0.000674
setb_neu_047,neutral_control,B_neutral,9,0.625,0.000037
setb_neu_047,neutral_control,B_neutral,10,0.6875,0.000026
setb_neu_047,neutral_control,B_neutral,11,0.75,0.000079
setb_neu_047,neutral_control,B_neutral,12,0.8125,0.00008
setb_neu_047,neutral_control,B_neutral,13,0.875,0.000165
setb_neu_047,neutral_control,B_neutral,14,0.9375,0.000471
setb_neu_047,neutral_control,B_neutral,15,1.0,0.000278
setb_neu_048,neutral_control,B_neutral,0,0.0625,0.000236
setb_neu_048,neutral_control,B_neutral,1,0.125,0.000225
setb_neu_048,neutral_control,B_neutral,2,0.1875,0.000352
setb_neu_048,neutral_control,B_neutral,3,0.25,0.001287
setb_neu_048,neutral_control,B_neutral,4,0.3125,0.0005
setb_neu_048,neutral_control,B_neutral,5,0.375,0.000529
setb_neu_048,neutral_control,B_neutral,6,0.4375,0.002201
setb_neu_048,neutral_control,B_neutral,7,0.5,0.001502
setb_neu_048,neutral_control,B_neutral,8,0.5625,0.000058
setb_neu_048,neutral_control,B_neutral,9,0.625,0.000095
setb_neu_048,neutral_control,B_neutral,10,0.6875,0.000039
setb_neu_048,neutral_control,B_neutral,11,0.75,0.000117
setb_neu_048,neutral_control,B_neutral,12,0.8125,0.000164
setb_neu_048,neutral_control,B_neutral,13,0.875,0.000351
setb_neu_048,neutral_control,B_neutral,14,0.9375,0.000369
setb_neu_048,neutral_control,B_neutral,15,1.0,0.000233
setb_neu_049,neutral_control,B_neutral,0,0.0625,9e-6
setb_neu_049,neutral_control,B_neutral,1,0.125,0.000876
setb_neu_049,neutral_control,B_neutral,2,0.1875,0.000627
setb_neu_049,neutral_control,B_neutral,3,0.25,0.000675
setb_neu_049,neutral_control,B_neutral,4,0.3125,0.003859
setb_neu_049,neutral_control,B_neutral,5,0.375,0.00158
setb_neu_049,neutral_control,B_neutral,6,0.4375,0.000736
setb_neu_049,neutral_control,B_neutral,7,0.5,0.000499
setb_neu_049,neutral_control,B_neutral,8,0.5625,0.000016
setb_neu_049,neutral_control,B_neutral,9,0.625,0.000048
setb_neu_049,neutral_control,B_neutral,10,0.6875,0.000027
setb_neu_049,neutral_control,B_neutral,11,0.75,0.000054
setb_neu_049,neutral_control,B_neutral,12,0.8125,0.000051
setb_neu_049,neutral_control,B_neutral,13,0.875,0.000032
setb_neu_049,neutral_control,B_neutral,14,0.9375,0.000047
setb_neu_049,neutral_control,B_neutral,15,1.0,0.000089
setb_neu_050,neutral_control,B_neutral,0,0.0625,0.0
setb_neu_050,neutral_control,B_neutral,1,0.125,4e-6
setb_neu_050,neutral_control,B_neutral,2,0.1875,3e-6
setb_neu_050,neutral_control,B_neutral,3,0.25,4e-6
setb_neu_050,neutral_control,B_neutral,4,0.3125,0.000011
setb_neu_050,neutral_control,B_neutral,5,0.375,0.000071
setb_neu_050,neutral_control,B_neutral,6,0.4375,0.000138
setb_neu_050,neutral_control,B_neutral,7,0.5,0.000205
setb_neu_050,neutral_control,B_neutral,8,0.5625,0.000049
setb_neu_050,neutral_control,B_neutral,9,0.625,0.000061
setb_neu_050,neutral_control,B_neutral,10,0.6875,0.000055
setb_neu_050,neutral_control,B_neutral,11,0.75,0.000022
setb_neu_050,neutral_control,B_neutral,12,0.8125,0.000012
setb_neu_050,neutral_control,B_neutral,13,0.875,0.000011
setb_neu_050,neutral_control,B_neutral,14,0.9375,0.000016
setb_neu_050,neutral_control,B_neutral,15,1.0,8e-6
setb_neu_051,neutral_control,B_neutral,0,0.0625,1e-6
setb_neu_051,neutral_control,B_neutral,1,0.125,9e-6
setb_neu_051,neutral_control,B_neutral,2,0.1875,0.0
setb_neu_051,neutral_control,B_neutral,3,0.25,0.0
setb_neu_051,neutral_control,B_neutral,4,0.3125,1e-6
setb_neu_051,neutral_control,B_neutral,5,0.375,0.00001
setb_neu_051,neutral_control,B_neutral,6,0.4375,0.000029
setb_neu_051,neutral_control,B_neutral,7,0.5,0.000025
setb_neu_051,neutral_control,B_neutral,8,0.5625,2e-6
setb_neu_051,neutral_control,B_neutral,9,0.625,0.000057
setb_neu_051,neutral_control,B_neutral,10,0.6875,0.000079
setb_neu_051,neutral_control,B_neutral,11,0.75,0.000092
setb_neu_051,neutral_control,B_neutral,12,0.8125,0.000115
setb_neu_051,neutral_control,B_neutral,13,0.875,0.000093
setb_neu_051,neutral_control,B_neutral,14,0.9375,0.000092
setb_neu_051,neutral_control,B_neutral,15,1.0,0.000075
setb_neu_052,neutral_control,B_neutral,0,0.0625,0.000473
setb_neu_052,neutral_control,B_neutral,1,0.125,0.000376
setb_neu_052,neutral_control,B_neutral,2,0.1875,0.000012
setb_neu_052,neutral_control,B_neutral,3,0.25,8e-6
setb_neu_052,neutral_control,B_neutral,4,0.3125,8e-6
setb_neu_052,neutral_control,B_neutral,5,0.375,3e-6
setb_neu_052,neutral_control,B_neutral,6,0.4375,2e-6
setb_neu_052,neutral_control,B_neutral,7,0.5,5e-6
setb_neu_052,neutral_control,B_neutral,8,0.5625,2e-6
setb_neu_052,neutral_control,B_neutral,9,0.625,3e-6
setb_neu_052,neutral_control,B_neutral,10,0.6875,1e-6
setb_neu_052,neutral_control,B_neutral,11,0.75,0.0
setb_neu_052,neutral_control,B_neutral,12,0.8125,0.0
setb_neu_052,neutral_control,B_neutral,13,0.875,0.0
setb_neu_052,neutral_control,B_neutral,14,0.9375,0.0
setb_neu_052,neutral_control,B_neutral,15,1.0,0.0
setb_neu_053,neutral_control,B_neutral,0,0.0625,0.000145
setb_neu_053,neutral_control,B_neutral,1,0.125,0.000124
setb_neu_053,neutral_control,B_neutral,2,0.1875,0.000074
setb_neu_053,neutral_control,B_neutral,3,0.25,0.000127
setb_neu_053,neutral_control,B_neutral,4,0.3125,0.000208
setb_neu_053,neutral_control,B_neutral,5,0.375,0.000871
setb_neu_053,neutral_control,B_neutral,6,0.4375,0.001413
setb_neu_053,neutral_control,B_neutral,7,0.5,0.000783
setb_neu_053,neutral_control,B_neutral,8,0.5625,0.000141
setb_neu_053,neutral_control,B_neutral,9,0.625,0.000336
setb_neu_053,neutral_control,B_neutral,10,0.6875,0.000049
setb_neu_053,neutral_control,B_neutral,11,0.75,0.000073
setb_neu_053,neutral_control,B_neutral,12,0.8125,0.000074
setb_neu_053,neutral_control,B_neutral,13,0.875,0.000095
setb_neu_053,neutral_control,B_neutral,14,0.9375,0.000212
setb_neu_053,neutral_control,B_neutral,15,1.0,0.000109
setb_neu_054,neutral_control,B_neutral,0,0.0625,0.004602
setb_neu_054,neutral_control,B_neutral,1,0.125,0.004271
setb_neu_054,neutral_control,B_neutral,2,0.1875,0.002589
setb_neu_054,neutral_control,B_neutral,3,0.25,0.000766
setb_neu_054,neutral_control,B_neutral,4,0.3125,0.000406
setb_neu_054,neutral_control,B_neutral,5,0.375,0.000121
setb_neu_054,neutral_control,B_neutral,6,0.4375,0.000019
setb_neu_054,neutral_control,B_neutral,7,0.5,0.000017
setb_neu_054,neutral_control,B_neutral,8,0.5625,0.000022
setb_neu_054,neutral_control,B_neutral,9,0.625,0.000026
setb_neu_054,neutral_control,B_neutral,10,0.6875,0.000019
setb_neu_054,neutral_control,B_neutral,11,0.75,0.000014
setb_neu_054,neutral_control,B_neutral,12,0.8125,0.000035
setb_neu_054,neutral_control,B_neutral,13,0.875,0.000076
setb_neu_054,neutral_control,B_neutral,14,0.9375,0.000087
setb_neu_054,neutral_control,B_neutral,15,1.0,0.000076
setb_neu_055,neutral_control,B_neutral,0,0.0625,0.0
setb_neu_055,neutral_control,B_neutral,1,0.125,0.0
setb_neu_055,neutral_control,B_neutral,2,0.1875,0.0
setb_neu_055,neutral_control,B_neutral,3,0.25,0.0
setb_neu_055,neutral_control,B_neutral,4,0.3125,1e-6
setb_neu_055,neutral_control,B_neutral,5,0.375,0.000037
setb_neu_055,neutral_control,B_neutral,6,0.4375,0.00008
setb_neu_055,neutral_control,B_neutral,7,0.5,0.000048
setb_neu_055,neutral_control,B_neutral,8,0.5625,0.0
setb_neu_055,neutral_control,B_neutral,9,0.625,0.0
setb_neu_055,neutral_control,B_neutral,10,0.6875,0.0
setb_neu_055,neutral_control,B_neutral,11,0.75,0.0
setb_neu_055,neutral_control,B_neutral,12,0.8125,0.0
setb_neu_055,neutral_control,B_neutral,13,0.875,0.0
setb_neu_055,neutral_control,B_neutral,14,0.9375,0.0
setb_neu_055,neutral_control,B_neutral,15,1.0,0.0
setb_neu_056,neutral_control,B_neutral,0,0.0625,0.000846
setb_neu_056,neutral_control,B_neutral,1,0.125,0.000042
setb_neu_056,neutral_control,B_neutral,2,0.1875,4e-6
setb_neu_056,neutral_control,B_neutral,3,0.25,7e-6
setb_neu_056,neutral_control,B_neutral,4,0.3125,0.000096
setb_neu_056,neutral_control,B_neutral,5,0.375,0.000108
setb_neu_056,neutral_control,B_neutral,6,0.4375,0.000046
setb_neu_056,neutral_control,B_neutral,7,0.5,0.000018
setb_neu_056,neutral_control,B_neutral,8,0.5625,0.000029
setb_neu_056,neutral_control,B_neutral,9,0.625,0.000032
setb_neu_056,neutral_control,B_neutral,10,0.6875,0.000047
setb_neu_056,neutral_control,B_neutral,11,0.75,0.000098
setb_neu_056,neutral_control,B_neutral,12,0.8125,0.000068
setb_neu_056,neutral_control,B_neutral,13,0.875,0.00007
setb_neu_056,neutral_control,B_neutral,14,0.9375,0.000136
setb_neu_056,neutral_control,B_neutral,15,1.0,0.0002
setb_neu_057,neutral_control,B_neutral,0,0.0625,0.010799
setb_neu_057,neutral_control,B_neutral,1,0.125,0.005309
setb_neu_057,neutral_control,B_neutral,2,0.1875,0.000995
setb_neu_057,neutral_control,B_neutral,3,0.25,0.003213
setb_neu_057,neutral_control,B_neutral,4,0.3125,0.000848
setb_neu_057,neutral_control,B_neutral,5,0.375,0.001174
setb_neu_057,neutral_control,B_neutral,6,0.4375,0.000344
setb_neu_057,neutral_control,B_neutral,7,0.5,0.000253
setb_neu_057,neutral_control,B_neutral,8,0.5625,0.000133
setb_neu_057,neutral_control,B_neutral,9,0.625,0.001093
setb_neu_057,neutral_control,B_neutral,10,0.6875,0.00055
setb_neu_057,neutral_control,B_neutral,11,0.75,0.000375
setb_neu_057,neutral_control,B_neutral,12,0.8125,0.000672
setb_neu_057,neutral_control,B_neutral,13,0.875,0.001682
setb_neu_057,neutral_control,B_neutral,14,0.9375,0.001756
setb_neu_057,neutral_control,B_neutral,15,1.0,0.002582
setb_neu_058,neutral_control,B_neutral,0,0.0625,0.004645
setb_neu_058,neutral_control,B_neutral,1,0.125,0.00659
setb_neu_058,neutral_control,B_neutral,2,0.1875,0.006492
setb_neu_058,neutral_control,B_neutral,3,0.25,0.003451
setb_neu_058,neutral_control,B_neutral,4,0.3125,0.001553
setb_neu_058,neutral_control,B_neutral,5,0.375,0.002519
setb_neu_058,neutral_control,B_neutral,6,0.4375,0.002636
setb_neu_058,neutral_control,B_neutral,7,0.5,0.000759
setb_neu_058,neutral_control,B_neutral,8,0.5625,0.000128
setb_neu_058,neutral_control,B_neutral,9,0.625,0.000207
setb_neu_058,neutral_control,B_neutral,10,0.6875,0.000098
setb_neu_058,neutral_control,B_neutral,11,0.75,0.000121
setb_neu_058,neutral_control,B_neutral,12,0.8125,0.000062
setb_neu_058,neutral_control,B_neutral,13,0.875,0.000093
setb_neu_058,neutral_control,B_neutral,14,0.9375,0.000282
setb_neu_058,neutral_control,B_neutral,15,1.0,0.000194
setb_neu_059,neutral_control,B_neutral,0,0.0625,4e-6
setb_neu_059,neutral_control,B_neutral,1,0.125,0.000109
setb_neu_059,neutral_control,B_neutral,2,0.1875,0.000023
setb_neu_059,neutral_control,B_neutral,3,0.25,0.000103
setb_neu_059,neutral_control,B_neutral,4,0.3125,0.000057
setb_neu_059,neutral_control,B_neutral,5,0.375,0.000101
setb_neu_059,neutral_control,B_neutral,6,0.4375,0.000056
setb_neu_059,neutral_control,B_neutral,7,0.5,0.000026
setb_neu_059,neutral_control,B_neutral,8,0.5625,0.000031
setb_neu_059,neutral_control,B_neutral,9,0.625,0.000207
setb_neu_059,neutral_control,B_neutral,10,0.6875,0.000485
setb_neu_059,neutral_control,B_neutral,11,0.75,0.000471
setb_neu_059,neutral_control,B_neutral,12,0.8125,0.000708
setb_neu_059,neutral_control,B_neutral,13,0.875,0.000832
setb_neu_059,neutral_control,B_neutral,14,0.9375,0.000913
setb_neu_059,neutral_control,B_neutral,15,1.0,0.001062
setb_neu_060,neutral_control,B_neutral,0,0.0625,0.008221
setb_neu_060,neutral_control,B_neutral,1,0.125,0.004413
setb_neu_060,neutral_control,B_neutral,2,0.1875,0.004523
setb_neu_060,neutral_control,B_neutral,3,0.25,0.002937
setb_neu_060,neutral_control,B_neutral,4,0.3125,0.002026
setb_neu_060,neutral_control,B_neutral,5,0.375,0.000298
setb_neu_060,neutral_control,B_neutral,6,0.4375,0.000414
setb_neu_060,neutral_control,B_neutral,7,0.5,0.000363
setb_neu_060,neutral_control,B_neutral,8,0.5625,0.000326
setb_neu_060,neutral_control,B_neutral,9,0.625,0.000741
setb_neu_060,neutral_control,B_neutral,10,0.6875,0.001437
setb_neu_060,neutral_control,B_neutral,11,0.75,0.001225
setb_neu_060,neutral_control,B_neutral,12,0.8125,0.000943
setb_neu_060,neutral_control,B_neutral,13,0.875,0.001316
setb_neu_060,neutral_control,B_neutral,14,0.9375,0.001582
setb_neu_060,neutral_control,B_neutral,15,1.0,0.001744
setb_neu_061,neutral_control,B_neutral,0,0.0625,0.000028
setb_neu_061,neutral_control,B_neutral,1,0.125,0.000311
setb_neu_061,neutral_control,B_neutral,2,0.1875,0.000211
setb_neu_061,neutral_control,B_neutral,3,0.25,0.000428
setb_neu_061,neutral_control,B_neutral,4,0.3125,0.001268
setb_neu_061,neutral_control,B_neutral,5,0.375,0.002203
setb_neu_061,neutral_control,B_neutral,6,0.4375,0.000591
setb_neu_061,neutral_control,B_neutral,7,0.5,0.000689
setb_neu_061,neutral_control,B_neutral,8,0.5625,0.000215
setb_neu_061,neutral_control,B_neutral,9,0.625,0.00067
setb_neu_061,neutral_control,B_neutral,10,0.6875,0.000389
setb_neu_061,neutral_control,B_neutral,11,0.75,0.00039
setb_neu_061,neutral_control,B_neutral,12,0.8125,0.00026
setb_neu_061,neutral_control,B_neutral,13,0.875,0.000293
setb_neu_061,neutral_control,B_neutral,14,0.9375,0.000252
setb_neu_061,neutral_control,B_neutral,15,1.0,0.000346
setb_neu_062,neutral_control,B_neutral,0,0.0625,0.00001
setb_neu_062,neutral_control,B_neutral,1,0.125,0.000054
setb_neu_062,neutral_control,B_neutral,2,0.1875,0.00004
setb_neu_062,neutral_control,B_neutral,3,0.25,0.000191
setb_neu_062,neutral_control,B_neutral,4,0.3125,0.000268
setb_neu_062,neutral_control,B_neutral,5,0.375,0.000077
setb_neu_062,neutral_control,B_neutral,6,0.4375,0.000143
setb_neu_062,neutral_control,B_neutral,7,0.5,0.00027
setb_neu_062,neutral_control,B_neutral,8,0.5625,0.000028
setb_neu_062,neutral_control,B_neutral,9,0.625,0.000133
setb_neu_062,neutral_control,B_neutral,10,0.6875,0.000087
setb_neu_062,neutral_control,B_neutral,11,0.75,0.000033
setb_neu_062,neutral_control,B_neutral,12,0.8125,9e-6
setb_neu_062,neutral_control,B_neutral,13,0.875,0.000064
setb_neu_062,neutral_control,B_neutral,14,0.9375,0.000036
setb_neu_062,neutral_control,B_neutral,15,1.0,0.000075
setb_neu_063,neutral_control,B_neutral,0,0.0625,0.000079
setb_neu_063,neutral_control,B_neutral,1,0.125,0.000293
setb_neu_063,neutral_control,B_neutral,2,0.1875,2e-6
setb_neu_063,neutral_control,B_neutral,3,0.25,3e-6
setb_neu_063,neutral_control,B_neutral,4,0.3125,2e-6
setb_neu_063,neutral_control,B_neutral,5,0.375,0.000042
setb_neu_063,neutral_control,B_neutral,6,0.4375,0.000066
setb_neu_063,neutral_control,B_neutral,7,0.5,0.000048
setb_neu_063,neutral_control,B_neutral,8,0.5625,6e-6
setb_neu_063,neutral_control,B_neutral,9,0.625,0.000247
setb_neu_063,neutral_control,B_neutral,10,0.6875,0.000336
setb_neu_063,neutral_control,B_neutral,11,0.75,0.000222
setb_neu_063,neutral_control,B_neutral,12,0.8125,0.000156
setb_neu_063,neutral_control,B_neutral,13,0.875,0.000063
setb_neu_063,neutral_control,B_neutral,14,0.9375,0.000059
setb_neu_063,neutral_control,B_neutral,15,1.0,0.000027
setb_neu_064,neutral_control,B_neutral,0,0.0625,0.001973
setb_neu_064,neutral_control,B_neutral,1,0.125,0.001487
setb_neu_064,neutral_control,B_neutral,2,0.1875,0.001629
setb_neu_064,neutral_control,B_neutral,3,0.25,0.001828
setb_neu_064,neutral_control,B_neutral,4,0.3125,0.00239
setb_neu_064,neutral_control,B_neutral,5,0.375,0.003523
setb_neu_064,neutral_control,B_neutral,6,0.4375,0.002686
setb_neu_064,neutral_control,B_neutral,7,0.5,0.002826
setb_neu_064,neutral_control,B_neutral,8,0.5625,0.00005
setb_neu_064,neutral_control,B_neutral,9,0.625,0.000091
setb_neu_064,neutral_control,B_neutral,10,0.6875,0.000014
setb_neu_064,neutral_control,B_neutral,11,0.75,0.000097
setb_neu_064,neutral_control,B_neutral,12,0.8125,0.000045
setb_neu_064,neutral_control,B_neutral,13,0.875,0.000132
setb_neu_064,neutral_control,B_neutral,14,0.9375,0.000094
setb_neu_064,neutral_control,B_neutral,15,1.0,0.000286
setb_neu_065,neutral_control,B_neutral,0,0.0625,0.00159
setb_neu_065,neutral_control,B_neutral,1,0.125,0.001806
setb_neu_065,neutral_control,B_neutral,2,0.1875,0.000239
setb_neu_065,neutral_control,B_neutral,3,0.25,0.000927
setb_neu_065,neutral_control,B_neutral,4,0.3125,0.002328
setb_neu_065,neutral_control,B_neutral,5,0.375,0.003065
setb_neu_065,neutral_control,B_neutral,6,0.4375,0.00132
setb_neu_065,neutral_control,B_neutral,7,0.5,0.001062
setb_neu_065,neutral_control,B_neutral,8,0.5625,0.000783
setb_neu_065,neutral_control,B_neutral,9,0.625,0.000577
setb_neu_065,neutral_control,B_neutral,10,0.6875,0.000231
setb_neu_065,neutral_control,B_neutral,11,0.75,0.000188
setb_neu_065,neutral_control,B_neutral,12,0.8125,0.00006
setb_neu_065,neutral_control,B_neutral,13,0.875,0.000093
setb_neu_065,neutral_control,B_neutral,14,0.9375,0.000134
setb_neu_065,neutral_control,B_neutral,15,1.0,0.000168
setb_neu_066,neutral_control,B_neutral,0,0.0625,0.000141
setb_neu_066,neutral_control,B_neutral,1,0.125,0.000049
setb_neu_066,neutral_control,B_neutral,2,0.1875,0.000144
setb_neu_066,neutral_control,B_neutral,3,0.25,0.000014
setb_neu_066,neutral_control,B_neutral,4,0.3125,0.00005
setb_neu_066,neutral_control,B_neutral,5,0.375,0.000039
setb_neu_066,neutral_control,B_neutral,6,0.4375,0.000187
setb_neu_066,neutral_control,B_neutral,7,0.5,0.000912
setb_neu_066,neutral_control,B_neutral,8,0.5625,2e-6
setb_neu_066,neutral_control,B_neutral,9,0.625,0.000064
setb_neu_066,neutral_control,B_neutral,10,0.6875,0.000022
setb_neu_066,neutral_control,B_neutral,11,0.75,0.000028
setb_neu_066,neutral_control,B_neutral,12,0.8125,6e-6
setb_neu_066,neutral_control,B_neutral,13,0.875,8e-6
setb_neu_066,neutral_control,B_neutral,14,0.9375,6e-6
setb_neu_066,neutral_control,B_neutral,15,1.0,0.000019
setb_neu_067,neutral_control,B_neutral,0,0.0625,2e-6
setb_neu_067,neutral_control,B_neutral,1,0.125,0.000253
setb_neu_067,neutral_control,B_neutral,2,0.1875,0.000015
setb_neu_067,neutral_control,B_neutral,3,0.25,0.000018
setb_neu_067,neutral_control,B_neutral,4,0.3125,3e-6
setb_neu_067,neutral_control,B_neutral,5,0.375,0.000054
setb_neu_067,neutral_control,B_neutral,6,0.4375,0.000049
setb_neu_067,neutral_control,B_neutral,7,0.5,3e-6
setb_neu_067,neutral_control,B_neutral,8,0.5625,1e-6
setb_neu_067,neutral_control,B_neutral,9,0.625,0.000011
setb_neu_067,neutral_control,B_neutral,10,0.6875,6e-6
setb_neu_067,neutral_control,B_neutral,11,0.75,0.000024
setb_neu_067,neutral_control,B_neutral,12,0.8125,0.000032
setb_neu_067,neutral_control,B_neutral,13,0.875,0.000013
setb_neu_067,neutral_control,B_neutral,14,0.9375,0.000012
setb_neu_067,neutral_control,B_neutral,15,1.0,0.00001
setb_neu_068,neutral_control,B_neutral,0,0.0625,1e-6
setb_neu_068,neutral_control,B_neutral,1,0.125,8e-6
setb_neu_068,neutral_control,B_neutral,2,0.1875,0.000021
setb_neu_068,neutral_control,B_neutral,3,0.25,0.00004
setb_neu_068,neutral_control,B_neutral,4,0.3125,0.000063
setb_neu_068,neutral_control,B_neutral,5,0.375,0.000091
setb_neu_068,neutral_control,B_neutral,6,0.4375,0.000147
setb_neu_068,neutral_control,B_neutral,7,0.5,0.000137
setb_neu_068,neutral_control,B_neutral,8,0.5625,0.000019
setb_neu_068,neutral_control,B_neutral,9,0.625,0.000045
setb_neu_068,neutral_control,B_neutral,10,0.6875,0.000026
setb_neu_068,neutral_control,B_neutral,11,0.75,0.000198
setb_neu_068,neutral_control,B_neutral,12,0.8125,0.000148
setb_neu_068,neutral_control,B_neutral,13,0.875,0.000094
setb_neu_068,neutral_control,B_neutral,14,0.9375,0.000093
setb_neu_068,neutral_control,B_neutral,15,1.0,0.000166
setb_neu_069,neutral_control,B_neutral,0,0.0625,0.000279
setb_neu_069,neutral_control,B_neutral,1,0.125,0.00035
setb_neu_069,neutral_control,B_neutral,2,0.1875,0.00085
setb_neu_069,neutral_control,B_neutral,3,0.25,0.0005
setb_neu_069,neutral_control,B_neutral,4,0.3125,0.001791
setb_neu_069,neutral_control,B_neutral,5,0.375,0.001108
setb_neu_069,neutral_control,B_neutral,6,0.4375,0.000921
setb_neu_069,neutral_control,B_neutral,7,0.5,0.000853
setb_neu_069,neutral_control,B_neutral,8,0.5625,0.000155
setb_neu_069,neutral_control,B_neutral,9,0.625,0.000169
setb_neu_069,neutral_control,B_neutral,10,0.6875,0.000028
setb_neu_069,neutral_control,B_neutral,11,0.75,0.000106
setb_neu_069,neutral_control,B_neutral,12,0.8125,0.000177
setb_neu_069,neutral_control,B_neutral,13,0.875,0.00011
setb_neu_069,neutral_control,B_neutral,14,0.9375,0.000127
setb_neu_069,neutral_control,B_neutral,15,1.0,0.000139
setb_neu_070,neutral_control,B_neutral,0,0.0625,0.000084
setb_neu_070,neutral_control,B_neutral,1,0.125,0.0
setb_neu_070,neutral_control,B_neutral,2,0.1875,1e-6
setb_neu_070,neutral_control,B_neutral,3,0.25,0.0
setb_neu_070,neutral_control,B_neutral,4,0.3125,0.0
setb_neu_070,neutral_control,B_neutral,5,0.375,0.0
setb_neu_070,neutral_control,B_neutral,6,0.4375,0.0
setb_neu_070,neutral_control,B_neutral,7,0.5,1e-6
setb_neu_070,neutral_control,B_neutral,8,0.5625,3e-6
setb_neu_070,neutral_control,B_neutral,9,0.625,0.000014
setb_neu_070,neutral_control,B_neutral,10,0.6875,0.000017
setb_neu_070,neutral_control,B_neutral,11,0.75,0.000015
setb_neu_070,neutral_control,B_neutral,12,0.8125,0.000061
setb_neu_070,neutral_control,B_neutral,13,0.875,0.00009
setb_neu_070,neutral_control,B_neutral,14,0.9375,0.000071
setb_neu_070,neutral_control,B_neutral,15,1.0,0.000135
setb_neu_071,neutral_control,B_neutral,0,0.0625,0.0
setb_neu_071,neutral_control,B_neutral,1,0.125,6e-6
setb_neu_071,neutral_control,B_neutral,2,0.1875,3e-6
setb_neu_071,neutral_control,B_neutral,3,0.25,4e-6
setb_neu_071,neutral_control,B_neutral,4,0.3125,4e-6
setb_neu_071,neutral_control,B_neutral,5,0.375,5e-6
setb_neu_071,neutral_control,B_neutral,6,0.4375,0.000044
setb_neu_071,neutral_control,B_neutral,7,0.5,0.000159
setb_neu_071,neutral_control,B_neutral,8,0.5625,8e-6
setb_neu_071,neutral_control,B_neutral,9,0.625,8e-6
setb_neu_071,neutral_control,B_neutral,10,0.6875,0.00001
setb_neu_071,neutral_control,B_neutral,11,0.75,0.000078
setb_neu_071,neutral_control,B_neutral,12,0.8125,0.000334
setb_neu_071,neutral_control,B_neutral,13,0.875,0.000435
setb_neu_071,neutral_control,B_neutral,14,0.9375,0.000553
setb_neu_071,neutral_control,B_neutral,15,1.0,0.000852
setb_neu_072,neutral_control,B_neutral,0,0.0625,0.017572
setb_neu_072,neutral_control,B_neutral,1,0.125,0.019641
setb_neu_072,neutral_control,B_neutral,2,0.1875,0.01563
setb_neu_072,neutral_control,B_neutral,3,0.25,0.010744
setb_neu_072,neutral_control,B_neutral,4,0.3125,0.004989
setb_neu_072,neutral_control,B_neutral,5,0.375,0.007507
setb_neu_072,neutral_control,B_neutral,6,0.4375,0.008325
setb_neu_072,neutral_control,B_neutral,7,0.5,0.010786
setb_neu_072,neutral_control,B_neutral,8,0.5625,0.006299
setb_neu_072,neutral_control,B_neutral,9,0.625,0.008122
setb_neu_072,neutral_control,B_neutral,10,0.6875,0.003788
setb_neu_072,neutral_control,B_neutral,11,0.75,0.006323
setb_neu_072,neutral_control,B_neutral,12,0.8125,0.006602
setb_neu_072,neutral_control,B_neutral,13,0.875,0.006352
setb_neu_072,neutral_control,B_neutral,14,0.9375,0.00621
setb_neu_072,neutral_control,B_neutral,15,1.0,0.006849
setb_neu_073,neutral_control,B_neutral,0,0.0625,0.004398
setb_neu_073,neutral_control,B_neutral,1,0.125,0.002808
setb_neu_073,neutral_control,B_neutral,2,0.1875,0.000991
setb_neu_073,neutral_control,B_neutral,3,0.25,0.000935
setb_neu_073,neutral_control,B_neutral,4,0.3125,0.000968
setb_neu_073,neutral_control,B_neutral,5,0.375,0.000608
setb_neu_073,neutral_control,B_neutral,6,0.4375,0.001766
setb_neu_073,neutral_control,B_neutral,7,0.5,0.000608
setb_neu_073,neutral_control,B_neutral,8,0.5625,0.000609
setb_neu_073,neutral_control,B_neutral,9,0.625,0.001506
setb_neu_073,neutral_control,B_neutral,10,0.6875,0.001265
setb_neu_073,neutral_control,B_neutral,11,0.75,0.003164
setb_neu_073,neutral_control,B_neutral,12,0.8125,0.003982
setb_neu_073,neutral_control,B_neutral,13,0.875,0.005721
setb_neu_073,neutral_control,B_neutral,14,0.9375,0.005768
setb_neu_073,neutral_control,B_neutral,15,1.0,0.005148
setb_neu_074,neutral_control,B_neutral,0,0.0625,0.027659
setb_neu_074,neutral_control,B_neutral,1,0.125,0.02191
setb_neu_074,neutral_control,B_neutral,2,0.1875,0.011278
setb_neu_074,neutral_control,B_neutral,3,0.25,0.006611
setb_neu_074,neutral_control,B_neutral,4,0.3125,0.004798
setb_neu_074,neutral_control,B_neutral,5,0.375,0.001434
setb_neu_074,neutral_control,B_neutral,6,0.4375,0.001525
setb_neu_074,neutral_control,B_neutral,7,0.5,0.001637
setb_neu_074,neutral_control,B_neutral,8,0.5625,0.002075
setb_neu_074,neutral_control,B_neutral,9,0.625,0.003914
setb_neu_074,neutral_control,B_neutral,10,0.6875,0.00327
setb_neu_074,neutral_control,B_neutral,11,0.75,0.002532
setb_neu_074,neutral_control,B_neutral,12,0.8125,0.00262
setb_neu_074,neutral_control,B_neutral,13,0.875,0.002273
setb_neu_074,neutral_control,B_neutral,14,0.9375,0.00245
setb_neu_074,neutral_control,B_neutral,15,1.0,0.003844
setb_neu_075,neutral_control,B_neutral,0,0.0625,5e-6
setb_neu_075,neutral_control,B_neutral,1,0.125,0.000039
setb_neu_075,neutral_control,B_neutral,2,0.1875,9e-6
setb_neu_075,neutral_control,B_neutral,3,0.25,0.000067
setb_neu_075,neutral_control,B_neutral,4,0.3125,9e-6
setb_neu_075,neutral_control,B_neutral,5,0.375,0.000128
setb_neu_075,neutral_control,B_neutral,6,0.4375,0.000314
setb_neu_075,neutral_control,B_neutral,7,0.5,0.000034
setb_neu_075,neutral_control,B_neutral,8,0.5625,0.000014
setb_neu_075,neutral_control,B_neutral,9,0.625,0.00032
setb_neu_075,neutral_control,B_neutral,10,0.6875,0.000418
setb_neu_075,neutral_control,B_neutral,11,0.75,0.000419
setb_neu_075,neutral_control,B_neutral,12,0.8125,0.000312
setb_neu_075,neutral_control,B_neutral,13,0.875,0.000357
setb_neu_075,neutral_control,B_neutral,14,0.9375,0.000329
setb_neu_075,neutral_control,B_neutral,15,1.0,0.000291
setb_neu_076,neutral_control,B_neutral,0,0.0625,0.001126
setb_neu_076,neutral_control,B_neutral,1,0.125,0.000368
setb_neu_076,neutral_control,B_neutral,2,0.1875,0.000152
setb_neu_076,neutral_control,B_neutral,3,0.25,0.000025
setb_neu_076,neutral_control,B_neutral,4,0.3125,0.000125
setb_neu_076,neutral_control,B_neutral,5,0.375,0.000207
setb_neu_076,neutral_control,B_neutral,6,0.4375,0.000128
setb_neu_076,neutral_control,B_neutral,7,0.5,0.000021
setb_neu_076,neutral_control,B_neutral,8,0.5625,2e-6
setb_neu_076,neutral_control,B_neutral,9,0.625,0.000023
setb_neu_076,neutral_control,B_neutral,10,0.6875,0.000027
setb_neu_076,neutral_control,B_neutral,11,0.75,8e-6
setb_neu_076,neutral_control,B_neutral,12,0.8125,3e-6
setb_neu_076,neutral_control,B_neutral,13,0.875,1e-6
setb_neu_076,neutral_control,B_neutral,14,0.9375,1e-6
setb_neu_076,neutral_control,B_neutral,15,1.0,0.0
setb_neu_077,neutral_control,B_neutral,0,0.0625,0.000491
setb_neu_077,neutral_control,B_neutral,1,0.125,0.001165
setb_neu_077,neutral_control,B_neutral,2,0.1875,0.000174
setb_neu_077,neutral_control,B_neutral,3,0.25,0.000017
setb_neu_077,neutral_control,B_neutral,4,0.3125,0.000097
setb_neu_077,neutral_control,B_neutral,5,0.375,0.000046
setb_neu_077,neutral_control,B_neutral,6,0.4375,0.000052
setb_neu_077,neutral_control,B_neutral,7,0.5,0.00083
setb_neu_077,neutral_control,B_neutral,8,0.5625,0.000098
setb_neu_077,neutral_control,B_neutral,9,0.625,0.000144
setb_neu_077,neutral_control,B_neutral,10,0.6875,0.000067
setb_neu_077,neutral_control,B_neutral,11,0.75,0.000326
setb_neu_077,neutral_control,B_neutral,12,0.8125,0.000172
setb_neu_077,neutral_control,B_neutral,13,0.875,0.000143
setb_neu_077,neutral_control,B_neutral,14,0.9375,0.000227
setb_neu_077,neutral_control,B_neutral,15,1.0,0.000241
setb_neu_078,neutral_control,B_neutral,0,0.0625,0.01959
setb_neu_078,neutral_control,B_neutral,1,0.125,0.012526
setb_neu_078,neutral_control,B_neutral,2,0.1875,0.007316
setb_neu_078,neutral_control,B_neutral,3,0.25,0.007658
setb_neu_078,neutral_control,B_neutral,4,0.3125,0.004308
setb_neu_078,neutral_control,B_neutral,5,0.375,0.002488
setb_neu_078,neutral_control,B_neutral,6,0.4375,0.002971
setb_neu_078,neutral_control,B_neutral,7,0.5,0.004828
setb_neu_078,neutral_control,B_neutral,8,0.5625,0.003697
setb_neu_078,neutral_control,B_neutral,9,0.625,0.003641
setb_neu_078,neutral_control,B_neutral,10,0.6875,0.004592
setb_neu_078,neutral_control,B_neutral,11,0.75,0.003496
setb_neu_078,neutral_control,B_neutral,12,0.8125,0.00436
setb_neu_078,neutral_control,B_neutral,13,0.875,0.00249
setb_neu_078,neutral_control,B_neutral,14,0.9375,0.002422
setb_neu_078,neutral_control,B_neutral,15,1.0,0.003053
setb_neu_079,neutral_control,B_neutral,0,0.0625,0.00019
setb_neu_079,neutral_control,B_neutral,1,0.125,0.000732
setb_neu_079,neutral_control,B_neutral,2,0.1875,0.00003
setb_neu_079,neutral_control,B_neutral,3,0.25,0.00053
setb_neu_079,neutral_control,B_neutral,4,0.3125,0.000232
setb_neu_079,neutral_control,B_neutral,5,0.375,0.000331
setb_neu_079,neutral_control,B_neutral,6,0.4375,0.000152
setb_neu_079,neutral_control,B_neutral,7,0.5,0.000105
setb_neu_079,neutral_control,B_neutral,8,0.5625,7e-6
setb_neu_079,neutral_control,B_neutral,9,0.625,0.000159
setb_neu_079,neutral_control,B_neutral,10,0.6875,0.000242
setb_neu_079,neutral_control,B_neutral,11,0.75,0.000222
setb_neu_079,neutral_control,B_neutral,12,0.8125,0.000237
setb_neu_079,neutral_control,B_neutral,13,0.875,0.000247
setb_neu_079,neutral_control,B_neutral,14,0.9375,0.00022
setb_neu_079,neutral_control,B_neutral,15,1.0,0.000293
setb_neu_080,neutral_control,B_neutral,0,0.0625,0.010458
setb_neu_080,neutral_control,B_neutral,1,0.125,0.009279
setb_neu_080,neutral_control,B_neutral,2,0.1875,0.005625
setb_neu_080,neutral_control,B_neutral,3,0.25,0.00382
setb_neu_080,neutral_control,B_neutral,4,0.3125,0.003147
setb_neu_080,neutral_control,B_neutral,5,0.375,0.003386
setb_neu_080,neutral_control,B_neutral,6,0.4375,0.001559
setb_neu_080,neutral_control,B_neutral,7,0.5,0.003855
setb_neu_080,neutral_control,B_neutral,8,0.5625,0.002819
setb_neu_080,neutral_control,B_neutral,9,0.625,0.001686
setb_neu_080,neutral_control,B_neutral,10,0.6875,0.001488
setb_neu_080,neutral_control,B_neutral,11,0.75,0.000614
setb_neu_080,neutral_control,B_neutral,12,0.8125,0.000527
setb_neu_080,neutral_control,B_neutral,13,0.875,0.000474
setb_neu_080,neutral_control,B_neutral,14,0.9375,0.000315
setb_neu_080,neutral_control,B_neutral,15,1.0,0.000502
setb_neu_081,neutral_control,B_neutral,0,0.0625,0.000466
setb_neu_081,neutral_control,B_neutral,1,0.125,0.000056
setb_neu_081,neutral_control,B_neutral,2,0.1875,0.00003
setb_neu_081,neutral_control,B_neutral,3,0.25,0.000023
setb_neu_081,neutral_control,B_neutral,4,0.3125,0.000203
setb_neu_081,neutral_control,B_neutral,5,0.375,0.000218
setb_neu_081,neutral_control,B_neutral,6,0.4375,0.000208
setb_neu_081,neutral_control,B_neutral,7,0.5,0.000287
setb_neu_081,neutral_control,B_neutral,8,0.5625,5e-6
setb_neu_081,neutral_control,B_neutral,9,0.625,0.000168
setb_neu_081,neutral_control,B_neutral,10,0.6875,0.000133
setb_neu_081,neutral_control,B_neutral,11,0.75,0.000028
setb_neu_081,neutral_control,B_neutral,12,0.8125,0.000013
setb_neu_081,neutral_control,B_neutral,13,0.875,0.000014
setb_neu_081,neutral_control,B_neutral,14,0.9375,0.000014
setb_neu_081,neutral_control,B_neutral,15,1.0,7e-6
setb_neu_082,neutral_control,B_neutral,0,0.0625,0.001862
setb_neu_082,neutral_control,B_neutral,1,0.125,0.000431
setb_neu_082,neutral_control,B_neutral,2,0.1875,0.002256
setb_neu_082,neutral_control,B_neutral,3,0.25,0.003392
setb_neu_082,neutral_control,B_neutral,4,0.3125,0.003655
setb_neu_082,neutral_control,B_neutral,5,0.375,0.001251
setb_neu_082,neutral_control,B_neutral,6,0.4375,0.001142
setb_neu_082,neutral_control,B_neutral,7,0.5,0.001307
setb_neu_082,neutral_control,B_neutral,8,0.5625,0.002517
setb_neu_082,neutral_control,B_neutral,9,0.625,0.002828
setb_neu_082,neutral_control,B_neutral,10,0.6875,0.002371
setb_neu_082,neutral_control,B_neutral,11,0.75,0.002771
setb_neu_082,neutral_control,B_neutral,12,0.8125,0.003095
setb_neu_082,neutral_control,B_neutral,13,0.875,0.001856
setb_neu_082,neutral_control,B_neutral,14,0.9375,0.001595
setb_neu_082,neutral_control,B_neutral,15,1.0,0.00132
setb_neu_083,neutral_control,B_neutral,0,0.0625,0.000201
setb_neu_083,neutral_control,B_neutral,1,0.125,0.000017
setb_neu_083,neutral_control,B_neutral,2,0.1875,0.001138
setb_neu_083,neutral_control,B_neutral,3,0.25,0.001557
setb_neu_083,neutral_control,B_neutral,4,0.3125,0.003263
setb_neu_083,neutral_control,B_neutral,5,0.375,0.005062
setb_neu_083,neutral_control,B_neutral,6,0.4375,0.005528
setb_neu_083,neutral_control,B_neutral,7,0.5,0.004254
setb_neu_083,neutral_control,B_neutral,8,0.5625,0.001784
setb_neu_083,neutral_control,B_neutral,9,0.625,0.000338
setb_neu_083,neutral_control,B_neutral,10,0.6875,0.000224
setb_neu_083,neutral_control,B_neutral,11,0.75,0.000588
setb_neu_083,neutral_control,B_neutral,12,0.8125,0.000437
setb_neu_083,neutral_control,B_neutral,13,0.875,0.000442
setb_neu_083,neutral_control,B_neutral,14,0.9375,0.000431
setb_neu_083,neutral_control,B_neutral,15,1.0,0.000366
setb_neu_084,neutral_control,B_neutral,0,0.0625,0.005032
setb_neu_084,neutral_control,B_neutral,1,0.125,0.001527
setb_neu_084,neutral_control,B_neutral,2,0.1875,0.000171
setb_neu_084,neutral_control,B_neutral,3,0.25,0.000375
setb_neu_084,neutral_control,B_neutral,4,0.3125,0.000203
setb_neu_084,neutral_control,B_neutral,5,0.375,0.00002
setb_neu_084,neutral_control,B_neutral,6,0.4375,0.000034
setb_neu_084,neutral_control,B_neutral,7,0.5,0.000059
setb_neu_084,neutral_control,B_neutral,8,0.5625,0.000093
setb_neu_084,neutral_control,B_neutral,9,0.625,0.000059
setb_neu_084,neutral_control,B_neutral,10,0.6875,0.000019
setb_neu_084,neutral_control,B_neutral,11,0.75,0.000089
setb_neu_084,neutral_control,B_neutral,12,0.8125,0.000027
setb_neu_084,neutral_control,B_neutral,13,0.875,0.000201
setb_neu_084,neutral_control,B_neutral,14,0.9375,0.000261
setb_neu_084,neutral_control,B_neutral,15,1.0,0.000452
setb_neu_085,neutral_control,B_neutral,0,0.0625,0.001966
setb_neu_085,neutral_control,B_neutral,1,0.125,0.005879
setb_neu_085,neutral_control,B_neutral,2,0.1875,0.001218
setb_neu_085,neutral_control,B_neutral,3,0.25,0.001163
setb_neu_085,neutral_control,B_neutral,4,0.3125,0.00041
setb_neu_085,neutral_control,B_neutral,5,0.375,0.000275
setb_neu_085,neutral_control,B_neutral,6,0.4375,0.000815
setb_neu_085,neutral_control,B_neutral,7,0.5,0.002517
setb_neu_085,neutral_control,B_neutral,8,0.5625,0.000172
setb_neu_085,neutral_control,B_neutral,9,0.625,0.000576
setb_neu_085,neutral_control,B_neutral,10,0.6875,0.000181
setb_neu_085,neutral_control,B_neutral,11,0.75,0.000222
setb_neu_085,neutral_control,B_neutral,12,0.8125,0.000146
setb_neu_085,neutral_control,B_neutral,13,0.875,0.000322
setb_neu_085,neutral_control,B_neutral,14,0.9375,0.00027
setb_neu_085,neutral_control,B_neutral,15,1.0,0.000252
setb_neu_086,neutral_control,B_neutral,0,0.0625,0.0
setb_neu_086,neutral_control,B_neutral,1,0.125,0.0
setb_neu_086,neutral_control,B_neutral,2,0.1875,0.0
setb_neu_086,neutral_control,B_neutral,3,0.25,3e-6
setb_neu_086,neutral_control,B_neutral,4,0.3125,1e-6
setb_neu_086,neutral_control,B_neutral,5,0.375,1e-6
setb_neu_086,neutral_control,B_neutral,6,0.4375,0.0
setb_neu_086,neutral_control,B_neutral,7,0.5,0.0
setb_neu_086,neutral_control,B_neutral,8,0.5625,0.0
setb_neu_086,neutral_control,B_neutral,9,0.625,0.0
setb_neu_086,neutral_control,B_neutral,10,0.6875,0.0
setb_neu_086,neutral_control,B_neutral,11,0.75,0.0
setb_neu_086,neutral_control,B_neutral,12,0.8125,0.0
setb_neu_086,neutral_control,B_neutral,13,0.875,0.0
setb_neu_086,neutral_control,B_neutral,14,0.9375,0.0
setb_neu_086,neutral_control,B_neutral,15,1.0,0.0
setb_neu_087,neutral_control,B_neutral,0,0.0625,0.0
setb_neu_087,neutral_control,B_neutral,1,0.125,2e-6
setb_neu_087,neutral_control,B_neutral,2,0.1875,0.0
setb_neu_087,neutral_control,B_neutral,3,0.25,2e-6
setb_neu_087,neutral_control,B_neutral,4,0.3125,0.0
setb_neu_087,neutral_control,B_neutral,5,0.375,2e-6
setb_neu_087,neutral_control,B_neutral,6,0.4375,1e-6
setb_neu_087,neutral_control,B_neutral,7,0.5,1e-6
setb_neu_087,neutral_control,B_neutral,8,0.5625,1e-6
setb_neu_087,neutral_control,B_neutral,9,0.625,4e-6
setb_neu_087,neutral_control,B_neutral,10,0.6875,2e-6
setb_neu_087,neutral_control,B_neutral,11,0.75,9e-6
setb_neu_087,neutral_control,B_neutral,12,0.8125,0.000013
setb_neu_087,neutral_control,B_neutral,13,0.875,0.000015
setb_neu_087,neutral_control,B_neutral,14,0.9375,0.000021
setb_neu_087,neutral_control,B_neutral,15,1.0,0.000019
setb_neu_088,neutral_control,B_neutral,0,0.0625,0.000077
setb_neu_088,neutral_control,B_neutral,1,0.125,0.000016
setb_neu_088,neutral_control,B_neutral,2,0.1875,2e-6
setb_neu_088,neutral_control,B_neutral,3,0.25,1e-6
setb_neu_088,neutral_control,B_neutral,4,0.3125,2e-6
setb_neu_088,neutral_control,B_neutral,5,0.375,2e-6
setb_neu_088,neutral_control,B_neutral,6,0.4375,4e-6
setb_neu_088,neutral_control,B_neutral,7,0.5,6e-6
setb_neu_088,neutral_control,B_neutral,8,0.5625,0.000013
setb_neu_088,neutral_control,B_neutral,9,0.625,0.000034
setb_neu_088,neutral_control,B_neutral,10,0.6875,0.000046
setb_neu_088,neutral_control,B_neutral,11,0.75,0.000069
setb_neu_088,neutral_control,B_neutral,12,0.8125,0.000052
setb_neu_088,neutral_control,B_neutral,13,0.875,0.000024
setb_neu_088,neutral_control,B_neutral,14,0.9375,0.000053
setb_neu_088,neutral_control,B_neutral,15,1.0,0.000056
setb_neu_089,neutral_control,B_neutral,0,0.0625,0.000023
setb_neu_089,neutral_control,B_neutral,1,0.125,0.000022
setb_neu_089,neutral_control,B_neutral,2,0.1875,0.000754
setb_neu_089,neutral_control,B_neutral,3,0.25,0.0003
setb_neu_089,neutral_control,B_neutral,4,0.3125,0.000334
setb_neu_089,neutral_control,B_neutral,5,0.375,0.000195
setb_neu_089,neutral_control,B_neutral,6,0.4375,0.000165
setb_neu_089,neutral_control,B_neutral,7,0.5,0.000283
setb_neu_089,neutral_control,B_neutral,8,0.5625,0.000354
setb_neu_089,neutral_control,B_neutral,9,0.625,0.000583
setb_neu_089,neutral_control,B_neutral,10,0.6875,0.000536
setb_neu_089,neutral_control,B_neutral,11,0.75,0.000683
setb_neu_089,neutral_control,B_neutral,12,0.8125,0.000417
setb_neu_089,neutral_control,B_neutral,13,0.875,0.000217
setb_neu_089,neutral_control,B_neutral,14,0.9375,0.000295
setb_neu_089,neutral_control,B_neutral,15,1.0,0.000391
setb_neu_090,neutral_control,B_neutral,0,0.0625,0.00294
setb_neu_090,neutral_control,B_neutral,1,0.125,0.00022
setb_neu_090,neutral_control,B_neutral,2,0.1875,0.000143
setb_neu_090,neutral_control,B_neutral,3,0.25,0.000386
setb_neu_090,neutral_control,B_neutral,4,0.3125,0.000186
setb_neu_090,neutral_control,B_neutral,5,0.375,0.000079
setb_neu_090,neutral_control,B_neutral,6,0.4375,0.000018
setb_neu_090,neutral_control,B_neutral,7,0.5,0.00001
setb_neu_090,neutral_control,B_neutral,8,0.5625,6e-6
setb_neu_090,neutral_control,B_neutral,9,0.625,8e-6
setb_neu_090,neutral_control,B_neutral,10,0.6875,0.000015
setb_neu_090,neutral_control,B_neutral,11,0.75,0.000024
setb_neu_090,neutral_control,B_neutral,12,0.8125,0.000019
setb_neu_090,neutral_control,B_neutral,13,0.875,0.000077
setb_neu_090,neutral_control,B_neutral,14,0.9375,0.000082
setb_neu_090,neutral_control,B_neutral,15,1.0,0.000089
setb_neu_091,neutral_control,B_neutral,0,0.0625,0.0
setb_neu_091,neutral_control,B_neutral,1,0.125,0.00005
setb_neu_091,neutral_control,B_neutral,2,0.1875,0.000057
setb_neu_091,neutral_control,B_neutral,3,0.25,0.000258
setb_neu_091,neutral_control,B_neutral,4,0.3125,2e-6
setb_neu_091,neutral_control,B_neutral,5,0.375,0.000042
setb_neu_091,neutral_control,B_neutral,6,0.4375,0.000169
setb_neu_091,neutral_control,B_neutral,7,0.5,6e-6
setb_neu_091,neutral_control,B_neutral,8,0.5625,0.0
setb_neu_091,neutral_control,B_neutral,9,0.625,4e-6
setb_neu_091,neutral_control,B_neutral,10,0.6875,0.000032
setb_neu_091,neutral_control,B_neutral,11,0.75,0.00005
setb_neu_091,neutral_control,B_neutral,12,0.8125,0.000061
setb_neu_091,neutral_control,B_neutral,13,0.875,0.000018
setb_neu_091,neutral_control,B_neutral,14,0.9375,0.000047
setb_neu_091,neutral_control,B_neutral,15,1.0,0.000216
setb_neu_092,neutral_control,B_neutral,0,0.0625,0.000089
setb_neu_092,neutral_control,B_neutral,1,0.125,0.000121
setb_neu_092,neutral_control,B_neutral,2,0.1875,0.000012
setb_neu_092,neutral_control,B_neutral,3,0.25,0.000036
setb_neu_092,neutral_control,B_neutral,4,0.3125,7e-6
setb_neu_092,neutral_control,B_neutral,5,0.375,9e-6
setb_neu_092,neutral_control,B_neutral,6,0.4375,0.000011
setb_neu_092,neutral_control,B_neutral,7,0.5,0.000014
setb_neu_092,neutral_control,B_neutral,8,0.5625,0.000248
setb_neu_092,neutral_control,B_neutral,9,0.625,0.001027
setb_neu_092,neutral_control,B_neutral,10,0.6875,0.001992
setb_neu_092,neutral_control,B_neutral,11,0.75,0.00058
setb_neu_092,neutral_control,B_neutral,12,0.8125,0.00066
setb_neu_092,neutral_control,B_neutral,13,0.875,0.000314
setb_neu_092,neutral_control,B_neutral,14,0.9375,0.000382
setb_neu_092,neutral_control,B_neutral,15,1.0,0.00036
setb_neu_093,neutral_control,B_neutral,0,0.0625,0.011767
setb_neu_093,neutral_control,B_neutral,1,0.125,0.004436
setb_neu_093,neutral_control,B_neutral,2,0.1875,0.000843
setb_neu_093,neutral_control,B_neutral,3,0.25,0.001076
setb_neu_093,neutral_control,B_neutral,4,0.3125,0.002605
setb_neu_093,neutral_control,B_neutral,5,0.375,0.000743
setb_neu_093,neutral_control,B_neutral,6,0.4375,0.000575
setb_neu_093,neutral_control,B_neutral,7,0.5,0.000575
setb_neu_093,neutral_control,B_neutral,8,0.5625,0.000174
setb_neu_093,neutral_control,B_neutral,9,0.625,0.000231
setb_neu_093,neutral_control,B_neutral,10,0.6875,0.000258
setb_neu_093,neutral_control,B_neutral,11,0.75,0.000429
setb_neu_093,neutral_control,B_neutral,12,0.8125,0.000151
setb_neu_093,neutral_control,B_neutral,13,0.875,0.000087
setb_neu_093,neutral_control,B_neutral,14,0.9375,0.00007
setb_neu_093,neutral_control,B_neutral,15,1.0,0.000083
setb_neu_094,neutral_control,B_neutral,0,0.0625,0.007755
setb_neu_094,neutral_control,B_neutral,1,0.125,0.004473
setb_neu_094,neutral_control,B_neutral,2,0.1875,0.001053
setb_neu_094,neutral_control,B_neutral,3,0.25,0.001035
setb_neu_094,neutral_control,B_neutral,4,0.3125,0.000358
setb_neu_094,neutral_control,B_neutral,5,0.375,0.000027
setb_neu_094,neutral_control,B_neutral,6,0.4375,0.000204
setb_neu_094,neutral_control,B_neutral,7,0.5,0.000033
setb_neu_094,neutral_control,B_neutral,8,0.5625,0.000076
setb_neu_094,neutral_control,B_neutral,9,0.625,0.000777
setb_neu_094,neutral_control,B_neutral,10,0.6875,0.000991
setb_neu_094,neutral_control,B_neutral,11,0.75,0.000551
setb_neu_094,neutral_control,B_neutral,12,0.8125,0.000288
setb_neu_094,neutral_control,B_neutral,13,0.875,0.000524
setb_neu_094,neutral_control,B_neutral,14,0.9375,0.000362
setb_neu_094,neutral_control,B_neutral,15,1.0,0.000329
setb_neu_095,neutral_control,B_neutral,0,0.0625,0.000762
setb_neu_095,neutral_control,B_neutral,1,0.125,0.000346
setb_neu_095,neutral_control,B_neutral,2,0.1875,0.000105
setb_neu_095,neutral_control,B_neutral,3,0.25,0.00002
setb_neu_095,neutral_control,B_neutral,4,0.3125,0.00002
setb_neu_095,neutral_control,B_neutral,5,0.375,0.000013
setb_neu_095,neutral_control,B_neutral,6,0.4375,3e-6
setb_neu_095,neutral_control,B_neutral,7,0.5,0.000017
setb_neu_095,neutral_control,B_neutral,8,0.5625,6e-6
setb_neu_095,neutral_control,B_neutral,9,0.625,0.000015
setb_neu_095,neutral_control,B_neutral,10,0.6875,5e-6
setb_neu_095,neutral_control,B_neutral,11,0.75,2e-6
setb_neu_095,neutral_control,B_neutral,12,0.8125,1e-6
setb_neu_095,neutral_control,B_neutral,13,0.875,1e-6
setb_neu_095,neutral_control,B_neutral,14,0.9375,1e-6
setb_neu_095,neutral_control,B_neutral,15,1.0,1e-6
