layer,norm_depth,model_key,act_type,condition,auroc_mean,auroc_std,acc_mean,acc_std
0,0.0625,llama1b_inst,h,within_A,0.7848214285714287,0.0259389982970249,0.4375,0.08838834764831845
1,0.125,llama1b_inst,h,within_A,0.8205357142857143,0.047531541622164865,0.4,0.049999999999999996
2,0.1875,llama1b_inst,h,within_A,0.8383928571428572,0.022124128023864053,0.4875,0.024999999999999998
3,0.25,llama1b_inst,h,within_A,0.8732142857142857,0.03948811497767139,0.4875,0.046770717334674264
4,0.3125,llama1b_inst,h,within_A,0.8696428571428572,0.027865154525584364,0.525,0.08477912478906585
5,0.375,llama1b_inst,h,within_A,0.90625,0.02603103524484507,0.5875,0.049999999999999996
6,0.4375,llama1b_inst,h,within_A,0.925,0.023351244340396496,0.6125,0.12747548783981963
7,0.5,llama1b_inst,h,within_A,0.9419642857142858,0.032561754515732996,0.6625,0.1457737973711325
8,0.5625,llama1b_inst,h,within_A,0.9875,0.011777594605600815,0.8375,0.1159202311936963
9,0.625,llama1b_inst,h,within_A,0.9955357142857142,0.0056469243931578355,0.9,0.0637377439199098
10,0.6875,llama1b_inst,h,within_A,0.9964285714285716,0.0033407655239052927,0.9125,0.0637377439199098
11,0.75,llama1b_inst,h,within_A,0.9991071428571429,0.0017857142857142794,0.9125,0.0637377439199098
12,0.8125,llama1b_inst,h,within_A,0.9982142857142857,0.0021870444131992586,0.9,0.1015504800579495
13,0.875,llama1b_inst,h,within_A,0.9991071428571429,0.0017857142857142794,0.9125,0.09354143466934853
14,0.9375,llama1b_inst,h,within_A,0.9991071428571429,0.0017857142857142794,0.95,0.06123724356957945
15,1.0,llama1b_inst,h,within_A,0.9991071428571429,0.0017857142857142794,0.925,0.07288689868556626
0,0.0625,llama1b_inst,h,within_B_clinical,0.8460069444444445,0.07089243057272812,0.45736842105263154,0.060569778445540234
1,0.125,llama1b_inst,h,within_B_clinical,0.9012663398692811,0.07009027978834709,0.6647368421052631,0.10588762139953363
2,0.1875,llama1b_inst,h,within_B_clinical,0.909313725490196,0.0736140622821582,0.6652631578947369,0.12497534382868068
3,0.25,llama1b_inst,h,within_B_clinical,0.9103962418300654,0.07371387905001081,0.6757894736842106,0.06536494608951592
4,0.3125,llama1b_inst,h,within_B_clinical,0.907843137254902,0.06757099181708923,0.6342105263157894,0.07824246709115004
5,0.375,llama1b_inst,h,within_B_clinical,0.9105698529411764,0.05426068026896338,0.6136842105263158,0.0819161114035525
6,0.4375,llama1b_inst,h,within_B_clinical,0.8935355392156863,0.04783043648971054,0.5931578947368421,0.04376973239219325
7,0.5,llama1b_inst,h,within_B_clinical,0.9031862745098038,0.03012703209551959,0.6452631578947369,0.027368421052631577
8,0.5625,llama1b_inst,h,within_B_clinical,0.9233864379084966,0.031186735777452342,0.6131578947368421,0.06842105263157894
9,0.625,llama1b_inst,h,within_B_clinical,0.9334558823529413,0.02364029034945664,0.6573684210526316,0.09762271203883433
10,0.6875,llama1b_inst,h,within_B_clinical,0.9314644607843137,0.022239059763115975,0.6563157894736842,0.05272623067944501
11,0.75,llama1b_inst,h,within_B_clinical,0.9305044934640524,0.02378158462356092,0.6563157894736842,0.05272623067944501
12,0.8125,llama1b_inst,h,within_B_clinical,0.9217422385620914,0.03077077387302367,0.6663157894736842,0.05526065157223867
13,0.875,llama1b_inst,h,within_B_clinical,0.9153288398692808,0.030456222365015235,0.6347368421052633,0.08378841575634695
14,0.9375,llama1b_inst,h,within_B_clinical,0.9061478758169933,0.03478006943630706,0.6447368421052632,0.0934117860489413
15,1.0,llama1b_inst,h,within_B_clinical,0.9088643790849673,0.0363692792701177,0.6457894736842105,0.09042221676843894
0,0.0625,llama1b_inst,h,A_to_B,0.5303819444444444,NaN,0.125,
0,0.0625,llama1b_inst,h,B_to_A,0.5214285714285714,NaN,0.15,
1,0.125,llama1b_inst,h,A_to_B,0.5372023809523809,NaN,0.10416666666666667,
1,0.125,llama1b_inst,h,B_to_A,0.5233928571428571,NaN,0.125,
2,0.1875,llama1b_inst,h,A_to_B,0.5706845238095237,NaN,0.13541666666666666,
2,0.1875,llama1b_inst,h,B_to_A,0.5239285714285714,NaN,0.1375,
3,0.25,llama1b_inst,h,A_to_B,0.566468253968254,NaN,0.16666666666666666,
3,0.25,llama1b_inst,h,B_to_A,0.5196428571428571,NaN,0.15,
4,0.3125,llama1b_inst,h,A_to_B,0.5405505952380952,NaN,0.1875,
4,0.3125,llama1b_inst,h,B_to_A,0.5064285714285715,NaN,0.125,
5,0.375,llama1b_inst,h,A_to_B,0.5665922619047619,NaN,0.14583333333333334,
5,0.375,llama1b_inst,h,B_to_A,0.5166071428571428,NaN,0.125,
6,0.4375,llama1b_inst,h,A_to_B,0.5509672619047619,NaN,0.13541666666666666,
6,0.4375,llama1b_inst,h,B_to_A,0.48946428571428574,NaN,0.15,
7,0.5,llama1b_inst,h,A_to_B,0.5906498015873016,NaN,0.14583333333333334,
7,0.5,llama1b_inst,h,B_to_A,0.50125,NaN,0.15,
8,0.5625,llama1b_inst,h,A_to_B,0.6789434523809524,NaN,0.2604166666666667,
8,0.5625,llama1b_inst,h,B_to_A,0.5923214285714286,NaN,0.175,
9,0.625,llama1b_inst,h,A_to_B,0.7517361111111112,NaN,0.3125,
9,0.625,llama1b_inst,h,B_to_A,0.7278571428571429,NaN,0.225,
10,0.6875,llama1b_inst,h,A_to_B,0.7735615079365079,NaN,0.34375,
10,0.6875,llama1b_inst,h,B_to_A,0.7616071428571428,NaN,0.35,
11,0.75,llama1b_inst,h,A_to_B,0.8049355158730158,NaN,0.375,
11,0.75,llama1b_inst,h,B_to_A,0.8341071428571429,NaN,0.45,
12,0.8125,llama1b_inst,h,A_to_B,0.8092757936507936,NaN,0.3645833333333333,
12,0.8125,llama1b_inst,h,B_to_A,0.8676785714285714,NaN,0.4,
13,0.875,llama1b_inst,h,A_to_B,0.8074156746031745,NaN,0.4270833333333333,
13,0.875,llama1b_inst,h,B_to_A,0.9076785714285714,NaN,0.5375,
14,0.9375,llama1b_inst,h,A_to_B,0.8048115079365079,NaN,0.4270833333333333,
14,0.9375,llama1b_inst,h,B_to_A,0.906607142857143,NaN,0.525,
15,1.0,llama1b_inst,h,A_to_B,0.8082837301587302,NaN,0.4583333333333333,
15,1.0,llama1b_inst,h,B_to_A,0.9235714285714285,NaN,0.5875,
0,0.0625,llama1b_inst,a,within_A,0.7991071428571427,0.03912303982179758,0.4375,0.10458250331675945
1,0.125,llama1b_inst,a,within_A,0.8294642857142858,0.03946792161660779,0.45,0.07288689868556625
2,0.1875,llama1b_inst,a,within_A,0.8392857142857142,0.012626906806902606,0.5,0.03952847075210474
3,0.25,llama1b_inst,a,within_A,0.9107142857142858,0.03713684704122399,0.575,0.08291561975888499
4,0.3125,llama1b_inst,a,within_A,0.8517857142857143,0.01582146888095479,0.5125,0.12119199643540823
5,0.375,llama1b_inst,a,within_A,0.91875,0.023007319154866313,0.625,0.03952847075210474
6,0.4375,llama1b_inst,a,within_A,0.9410714285714284,0.035535265610950724,0.725,0.1286953767623375
7,0.5,llama1b_inst,a,within_A,0.9696428571428571,0.019024353350591543,0.7625,0.09185586535436918
8,0.5625,llama1b_inst,a,within_A,0.9892857142857142,0.010412414097937998,0.875,0.10458250331675945
9,0.625,llama1b_inst,a,within_A,0.99375,0.0066815310478105855,0.875,0.07905694150420949
10,0.6875,llama1b_inst,a,within_A,0.9973214285714285,0.005357142857142882,0.875,0.06846531968814576
11,0.75,llama1b_inst,a,within_A,1.0,0.0,0.95,0.06123724356957945
12,0.8125,llama1b_inst,a,within_A,0.9973214285714285,0.003571428571428559,0.9125,0.03061862178478973
13,0.875,llama1b_inst,a,within_A,1.0,0.0,0.95,0.07288689868556626
14,0.9375,llama1b_inst,a,within_A,1.0,0.0,0.975,0.03061862178478973
15,1.0,llama1b_inst,a,within_A,1.0,0.0,0.95,0.024999999999999998
0,0.0625,llama1b_inst,a,within_B_clinical,0.8406862745098038,0.05412051783777064,0.4894736842105263,0.021052631578947368
1,0.125,llama1b_inst,a,within_B_clinical,0.8838031045751633,0.07290182997478245,0.6026315789473684,0.11177242411365948
2,0.1875,llama1b_inst,a,within_B_clinical,0.8969975490196077,0.07465819393503113,0.591578947368421,0.17352784029469373
3,0.25,llama1b_inst,a,within_B_clinical,0.8892258986928103,0.06226352898020319,0.6242105263157894,0.055660227648009625
4,0.3125,llama1b_inst,a,within_B_clinical,0.9267054738562092,0.060785413540831106,0.6557894736842107,0.030069172330706745
5,0.375,llama1b_inst,a,within_B_clinical,0.8953431372549019,0.047434881233502466,0.5826315789473684,0.0515574606158251
6,0.4375,llama1b_inst,a,within_B_clinical,0.8884906045751633,0.04933315182174114,0.6563157894736842,0.070683250375577
7,0.5,llama1b_inst,a,within_B_clinical,0.9171977124183007,0.02652990116499021,0.6347368421052632,0.07689255733789335
8,0.5625,llama1b_inst,a,within_B_clinical,0.9270220588235294,0.02591513377346781,0.5621052631578947,0.05593823265510073
9,0.625,llama1b_inst,a,within_B_clinical,0.9260416666666667,0.00963462513114672,0.6568421052631578,0.048283557647072484
10,0.6875,llama1b_inst,a,within_B_clinical,0.9303921568627451,0.011688263320413663,0.6657894736842105,0.07424597884034674
11,0.75,llama1b_inst,a,within_B_clinical,0.8731004901960784,0.030803714459307997,0.5410526315789473,0.0647518168388619
12,0.8125,llama1b_inst,a,within_B_clinical,0.8952103758169934,0.020709600888247682,0.5826315789473684,0.08420394711141084
13,0.875,llama1b_inst,a,within_B_clinical,0.8950265522875818,0.03948951346144372,0.5826315789473684,0.07734514508451094
14,0.9375,llama1b_inst,a,within_B_clinical,0.9179227941176471,0.03525606651506878,0.6668421052631579,0.10226791169165846
15,1.0,llama1b_inst,a,within_B_clinical,0.8976919934640524,0.04432444374996916,0.5936842105263158,0.1019695245331565
0,0.0625,llama1b_inst,a,A_to_B,0.5487351190476191,NaN,0.10416666666666667,
0,0.0625,llama1b_inst,a,B_to_A,0.53,NaN,0.1375,
1,0.125,llama1b_inst,a,A_to_B,0.5636160714285714,NaN,0.125,
1,0.125,llama1b_inst,a,B_to_A,0.5128571428571429,NaN,0.1,
2,0.1875,llama1b_inst,a,A_to_B,0.5933779761904763,NaN,0.15625,
2,0.1875,llama1b_inst,a,B_to_A,0.5441071428571428,NaN,0.1125,
3,0.25,llama1b_inst,a,A_to_B,0.603546626984127,NaN,0.17708333333333334,
3,0.25,llama1b_inst,a,B_to_A,0.5487500000000001,NaN,0.1375,
4,0.3125,llama1b_inst,a,A_to_B,0.5796130952380952,NaN,0.22916666666666666,
4,0.3125,llama1b_inst,a,B_to_A,0.5341071428571429,NaN,0.15,
5,0.375,llama1b_inst,a,A_to_B,0.5853174603174602,NaN,0.125,
5,0.375,llama1b_inst,a,B_to_A,0.5348214285714286,NaN,0.075,
6,0.4375,llama1b_inst,a,A_to_B,0.6049107142857143,NaN,0.19791666666666666,
6,0.4375,llama1b_inst,a,B_to_A,0.5158928571428572,NaN,0.0875,
7,0.5,llama1b_inst,a,A_to_B,0.5926339285714286,NaN,0.14583333333333334,
7,0.5,llama1b_inst,a,B_to_A,0.5658928571428572,NaN,0.1125,
8,0.5625,llama1b_inst,a,A_to_B,0.6987847222222223,NaN,0.3229166666666667,
8,0.5625,llama1b_inst,a,B_to_A,0.6598214285714286,NaN,0.225,
9,0.625,llama1b_inst,a,A_to_B,0.7281746031746033,NaN,0.28125,
9,0.625,llama1b_inst,a,B_to_A,0.7758928571428572,NaN,0.325,
10,0.6875,llama1b_inst,a,A_to_B,0.6770833333333333,NaN,0.23958333333333334,
10,0.6875,llama1b_inst,a,B_to_A,0.69625,NaN,0.2,
11,0.75,llama1b_inst,a,A_to_B,0.7161458333333334,NaN,0.2604166666666667,
11,0.75,llama1b_inst,a,B_to_A,0.8246428571428571,NaN,0.45,
12,0.8125,llama1b_inst,a,A_to_B,0.6493055555555556,NaN,0.23958333333333334,
12,0.8125,llama1b_inst,a,B_to_A,0.7053571428571429,NaN,0.3375,
13,0.875,llama1b_inst,a,A_to_B,0.8260168650793651,NaN,0.4479166666666667,
13,0.875,llama1b_inst,a,B_to_A,0.9342857142857143,NaN,0.5375,
14,0.9375,llama1b_inst,a,A_to_B,0.7254464285714286,NaN,0.2708333333333333,
14,0.9375,llama1b_inst,a,B_to_A,0.7326785714285715,NaN,0.275,
15,1.0,llama1b_inst,a,A_to_B,0.7248263888888888,NaN,0.2604166666666667,
15,1.0,llama1b_inst,a,B_to_A,0.7255357142857143,NaN,0.3125,
0,0.0625,llama1b_inst,m,within_A,0.7910714285714285,0.03439528622188967,0.4375,0.03952847075210474
1,0.125,llama1b_inst,m,within_A,0.7767857142857143,0.05532833351724883,0.4125,0.08477912478906585
2,0.1875,llama1b_inst,m,within_A,0.8196428571428571,0.02161378292305394,0.475,0.08477912478906585
3,0.25,llama1b_inst,m,within_A,0.8982142857142857,0.032365301714985494,0.55,0.06123724356957946
4,0.3125,llama1b_inst,m,within_A,0.8830357142857143,0.019844741759725826,0.5625,0.10458250331675945
5,0.375,llama1b_inst,m,within_A,0.8973214285714285,0.022410536425019906,0.6,0.030618621784789725
6,0.4375,llama1b_inst,m,within_A,0.9383928571428571,0.028710598555024155,0.65,0.1286953767623375
7,0.5,llama1b_inst,m,within_A,0.9455357142857143,0.030330870984755405,0.675,0.07288689868556626
8,0.5625,llama1b_inst,m,within_A,0.9883928571428571,0.010412414097938003,0.8375,0.1159202311936963
9,0.625,llama1b_inst,m,within_A,0.9928571428571429,0.006055651770647563,0.8625,0.11456439237389601
10,0.6875,llama1b_inst,m,within_A,0.9973214285714287,0.0035714285714285587,0.925,0.046770717334674264
11,0.75,llama1b_inst,m,within_A,0.9991071428571429,0.0017857142857142794,0.9,0.0637377439199098
12,0.8125,llama1b_inst,m,within_A,0.9982142857142857,0.0035714285714285587,0.9,0.1015504800579495
13,0.875,llama1b_inst,m,within_A,0.9982142857142857,0.0035714285714285587,0.925,0.07288689868556626
14,0.9375,llama1b_inst,m,within_A,1.0,0.0,0.925,0.07288689868556626
15,1.0,llama1b_inst,m,within_A,0.9991071428571429,0.0017857142857142794,0.9375,0.05590169943749474
0,0.0625,llama1b_inst,m,within_B_clinical,0.8346915849673202,0.07164943160404327,0.4473684210526316,0.04707511531578505
1,0.125,llama1b_inst,m,within_B_clinical,0.8881331699346406,0.06672517310668909,0.6236842105263157,0.0940030057867987
2,0.1875,llama1b_inst,m,within_B_clinical,0.9032781862745098,0.07152566206702529,0.6536842105263159,0.1598614358447969
3,0.25,llama1b_inst,m,within_B_clinical,0.8999080882352942,0.07828532664759008,0.6852631578947369,0.11241001325652628
4,0.3125,llama1b_inst,m,within_B_clinical,0.9204963235294118,0.0630345419022218,0.6231578947368421,0.09447918177817634
5,0.375,llama1b_inst,m,within_B_clinical,0.9021037581699346,0.06362050876671548,0.5826315789473684,0.06981574483701235
6,0.4375,llama1b_inst,m,within_B_clinical,0.8962111928104575,0.050084698009151093,0.6031578947368421,0.058759097839801516
7,0.5,llama1b_inst,m,within_B_clinical,0.9048100490196077,0.03357130242235381,0.6342105263157894,0.07824246709115004
8,0.5625,llama1b_inst,m,within_B_clinical,0.9130718954248367,0.02946052758611801,0.6026315789473684,0.0764517844543892
9,0.625,llama1b_inst,m,within_B_clinical,0.9551981209150326,0.016640056842468977,0.698421052631579,0.05793300170870321
10,0.6875,llama1b_inst,m,within_B_clinical,0.9424325980392159,0.013405120733154,0.6568421052631578,0.048283557647072484
11,0.75,llama1b_inst,m,within_B_clinical,0.9331495098039214,0.02119482548365933,0.6568421052631578,0.048283557647072484
12,0.8125,llama1b_inst,m,within_B_clinical,0.9115093954248366,0.038549342804940136,0.6773684210526316,0.1007946267749606
13,0.875,llama1b_inst,m,within_B_clinical,0.9090379901960783,0.02990726533027978,0.6657894736842105,0.0997226069552443
14,0.9375,llama1b_inst,m,within_B_clinical,0.8963031045751635,0.03635314529573614,0.6657894736842105,0.07424597884034678
15,1.0,llama1b_inst,m,within_B_clinical,0.9096507352941176,0.030148740089417297,0.6147368421052631,0.08436827330321633
0,0.0625,llama1b_inst,m,A_to_B,0.525421626984127,NaN,0.125,
0,0.0625,llama1b_inst,m,B_to_A,0.5358928571428572,NaN,0.1375,
1,0.125,llama1b_inst,m,A_to_B,0.5390625,NaN,0.125,
1,0.125,llama1b_inst,m,B_to_A,0.5221428571428572,NaN,0.125,
2,0.1875,llama1b_inst,m,A_to_B,0.5569196428571428,NaN,0.14583333333333334,
2,0.1875,llama1b_inst,m,B_to_A,0.5107142857142857,NaN,0.1,
3,0.25,llama1b_inst,m,A_to_B,0.5729166666666666,NaN,0.15625,
3,0.25,llama1b_inst,m,B_to_A,0.5241071428571429,NaN,0.1625,
4,0.3125,llama1b_inst,m,A_to_B,0.5558035714285714,NaN,0.1875,
4,0.3125,llama1b_inst,m,B_to_A,0.5173214285714285,NaN,0.15,
5,0.375,llama1b_inst,m,A_to_B,0.5787450396825397,NaN,0.13541666666666666,
5,0.375,llama1b_inst,m,B_to_A,0.5244642857142857,NaN,0.1375,
6,0.4375,llama1b_inst,m,A_to_B,0.5673363095238095,NaN,0.15625,
6,0.4375,llama1b_inst,m,B_to_A,0.5233928571428572,NaN,0.1375,
7,0.5,llama1b_inst,m,A_to_B,0.548611111111111,NaN,0.13541666666666666,
7,0.5,llama1b_inst,m,B_to_A,0.4903571428571429,NaN,0.0875,
8,0.5625,llama1b_inst,m,A_to_B,0.642609126984127,NaN,0.25,
8,0.5625,llama1b_inst,m,B_to_A,0.5651785714285714,NaN,0.1625,
9,0.625,llama1b_inst,m,A_to_B,0.7163938492063493,NaN,0.3229166666666667,
9,0.625,llama1b_inst,m,B_to_A,0.6719642857142857,NaN,0.175,
10,0.6875,llama1b_inst,m,A_to_B,0.7630208333333333,NaN,0.3541666666666667,
10,0.6875,llama1b_inst,m,B_to_A,0.7410714285714286,NaN,0.3125,
11,0.75,llama1b_inst,m,A_to_B,0.8014632936507937,NaN,0.40625,
11,0.75,llama1b_inst,m,B_to_A,0.8007142857142857,NaN,0.3875,
12,0.8125,llama1b_inst,m,A_to_B,0.8096478174603174,NaN,0.3541666666666667,
12,0.8125,llama1b_inst,m,B_to_A,0.8894642857142858,NaN,0.4625,
13,0.875,llama1b_inst,m,A_to_B,0.7963789682539683,NaN,0.3854166666666667,
13,0.875,llama1b_inst,m,B_to_A,0.9069642857142857,NaN,0.5375,
14,0.9375,llama1b_inst,m,A_to_B,0.7971230158730158,NaN,0.3541666666666667,
14,0.9375,llama1b_inst,m,B_to_A,0.9030357142857143,NaN,0.525,
15,1.0,llama1b_inst,m,A_to_B,0.8029513888888888,NaN,0.3854166666666667,
15,1.0,llama1b_inst,m,B_to_A,0.8939285714285714,NaN,0.5,
0,0.0625,llama1b_base,h,within_A,0.7401785714285715,0.04467855715427428,0.375,0.05590169943749474
1,0.125,llama1b_base,h,within_A,0.7910714285714285,0.06051701143868058,0.4,0.10897247358851683
2,0.1875,llama1b_base,h,within_A,0.8375,0.004552695994279295,0.45,0.11456439237389598
3,0.25,llama1b_base,h,within_A,0.8839285714285715,0.018514679779756876,0.5125,0.10752906583803283
4,0.3125,llama1b_base,h,within_A,0.86875,0.04829688691535183,0.55,0.16488632447841148
5,0.375,llama1b_base,h,within_A,0.8946428571428571,0.017081362919383045,0.5,0.125
6,0.4375,llama1b_base,h,within_A,0.9544642857142858,0.019232731454051803,0.7875,0.049999999999999996
7,0.5,llama1b_base,h,within_A,0.9696428571428571,0.021576867809990324,0.8125,0.10458250331675945
8,0.5625,llama1b_base,h,within_A,0.9848214285714286,0.013716331692622518,0.7875,0.1286953767623375
9,0.625,llama1b_base,h,within_A,0.9928571428571429,0.008280016513835461,0.9125,0.05
10,0.6875,llama1b_base,h,within_A,0.9982142857142857,0.0035714285714285587,0.9,0.05
11,0.75,llama1b_base,h,within_A,1.0,0.0,0.925,0.07288689868556626
12,0.8125,llama1b_base,h,within_A,0.9991071428571429,0.0017857142857142794,0.9375,0.03952847075210474
13,0.875,llama1b_base,h,within_A,1.0,0.0,0.9375,0.03952847075210474
14,0.9375,llama1b_base,h,within_A,1.0,0.0,0.9375,0.03952847075210474
15,1.0,llama1b_base,h,within_A,0.9982142857142857,0.0035714285714285587,0.925,0.06123724356957945
0,0.0625,llama1b_base,h,within_B_clinical,0.8746936274509804,0.038479099321044694,0.5094736842105263,0.08946749204579275
1,0.125,llama1b_base,h,within_B_clinical,0.8969056372549019,0.049565454339336575,0.6126315789473684,0.13437451281880378
2,0.1875,llama1b_base,h,within_B_clinical,0.9047589869281045,0.04117500151376138,0.6236842105263158,0.1102754044197735
3,0.25,llama1b_base,h,within_B_clinical,0.9118668300653594,0.0543674564346612,0.6563157894736842,0.07068325037557703
4,0.3125,llama1b_base,h,within_B_clinical,0.9312908496732026,0.03965797223077094,0.7073684210526315,0.08110046435477147
5,0.375,llama1b_base,h,within_B_clinical,0.9371119281045752,0.03906926897864043,0.6968421052631578,0.09861084992530839
6,0.4375,llama1b_base,h,within_B_clinical,0.9405535130718954,0.029694393548086177,0.6878947368421053,0.07215710775416363
7,0.5,llama1b_base,h,within_B_clinical,0.9508680555555555,0.02220698284712872,0.6768421052631578,0.07058128258627457
8,0.5625,llama1b_base,h,within_B_clinical,0.9541156045751634,0.010226532322057221,0.6878947368421052,0.05468621140151807
9,0.625,llama1b_base,h,within_B_clinical,0.9494383169934639,0.023978497203822044,0.7394736842105263,0.05789473684210524
10,0.6875,llama1b_base,h,within_B_clinical,0.9424428104575163,0.01192456292830565,0.7073684210526315,0.04631578947368423
11,0.75,llama1b_base,h,within_B_clinical,0.9446486928104575,0.010964304551197287,0.7389473684210527,0.05969451317371718
12,0.8125,llama1b_base,h,within_B_clinical,0.9418607026143789,0.017755651259784434,0.7178947368421053,0.05664683809294196
13,0.875,llama1b_base,h,within_B_clinical,0.9392156862745097,0.017532274520730102,0.6968421052631579,0.07274590544493051
14,0.9375,llama1b_base,h,within_B_clinical,0.9432291666666666,0.01838556957151064,0.7068421052631579,0.09414434605825694
15,1.0,llama1b_base,h,within_B_clinical,0.9321078431372548,0.023885743927618785,0.6857894736842105,0.09091105512861643
0,0.0625,llama1b_base,h,A_to_B,0.5701884920634921,NaN,0.10416666666666667,
0,0.0625,llama1b_base,h,B_to_A,0.5676785714285715,NaN,0.1375,
1,0.125,llama1b_base,h,A_to_B,0.5680803571428571,NaN,0.15625,
1,0.125,llama1b_base,h,B_to_A,0.5460714285714285,NaN,0.1125,
2,0.1875,llama1b_base,h,A_to_B,0.5673363095238095,NaN,0.13541666666666666,
2,0.1875,llama1b_base,h,B_to_A,0.5582142857142858,NaN,0.1625,
3,0.25,llama1b_base,h,A_to_B,0.6252480158730159,NaN,0.13541666666666666,
3,0.25,llama1b_base,h,B_to_A,0.5714285714285714,NaN,0.1625,
4,0.3125,llama1b_base,h,A_to_B,0.6376488095238095,NaN,0.14583333333333334,
4,0.3125,llama1b_base,h,B_to_A,0.5394642857142857,NaN,0.1625,
5,0.375,llama1b_base,h,A_to_B,0.6297123015873016,NaN,0.20833333333333334,
5,0.375,llama1b_base,h,B_to_A,0.5539285714285714,NaN,0.1625,
6,0.4375,llama1b_base,h,A_to_B,0.6331845238095238,NaN,0.15625,
6,0.4375,llama1b_base,h,B_to_A,0.5742857142857143,NaN,0.175,
7,0.5,llama1b_base,h,A_to_B,0.6380208333333333,NaN,0.16666666666666666,
7,0.5,llama1b_base,h,B_to_A,0.5685714285714286,NaN,0.1375,
8,0.5625,llama1b_base,h,A_to_B,0.6799355158730158,NaN,0.1875,
8,0.5625,llama1b_base,h,B_to_A,0.6233928571428572,NaN,0.1875,
9,0.625,llama1b_base,h,A_to_B,0.7705853174603174,NaN,0.3020833333333333,
9,0.625,llama1b_base,h,B_to_A,0.7632142857142856,NaN,0.25,
10,0.6875,llama1b_base,h,A_to_B,0.7847222222222222,NaN,0.4479166666666667,
10,0.6875,llama1b_base,h,B_to_A,0.8382142857142856,NaN,0.3875,
11,0.75,llama1b_base,h,A_to_B,0.7919146825396826,NaN,0.4479166666666667,
11,0.75,llama1b_base,h,B_to_A,0.8978571428571429,NaN,0.4625,
12,0.8125,llama1b_base,h,A_to_B,0.8118799603174602,NaN,0.4583333333333333,
12,0.8125,llama1b_base,h,B_to_A,0.9353571428571429,NaN,0.5375,
13,0.875,llama1b_base,h,A_to_B,0.8275049603174603,NaN,0.46875,
13,0.875,llama1b_base,h,B_to_A,0.9535714285714285,NaN,0.5375,
14,0.9375,llama1b_base,h,A_to_B,0.8373015873015873,NaN,0.4791666666666667,
14,0.9375,llama1b_base,h,B_to_A,0.9526785714285714,NaN,0.5375,
15,1.0,llama1b_base,h,A_to_B,0.8518105158730158,NaN,0.5416666666666666,
15,1.0,llama1b_base,h,B_to_A,0.9607142857142856,NaN,0.6125,
0,0.0625,llama1b_base,a,within_A,0.7839285714285714,0.038775090626086514,0.4,0.049999999999999996
1,0.125,llama1b_base,a,within_A,0.8053571428571427,0.02887671719427902,0.3875,0.046770717334674264
2,0.1875,llama1b_base,a,within_A,0.8776785714285713,0.015618621146907088,0.4625,0.0637377439199098
3,0.25,llama1b_base,a,within_A,0.9178571428571429,0.028599316746512445,0.575,0.10752906583803283
4,0.3125,llama1b_base,a,within_A,0.8866071428571429,0.011151782139997122,0.55,0.09999999999999999
5,0.375,llama1b_base,a,within_A,0.88125,0.027750482621285818,0.525,0.08477912478906585
6,0.4375,llama1b_base,a,within_A,0.9660714285714287,0.017313142347915457,0.8125,0.10458250331675945
7,0.5,llama1b_base,a,within_A,0.98125,0.01838505382319109,0.8375,0.1015504800579495
8,0.5625,llama1b_base,a,within_A,0.9866071428571429,0.011641432866433312,0.8375,0.049999999999999996
9,0.625,llama1b_base,a,within_A,0.9946428571428572,0.0071428571428571175,0.95,0.024999999999999998
10,0.6875,llama1b_base,a,within_A,0.9964285714285713,0.0033407655239052927,0.9375,0.03952847075210474
11,0.75,llama1b_base,a,within_A,1.0,0.0,0.9875,0.024999999999999998
12,0.8125,llama1b_base,a,within_A,0.9991071428571429,0.0017857142857142794,0.95,0.024999999999999998
13,0.875,llama1b_base,a,within_A,1.0,0.0,0.9375,0.03952847075210474
14,0.9375,llama1b_base,a,within_A,1.0,0.0,0.975,0.049999999999999996
15,1.0,llama1b_base,a,within_A,1.0,0.0,0.9375,0.03952847075210474
0,0.0625,llama1b_base,a,within_B_clinical,0.8705065359477124,0.04041948215730512,0.5621052631578947,0.0803317222245849
1,0.125,llama1b_base,a,within_B_clinical,0.8965686274509803,0.04263858431548676,0.6557894736842105,0.05585894383756461
2,0.1875,llama1b_base,a,within_B_clinical,0.8987234477124183,0.04452548325797761,0.5842105263157895,0.10578816443285148
3,0.25,llama1b_base,a,within_B_clinical,0.9010110294117647,0.05153769114413158,0.6036842105263157,0.03085126503105861
4,0.3125,llama1b_base,a,within_B_clinical,0.952062908496732,0.03431541839992132,0.7494736842105263,0.09162128482942712
5,0.375,llama1b_base,a,within_B_clinical,0.9148999183006536,0.04380415142362548,0.6557894736842105,0.06502503246939155
6,0.4375,llama1b_base,a,within_B_clinical,0.9462622549019606,0.021087113108923937,0.7489473684210526,0.08602647276635544
7,0.5,llama1b_base,a,within_B_clinical,0.9525531045751634,0.029123722154908844,0.6978947368421051,0.07718022223083519
8,0.5625,llama1b_base,a,within_B_clinical,0.9510825163398693,0.017522289831127486,0.7289473684210527,0.07041625347505079
9,0.625,llama1b_base,a,within_B_clinical,0.9517156862745099,0.02128250822412794,0.7705263157894737,0.027770328333206175
10,0.6875,llama1b_base,a,within_B_clinical,0.9641135620915033,0.007640731816941843,0.6773684210526316,0.03599014946795527
11,0.75,llama1b_base,a,within_B_clinical,0.891891339869281,0.028117319242320707,0.5094736842105263,0.0830445596771201
12,0.8125,llama1b_base,a,within_B_clinical,0.940247140522876,0.023930234882565914,0.6757894736842105,0.0805521114514063
13,0.875,llama1b_base,a,within_B_clinical,0.9069138071895425,0.026045050561896228,0.6452631578947369,0.07930445558668363
14,0.9375,llama1b_base,a,within_B_clinical,0.9332720588235294,0.027784730363087554,0.6663157894736843,0.05526065157223867
15,1.0,llama1b_base,a,within_B_clinical,0.9332618464052288,0.03536178687690368,0.6136842105263158,0.04772961704738791
0,0.0625,llama1b_base,a,A_to_B,0.558531746031746,NaN,0.11458333333333333,
0,0.0625,llama1b_base,a,B_to_A,0.5528571428571428,NaN,0.1375,
1,0.125,llama1b_base,a,A_to_B,0.5961061507936508,NaN,0.16666666666666666,
1,0.125,llama1b_base,a,B_to_A,0.5525,NaN,0.1375,
2,0.1875,llama1b_base,a,A_to_B,0.5416666666666667,NaN,0.16666666666666666,
2,0.1875,llama1b_base,a,B_to_A,0.5667857142857143,NaN,0.1625,
3,0.25,llama1b_base,a,A_to_B,0.6416170634920635,NaN,0.17708333333333334,
3,0.25,llama1b_base,a,B_to_A,0.6298214285714285,NaN,0.2125,
4,0.3125,llama1b_base,a,A_to_B,0.6383928571428572,NaN,0.22916666666666666,
4,0.3125,llama1b_base,a,B_to_A,0.5626785714285714,NaN,0.1625,
5,0.375,llama1b_base,a,A_to_B,0.6021825396825398,NaN,0.17708333333333334,
5,0.375,llama1b_base,a,B_to_A,0.6144642857142857,NaN,0.175,
6,0.4375,llama1b_base,a,A_to_B,0.6566220238095238,NaN,0.1875,
6,0.4375,llama1b_base,a,B_to_A,0.6108928571428571,NaN,0.1625,
7,0.5,llama1b_base,a,A_to_B,0.6507936507936508,NaN,0.1875,
7,0.5,llama1b_base,a,B_to_A,0.6039285714285715,NaN,0.1875,
8,0.5625,llama1b_base,a,A_to_B,0.7227182539682538,NaN,0.22916666666666666,
8,0.5625,llama1b_base,a,B_to_A,0.7117857142857144,NaN,0.275,
9,0.625,llama1b_base,a,A_to_B,0.7492559523809523,NaN,0.3854166666666667,
9,0.625,llama1b_base,a,B_to_A,0.7875,NaN,0.3,
10,0.6875,llama1b_base,a,A_to_B,0.7406994047619048,NaN,0.20833333333333334,
10,0.6875,llama1b_base,a,B_to_A,0.8,NaN,0.2375,
11,0.75,llama1b_base,a,A_to_B,0.6086309523809523,NaN,0.16666666666666666,
11,0.75,llama1b_base,a,B_to_A,0.7958928571428572,NaN,0.325,
12,0.8125,llama1b_base,a,A_to_B,0.7203621031746033,NaN,0.21875,
12,0.8125,llama1b_base,a,B_to_A,0.8748214285714285,NaN,0.5125,
13,0.875,llama1b_base,a,A_to_B,0.8121279761904763,NaN,0.4479166666666667,
13,0.875,llama1b_base,a,B_to_A,0.9532142857142857,NaN,0.525,
14,0.9375,llama1b_base,a,A_to_B,0.7808779761904762,NaN,0.2916666666666667,
14,0.9375,llama1b_base,a,B_to_A,0.8773214285714286,NaN,0.4,
15,1.0,llama1b_base,a,A_to_B,0.7921626984126984,NaN,0.3541666666666667,
15,1.0,llama1b_base,a,B_to_A,0.8821428571428571,NaN,0.475,
0,0.0625,llama1b_base,m,within_A,0.7321428571428571,0.04042582650954202,0.35,0.075
1,0.125,llama1b_base,m,within_A,0.7571428571428571,0.08205546593491451,0.3875,0.11456439237389598
2,0.1875,llama1b_base,m,within_A,0.8392857142857142,0.03735089404169981,0.45,0.12119199643540823
3,0.25,llama1b_base,m,within_A,0.9026785714285713,0.013061373962792677,0.575,0.09185586535436917
4,0.3125,llama1b_base,m,within_A,0.9035714285714285,0.03201860906614481,0.55,0.14469796128487783
5,0.375,llama1b_base,m,within_A,0.8821428571428571,0.020084324784289283,0.5125,0.10752906583803283
6,0.4375,llama1b_base,m,within_A,0.9607142857142857,0.02194322451329374,0.8125,0.06846531968814576
7,0.5,llama1b_base,m,within_A,0.96875,0.030670650066638667,0.8,0.11456439237389598
8,0.5625,llama1b_base,m,within_A,0.9866071428571429,0.010180137724099429,0.8,0.046770717334674264
9,0.625,llama1b_base,m,within_A,0.9910714285714286,0.013832083379312196,0.9125,0.0637377439199098
10,0.6875,llama1b_base,m,within_A,0.9982142857142857,0.002187044413199258,0.875,0.06846531968814576
11,0.75,llama1b_base,m,within_A,0.9991071428571429,0.0017857142857142794,0.9375,0.03952847075210474
12,0.8125,llama1b_base,m,within_A,0.9991071428571429,0.0017857142857142794,0.95,0.024999999999999998
13,0.875,llama1b_base,m,within_A,0.9991071428571429,0.0017857142857142794,0.9375,0.03952847075210474
14,0.9375,llama1b_base,m,within_A,1.0,0.0,0.9125,0.0637377439199098
15,1.0,llama1b_base,m,within_A,0.9982142857142857,0.0035714285714285587,0.925,0.06123724356957945
0,0.0625,llama1b_base,m,within_B_clinical,0.8705473856209152,0.045632959030482756,0.5615789473684211,0.11597592643503812
1,0.125,llama1b_base,m,within_B_clinical,0.8805044934640522,0.04032267548349156,0.5921052631578947,0.08238145180262384
2,0.1875,llama1b_base,m,within_B_clinical,0.9047589869281045,0.04111770471568454,0.5621052631578947,0.09888015634372528
3,0.25,llama1b_base,m,within_B_clinical,0.9067299836601308,0.05512633317571283,0.6457894736842105,0.06118859633403631
4,0.3125,llama1b_base,m,within_B_clinical,0.9400326797385621,0.0370599162375574,0.718421052631579,0.10901218514319988
5,0.375,llama1b_base,m,within_B_clinical,0.9360702614379086,0.035659506906194655,0.6757894736842105,0.09329903076278039
6,0.4375,llama1b_base,m,within_B_clinical,0.9419934640522876,0.02775044987072799,0.6968421052631578,0.08
7,0.5,llama1b_base,m,within_B_clinical,0.9456903594771241,0.026707975098127883,0.6668421052631579,0.134962803945211
8,0.5625,llama1b_base,m,within_B_clinical,0.9489276960784313,0.02104661229807066,0.6878947368421053,0.07215710775416363
9,0.625,llama1b_base,m,within_B_clinical,0.9577614379084967,0.02486599920077274,0.6978947368421052,0.0696329911938578
10,0.6875,llama1b_base,m,within_B_clinical,0.9536560457516341,0.009734186560903663,0.7384210526315789,0.06055148218218801
11,0.75,llama1b_base,m,within_B_clinical,0.9346405228758169,0.020144962601126835,0.7494736842105263,0.04178828050795624
12,0.8125,llama1b_base,m,within_B_clinical,0.9303717320261438,0.020618404664219762,0.6652631578947369,0.09471344740380629
13,0.875,llama1b_base,m,within_B_clinical,0.9443933823529411,0.01949189253488492,0.6868421052631579,0.07645178445438922
14,0.9375,llama1b_base,m,within_B_clinical,0.924908088235294,0.03079347426773883,0.7068421052631579,0.09414434605825694
15,1.0,llama1b_base,m,within_B_clinical,0.9243259803921567,0.03148892826002824,0.6652631578947369,0.08218619493028688
0,0.0625,llama1b_base,m,A_to_B,0.5643601190476191,NaN,0.10416666666666667,
0,0.0625,llama1b_base,m,B_to_A,0.5780357142857142,NaN,0.125,
1,0.125,llama1b_base,m,A_to_B,0.5783730158730159,NaN,0.13541666666666666,
1,0.125,llama1b_base,m,B_to_A,0.5676785714285715,NaN,0.125,
2,0.1875,llama1b_base,m,A_to_B,0.5876736111111112,NaN,0.11458333333333333,
2,0.1875,llama1b_base,m,B_to_A,0.5735714285714286,NaN,0.15,
3,0.25,llama1b_base,m,A_to_B,0.650421626984127,NaN,0.13541666666666666,
3,0.25,llama1b_base,m,B_to_A,0.6141071428571429,NaN,0.1875,
4,0.3125,llama1b_base,m,A_to_B,0.6257440476190476,NaN,0.15625,
4,0.3125,llama1b_base,m,B_to_A,0.5841071428571428,NaN,0.1625,
5,0.375,llama1b_base,m,A_to_B,0.6564980158730158,NaN,0.22916666666666666,
5,0.375,llama1b_base,m,B_to_A,0.5905357142857143,NaN,0.1375,
6,0.4375,llama1b_base,m,A_to_B,0.6374007936507937,NaN,0.17708333333333334,
6,0.4375,llama1b_base,m,B_to_A,0.5978571428571429,NaN,0.175,
7,0.5,llama1b_base,m,A_to_B,0.6197916666666666,NaN,0.1875,
7,0.5,llama1b_base,m,B_to_A,0.5555357142857142,NaN,0.1375,
8,0.5625,llama1b_base,m,A_to_B,0.6639384920634921,NaN,0.22916666666666666,
8,0.5625,llama1b_base,m,B_to_A,0.6294642857142857,NaN,0.1625,
9,0.625,llama1b_base,m,A_to_B,0.7264384920634921,NaN,0.3020833333333333,
9,0.625,llama1b_base,m,B_to_A,0.71875,NaN,0.2375,
10,0.6875,llama1b_base,m,A_to_B,0.7857142857142858,NaN,0.4583333333333333,
10,0.6875,llama1b_base,m,B_to_A,0.8266071428571429,NaN,0.4,
11,0.75,llama1b_base,m,A_to_B,0.7801339285714286,NaN,0.4270833333333333,
11,0.75,llama1b_base,m,B_to_A,0.8835714285714286,NaN,0.4125,
12,0.8125,llama1b_base,m,A_to_B,0.8138640873015872,NaN,0.4479166666666667,
12,0.8125,llama1b_base,m,B_to_A,0.9442857142857143,NaN,0.675,
13,0.875,llama1b_base,m,A_to_B,0.8152281746031746,NaN,0.46875,
13,0.875,llama1b_base,m,B_to_A,0.9621428571428571,NaN,0.625,
14,0.9375,llama1b_base,m,A_to_B,0.8289930555555556,NaN,0.4479166666666667,
14,0.9375,llama1b_base,m,B_to_A,0.9553571428571428,NaN,0.575,
15,1.0,llama1b_base,m,A_to_B,0.8484623015873015,NaN,0.46875,
15,1.0,llama1b_base,m,B_to_A,0.95625,NaN,0.575,
0,0.0312,llama8b_inst,h,within_A,0.7866071428571428,0.03333599054034729,0.4125,0.08477912478906585
1,0.0625,llama8b_inst,h,within_A,0.8348214285714286,0.01197893559374884,0.45,0.082915619758885
2,0.0938,llama8b_inst,h,within_A,0.8383928571428572,0.01631755971651523,0.5,0.03952847075210474
3,0.125,llama8b_inst,h,within_A,0.9044642857142857,0.01731314234791548,0.575,0.07288689868556626
4,0.1562,llama8b_inst,h,within_A,0.9,0.02803628297876356,0.55,0.1446979612848778
5,0.1875,llama8b_inst,h,within_A,0.9071428571428571,0.025473826103012714,0.5375,0.08477912478906585
6,0.2188,llama8b_inst,h,within_A,0.9035714285714285,0.025031867444421752,0.5625,0.06846531968814576
7,0.25,llama8b_inst,h,within_A,0.9473214285714286,0.03224191086654964,0.7125,0.08477912478906585
8,0.2812,llama8b_inst,h,within_A,0.9598214285714286,0.03364543514538708,0.825,0.15
9,0.3125,llama8b_inst,h,within_A,0.9794642857142858,0.022868300847974463,0.8625,0.09185586535436918
10,0.3438,llama8b_inst,h,within_A,0.9973214285714285,0.005357142857142838,0.8875,0.07288689868556625
11,0.375,llama8b_inst,h,within_A,0.9883928571428571,0.019066211164341602,0.9,0.049999999999999996
12,0.4062,llama8b_inst,h,within_A,0.9875,0.024999999999999998,0.9,0.08477912478906585
13,0.4375,llama8b_inst,h,within_A,0.9946428571428573,0.006561133239597775,0.9,0.049999999999999996
14,0.4688,llama8b_inst,h,within_A,0.9955357142857142,0.008928571428571442,0.9,0.049999999999999996
15,0.5,llama8b_inst,h,within_A,0.9964285714285716,0.0071428571428571175,0.925,0.09185586535436917
16,0.5312,llama8b_inst,h,within_A,0.9964285714285716,0.005206207048969,0.9375,0.05590169943749474
17,0.5625,llama8b_inst,h,within_A,0.9955357142857142,0.0069160416896560765,0.95,0.06123724356957946
18,0.5938,llama8b_inst,h,within_A,0.9973214285714285,0.005357142857142838,0.925,0.07288689868556626
19,0.625,llama8b_inst,h,within_A,0.9964285714285716,0.0071428571428571175,0.9375,0.07905694150420949
20,0.6562,llama8b_inst,h,within_A,0.9973214285714285,0.0035714285714285587,0.975,0.03061862178478973
21,0.6875,llama8b_inst,h,within_A,0.9973214285714287,0.0035714285714285587,0.95,0.046770717334674264
22,0.7188,llama8b_inst,h,within_A,0.9973214285714287,0.0035714285714285587,0.95,0.046770717334674264
23,0.75,llama8b_inst,h,within_A,0.9973214285714287,0.0035714285714285587,0.9375,0.05590169943749474
24,0.7812,llama8b_inst,h,within_A,0.9973214285714287,0.0035714285714285587,0.925,0.04677071733467427
25,0.8125,llama8b_inst,h,within_A,0.9973214285714287,0.0035714285714285587,0.9375,0.05590169943749474
26,0.8438,llama8b_inst,h,within_A,0.9973214285714287,0.0035714285714285587,0.9375,0.05590169943749474
27,0.875,llama8b_inst,h,within_A,0.9982142857142857,0.002187044413199258,0.95,0.046770717334674264
28,0.9062,llama8b_inst,h,within_A,0.9982142857142857,0.002187044413199258,0.9375,0.03952847075210474
29,0.9375,llama8b_inst,h,within_A,0.9991071428571429,0.0017857142857142794,0.95,0.046770717334674264
30,0.9688,llama8b_inst,h,within_A,0.9991071428571429,0.0017857142857142794,0.95,0.046770717334674264
31,1.0,llama8b_inst,h,within_A,1.0,0.0,0.925,0.04677071733467427
0,0.0312,llama8b_inst,h,within_B_clinical,0.826205065359477,0.061607843670844514,0.5194736842105263,0.0830111963879679
1,0.0625,llama8b_inst,h,within_B_clinical,0.8829146241830065,0.06294002133261196,0.6336842105263158,0.1474285591579924
2,0.0938,llama8b_inst,h,within_B_clinical,0.9170445261437908,0.06099624144235689,0.5931578947368421,0.10382704561751747
3,0.125,llama8b_inst,h,within_B_clinical,0.9506638071895426,0.029332518797471462,0.718421052631579,0.09832390364352317
4,0.1562,llama8b_inst,h,within_B_clinical,0.9509599673202616,0.024622362899292104,0.6657894736842105,0.08136644649337005
5,0.1875,llama8b_inst,h,within_B_clinical,0.9470588235294116,0.027428232379149722,0.6452631578947368,0.06382107954199627
6,0.2188,llama8b_inst,h,within_B_clinical,0.9381842320261438,0.024378961247528568,0.6457894736842105,0.061188596334036276
7,0.25,llama8b_inst,h,within_B_clinical,0.9314950980392158,0.014415276099506057,0.6452631578947368,0.07930445558668363
8,0.2812,llama8b_inst,h,within_B_clinical,0.9528696895424836,0.014208039577198456,0.6873684210526315,0.08829565042320324
9,0.3125,llama8b_inst,h,within_B_clinical,0.9528594771241832,0.013229847950026963,0.7284210526315789,0.06364722719086728
10,0.3438,llama8b_inst,h,within_B_clinical,0.960671977124183,0.009458452720045776,0.7494736842105263,0.04178828050795624
11,0.375,llama8b_inst,h,within_B_clinical,0.9595690359477125,0.010537038395455042,0.7699999999999999,0.07307265007077304
12,0.4062,llama8b_inst,h,within_B_clinical,0.964266748366013,0.007334862829347327,0.801578947368421,0.06253198627485956
13,0.4375,llama8b_inst,h,within_B_clinical,0.9812806372549019,0.009472016597519412,0.8021052631578947,0.061161427563511346
14,0.4688,llama8b_inst,h,within_B_clinical,0.9812806372549019,0.014785578575555246,0.8131578947368421,0.09575476525610657
15,0.5,llama8b_inst,h,within_B_clinical,0.9772977941176471,0.015970622370688962,0.7926315789473685,0.09077078373604253
16,0.5312,llama8b_inst,h,within_B_clinical,0.9746017156862745,0.01774910074290673,0.8031578947368422,0.10407753342575389
17,0.5625,llama8b_inst,h,within_B_clinical,0.9708946078431373,0.020006620080713737,0.8031578947368422,0.10407753342575389
18,0.5938,llama8b_inst,h,within_B_clinical,0.9758578431372549,0.01854720808359248,0.8031578947368422,0.10407753342575389
19,0.625,llama8b_inst,h,within_B_clinical,0.9724264705882353,0.01816843462966863,0.8131578947368421,0.08978274794332618
20,0.6562,llama8b_inst,h,within_B_clinical,0.973345588235294,0.021457673686124168,0.8236842105263158,0.09546503761693184
21,0.6875,llama8b_inst,h,within_B_clinical,0.9753370098039216,0.01938106061651208,0.8236842105263158,0.08305123072662894
22,0.7188,llama8b_inst,h,within_B_clinical,0.9765625,0.019160902705093227,0.8131578947368421,0.07645178445438919
23,0.75,llama8b_inst,h,within_B_clinical,0.9765625,0.019160902705093227,0.8026315789473685,0.07535695296461237
24,0.7812,llama8b_inst,h,within_B_clinical,0.9775428921568627,0.0200629812897628,0.8131578947368421,0.07645178445438919
25,0.8125,llama8b_inst,h,within_B_clinical,0.9782781862745097,0.020835450800696466,0.8131578947368421,0.07645178445438919
26,0.8438,llama8b_inst,h,within_B_clinical,0.9777879901960784,0.020400593251012872,0.8236842105263158,0.0760885910252682
27,0.875,llama8b_inst,h,within_B_clinical,0.9775428921568627,0.02155186618950852,0.8131578947368421,0.08978274794332618
28,0.9062,llama8b_inst,h,within_B_clinical,0.9775428921568627,0.02155186618950852,0.8131578947368421,0.0764517844543892
29,0.9375,llama8b_inst,h,within_B_clinical,0.9755821078431373,0.021614491052248105,0.8026315789473684,0.05884389414473131
30,0.9688,llama8b_inst,h,within_B_clinical,0.9763174019607842,0.02190437316385616,0.7921052631578948,0.06467476698655004
31,1.0,llama8b_inst,h,within_B_clinical,0.9743566176470587,0.02203425749463917,0.781578947368421,0.07608859102526822
0,0.0312,llama8b_inst,h,A_to_B,0.5438988095238095,NaN,0.17708333333333334,
0,0.0312,llama8b_inst,h,B_to_A,0.5430357142857143,NaN,0.125,
1,0.0625,llama8b_inst,h,A_to_B,0.5591517857142858,NaN,0.125,
1,0.0625,llama8b_inst,h,B_to_A,0.5414285714285714,NaN,0.1125,
2,0.0938,llama8b_inst,h,A_to_B,0.5353422619047619,NaN,0.15625,
2,0.0938,llama8b_inst,h,B_to_A,0.5419642857142857,NaN,0.1375,
3,0.125,llama8b_inst,h,A_to_B,0.5744047619047619,NaN,0.14583333333333334,
3,0.125,llama8b_inst,h,B_to_A,0.5489285714285714,NaN,0.15,
4,0.1562,llama8b_inst,h,A_to_B,0.6150793650793651,NaN,0.15625,
4,0.1562,llama8b_inst,h,B_to_A,0.5389285714285714,NaN,0.15,
5,0.1875,llama8b_inst,h,A_to_B,0.5905257936507936,NaN,0.14583333333333334,
5,0.1875,llama8b_inst,h,B_to_A,0.5330357142857143,NaN,0.15,
6,0.2188,llama8b_inst,h,A_to_B,0.6216517857142858,NaN,0.16666666666666666,
6,0.2188,llama8b_inst,h,B_to_A,0.5249999999999999,NaN,0.1125,
7,0.25,llama8b_inst,h,A_to_B,0.6248759920634921,NaN,0.13541666666666666,
7,0.25,llama8b_inst,h,B_to_A,0.5664285714285715,NaN,0.15,
8,0.2812,llama8b_inst,h,A_to_B,0.6831597222222222,NaN,0.16666666666666666,
8,0.2812,llama8b_inst,h,B_to_A,0.6417857142857143,NaN,0.1625,
9,0.3125,llama8b_inst,h,A_to_B,0.7158978174603174,NaN,0.17708333333333334,
9,0.3125,llama8b_inst,h,B_to_A,0.6835714285714286,NaN,0.175,
10,0.3438,llama8b_inst,h,A_to_B,0.7238343253968254,NaN,0.17708333333333334,
10,0.3438,llama8b_inst,h,B_to_A,0.7051785714285714,NaN,0.2,
11,0.375,llama8b_inst,h,A_to_B,0.7279265873015873,NaN,0.1875,
11,0.375,llama8b_inst,h,B_to_A,0.6901785714285715,NaN,0.1625,
12,0.4062,llama8b_inst,h,A_to_B,0.7965029761904762,NaN,0.22916666666666666,
12,0.4062,llama8b_inst,h,B_to_A,0.7478571428571428,NaN,0.275,
13,0.4375,llama8b_inst,h,A_to_B,0.8990575396825398,NaN,0.4479166666666667,
13,0.4375,llama8b_inst,h,B_to_A,0.8185714285714285,NaN,0.3375,
14,0.4688,llama8b_inst,h,A_to_B,0.9115823412698413,NaN,0.4895833333333333,
14,0.4688,llama8b_inst,h,B_to_A,0.8217857142857143,NaN,0.3125,
15,0.5,llama8b_inst,h,A_to_B,0.9250992063492064,NaN,0.5520833333333334,
15,0.5,llama8b_inst,h,B_to_A,0.8646428571428573,NaN,0.4,
16,0.5312,llama8b_inst,h,A_to_B,0.9211309523809523,NaN,0.53125,
16,0.5312,llama8b_inst,h,B_to_A,0.8833928571428571,NaN,0.475,
17,0.5625,llama8b_inst,h,A_to_B,0.9170386904761905,NaN,0.53125,
17,0.5625,llama8b_inst,h,B_to_A,0.9075,NaN,0.5125,
18,0.5938,llama8b_inst,h,A_to_B,0.9010416666666667,NaN,0.46875,
18,0.5938,llama8b_inst,h,B_to_A,0.9203571428571429,NaN,0.55,
19,0.625,llama8b_inst,h,A_to_B,0.9128224206349207,NaN,0.5,
19,0.625,llama8b_inst,h,B_to_A,0.9371428571428572,NaN,0.6375,
20,0.6562,llama8b_inst,h,A_to_B,0.910218253968254,NaN,0.5208333333333334,
20,0.6562,llama8b_inst,h,B_to_A,0.9383928571428571,NaN,0.6125,
21,0.6875,llama8b_inst,h,A_to_B,0.9170386904761905,NaN,0.5416666666666666,
21,0.6875,llama8b_inst,h,B_to_A,0.9469642857142857,NaN,0.6375,
22,0.7188,llama8b_inst,h,A_to_B,0.9117063492063492,NaN,0.5416666666666666,
22,0.7188,llama8b_inst,h,B_to_A,0.9492857142857143,NaN,0.6375,
23,0.75,llama8b_inst,h,A_to_B,0.9138144841269842,NaN,0.5729166666666666,
23,0.75,llama8b_inst,h,B_to_A,0.9451785714285714,NaN,0.6375,
24,0.7812,llama8b_inst,h,A_to_B,0.9088541666666667,NaN,0.5729166666666666,
24,0.7812,llama8b_inst,h,B_to_A,0.9473214285714285,NaN,0.6625,
25,0.8125,llama8b_inst,h,A_to_B,0.9020337301587302,NaN,0.5729166666666666,
25,0.8125,llama8b_inst,h,B_to_A,0.9498214285714286,NaN,0.6625,
26,0.8438,llama8b_inst,h,A_to_B,0.9058779761904762,NaN,0.5729166666666666,
26,0.8438,llama8b_inst,h,B_to_A,0.9501785714285713,NaN,0.6625,
27,0.875,llama8b_inst,h,A_to_B,0.9050099206349207,NaN,0.5520833333333334,
27,0.875,llama8b_inst,h,B_to_A,0.9492857142857143,NaN,0.6625,
28,0.9062,llama8b_inst,h,A_to_B,0.9041418650793651,NaN,0.5729166666666666,
28,0.9062,llama8b_inst,h,B_to_A,0.9498214285714285,NaN,0.6625,
29,0.9375,llama8b_inst,h,A_to_B,0.9021577380952381,NaN,0.59375,
29,0.9375,llama8b_inst,h,B_to_A,0.9460714285714286,NaN,0.65,
30,0.9688,llama8b_inst,h,A_to_B,0.9057539682539681,NaN,0.5729166666666666,
30,0.9688,llama8b_inst,h,B_to_A,0.9430357142857143,NaN,0.65,
31,1.0,llama8b_inst,h,A_to_B,0.904265873015873,NaN,0.5520833333333334,
31,1.0,llama8b_inst,h,B_to_A,0.9408928571428572,NaN,0.625,
0,0.0312,llama8b_inst,a,within_A,0.7892857142857143,0.03631196322796915,0.45,0.082915619758885
1,0.0625,llama8b_inst,a,within_A,0.8473214285714284,0.025158933577866728,0.4625,0.09354143466934853
2,0.0938,llama8b_inst,a,within_A,0.8375,0.030488162641006927,0.5,0.03952847075210474
3,0.125,llama8b_inst,a,within_A,0.9214285714285714,0.01342258605211865,0.65,0.05
4,0.1562,llama8b_inst,a,within_A,0.8901785714285715,0.03347916653437978,0.5125,0.08291561975888499
5,0.1875,llama8b_inst,a,within_A,0.8973214285714285,0.027081698014469798,0.5625,0.06846531968814576
6,0.2188,llama8b_inst,a,within_A,0.9303571428571429,0.027169864383398065,0.625,0.08838834764831845
7,0.25,llama8b_inst,a,within_A,0.975,0.017313142347915478,0.7375,0.07288689868556626
8,0.2812,llama8b_inst,a,within_A,0.9741071428571428,0.027865154525584333,0.8625,0.12747548783981963
9,0.3125,llama8b_inst,a,within_A,0.9946428571428572,0.008656571173957742,0.875,0.10458250331675945
10,0.3438,llama8b_inst,a,within_A,0.9973214285714285,0.005357142857142882,0.925,0.06123724356957946
11,0.375,llama8b_inst,a,within_A,0.9946428571428572,0.005206207048968999,0.9125,0.09354143466934853
12,0.4062,llama8b_inst,a,within_A,0.9964285714285716,0.005206207048969042,0.9125,0.0637377439199098
13,0.4375,llama8b_inst,a,within_A,0.9946428571428572,0.005206207048969035,0.925,0.046770717334674264
14,0.4688,llama8b_inst,a,within_A,0.9946428571428572,0.010714285714285676,0.9125,0.09354143466934853
15,0.5,llama8b_inst,a,within_A,0.9928571428571429,0.014285714285714235,0.95,0.046770717334674264
16,0.5312,llama8b_inst,a,within_A,0.9973214285714285,0.005357142857142838,0.925,0.07288689868556626
17,0.5625,llama8b_inst,a,within_A,0.9964285714285716,0.0071428571428571175,0.9375,0.06846531968814576
18,0.5938,llama8b_inst,a,within_A,1.0,0.0,0.95,0.046770717334674264
19,0.625,llama8b_inst,a,within_A,0.9991071428571429,0.0017857142857142794,0.925,0.024999999999999998
20,0.6562,llama8b_inst,a,within_A,1.0,0.0,0.95,0.046770717334674264
21,0.6875,llama8b_inst,a,within_A,0.9982142857142857,0.0035714285714285587,0.9625,0.049999999999999996
22,0.7188,llama8b_inst,a,within_A,1.0,0.0,0.975,0.03061862178478973
23,0.75,llama8b_inst,a,within_A,0.9982142857142857,0.0035714285714285587,0.975,0.049999999999999996
24,0.7812,llama8b_inst,a,within_A,0.9964285714285716,0.004374088826398517,0.9375,0.03952847075210474
25,0.8125,llama8b_inst,a,within_A,1.0,0.0,0.95,0.024999999999999998
26,0.8438,llama8b_inst,a,within_A,1.0,0.0,0.9625,0.049999999999999996
27,0.875,llama8b_inst,a,within_A,0.9955357142857142,0.005646924393157835,0.9625,0.049999999999999996
28,0.9062,llama8b_inst,a,within_A,0.9955357142857142,0.008928571428571442,0.9625,0.05
29,0.9375,llama8b_inst,a,within_A,0.9973214285714287,0.0035714285714285587,0.9,0.049999999999999996
30,0.9688,llama8b_inst,a,within_A,0.9982142857142857,0.0035714285714285587,0.95,0.046770717334674264
31,1.0,llama8b_inst,a,within_A,1.0,0.0,0.95,0.024999999999999998
0,0.0312,llama8b_inst,a,within_B_clinical,0.8161356209150327,0.06904360206966725,0.5205263157894737,0.08532811041264655
1,0.0625,llama8b_inst,a,within_B_clinical,0.8849877450980392,0.06529254033840153,0.6021052631578947,0.11207437182489405
2,0.0938,llama8b_inst,a,within_B_clinical,0.9229268790849673,0.056527894897961714,0.6452631578947368,0.09804741913427382
3,0.125,llama8b_inst,a,within_B_clinical,0.9408496732026144,0.024492534595581934,0.6878947368421052,0.1036668433224053
4,0.1562,llama8b_inst,a,within_B_clinical,0.9443729575163399,0.02522468560635825,0.6668421052631579,0.0966989789024456
5,0.1875,llama8b_inst,a,within_B_clinical,0.9530637254901961,0.020861383581803384,0.7294736842105263,0.08929393709662525
6,0.2188,llama8b_inst,a,within_B_clinical,0.9289011437908498,0.017376981164388784,0.6552631578947368,0.0882266032328432
7,0.25,llama8b_inst,a,within_B_clinical,0.9371221405228758,0.015473030404716235,0.6457894736842105,0.03908935711079398
8,0.2812,llama8b_inst,a,within_B_clinical,0.9635927287581699,0.014840931393012872,0.6973684210526315,0.04243293551736079
9,0.3125,llama8b_inst,a,within_B_clinical,0.9405739379084966,0.01731769610040869,0.6147368421052631,0.061594689845590724
10,0.3438,llama8b_inst,a,within_B_clinical,0.9620608660130718,0.015667427392411296,0.8015789473684212,0.041160452202141366
11,0.375,llama8b_inst,a,within_B_clinical,0.9580473856209151,0.02061180256297395,0.7610526315789473,0.09541279320947083
12,0.4062,llama8b_inst,a,within_B_clinical,0.9652165032679738,0.012426184220937947,0.7589473684210526,0.08060711460663851
13,0.4375,llama8b_inst,a,within_B_clinical,0.9679942810457517,0.02422534152799497,0.7926315789473684,0.10753341296102849
14,0.4688,llama8b_inst,a,within_B_clinical,0.9728962418300652,0.019048320222178713,0.8442105263157895,0.0730499013595683
15,0.5,llama8b_inst,a,within_B_clinical,0.9742238562091503,0.006349660903550096,0.7921052631578946,0.05545080922554074
16,0.5312,llama8b_inst,a,within_B_clinical,0.9651041666666668,0.014394750465034013,0.7715789473684211,0.04887657585786905
17,0.5625,llama8b_inst,a,within_B_clinical,0.975,0.02250564448988805,0.8026315789473684,0.05884389414473131
18,0.5938,llama8b_inst,a,within_B_clinical,0.9754901960784312,0.025350361461815744,0.801578947368421,0.07083983729848942
19,0.625,llama8b_inst,a,within_B_clinical,0.9682393790849673,0.021929821860750938,0.8026315789473685,0.11102643741962624
20,0.6562,llama8b_inst,a,within_B_clinical,0.9706597222222222,0.015805828130705146,0.8026315789473684,0.05884389414473131
21,0.6875,llama8b_inst,a,within_B_clinical,0.9617340686274509,0.02379617500063212,0.7289473684210526,0.09100850771468726
22,0.7188,llama8b_inst,a,within_B_clinical,0.9607434640522875,0.026584248926243687,0.7910526315789473,0.05916313893219533
23,0.75,llama8b_inst,a,within_B_clinical,0.9646752450980391,0.025226128533604338,0.7610526315789473,0.06834813928735967
24,0.7812,llama8b_inst,a,within_B_clinical,0.973815359477124,0.008922252702322464,0.7510526315789473,0.0720033855775271
25,0.8125,llama8b_inst,a,within_B_clinical,0.9735294117647058,0.017826933815893325,0.8026315789473685,0.08238145180262382
26,0.8438,llama8b_inst,a,within_B_clinical,0.9741115196078433,0.022571570006080854,0.8026315789473685,0.04852391819627834
27,0.875,llama8b_inst,a,within_B_clinical,0.9655024509803922,0.02571438664038547,0.8231578947368421,0.09113625609226678
28,0.9062,llama8b_inst,a,within_B_clinical,0.9714562908496731,0.019866343078605214,0.8236842105263158,0.06842105263157892
29,0.9375,llama8b_inst,a,within_B_clinical,0.9542892156862746,0.029463515286866228,0.7505263157894737,0.058380735258366505
30,0.9688,llama8b_inst,a,within_B_clinical,0.9608864379084968,0.03136763856310325,0.791578947368421,0.05780854828524622
31,1.0,llama8b_inst,a,within_B_clinical,0.9709252450980392,0.01948765439213319,0.75,0.05129891760425769
0,0.0312,llama8b_inst,a,A_to_B,0.5564236111111112,NaN,0.15625,
0,0.0312,llama8b_inst,a,B_to_A,0.5417857142857143,NaN,0.125,
1,0.0625,llama8b_inst,a,A_to_B,0.609375,NaN,0.13541666666666666,
1,0.0625,llama8b_inst,a,B_to_A,0.5592857142857143,NaN,0.125,
2,0.0938,llama8b_inst,a,A_to_B,0.5549355158730158,NaN,0.16666666666666666,
2,0.0938,llama8b_inst,a,B_to_A,0.5246428571428572,NaN,0.125,
3,0.125,llama8b_inst,a,A_to_B,0.6097470238095237,NaN,0.13541666666666666,
3,0.125,llama8b_inst,a,B_to_A,0.5732142857142857,NaN,0.175,
4,0.1562,llama8b_inst,a,A_to_B,0.6396329365079365,NaN,0.1875,
4,0.1562,llama8b_inst,a,B_to_A,0.55875,NaN,0.1,
5,0.1875,llama8b_inst,a,A_to_B,0.5989583333333333,NaN,0.13541666666666666,
5,0.1875,llama8b_inst,a,B_to_A,0.5441071428571429,NaN,0.1625,
6,0.2188,llama8b_inst,a,A_to_B,0.5895337301587301,NaN,0.16666666666666666,
6,0.2188,llama8b_inst,a,B_to_A,0.5426785714285713,NaN,0.125,
7,0.25,llama8b_inst,a,A_to_B,0.6462053571428572,NaN,0.1875,
7,0.25,llama8b_inst,a,B_to_A,0.5732142857142857,NaN,0.15,
8,0.2812,llama8b_inst,a,A_to_B,0.7067212301587301,NaN,0.20833333333333334,
8,0.2812,llama8b_inst,a,B_to_A,0.7044642857142858,NaN,0.175,
9,0.3125,llama8b_inst,a,A_to_B,0.7364831349206349,NaN,0.20833333333333334,
9,0.3125,llama8b_inst,a,B_to_A,0.7330357142857143,NaN,0.225,
10,0.3438,llama8b_inst,a,A_to_B,0.7614087301587302,NaN,0.3125,
10,0.3438,llama8b_inst,a,B_to_A,0.7255357142857143,NaN,0.3125,
11,0.375,llama8b_inst,a,A_to_B,0.6831597222222222,NaN,0.16666666666666666,
11,0.375,llama8b_inst,a,B_to_A,0.6832142857142858,NaN,0.225,
12,0.4062,llama8b_inst,a,A_to_B,0.8226686507936508,NaN,0.2708333333333333,
12,0.4062,llama8b_inst,a,B_to_A,0.7982142857142858,NaN,0.3875,
13,0.4375,llama8b_inst,a,A_to_B,0.8978174603174602,NaN,0.40625,
13,0.4375,llama8b_inst,a,B_to_A,0.9103571428571429,NaN,0.525,
14,0.4688,llama8b_inst,a,A_to_B,0.8774801587301588,NaN,0.4166666666666667,
14,0.4688,llama8b_inst,a,B_to_A,0.8419642857142857,NaN,0.375,
15,0.5,llama8b_inst,a,A_to_B,0.9011656746031746,NaN,0.4375,
15,0.5,llama8b_inst,a,B_to_A,0.8901785714285715,NaN,0.55,
16,0.5312,llama8b_inst,a,A_to_B,0.8893849206349207,NaN,0.5416666666666666,
16,0.5312,llama8b_inst,a,B_to_A,0.895,NaN,0.5375,
17,0.5625,llama8b_inst,a,A_to_B,0.871155753968254,NaN,0.3645833333333333,
17,0.5625,llama8b_inst,a,B_to_A,0.9076785714285714,NaN,0.5375,
18,0.5938,llama8b_inst,a,A_to_B,0.8833085317460319,NaN,0.4479166666666667,
18,0.5938,llama8b_inst,a,B_to_A,0.9019642857142858,NaN,0.55,
19,0.625,llama8b_inst,a,A_to_B,0.7540922619047619,NaN,0.3229166666666667,
19,0.625,llama8b_inst,a,B_to_A,0.864642857142857,NaN,0.4125,
20,0.6562,llama8b_inst,a,A_to_B,0.8267609126984127,NaN,0.5416666666666666,
20,0.6562,llama8b_inst,a,B_to_A,0.87625,NaN,0.525,
21,0.6875,llama8b_inst,a,A_to_B,0.9117063492063491,NaN,0.6145833333333334,
21,0.6875,llama8b_inst,a,B_to_A,0.9516071428571429,NaN,0.675,
22,0.7188,llama8b_inst,a,A_to_B,0.8628472222222222,NaN,0.4166666666666667,
22,0.7188,llama8b_inst,a,B_to_A,0.8351785714285714,NaN,0.475,
23,0.75,llama8b_inst,a,A_to_B,0.8768601190476191,NaN,0.5416666666666666,
23,0.75,llama8b_inst,a,B_to_A,0.8883928571428571,NaN,0.5875,
24,0.7812,llama8b_inst,a,A_to_B,0.8453621031746031,NaN,0.4166666666666667,
24,0.7812,llama8b_inst,a,B_to_A,0.7516071428571428,NaN,0.4125,
25,0.8125,llama8b_inst,a,A_to_B,0.876984126984127,NaN,0.5625,
25,0.8125,llama8b_inst,a,B_to_A,0.9694642857142857,NaN,0.7375,
26,0.8438,llama8b_inst,a,A_to_B,0.8991815476190477,NaN,0.5208333333333334,
26,0.8438,llama8b_inst,a,B_to_A,0.9328571428571428,NaN,0.625,
27,0.875,llama8b_inst,a,A_to_B,0.8984375,NaN,0.5625,
27,0.875,llama8b_inst,a,B_to_A,0.8975,NaN,0.575,
28,0.9062,llama8b_inst,a,A_to_B,0.8795882936507937,NaN,0.5208333333333334,
28,0.9062,llama8b_inst,a,B_to_A,0.9330357142857142,NaN,0.575,
29,0.9375,llama8b_inst,a,A_to_B,0.8746279761904763,NaN,0.6041666666666666,
29,0.9375,llama8b_inst,a,B_to_A,0.92625,NaN,0.6125,
30,0.9688,llama8b_inst,a,A_to_B,0.8764880952380952,NaN,0.5208333333333334,
30,0.9688,llama8b_inst,a,B_to_A,0.8883928571428571,NaN,0.55,
31,1.0,llama8b_inst,a,A_to_B,0.8913690476190477,NaN,0.5520833333333334,
31,1.0,llama8b_inst,a,B_to_A,0.9396428571428571,NaN,0.6875,
0,0.0312,llama8b_inst,m,within_A,0.7616071428571429,0.042595930149559175,0.3875,0.09185586535436918
1,0.0625,llama8b_inst,m,within_A,0.8241071428571427,0.022693330405605047,0.475,0.09354143466934853
2,0.0938,llama8b_inst,m,within_A,0.8482142857142858,0.02276347997139639,0.4875,0.082915619758885
3,0.125,llama8b_inst,m,within_A,0.9071428571428571,0.01881366741580852,0.6125,0.09185586535436918
4,0.1562,llama8b_inst,m,within_A,0.9071428571428571,0.024999999999999994,0.5875,0.1286953767623375
5,0.1875,llama8b_inst,m,within_A,0.9017857142857142,0.019964892656248102,0.525,0.0637377439199098
6,0.2188,llama8b_inst,m,within_A,0.8973214285714285,0.03745745886321974,0.525,0.1224744871391589
7,0.25,llama8b_inst,m,within_A,0.9517857142857142,0.021391336697698132,0.75,0.05590169943749474
8,0.2812,llama8b_inst,m,within_A,0.9705357142857144,0.025660906898571267,0.8125,0.11858541225631422
9,0.3125,llama8b_inst,m,within_A,0.9830357142857145,0.021391336697698073,0.85,0.1286953767623375
10,0.3438,llama8b_inst,m,within_A,0.9973214285714285,0.005357142857142882,0.9,0.075
11,0.375,llama8b_inst,m,within_A,0.9866071428571429,0.024614372771589683,0.9125,0.0637377439199098
12,0.4062,llama8b_inst,m,within_A,0.9857142857142858,0.02418967354311441,0.9125,0.049999999999999996
13,0.4375,llama8b_inst,m,within_A,0.9955357142857142,0.003992978531249611,0.925,0.024999999999999998
14,0.4688,llama8b_inst,m,within_A,0.9946428571428572,0.010714285714285676,0.8875,0.04677071733467427
15,0.5,llama8b_inst,m,within_A,0.9946428571428572,0.010714285714285676,0.9125,0.049999999999999996
16,0.5312,llama8b_inst,m,within_A,0.99375,0.007783748113465461,0.9,0.0637377439199098
17,0.5625,llama8b_inst,m,within_A,0.9919642857142857,0.0071428571428571175,0.9,0.0637377439199098
18,0.5938,llama8b_inst,m,within_A,0.9955357142857142,0.0056469243931578,0.9125,0.05
19,0.625,llama8b_inst,m,within_A,0.9973214285714285,0.005357142857142838,0.9375,0.05590169943749474
20,0.6562,llama8b_inst,m,within_A,0.9973214285714285,0.0035714285714285587,0.95,0.046770717334674264
21,0.6875,llama8b_inst,m,within_A,0.9973214285714287,0.0035714285714285587,0.9375,0.05590169943749474
22,0.7188,llama8b_inst,m,within_A,0.9955357142857142,0.0069160416896560765,0.95,0.046770717334674264
23,0.75,llama8b_inst,m,within_A,0.9964285714285716,0.0033407655239052927,0.9375,0.05590169943749474
24,0.7812,llama8b_inst,m,within_A,0.9928571428571429,0.006055651770647539,0.9125,0.03061862178478973
25,0.8125,llama8b_inst,m,within_A,0.99375,0.0053571428571428685,0.9125,0.05
26,0.8438,llama8b_inst,m,within_A,0.9973214285714287,0.0035714285714285587,0.9125,0.03061862178478973
27,0.875,llama8b_inst,m,within_A,0.9946428571428572,0.0071428571428571175,0.925,0.046770717334674264
28,0.9062,llama8b_inst,m,within_A,0.9955357142857142,0.0069160416896560765,0.9375,0.0
29,0.9375,llama8b_inst,m,within_A,0.9973214285714287,0.002187044413199258,0.925,0.025
30,0.9688,llama8b_inst,m,within_A,0.9991071428571429,0.0017857142857142794,0.9625,0.049999999999999996
31,1.0,llama8b_inst,m,within_A,0.9982142857142857,0.0035714285714285587,0.925,0.046770717334674264
0,0.0312,llama8b_inst,m,within_B_clinical,0.8213235294117647,0.07607919483252845,0.52,0.1286796361257779
1,0.0625,llama8b_inst,m,within_B_clinical,0.8686274509803923,0.07161877576330716,0.5178947368421053,0.17756743481229093
2,0.0938,llama8b_inst,m,within_B_clinical,0.912326388888889,0.07036925354293024,0.5405263157894737,0.14539658250793294
3,0.125,llama8b_inst,m,within_B_clinical,0.9504595588235294,0.028945250876417198,0.7294736842105263,0.06818583048716483
4,0.1562,llama8b_inst,m,within_B_clinical,0.9512765522875817,0.029525272303222445,0.6873684210526315,0.05799990447981434
5,0.1875,llama8b_inst,m,within_B_clinical,0.9444750816993464,0.027618401064811053,0.74,0.092583719693878
6,0.2188,llama8b_inst,m,within_B_clinical,0.9396037581699346,0.01695905436187062,0.6357894736842105,0.05433047537079552
7,0.25,llama8b_inst,m,within_B_clinical,0.9326491013071895,0.014632332128583935,0.6142105263157895,0.08008997710158848
8,0.2812,llama8b_inst,m,within_B_clinical,0.9544321895424837,0.013381097527940906,0.6978947368421051,0.08405248327443003
9,0.3125,llama8b_inst,m,within_B_clinical,0.9497855392156863,0.020805470843561772,0.7173684210526317,0.09968926792039429
10,0.3438,llama8b_inst,m,within_B_clinical,0.9580678104575163,0.013056783480398576,0.7810526315789474,0.05216636502468995
11,0.375,llama8b_inst,m,within_B_clinical,0.9600388071895425,0.012931744598815905,0.7389473684210526,0.04955200966711504
12,0.4062,llama8b_inst,m,within_B_clinical,0.9628267973856209,0.00881592592160865,0.7378947368421052,0.08357656101591246
13,0.4375,llama8b_inst,m,within_B_clinical,0.9822916666666666,0.014982087536237473,0.8026315789473685,0.10055249039233054
14,0.4688,llama8b_inst,m,within_B_clinical,0.9745710784313726,0.01689638358164897,0.8236842105263158,0.08305123072662894
15,0.5,llama8b_inst,m,within_B_clinical,0.9775735294117647,0.013758344890931863,0.791578947368421,0.07455128930368747
16,0.5312,llama8b_inst,m,within_B_clinical,0.9696384803921567,0.018377603553124736,0.7821052631578947,0.09353625217483395
17,0.5625,llama8b_inst,m,within_B_clinical,0.971875,0.02021933485420246,0.8031578947368422,0.09861084992530834
18,0.5938,llama8b_inst,m,within_B_clinical,0.962530637254902,0.021633807207307933,0.7921052631578948,0.086642513858707
19,0.625,llama8b_inst,m,within_B_clinical,0.9671262254901961,0.020759673703784037,0.8231578947368421,0.07058128258627455
20,0.6562,llama8b_inst,m,within_B_clinical,0.9719362745098039,0.01645149270919302,0.8236842105263158,0.08305123072662894
21,0.6875,llama8b_inst,m,within_B_clinical,0.9742034313725491,0.01923097342028867,0.8026315789473685,0.07535695296461237
22,0.7188,llama8b_inst,m,within_B_clinical,0.9807904411764706,0.019295536747389496,0.7921052631578946,0.07999307449247717
23,0.75,llama8b_inst,m,within_B_clinical,0.9805759803921568,0.01918180888809339,0.8131578947368421,0.07645178445438919
24,0.7812,llama8b_inst,m,within_B_clinical,0.9756127450980392,0.018172154006952584,0.7821052631578949,0.08082675292822092
25,0.8125,llama8b_inst,m,within_B_clinical,0.9712622549019608,0.020379325316379513,0.8026315789473685,0.08885233166386383
26,0.8438,llama8b_inst,m,within_B_clinical,0.9673100490196077,0.032776078379173526,0.7815789473684212,0.06842105263157895
27,0.875,llama8b_inst,m,within_B_clinical,0.9737438725490197,0.02102564068751881,0.791578947368421,0.07455128930368746
28,0.9062,llama8b_inst,m,within_B_clinical,0.9707414215686274,0.02516939528725904,0.781578947368421,0.05977798258737132
29,0.9375,llama8b_inst,m,within_B_clinical,0.9746629901960784,0.020667911231338185,0.7710526315789473,0.08470251020753199
30,0.9688,llama8b_inst,m,within_B_clinical,0.9714460784313725,0.026003540429789543,0.781578947368421,0.07608859102526822
31,1.0,llama8b_inst,m,within_B_clinical,0.9655330882352942,0.030135287335946715,0.7505263157894737,0.058380735258366505
0,0.0312,llama8b_inst,m,A_to_B,0.5362103174603174,NaN,0.15625,
0,0.0312,llama8b_inst,m,B_to_A,0.5448214285714286,NaN,0.125,
1,0.0625,llama8b_inst,m,A_to_B,0.5584077380952381,NaN,0.125,
1,0.0625,llama8b_inst,m,B_to_A,0.5351785714285715,NaN,0.1125,
2,0.0938,llama8b_inst,m,A_to_B,0.5260416666666667,NaN,0.14583333333333334,
2,0.0938,llama8b_inst,m,B_to_A,0.5491071428571428,NaN,0.1375,
3,0.125,llama8b_inst,m,A_to_B,0.605406746031746,NaN,0.13541666666666666,
3,0.125,llama8b_inst,m,B_to_A,0.5789285714285715,NaN,0.1625,
4,0.1562,llama8b_inst,m,A_to_B,0.6129712301587302,NaN,0.16666666666666666,
4,0.1562,llama8b_inst,m,B_to_A,0.5491071428571429,NaN,0.1375,
5,0.1875,llama8b_inst,m,A_to_B,0.6013144841269842,NaN,0.14583333333333334,
5,0.1875,llama8b_inst,m,B_to_A,0.5569642857142857,NaN,0.1875,
6,0.2188,llama8b_inst,m,A_to_B,0.6067708333333334,NaN,0.16666666666666666,
6,0.2188,llama8b_inst,m,B_to_A,0.5355357142857142,NaN,0.1125,
7,0.25,llama8b_inst,m,A_to_B,0.6349206349206349,NaN,0.1875,
7,0.25,llama8b_inst,m,B_to_A,0.5658928571428572,NaN,0.1375,
8,0.2812,llama8b_inst,m,A_to_B,0.6447172619047619,NaN,0.1875,
8,0.2812,llama8b_inst,m,B_to_A,0.6278571428571429,NaN,0.1375,
9,0.3125,llama8b_inst,m,A_to_B,0.693328373015873,NaN,0.125,
9,0.3125,llama8b_inst,m,B_to_A,0.7110714285714286,NaN,0.2,
10,0.3438,llama8b_inst,m,A_to_B,0.7341269841269842,NaN,0.21875,
10,0.3438,llama8b_inst,m,B_to_A,0.7332142857142858,NaN,0.2,
11,0.375,llama8b_inst,m,A_to_B,0.7201140873015873,NaN,0.16666666666666666,
11,0.375,llama8b_inst,m,B_to_A,0.7005357142857143,NaN,0.1625,
12,0.4062,llama8b_inst,m,A_to_B,0.7672371031746031,NaN,0.16666666666666666,
12,0.4062,llama8b_inst,m,B_to_A,0.7214285714285713,NaN,0.2375,
13,0.4375,llama8b_inst,m,A_to_B,0.8909970238095237,NaN,0.4583333333333333,
13,0.4375,llama8b_inst,m,B_to_A,0.845,NaN,0.275,
14,0.4688,llama8b_inst,m,A_to_B,0.882936507936508,NaN,0.4270833333333333,
14,0.4688,llama8b_inst,m,B_to_A,0.8517857142857143,NaN,0.3875,
15,0.5,llama8b_inst,m,A_to_B,0.9246031746031745,NaN,0.5208333333333334,
15,0.5,llama8b_inst,m,B_to_A,0.8946428571428571,NaN,0.5375,
16,0.5312,llama8b_inst,m,A_to_B,0.9118303571428571,NaN,0.4895833333333333,
16,0.5312,llama8b_inst,m,B_to_A,0.8905357142857143,NaN,0.55,
17,0.5625,llama8b_inst,m,A_to_B,0.9055059523809524,NaN,0.5104166666666666,
17,0.5625,llama8b_inst,m,B_to_A,0.8989285714285714,NaN,0.475,
18,0.5938,llama8b_inst,m,A_to_B,0.8812003968253967,NaN,0.4895833333333333,
18,0.5938,llama8b_inst,m,B_to_A,0.9133928571428572,NaN,0.525,
19,0.625,llama8b_inst,m,A_to_B,0.9213789682539683,NaN,0.5416666666666666,
19,0.625,llama8b_inst,m,B_to_A,0.9628571428571429,NaN,0.625,
20,0.6562,llama8b_inst,m,A_to_B,0.9074900793650793,NaN,0.53125,
20,0.6562,llama8b_inst,m,B_to_A,0.9339285714285714,NaN,0.575,
21,0.6875,llama8b_inst,m,A_to_B,0.9203869047619048,NaN,0.5625,
21,0.6875,llama8b_inst,m,B_to_A,0.9442857142857143,NaN,0.675,
22,0.7188,llama8b_inst,m,A_to_B,0.8994295634920635,NaN,0.4895833333333333,
22,0.7188,llama8b_inst,m,B_to_A,0.9475,NaN,0.6125,
23,0.75,llama8b_inst,m,A_to_B,0.9191468253968254,NaN,0.59375,
23,0.75,llama8b_inst,m,B_to_A,0.94875,NaN,0.6625,
24,0.7812,llama8b_inst,m,A_to_B,0.8958333333333333,NaN,0.5208333333333334,
24,0.7812,llama8b_inst,m,B_to_A,0.9316071428571429,NaN,0.6375,
25,0.8125,llama8b_inst,m,A_to_B,0.890625,NaN,0.5833333333333334,
25,0.8125,llama8b_inst,m,B_to_A,0.9323214285714285,NaN,0.6,
26,0.8438,llama8b_inst,m,A_to_B,0.9177827380952381,NaN,0.5833333333333334,
26,0.8438,llama8b_inst,m,B_to_A,0.9450000000000001,NaN,0.6625,
27,0.875,llama8b_inst,m,A_to_B,0.9143105158730158,NaN,0.6041666666666666,
27,0.875,llama8b_inst,m,B_to_A,0.9564285714285714,NaN,0.6875,
28,0.9062,llama8b_inst,m,A_to_B,0.8937251984126984,NaN,0.6041666666666666,
28,0.9062,llama8b_inst,m,B_to_A,0.9519642857142858,NaN,0.7,
29,0.9375,llama8b_inst,m,A_to_B,0.9055059523809523,NaN,0.59375,
29,0.9375,llama8b_inst,m,B_to_A,0.9532142857142858,NaN,0.65,
30,0.9688,llama8b_inst,m,A_to_B,0.8999255952380952,NaN,0.5833333333333334,
30,0.9688,llama8b_inst,m,B_to_A,0.9417857142857142,NaN,0.6,
31,1.0,llama8b_inst,m,A_to_B,0.9153025793650793,NaN,0.6145833333333334,
31,1.0,llama8b_inst,m,B_to_A,0.9430357142857142,NaN,0.7,
0,0.0312,llama8b_base,h,within_A,0.8205357142857143,0.03936679943758677,0.4625,0.10897247358851683
1,0.0625,llama8b_base,h,within_A,0.8544642857142858,0.0445176816511354,0.55,0.09185586535436917
2,0.0938,llama8b_base,h,within_A,0.8607142857142858,0.02926066001459633,0.5375,0.09354143466934853
3,0.125,llama8b_base,h,within_A,0.8991071428571429,0.03061862178478972,0.5125,0.024999999999999998
4,0.1562,llama8b_base,h,within_A,0.9089285714285713,0.03815332253432411,0.55,0.10752906583803283
5,0.1875,llama8b_base,h,within_A,0.9080357142857143,0.03566961492042532,0.525,0.1159202311936963
6,0.2188,llama8b_base,h,within_A,0.91875,0.030592574462521106,0.5875,0.09354143466934853
7,0.25,llama8b_base,h,within_A,0.9053571428571429,0.05116624564962286,0.575,0.07288689868556625
8,0.2812,llama8b_base,h,within_A,0.9080357142857143,0.04505169932693884,0.5375,0.09354143466934853
9,0.3125,llama8b_base,h,within_A,0.9526785714285715,0.040583279204869704,0.7,0.15
10,0.3438,llama8b_base,h,within_A,0.9714285714285715,0.025348338511747122,0.8125,0.11858541225631422
11,0.375,llama8b_base,h,within_A,0.9642857142857142,0.03027825885323779,0.8125,0.08838834764831845
12,0.4062,llama8b_base,h,within_A,0.9839285714285714,0.025505101530510176,0.85,0.08477912478906585
13,0.4375,llama8b_base,h,within_A,0.9910714285714285,0.01785714285714284,0.8625,0.07288689868556626
14,0.4688,llama8b_base,h,within_A,0.9919642857142857,0.00953310558217078,0.875,0.07905694150420949
15,0.5,llama8b_base,h,within_A,0.9973214285714285,0.005357142857142838,0.925,0.07288689868556626
16,0.5312,llama8b_base,h,within_A,0.9982142857142857,0.0035714285714285587,0.95,0.046770717334674264
17,0.5625,llama8b_base,h,within_A,1.0,0.0,0.95,0.046770717334674264
18,0.5938,llama8b_base,h,within_A,1.0,0.0,0.9625,0.049999999999999996
19,0.625,llama8b_base,h,within_A,1.0,0.0,0.9625,0.049999999999999996
20,0.6562,llama8b_base,h,within_A,1.0,0.0,0.9625,0.049999999999999996
21,0.6875,llama8b_base,h,within_A,1.0,0.0,0.95,0.046770717334674264
22,0.7188,llama8b_base,h,within_A,1.0,0.0,0.9625,0.049999999999999996
23,0.75,llama8b_base,h,within_A,1.0,0.0,0.95,0.046770717334674264
24,0.7812,llama8b_base,h,within_A,1.0,0.0,0.95,0.04677071733467427
25,0.8125,llama8b_base,h,within_A,1.0,0.0,0.95,0.04677071733467427
26,0.8438,llama8b_base,h,within_A,1.0,0.0,0.95,0.04677071733467427
27,0.875,llama8b_base,h,within_A,1.0,0.0,0.95,0.04677071733467427
28,0.9062,llama8b_base,h,within_A,1.0,0.0,0.95,0.04677071733467427
29,0.9375,llama8b_base,h,within_A,1.0,0.0,0.95,0.04677071733467427
30,0.9688,llama8b_base,h,within_A,1.0,0.0,0.9375,0.03952847075210474
31,1.0,llama8b_base,h,within_A,1.0,0.0,0.925,0.024999999999999998
0,0.0312,llama8b_base,h,within_B_clinical,0.8526348039215688,0.04513721374394426,0.4989473684210526,0.08996151839672209
1,0.0625,llama8b_base,h,within_B_clinical,0.8981311274509803,0.042404772057717886,0.6231578947368421,0.1001715979231185
2,0.0938,llama8b_base,h,within_B_clinical,0.9164317810457515,0.0600961953016777,0.6342105263157894,0.11300479238728364
3,0.125,llama8b_base,h,within_B_clinical,0.9301776960784313,0.03570369519646995,0.6047368421052631,0.10553123758045842
4,0.1562,llama8b_base,h,within_B_clinical,0.9288705065359476,0.019958185286371475,0.6468421052631579,0.09699644451889707
5,0.1875,llama8b_base,h,within_B_clinical,0.9245506535947712,0.02952296205833222,0.6357894736842106,0.04293911169341293
6,0.2188,llama8b_base,h,within_B_clinical,0.9298815359477125,0.03395925308962315,0.6768421052631579,0.04071385180171309
7,0.25,llama8b_base,h,within_B_clinical,0.9410743464052288,0.0230308713175072,0.7189473684210526,0.061881846133469774
8,0.2812,llama8b_base,h,within_B_clinical,0.950204248366013,0.018733968104081757,0.708421052631579,0.0527997313851977
9,0.3125,llama8b_base,h,within_B_clinical,0.951000816993464,0.018368436089962772,0.6968421052631578,0.0646833326136304
10,0.3438,llama8b_base,h,within_B_clinical,0.958078022875817,0.014212553240601122,0.7489473684210526,0.06384711656471893
11,0.375,llama8b_base,h,within_B_clinical,0.9490093954248365,0.021699853367436517,0.6968421052631578,0.08664890790423865
12,0.4062,llama8b_base,h,within_B_clinical,0.9669628267973855,0.015368722555514545,0.8026315789473685,0.048523918196278354
13,0.4375,llama8b_base,h,within_B_clinical,0.9849877450980392,0.015512559189992774,0.8442105263157895,0.04485742263718424
14,0.4688,llama8b_base,h,within_B_clinical,0.9875,0.01245267799045598,0.8547368421052631,0.04910275279869726
15,0.5,llama8b_base,h,within_B_clinical,0.9847732843137255,0.013264410035938208,0.8342105263157895,0.05741427428755639
16,0.5312,llama8b_base,h,within_B_clinical,0.9805861928104574,0.014556096237345856,0.8342105263157895,0.05741427428755639
17,0.5625,llama8b_base,h,within_B_clinical,0.9794730392156863,0.016001624424189054,0.8231578947368421,0.0525894568286181
18,0.5938,llama8b_base,h,within_B_clinical,0.9815257352941176,0.015778810905206893,0.8231578947368421,0.062238928417239936
19,0.625,llama8b_base,h,within_B_clinical,0.9822610294117649,0.014823303176605133,0.8336842105263159,0.04999722984015964
20,0.6562,llama8b_base,h,within_B_clinical,0.9844669117647058,0.015362254053397025,0.8547368421052631,0.05932211706781207
21,0.6875,llama8b_base,h,within_B_clinical,0.9802696078431372,0.015966507730647943,0.8436842105263158,0.04718091543371573
22,0.7188,llama8b_base,h,within_B_clinical,0.982046568627451,0.01534109871425996,0.8436842105263158,0.057741423797484134
23,0.75,llama8b_base,h,within_B_clinical,0.9799938725490195,0.016646943527453575,0.8542105263157895,0.03908935711079398
24,0.7812,llama8b_base,h,within_B_clinical,0.9817708333333334,0.01569572612769184,0.8436842105263157,0.03343658984056545
25,0.8125,llama8b_base,h,within_B_clinical,0.98125,0.016555630979314,0.8336842105263159,0.037305358203514404
26,0.8438,llama8b_base,h,within_B_clinical,0.9780330882352942,0.01716933195342872,0.8231578947368421,0.04071385180171308
27,0.875,llama8b_base,h,within_B_clinical,0.9810355392156863,0.016528621555408494,0.8231578947368421,0.04071385180171308
28,0.9062,llama8b_base,h,within_B_clinical,0.9817708333333333,0.016667060891387187,0.8126315789473685,0.024370182953242548
29,0.9375,llama8b_base,h,within_B_clinical,0.9810355392156863,0.017078284253294638,0.8126315789473685,0.024370182953242548
30,0.9688,llama8b_base,h,within_B_clinical,0.9800245098039216,0.017052212788977755,0.8126315789473685,0.024370182953242548
31,1.0,llama8b_base,h,within_B_clinical,0.9747549019607844,0.01963735715334159,0.7921052631578946,0.04434815670092819
0,0.0312,llama8b_base,h,A_to_B,0.5814732142857143,NaN,0.14583333333333334,
0,0.0312,llama8b_base,h,B_to_A,0.5614285714285714,NaN,0.1375,
1,0.0625,llama8b_base,h,A_to_B,0.5699404761904763,NaN,0.09375,
1,0.0625,llama8b_base,h,B_to_A,0.5332142857142856,NaN,0.0875,
2,0.0938,llama8b_base,h,A_to_B,0.5496031746031745,NaN,0.17708333333333334,
2,0.0938,llama8b_base,h,B_to_A,0.5298214285714286,NaN,0.1625,
3,0.125,llama8b_base,h,A_to_B,0.5689484126984127,NaN,0.15625,
3,0.125,llama8b_base,h,B_to_A,0.5417857142857143,NaN,0.125,
4,0.1562,llama8b_base,h,A_to_B,0.5972222222222222,NaN,0.14583333333333334,
4,0.1562,llama8b_base,h,B_to_A,0.5149999999999999,NaN,0.1,
5,0.1875,llama8b_base,h,A_to_B,0.5700644841269841,NaN,0.15625,
5,0.1875,llama8b_base,h,B_to_A,0.5025,NaN,0.1625,
6,0.2188,llama8b_base,h,A_to_B,0.5713045634920635,NaN,0.13541666666666666,
6,0.2188,llama8b_base,h,B_to_A,0.47785714285714287,NaN,0.075,
7,0.25,llama8b_base,h,A_to_B,0.6081349206349207,NaN,0.13541666666666666,
7,0.25,llama8b_base,h,B_to_A,0.48178571428571426,NaN,0.1125,
8,0.2812,llama8b_base,h,A_to_B,0.6052827380952381,NaN,0.125,
8,0.2812,llama8b_base,h,B_to_A,0.5076785714285714,NaN,0.125,
9,0.3125,llama8b_base,h,A_to_B,0.6227678571428572,NaN,0.15625,
9,0.3125,llama8b_base,h,B_to_A,0.5273214285714285,NaN,0.125,
10,0.3438,llama8b_base,h,A_to_B,0.6576140873015872,NaN,0.125,
10,0.3438,llama8b_base,h,B_to_A,0.6087499999999999,NaN,0.2,
11,0.375,llama8b_base,h,A_to_B,0.6794394841269841,NaN,0.14583333333333334,
11,0.375,llama8b_base,h,B_to_A,0.6087499999999999,NaN,0.1875,
12,0.4062,llama8b_base,h,A_to_B,0.7498759920634921,NaN,0.15625,
12,0.4062,llama8b_base,h,B_to_A,0.7308928571428571,NaN,0.2875,
13,0.4375,llama8b_base,h,A_to_B,0.8923611111111112,NaN,0.3958333333333333,
13,0.4375,llama8b_base,h,B_to_A,0.8344642857142857,NaN,0.325,
14,0.4688,llama8b_base,h,A_to_B,0.9136904761904762,NaN,0.4583333333333333,
14,0.4688,llama8b_base,h,B_to_A,0.8423214285714286,NaN,0.3,
15,0.5,llama8b_base,h,A_to_B,0.9169146825396826,NaN,0.4895833333333333,
15,0.5,llama8b_base,h,B_to_A,0.8660714285714286,NaN,0.3,
16,0.5312,llama8b_base,h,A_to_B,0.9264632936507937,NaN,0.5208333333333334,
16,0.5312,llama8b_base,h,B_to_A,0.8821428571428571,NaN,0.35,
17,0.5625,llama8b_base,h,A_to_B,0.9174107142857142,NaN,0.5416666666666666,
17,0.5625,llama8b_base,h,B_to_A,0.8975,NaN,0.425,
18,0.5938,llama8b_base,h,A_to_B,0.8985615079365079,NaN,0.5,
18,0.5938,llama8b_base,h,B_to_A,0.9151785714285714,NaN,0.5125,
19,0.625,llama8b_base,h,A_to_B,0.9138144841269842,NaN,0.5520833333333334,
19,0.625,llama8b_base,h,B_to_A,0.91625,NaN,0.475,
20,0.6562,llama8b_base,h,A_to_B,0.910094246031746,NaN,0.5416666666666666,
20,0.6562,llama8b_base,h,B_to_A,0.9233928571428572,NaN,0.5625,
21,0.6875,llama8b_base,h,A_to_B,0.9236111111111112,NaN,0.5520833333333334,
21,0.6875,llama8b_base,h,B_to_A,0.9312499999999999,NaN,0.625,
22,0.7188,llama8b_base,h,A_to_B,0.9187748015873015,NaN,0.5520833333333334,
22,0.7188,llama8b_base,h,B_to_A,0.9303571428571428,NaN,0.5875,
23,0.75,llama8b_base,h,A_to_B,0.9254712301587302,NaN,0.5520833333333334,
23,0.75,llama8b_base,h,B_to_A,0.9312499999999999,NaN,0.5875,
24,0.7812,llama8b_base,h,A_to_B,0.9201388888888888,NaN,0.5833333333333334,
24,0.7812,llama8b_base,h,B_to_A,0.9330357142857142,NaN,0.625,
25,0.8125,llama8b_base,h,A_to_B,0.9263392857142857,NaN,0.5833333333333334,
25,0.8125,llama8b_base,h,B_to_A,0.9410714285714286,NaN,0.6375,
26,0.8438,llama8b_base,h,A_to_B,0.9270833333333334,NaN,0.5833333333333334,
26,0.8438,llama8b_base,h,B_to_A,0.94125,NaN,0.6375,
27,0.875,llama8b_base,h,A_to_B,0.9207589285714286,NaN,0.5520833333333334,
27,0.875,llama8b_base,h,B_to_A,0.9473214285714285,NaN,0.6625,
28,0.9062,llama8b_base,h,A_to_B,0.9232390873015873,NaN,0.5520833333333334,
28,0.9062,llama8b_base,h,B_to_A,0.9435714285714286,NaN,0.6375,
29,0.9375,llama8b_base,h,A_to_B,0.9228670634920635,NaN,0.5520833333333334,
29,0.9375,llama8b_base,h,B_to_A,0.9403571428571429,NaN,0.65,
30,0.9688,llama8b_base,h,A_to_B,0.9263392857142857,NaN,0.5625,
30,0.9688,llama8b_base,h,B_to_A,0.94,NaN,0.6375,
31,1.0,llama8b_base,h,A_to_B,0.925843253968254,NaN,0.5520833333333334,
31,1.0,llama8b_base,h,B_to_A,0.93625,NaN,0.625,
0,0.0312,llama8b_base,a,within_A,0.8455357142857143,0.027606472917393376,0.4875,0.082915619758885
1,0.0625,llama8b_base,a,within_A,0.8571428571428571,0.05206207048969018,0.525,0.1457737973711325
2,0.0938,llama8b_base,a,within_A,0.8482142857142858,0.027081698014469798,0.525,0.06373774391990981
3,0.125,llama8b_base,a,within_A,0.9098214285714287,0.030722590239437967,0.6375,0.06123724356957945
4,0.1562,llama8b_base,a,within_A,0.8964285714285716,0.046083885359156924,0.4875,0.024999999999999998
5,0.1875,llama8b_base,a,within_A,0.9008928571428573,0.01749635530559415,0.5375,0.09354143466934853
6,0.2188,llama8b_base,a,within_A,0.9294642857142857,0.027865154525584357,0.6375,0.10752906583803283
7,0.25,llama8b_base,a,within_A,0.9232142857142858,0.06064859892050608,0.6125,0.1334634781503914
8,0.2812,llama8b_base,a,within_A,0.9401785714285713,0.028036282978763545,0.6375,0.04677071733467427
9,0.3125,llama8b_base,a,within_A,0.9830357142857142,0.012436060961771543,0.8,0.07288689868556626
10,0.3438,llama8b_base,a,within_A,0.9857142857142858,0.018166955311942658,0.8375,0.1015504800579495
11,0.375,llama8b_base,a,within_A,0.9732142857142858,0.028655011671216434,0.8125,0.125
12,0.4062,llama8b_base,a,within_A,0.9883928571428571,0.021053260933127864,0.85,0.075
13,0.4375,llama8b_base,a,within_A,0.9964285714285716,0.005206207048969,0.8875,0.046770717334674264
14,0.4688,llama8b_base,a,within_A,0.9964285714285713,0.005206207048968999,0.9,0.0637377439199098
15,0.5,llama8b_base,a,within_A,1.0,0.0,0.9375,0.0
16,0.5312,llama8b_base,a,within_A,1.0,0.0,0.975,0.049999999999999996
17,0.5625,llama8b_base,a,within_A,0.9982142857142857,0.0035714285714285587,0.95,0.046770717334674264
18,0.5938,llama8b_base,a,within_A,1.0,0.0,0.975,0.049999999999999996
19,0.625,llama8b_base,a,within_A,1.0,0.0,0.9625,0.049999999999999996
20,0.6562,llama8b_base,a,within_A,1.0,0.0,0.975,0.030618621784789725
21,0.6875,llama8b_base,a,within_A,0.9991071428571429,0.0017857142857142794,0.9125,0.09354143466934853
22,0.7188,llama8b_base,a,within_A,1.0,0.0,0.9625,0.030618621784789725
23,0.75,llama8b_base,a,within_A,0.9928571428571429,0.009192526911595555,0.9625,0.049999999999999996
24,0.7812,llama8b_base,a,within_A,0.9991071428571429,0.0017857142857142794,0.9375,0.03952847075210474
25,0.8125,llama8b_base,a,within_A,1.0,0.0,0.9875,0.024999999999999998
26,0.8438,llama8b_base,a,within_A,1.0,0.0,0.975,0.03061862178478973
27,0.875,llama8b_base,a,within_A,1.0,0.0,0.9625,0.049999999999999996
28,0.9062,llama8b_base,a,within_A,1.0,0.0,0.9875,0.024999999999999998
29,0.9375,llama8b_base,a,within_A,1.0,0.0,0.9625,0.049999999999999996
30,0.9688,llama8b_base,a,within_A,1.0,0.0,0.9875,0.024999999999999998
31,1.0,llama8b_base,a,within_A,1.0,0.0,0.95,0.024999999999999998
0,0.0312,llama8b_base,a,within_B_clinical,0.8481004901960784,0.049014016225202496,0.5405263157894737,0.06722847306036114
1,0.0625,llama8b_base,a,within_B_clinical,0.9001633986928106,0.05723645842003495,0.6436842105263157,0.1288302368114625
2,0.0938,llama8b_base,a,within_B_clinical,0.9165951797385621,0.06299232528530127,0.6147368421052632,0.15762784460913587
3,0.125,llama8b_base,a,within_B_clinical,0.9345894607843137,0.02492487089262129,0.6868421052631579,0.05020732639036556
4,0.1562,llama8b_base,a,within_B_clinical,0.9460988562091502,0.020526925218647053,0.7194736842105265,0.06731083064736071
5,0.1875,llama8b_base,a,within_B_clinical,0.9193116830065359,0.019316308013932183,0.7278947368421053,0.06436564524720187
6,0.2188,llama8b_base,a,within_B_clinical,0.9330780228758171,0.03001583494239279,0.6763157894736842,0.07964603131800817
7,0.25,llama8b_base,a,within_B_clinical,0.9399509803921567,0.027788007085408975,0.7089473684210528,0.08260978592940389
8,0.2812,llama8b_base,a,within_B_clinical,0.950796568627451,0.013343008154602962,0.7089473684210527,0.0678845361574157
9,0.3125,llama8b_base,a,within_B_clinical,0.9439746732026144,0.027000278219599404,0.6342105263157894,0.11300479238728363
10,0.3438,llama8b_base,a,within_B_clinical,0.9640114379084969,0.013127164993972389,0.7389473684210526,0.05969451317371719
11,0.375,llama8b_base,a,within_B_clinical,0.9348958333333334,0.022006849172818622,0.6552631578947368,0.08170618261189487
12,0.4062,llama8b_base,a,within_B_clinical,0.9652573529411764,0.02000342950159448,0.718421052631579,0.08632220772029854
13,0.4375,llama8b_base,a,within_B_clinical,0.9842218137254901,0.018388224144087497,0.8647368421052631,0.07099607885859893
14,0.4688,llama8b_base,a,within_B_clinical,0.9813214869281046,0.016199271279810787,0.8236842105263158,0.12554589938817434
15,0.5,llama8b_base,a,within_B_clinical,0.9688521241830065,0.007458002599814925,0.7710526315789474,0.0704162534750508
16,0.5312,llama8b_base,a,within_B_clinical,0.9712724673202615,0.013012183946395367,0.801578947368421,0.06253198627485956
17,0.5625,llama8b_base,a,within_B_clinical,0.9779820261437908,0.015966795136775097,0.8126315789473685,0.024370182953242548
18,0.5938,llama8b_base,a,within_B_clinical,0.9811580882352942,0.01920420755279112,0.8331578947368422,0.11740027889559948
19,0.625,llama8b_base,a,within_B_clinical,0.96046772875817,0.014557278403663422,0.7710526315789473,0.04042708288351898
20,0.6562,llama8b_base,a,within_B_clinical,0.969515931372549,0.018974579762604356,0.8126315789473685,0.05300917184005968
21,0.6875,llama8b_base,a,within_B_clinical,0.9635825163398695,0.011001168525603237,0.7710526315789474,0.04042708288351898
22,0.7188,llama8b_base,a,within_B_clinical,0.9664317810457517,0.016160828483634,0.7610526315789474,0.03670651741928991
23,0.75,llama8b_base,a,within_B_clinical,0.9453533496732026,0.009284172328611355,0.6663157894736841,0.02894258333656321
24,0.7812,llama8b_base,a,within_B_clinical,0.9719669117647058,0.014284650899535737,0.801578947368421,0.041160452202141366
25,0.8125,llama8b_base,a,within_B_clinical,0.9762254901960784,0.01659097168870333,0.771578947368421,0.08258966419340223
26,0.8438,llama8b_base,a,within_B_clinical,0.974969362745098,0.018294469249689523,0.7705263157894737,0.05465581046630386
27,0.875,llama8b_base,a,within_B_clinical,0.9712214052287582,0.00934168927611281,0.7921052631578946,0.05545080922554074
28,0.9062,llama8b_base,a,within_B_clinical,0.9733251633986928,0.020190666405215288,0.8231578947368421,0.0525894568286181
29,0.9375,llama8b_base,a,within_B_clinical,0.9537785947712418,0.02050142401553732,0.75,0.06115236862432766
30,0.9688,llama8b_base,a,within_B_clinical,0.9682904411764707,0.021194249753333793,0.8126315789473685,0.04125456408897984
31,1.0,llama8b_base,a,within_B_clinical,0.9753676470588235,0.015476029565401728,0.7810526315789473,0.04016586111229246
0,0.0312,llama8b_base,a,A_to_B,0.5844494047619048,NaN,0.15625,
0,0.0312,llama8b_base,a,B_to_A,0.5539285714285714,NaN,0.125,
1,0.0625,llama8b_base,a,A_to_B,0.5853174603174603,NaN,0.125,
1,0.0625,llama8b_base,a,B_to_A,0.5507142857142857,NaN,0.1125,
2,0.0938,llama8b_base,a,A_to_B,0.5581597222222222,NaN,0.15625,
2,0.0938,llama8b_base,a,B_to_A,0.51125,NaN,0.1125,
3,0.125,llama8b_base,a,A_to_B,0.5762648809523809,NaN,0.13541666666666666,
3,0.125,llama8b_base,a,B_to_A,0.5544642857142857,NaN,0.1,
4,0.1562,llama8b_base,a,A_to_B,0.5961061507936508,NaN,0.08333333333333333,
4,0.1562,llama8b_base,a,B_to_A,0.5130357142857143,NaN,0.1125,
5,0.1875,llama8b_base,a,A_to_B,0.5988343253968254,NaN,0.14583333333333334,
5,0.1875,llama8b_base,a,B_to_A,0.5183928571428571,NaN,0.15,
6,0.2188,llama8b_base,a,A_to_B,0.6042906746031745,NaN,0.13541666666666666,
6,0.2188,llama8b_base,a,B_to_A,0.44625000000000004,NaN,0.1,
7,0.25,llama8b_base,a,A_to_B,0.6028025793650793,NaN,0.17708333333333334,
7,0.25,llama8b_base,a,B_to_A,0.5449999999999999,NaN,0.15,
8,0.2812,llama8b_base,a,A_to_B,0.6253720238095237,NaN,0.125,
8,0.2812,llama8b_base,a,B_to_A,0.5587500000000001,NaN,0.15,
9,0.3125,llama8b_base,a,A_to_B,0.6625744047619049,NaN,0.11458333333333333,
9,0.3125,llama8b_base,a,B_to_A,0.6660714285714286,NaN,0.225,
10,0.3438,llama8b_base,a,A_to_B,0.6796875,NaN,0.08333333333333333,
10,0.3438,llama8b_base,a,B_to_A,0.7057142857142857,NaN,0.2,
11,0.375,llama8b_base,a,A_to_B,0.6479414682539683,NaN,0.13541666666666666,
11,0.375,llama8b_base,a,B_to_A,0.63,NaN,0.1625,
12,0.4062,llama8b_base,a,A_to_B,0.7508680555555556,NaN,0.16666666666666666,
12,0.4062,llama8b_base,a,B_to_A,0.7991071428571428,NaN,0.3125,
13,0.4375,llama8b_base,a,A_to_B,0.9285714285714285,NaN,0.4791666666666667,
13,0.4375,llama8b_base,a,B_to_A,0.9125,NaN,0.4875,
14,0.4688,llama8b_base,a,A_to_B,0.8849206349206349,NaN,0.4166666666666667,
14,0.4688,llama8b_base,a,B_to_A,0.895,NaN,0.4625,
15,0.5,llama8b_base,a,A_to_B,0.8658234126984127,NaN,0.46875,
15,0.5,llama8b_base,a,B_to_A,0.8521428571428571,NaN,0.375,
16,0.5312,llama8b_base,a,A_to_B,0.9117063492063491,NaN,0.5104166666666666,
16,0.5312,llama8b_base,a,B_to_A,0.9192857142857143,NaN,0.4625,
17,0.5625,llama8b_base,a,A_to_B,0.8385416666666666,NaN,0.4375,
17,0.5625,llama8b_base,a,B_to_A,0.8742857142857143,NaN,0.5125,
18,0.5938,llama8b_base,a,A_to_B,0.8282490079365079,NaN,0.4375,
18,0.5938,llama8b_base,a,B_to_A,0.8917857142857143,NaN,0.5,
19,0.625,llama8b_base,a,A_to_B,0.793030753968254,NaN,0.2708333333333333,
19,0.625,llama8b_base,a,B_to_A,0.8282142857142858,NaN,0.3875,
20,0.6562,llama8b_base,a,A_to_B,0.8309771825396826,NaN,0.4479166666666667,
20,0.6562,llama8b_base,a,B_to_A,0.9378571428571428,NaN,0.7,
21,0.6875,llama8b_base,a,A_to_B,0.916046626984127,NaN,0.5729166666666666,
21,0.6875,llama8b_base,a,B_to_A,0.9432142857142857,NaN,0.65,
22,0.7188,llama8b_base,a,A_to_B,0.828125,NaN,0.21875,
22,0.7188,llama8b_base,a,B_to_A,0.843392857142857,NaN,0.425,
23,0.75,llama8b_base,a,A_to_B,0.8365575396825398,NaN,0.4479166666666667,
23,0.75,llama8b_base,a,B_to_A,0.8935714285714285,NaN,0.5375,
24,0.7812,llama8b_base,a,A_to_B,0.7640128968253967,NaN,0.3645833333333333,
24,0.7812,llama8b_base,a,B_to_A,0.6058928571428571,NaN,0.3,
25,0.8125,llama8b_base,a,A_to_B,0.8722718253968254,NaN,0.46875,
25,0.8125,llama8b_base,a,B_to_A,0.9648214285714286,NaN,0.7125,
26,0.8438,llama8b_base,a,A_to_B,0.9066220238095238,NaN,0.4895833333333333,
26,0.8438,llama8b_base,a,B_to_A,0.9375,NaN,0.65,
27,0.875,llama8b_base,a,A_to_B,0.8772321428571428,NaN,0.4375,
27,0.875,llama8b_base,a,B_to_A,0.8910714285714285,NaN,0.55,
28,0.9062,llama8b_base,a,A_to_B,0.8921130952380953,NaN,0.5208333333333334,
28,0.9062,llama8b_base,a,B_to_A,0.9314285714285715,NaN,0.6125,
29,0.9375,llama8b_base,a,A_to_B,0.9020337301587302,NaN,0.6145833333333334,
29,0.9375,llama8b_base,a,B_to_A,0.9146428571428571,NaN,0.5875,
30,0.9688,llama8b_base,a,A_to_B,0.9035218253968254,NaN,0.5416666666666666,
30,0.9688,llama8b_base,a,B_to_A,0.8630357142857142,NaN,0.3625,
31,1.0,llama8b_base,a,A_to_B,0.9150545634920635,NaN,0.5833333333333334,
31,1.0,llama8b_base,a,B_to_A,0.9271428571428572,NaN,0.6375,
0,0.0312,llama8b_base,m,within_A,0.8107142857142857,0.03773311894484898,0.4625,0.10897247358851683
1,0.0625,llama8b_base,m,within_A,0.8419642857142857,0.04406772385447524,0.5375,0.08477912478906585
2,0.0938,llama8b_base,m,within_A,0.8508928571428571,0.03164293776190953,0.5125,0.046770717334674264
3,0.125,llama8b_base,m,within_A,0.8946428571428571,0.025969713521873206,0.55,0.082915619758885
4,0.1562,llama8b_base,m,within_A,0.9089285714285715,0.042030722485499356,0.55,0.082915619758885
5,0.1875,llama8b_base,m,within_A,0.9089285714285713,0.0399896351367119,0.6,0.1015504800579495
6,0.2188,llama8b_base,m,within_A,0.9196428571428573,0.03571428571428574,0.5375,0.10897247358851683
7,0.25,llama8b_base,m,within_A,0.9035714285714285,0.05721256908428855,0.5625,0.10458250331675945
8,0.2812,llama8b_base,m,within_A,0.9125,0.056652471711483264,0.575,0.12747548783981963
9,0.3125,llama8b_base,m,within_A,0.9589285714285716,0.031237242293814103,0.75,0.11180339887498948
10,0.3438,llama8b_base,m,within_A,0.9651785714285716,0.032365301714985466,0.775,0.1457737973711325
11,0.375,llama8b_base,m,within_A,0.9589285714285714,0.030330870984755384,0.75,0.13693063937629152
12,0.4062,llama8b_base,m,within_A,0.9723214285714284,0.02993402609685754,0.825,0.07288689868556625
13,0.4375,llama8b_base,m,within_A,0.99375,0.007783748113465481,0.875,0.05590169943749474
14,0.4688,llama8b_base,m,within_A,0.9892857142857142,0.011503659577433161,0.8625,0.07288689868556626
15,0.5,llama8b_base,m,within_A,0.9964285714285716,0.0071428571428571175,0.9,0.08477912478906585
16,0.5312,llama8b_base,m,within_A,0.9982142857142857,0.0035714285714285587,0.925,0.024999999999999998
17,0.5625,llama8b_base,m,within_A,1.0,0.0,0.9375,0.05590169943749474
18,0.5938,llama8b_base,m,within_A,0.9982142857142857,0.0035714285714285587,0.9625,0.049999999999999996
19,0.625,llama8b_base,m,within_A,1.0,0.0,0.9375,0.03952847075210474
20,0.6562,llama8b_base,m,within_A,1.0,0.0,0.9375,0.05590169943749474
21,0.6875,llama8b_base,m,within_A,1.0,0.0,0.925,0.06123724356957945
22,0.7188,llama8b_base,m,within_A,1.0,0.0,0.9375,0.03952847075210474
23,0.75,llama8b_base,m,within_A,1.0,0.0,0.9375,0.05590169943749474
24,0.7812,llama8b_base,m,within_A,1.0,0.0,0.925,0.04677071733467427
25,0.8125,llama8b_base,m,within_A,1.0,0.0,0.95,0.046770717334674264
26,0.8438,llama8b_base,m,within_A,1.0,0.0,0.925,0.024999999999999998
27,0.875,llama8b_base,m,within_A,1.0,0.0,0.9375,0.03952847075210474
28,0.9062,llama8b_base,m,within_A,1.0,0.0,0.9375,0.03952847075210474
29,0.9375,llama8b_base,m,within_A,1.0,0.0,0.95,0.046770717334674264
30,0.9688,llama8b_base,m,within_A,1.0,0.0,0.9375,0.03952847075210474
31,1.0,llama8b_base,m,within_A,0.9982142857142857,0.0035714285714285587,0.9375,0.03952847075210474
0,0.0312,llama8b_base,m,within_B_clinical,0.8407577614379085,0.058261113362002986,0.49842105263157893,0.08525016145263793
1,0.0625,llama8b_base,m,within_B_clinical,0.8800347222222221,0.0564102372654696,0.591578947368421,0.12082816717710945
2,0.0938,llama8b_base,m,within_B_clinical,0.9065359477124183,0.05947499363519123,0.6231578947368421,0.12479789756024366
3,0.125,llama8b_base,m,within_B_clinical,0.9246017156862745,0.03422064800882902,0.6363157894736842,0.11130552397608137
4,0.1562,llama8b_base,m,within_B_clinical,0.9310151143790849,0.027466963037106596,0.6568421052631579,0.10043671951053945
5,0.1875,llama8b_base,m,within_B_clinical,0.9108251633986928,0.043005275576366006,0.6452631578947369,0.043093662085176246
6,0.2188,llama8b_base,m,within_B_clinical,0.9191687091503269,0.04124686900331953,0.6873684210526316,0.07469976841772703
7,0.25,llama8b_base,m,within_B_clinical,0.9435968137254903,0.026814757447342744,0.7078947368421052,0.09860523155365894
8,0.2812,llama8b_base,m,within_B_clinical,0.9472937091503268,0.010680812827592258,0.6973684210526315,0.04243293551736079
9,0.3125,llama8b_base,m,within_B_clinical,0.9553615196078432,0.020750402630275225,0.6857894736842105,0.08459779372773919
10,0.3438,llama8b_base,m,within_B_clinical,0.950377859477124,0.022158603909067487,0.6863157894736842,0.07746681891778569
11,0.375,llama8b_base,m,within_B_clinical,0.9457107843137255,0.016111409661040212,0.7389473684210527,0.05969451317371718
12,0.4062,llama8b_base,m,within_B_clinical,0.9543811274509804,0.016805700276368244,0.75,0.10721867782875455
13,0.4375,llama8b_base,m,within_B_clinical,0.9835273692810459,0.013380746789263537,0.8331578947368421,0.08446671556761964
14,0.4688,llama8b_base,m,within_B_clinical,0.978686683006536,0.015711718432798484,0.8442105263157895,0.07304990135956829
15,0.5,llama8b_base,m,within_B_clinical,0.9838848039215685,0.011921553888301932,0.8131578947368421,0.06882472016116854
16,0.5312,llama8b_base,m,within_B_clinical,0.9758374183006536,0.012964921446712328,0.8342105263157894,0.04677997061745047
17,0.5625,llama8b_base,m,within_B_clinical,0.9764705882352942,0.015160519849144662,0.8231578947368421,0.04071385180171308
18,0.5938,llama8b_base,m,within_B_clinical,0.9785232843137255,0.016742748240843996,0.8231578947368423,0.04071385180171308
19,0.625,llama8b_base,m,within_B_clinical,0.9795343137254902,0.01314855895818454,0.8647368421052631,0.053144865521534045
20,0.6562,llama8b_base,m,within_B_clinical,0.9795649509803923,0.015295202678014864,0.8547368421052631,0.05932211706781207
21,0.6875,llama8b_base,m,within_B_clinical,0.9767463235294118,0.01690260434989564,0.8021052631578947,0.06116142756351138
22,0.7188,llama8b_base,m,within_B_clinical,0.9833333333333334,0.014508414310610993,0.8331578947368421,0.022055080883954678
23,0.75,llama8b_base,m,within_B_clinical,0.9802083333333333,0.01547148004881885,0.8231578947368421,0.04071385180171308
24,0.7812,llama8b_base,m,within_B_clinical,0.9768995098039216,0.01490980195939814,0.8131578947368421,0.037586465413383396
25,0.8125,llama8b_base,m,within_B_clinical,0.9756433823529411,0.017327527831645234,0.8231578947368421,0.023443218369810583
26,0.8438,llama8b_base,m,within_B_clinical,0.9728860294117647,0.020243784971423782,0.7921052631578946,0.029304022962263258
27,0.875,llama8b_base,m,within_B_clinical,0.9793504901960783,0.015804607375920383,0.8336842105263157,0.016842105263157856
28,0.9062,llama8b_base,m,within_B_clinical,0.9758884803921568,0.018800293786867022,0.8021052631578947,0.03904681471787664
29,0.9375,llama8b_base,m,within_B_clinical,0.9800857843137255,0.01541422377306571,0.8021052631578949,0.020411283610173993
30,0.9688,llama8b_base,m,within_B_clinical,0.9733455882352942,0.02107054793013061,0.8126315789473685,0.024370182953242548
31,1.0,llama8b_base,m,within_B_clinical,0.9715686274509803,0.02162599600904696,0.781578947368421,0.03684210526315789
0,0.0312,llama8b_base,m,A_to_B,0.5793650793650794,NaN,0.125,
0,0.0312,llama8b_base,m,B_to_A,0.5605357142857142,NaN,0.1375,
1,0.0625,llama8b_base,m,A_to_B,0.5533234126984128,NaN,0.0625,
1,0.0625,llama8b_base,m,B_to_A,0.5203571428571429,NaN,0.1125,
2,0.0938,llama8b_base,m,A_to_B,0.5535714285714286,NaN,0.17708333333333334,
2,0.0938,llama8b_base,m,B_to_A,0.5233928571428572,NaN,0.1375,
3,0.125,llama8b_base,m,A_to_B,0.5729166666666666,NaN,0.14583333333333334,
3,0.125,llama8b_base,m,B_to_A,0.5616071428571429,NaN,0.15,
4,0.1562,llama8b_base,m,A_to_B,0.5947420634920635,NaN,0.11458333333333333,
4,0.1562,llama8b_base,m,B_to_A,0.531607142857143,NaN,0.1375,
5,0.1875,llama8b_base,m,A_to_B,0.5992063492063491,NaN,0.16666666666666666,
5,0.1875,llama8b_base,m,B_to_A,0.5289285714285714,NaN,0.1625,
6,0.2188,llama8b_base,m,A_to_B,0.59375,NaN,0.17708333333333334,
6,0.2188,llama8b_base,m,B_to_A,0.46125,NaN,0.125,
7,0.25,llama8b_base,m,A_to_B,0.6021825396825398,NaN,0.1875,
7,0.25,llama8b_base,m,B_to_A,0.4983928571428572,NaN,0.0875,
8,0.2812,llama8b_base,m,A_to_B,0.5905257936507936,NaN,0.125,
8,0.2812,llama8b_base,m,B_to_A,0.4998214285714286,NaN,0.1125,
9,0.3125,llama8b_base,m,A_to_B,0.6227678571428572,NaN,0.125,
9,0.3125,llama8b_base,m,B_to_A,0.5648214285714286,NaN,0.15,
10,0.3438,llama8b_base,m,A_to_B,0.6403769841269842,NaN,0.10416666666666667,
10,0.3438,llama8b_base,m,B_to_A,0.6141071428571429,NaN,0.2,
11,0.375,llama8b_base,m,A_to_B,0.6691468253968254,NaN,0.125,
11,0.375,llama8b_base,m,B_to_A,0.6196428571428572,NaN,0.1625,
12,0.4062,llama8b_base,m,A_to_B,0.7397073412698413,NaN,0.14583333333333334,
12,0.4062,llama8b_base,m,B_to_A,0.7012499999999999,NaN,0.25,
13,0.4375,llama8b_base,m,A_to_B,0.8981894841269842,NaN,0.3854166666666667,
13,0.4375,llama8b_base,m,B_to_A,0.8528571428571429,NaN,0.3375,
14,0.4688,llama8b_base,m,A_to_B,0.8820684523809523,NaN,0.3645833333333333,
14,0.4688,llama8b_base,m,B_to_A,0.8467857142857143,NaN,0.2625,
15,0.5,llama8b_base,m,A_to_B,0.9186507936507937,NaN,0.4583333333333333,
15,0.5,llama8b_base,m,B_to_A,0.8882142857142856,NaN,0.3375,
16,0.5312,llama8b_base,m,A_to_B,0.9138144841269842,NaN,0.5104166666666666,
16,0.5312,llama8b_base,m,B_to_A,0.8739285714285714,NaN,0.4375,
17,0.5625,llama8b_base,m,A_to_B,0.9056299603174603,NaN,0.4895833333333333,
17,0.5625,llama8b_base,m,B_to_A,0.8867857142857143,NaN,0.3625,
18,0.5938,llama8b_base,m,A_to_B,0.8995535714285714,NaN,0.4791666666666667,
18,0.5938,llama8b_base,m,B_to_A,0.9064285714285715,NaN,0.5375,
19,0.625,llama8b_base,m,A_to_B,0.9215029761904762,NaN,0.5520833333333334,
19,0.625,llama8b_base,m,B_to_A,0.9048214285714286,NaN,0.4625,
20,0.6562,llama8b_base,m,A_to_B,0.8973214285714286,NaN,0.53125,
20,0.6562,llama8b_base,m,B_to_A,0.905,NaN,0.5125,
21,0.6875,llama8b_base,m,A_to_B,0.921999007936508,NaN,0.5,
21,0.6875,llama8b_base,m,B_to_A,0.9151785714285715,NaN,0.6375,
22,0.7188,llama8b_base,m,A_to_B,0.916046626984127,NaN,0.5416666666666666,
22,0.7188,llama8b_base,m,B_to_A,0.9353571428571429,NaN,0.5875,
23,0.75,llama8b_base,m,A_to_B,0.9365079365079365,NaN,0.5625,
23,0.75,llama8b_base,m,B_to_A,0.9314285714285714,NaN,0.65,
24,0.7812,llama8b_base,m,A_to_B,0.9093501984126984,NaN,0.5520833333333334,
24,0.7812,llama8b_base,m,B_to_A,0.9319642857142858,NaN,0.6625,
25,0.8125,llama8b_base,m,A_to_B,0.9205109126984128,NaN,0.5729166666666666,
25,0.8125,llama8b_base,m,B_to_A,0.9258928571428571,NaN,0.625,
26,0.8438,llama8b_base,m,A_to_B,0.9301835317460317,NaN,0.6145833333333334,
26,0.8438,llama8b_base,m,B_to_A,0.9353571428571428,NaN,0.6375,
27,0.875,llama8b_base,m,A_to_B,0.9205109126984128,NaN,0.6145833333333334,
27,0.875,llama8b_base,m,B_to_A,0.9466071428571429,NaN,0.725,
28,0.9062,llama8b_base,m,A_to_B,0.9177827380952381,NaN,0.5520833333333334,
28,0.9062,llama8b_base,m,B_to_A,0.9349999999999999,NaN,0.65,
29,0.9375,llama8b_base,m,A_to_B,0.9296875,NaN,0.5833333333333334,
29,0.9375,llama8b_base,m,B_to_A,0.9585714285714286,NaN,0.6625,
30,0.9688,llama8b_base,m,A_to_B,0.9358878968253969,NaN,0.6354166666666666,
30,0.9688,llama8b_base,m,B_to_A,0.9446428571428571,NaN,0.6,
31,1.0,llama8b_base,m,A_to_B,0.9325396825396826,NaN,0.5625,
31,1.0,llama8b_base,m,B_to_A,0.9367857142857143,NaN,0.675,
0,0.0238,gemma9b_inst,h,within_A,0.8285714285714285,0.01660810289083772,0.3625,0.024999999999999998
1,0.0476,gemma9b_inst,h,within_A,0.8571428571428571,0.02412367158233271,0.5125,0.046770717334674264
2,0.0714,gemma9b_inst,h,within_A,0.8196428571428571,0.04388644902658751,0.4625,0.1015504800579495
3,0.0952,gemma9b_inst,h,within_A,0.8482142857142858,0.05357142857142858,0.525,0.08477912478906585
4,0.119,gemma9b_inst,h,within_A,0.85,0.049599801472611255,0.5,0.06846531968814576
5,0.1429,gemma9b_inst,h,within_A,0.8348214285714285,0.02328286573286659,0.4375,0.08838834764831845
6,0.1667,gemma9b_inst,h,within_A,0.8991071428571429,0.015618621146907073,0.575,0.06123724356957946
7,0.1905,gemma9b_inst,h,within_A,0.8758928571428571,0.03404584993738858,0.5125,0.06123724356957946
8,0.2143,gemma9b_inst,h,within_A,0.9294642857142857,0.031109377482472014,0.6,0.10897247358851683
9,0.2381,gemma9b_inst,h,within_A,0.9357142857142857,0.03335989587905251,0.6625,0.03061862178478973
10,0.2619,gemma9b_inst,h,within_A,0.9535714285714285,0.03201860906614487,0.7625,0.07288689868556625
11,0.2857,gemma9b_inst,h,within_A,0.9446428571428571,0.03555769241382122,0.725,0.09354143466934853
12,0.3095,gemma9b_inst,h,within_A,0.95,0.028986934072764155,0.7125,0.08477912478906585
13,0.3333,gemma9b_inst,h,within_A,0.9517857142857142,0.038444732395733906,0.725,0.09354143466934853
14,0.3571,gemma9b_inst,h,within_A,0.9580357142857142,0.02831919915563164,0.7,0.1
15,0.381,gemma9b_inst,h,within_A,0.9642857142857144,0.017174450055063736,0.6875,0.08838834764831845
16,0.4048,gemma9b_inst,h,within_A,0.9848214285714286,0.007253605718424939,0.775,0.08477912478906585
17,0.4286,gemma9b_inst,h,within_A,0.9982142857142857,0.0035714285714285587,0.9375,0.05590169943749474
18,0.4524,gemma9b_inst,h,within_A,0.9982142857142857,0.0035714285714285587,0.975,0.03061862178478973
19,0.4762,gemma9b_inst,h,within_A,0.9982142857142857,0.0035714285714285587,0.975,0.03061862178478973
20,0.5,gemma9b_inst,h,within_A,0.9982142857142857,0.0035714285714285587,0.925,0.04677071733467427
21,0.5238,gemma9b_inst,h,within_A,1.0,0.0,0.9,0.049999999999999996
22,0.5476,gemma9b_inst,h,within_A,0.9982142857142857,0.0035714285714285587,0.9375,0.06846531968814576
23,0.5714,gemma9b_inst,h,within_A,0.9991071428571429,0.0017857142857142794,0.95,0.046770717334674264
24,0.5952,gemma9b_inst,h,within_A,0.9982142857142857,0.0035714285714285587,0.925,0.07288689868556626
25,0.619,gemma9b_inst,h,within_A,0.9973214285714287,0.0035714285714285587,0.9375,0.05590169943749474
26,0.6429,gemma9b_inst,h,within_A,0.99375,0.006681531047810586,0.9,0.08477912478906585
27,0.6667,gemma9b_inst,h,within_A,0.9928571428571429,0.006055651770647539,0.9,0.08477912478906585
28,0.6905,gemma9b_inst,h,within_A,0.9964285714285716,0.0071428571428571175,0.9375,0.05590169943749474
29,0.7143,gemma9b_inst,h,within_A,0.9955357142857142,0.0069160416896560765,0.925,0.07288689868556626
30,0.7381,gemma9b_inst,h,within_A,0.9955357142857142,0.0069160416896560765,0.9375,0.05590169943749474
31,0.7619,gemma9b_inst,h,within_A,0.9973214285714285,0.005357142857142838,0.925,0.07288689868556626
32,0.7857,gemma9b_inst,h,within_A,0.9973214285714285,0.005357142857142838,0.9375,0.07905694150420949
33,0.8095,gemma9b_inst,h,within_A,0.9973214285714285,0.005357142857142838,0.9625,0.049999999999999996
34,0.8333,gemma9b_inst,h,within_A,0.9973214285714285,0.005357142857142838,0.9625,0.049999999999999996
35,0.8571,gemma9b_inst,h,within_A,0.9973214285714285,0.005357142857142838,0.9625,0.049999999999999996
36,0.881,gemma9b_inst,h,within_A,0.9973214285714285,0.005357142857142838,0.9625,0.049999999999999996
37,0.9048,gemma9b_inst,h,within_A,0.9973214285714285,0.005357142857142838,0.95,0.046770717334674264
38,0.9286,gemma9b_inst,h,within_A,0.9973214285714285,0.005357142857142838,0.95,0.046770717334674264
39,0.9524,gemma9b_inst,h,within_A,0.9964285714285716,0.0071428571428571175,0.9625,0.049999999999999996
40,0.9762,gemma9b_inst,h,within_A,0.9964285714285716,0.0071428571428571175,0.9625,0.049999999999999996
41,1.0,gemma9b_inst,h,within_A,0.9964285714285716,0.0071428571428571175,0.95,0.04677071733467427
0,0.0238,gemma9b_inst,h,within_B_clinical,0.841625816993464,0.02850727744182377,0.47789473684210526,0.11465472677212717
1,0.0476,gemma9b_inst,h,within_B_clinical,0.8734783496732026,0.03456601734486706,0.5421052631578946,0.05668594533825794
2,0.0714,gemma9b_inst,h,within_B_clinical,0.8573018790849674,0.03546957682545651,0.48894736842105263,0.06523768603093126
3,0.0952,gemma9b_inst,h,within_B_clinical,0.9065972222222222,0.05657239518278391,0.5836842105263158,0.08571679194330965
4,0.119,gemma9b_inst,h,within_B_clinical,0.8939338235294118,0.05477411681542166,0.5094736842105263,0.11151934853178128
5,0.1429,gemma9b_inst,h,within_B_clinical,0.8943218954248365,0.04531440687638829,0.541578947368421,0.09642358075288303
6,0.1667,gemma9b_inst,h,within_B_clinical,0.9076491013071895,0.043465491984362635,0.5615789473684211,0.11109627478663786
7,0.1905,gemma9b_inst,h,within_B_clinical,0.904125816993464,0.041272052948816015,0.5421052631578946,0.08743814592545343
8,0.2143,gemma9b_inst,h,within_B_clinical,0.9261948529411764,0.02359792669637636,0.5726315789473684,0.041361858325028415
9,0.2381,gemma9b_inst,h,within_B_clinical,0.9194648692810456,0.01653249536290947,0.5615789473684211,0.08247554829452179
10,0.2619,gemma9b_inst,h,within_B_clinical,0.9257863562091503,0.02809452051556666,0.6042105263157895,0.09707066849177688
11,0.2857,gemma9b_inst,h,within_B_clinical,0.9395118464052288,0.02256169369027135,0.6042105263157895,0.09707066849177687
12,0.3095,gemma9b_inst,h,within_B_clinical,0.9478451797385621,0.0305841826540561,0.6147368421052631,0.10747157067873868
13,0.3333,gemma9b_inst,h,within_B_clinical,0.9452614379084967,0.03791956315522165,0.6457894736842105,0.09042221676843895
14,0.3571,gemma9b_inst,h,within_B_clinical,0.9450367647058823,0.04002161388758643,0.6547368421052632,0.14936986757950957
15,0.381,gemma9b_inst,h,within_B_clinical,0.9398386437908497,0.03463067636794636,0.6863157894736841,0.11246914011952068
16,0.4048,gemma9b_inst,h,within_B_clinical,0.951000816993464,0.035958468663341306,0.7178947368421051,0.09928274629517135
17,0.4286,gemma9b_inst,h,within_B_clinical,0.9778799019607842,0.014707669417561377,0.8010526315789473,0.06301738756671903
18,0.4524,gemma9b_inst,h,within_B_clinical,0.9839460784313726,0.005931613084573448,0.8326315789473684,0.04109309746514344
19,0.4762,gemma9b_inst,h,within_B_clinical,0.9865808823529412,0.007017603512525946,0.8226315789473684,0.04300357519119052
20,0.5,gemma9b_inst,h,within_B_clinical,0.9819444444444445,0.006244173535840568,0.8226315789473684,0.07192640128781691
21,0.5238,gemma9b_inst,h,within_B_clinical,0.986642156862745,0.0090736977413121,0.843157894736842,0.048283557647072484
22,0.5476,gemma9b_inst,h,within_B_clinical,0.9833333333333332,0.01162254863195806,0.8226315789473684,0.05438143727616628
23,0.5714,gemma9b_inst,h,within_B_clinical,0.9806066176470589,0.01179180141632572,0.8021052631578947,0.03904681471787664
24,0.5952,gemma9b_inst,h,within_B_clinical,0.9813419117647058,0.01319445234879061,0.8331578947368421,0.0519855083152242
25,0.619,gemma9b_inst,h,within_B_clinical,0.9791053921568628,0.017329044540140233,0.8436842105263158,0.06664912049800728
26,0.6429,gemma9b_inst,h,within_B_clinical,0.9780943627450981,0.016255655124583945,0.8331578947368421,0.08446671556761964
27,0.6667,gemma9b_inst,h,within_B_clinical,0.9778799019607843,0.01753580766698383,0.8226315789473684,0.043003575191190524
28,0.6905,gemma9b_inst,h,within_B_clinical,0.9733149509803922,0.020028986767635072,0.8121052631578948,0.04338834493794726
29,0.7143,gemma9b_inst,h,within_B_clinical,0.9733762254901961,0.01656010937350701,0.8331578947368421,0.0519855083152242
30,0.7381,gemma9b_inst,h,within_B_clinical,0.9771446078431373,0.01350731213591597,0.8331578947368421,0.07013244296890492
31,0.7619,gemma9b_inst,h,within_B_clinical,0.9778799019607843,0.012661973815577956,0.8331578947368421,0.07013244296890492
32,0.7857,gemma9b_inst,h,within_B_clinical,0.9764093137254901,0.015989301261464573,0.8121052631578947,0.07215710775416363
33,0.8095,gemma9b_inst,h,within_B_clinical,0.9738970588235294,0.01826083198842949,0.7915789473684212,0.06670728218002045
34,0.8333,gemma9b_inst,h,within_B_clinical,0.9716911764705882,0.01998465107813786,0.801578947368421,0.06253198627485954
35,0.8571,gemma9b_inst,h,within_B_clinical,0.9733762254901961,0.016178211247703418,0.801578947368421,0.06253198627485954
36,0.881,gemma9b_inst,h,within_B_clinical,0.9751531862745096,0.017081856351601907,0.801578947368421,0.06253198627485954
37,0.9048,gemma9b_inst,h,within_B_clinical,0.9731617647058824,0.0204390677545886,0.801578947368421,0.06253198627485954
38,0.9286,gemma9b_inst,h,within_B_clinical,0.9711703431372548,0.022126886416950993,0.801578947368421,0.06253198627485954
39,0.9524,gemma9b_inst,h,within_B_clinical,0.9731617647058822,0.02351424781995494,0.8010526315789473,0.07865912291481854
40,0.9762,gemma9b_inst,h,within_B_clinical,0.9734375,0.02373262304664946,0.8010526315789473,0.07865912291481854
41,1.0,gemma9b_inst,h,within_B_clinical,0.9734375,0.02373262304664946,0.8010526315789473,0.07865912291481854
0,0.0238,gemma9b_inst,h,A_to_B,0.5589037698412699,NaN,0.16666666666666666,
0,0.0238,gemma9b_inst,h,B_to_A,0.5241071428571429,NaN,0.1375,
1,0.0476,gemma9b_inst,h,A_to_B,0.5595238095238095,NaN,0.10416666666666667,
1,0.0476,gemma9b_inst,h,B_to_A,0.5246428571428572,NaN,0.125,
2,0.0714,gemma9b_inst,h,A_to_B,0.5057043650793651,NaN,0.14583333333333334,
2,0.0714,gemma9b_inst,h,B_to_A,0.5332142857142858,NaN,0.15,
3,0.0952,gemma9b_inst,h,A_to_B,0.49603174603174605,NaN,0.13541666666666666,
3,0.0952,gemma9b_inst,h,B_to_A,0.5171428571428571,NaN,0.125,
4,0.119,gemma9b_inst,h,A_to_B,0.5265376984126984,NaN,0.0625,
4,0.119,gemma9b_inst,h,B_to_A,0.4880357142857143,NaN,0.1375,
5,0.1429,gemma9b_inst,h,A_to_B,0.5324900793650793,NaN,0.09375,
5,0.1429,gemma9b_inst,h,B_to_A,0.49517857142857147,NaN,0.1375,
6,0.1667,gemma9b_inst,h,A_to_B,0.5510912698412698,NaN,0.15625,
6,0.1667,gemma9b_inst,h,B_to_A,0.5126785714285714,NaN,0.1125,
7,0.1905,gemma9b_inst,h,A_to_B,0.5652281746031746,NaN,0.14583333333333334,
7,0.1905,gemma9b_inst,h,B_to_A,0.51625,NaN,0.125,
8,0.2143,gemma9b_inst,h,A_to_B,0.5808531746031746,NaN,0.16666666666666666,
8,0.2143,gemma9b_inst,h,B_to_A,0.5478571428571428,NaN,0.1125,
9,0.2381,gemma9b_inst,h,A_to_B,0.6190476190476191,NaN,0.15625,
9,0.2381,gemma9b_inst,h,B_to_A,0.5660714285714286,NaN,0.125,
10,0.2619,gemma9b_inst,h,A_to_B,0.6604662698412699,NaN,0.15625,
10,0.2619,gemma9b_inst,h,B_to_A,0.6203571428571428,NaN,0.1375,
11,0.2857,gemma9b_inst,h,A_to_B,0.6702628968253969,NaN,0.17708333333333334,
11,0.2857,gemma9b_inst,h,B_to_A,0.6039285714285714,NaN,0.1375,
12,0.3095,gemma9b_inst,h,A_to_B,0.6870039682539683,NaN,0.20833333333333334,
12,0.3095,gemma9b_inst,h,B_to_A,0.6007142857142858,NaN,0.1125,
13,0.3333,gemma9b_inst,h,A_to_B,0.7039930555555555,NaN,0.21875,
13,0.3333,gemma9b_inst,h,B_to_A,0.5944642857142857,NaN,0.1,
14,0.3571,gemma9b_inst,h,A_to_B,0.7053571428571428,NaN,0.1875,
14,0.3571,gemma9b_inst,h,B_to_A,0.5992857142857143,NaN,0.1125,
15,0.381,gemma9b_inst,h,A_to_B,0.6470734126984128,NaN,0.1875,
15,0.381,gemma9b_inst,h,B_to_A,0.5939285714285714,NaN,0.1375,
16,0.4048,gemma9b_inst,h,A_to_B,0.6960565476190477,NaN,0.21875,
16,0.4048,gemma9b_inst,h,B_to_A,0.6576785714285713,NaN,0.2125,
17,0.4286,gemma9b_inst,h,A_to_B,0.7904265873015873,NaN,0.3958333333333333,
17,0.4286,gemma9b_inst,h,B_to_A,0.7792857142857144,NaN,0.3125,
18,0.4524,gemma9b_inst,h,A_to_B,0.8152281746031746,NaN,0.3229166666666667,
18,0.4524,gemma9b_inst,h,B_to_A,0.7808928571428572,NaN,0.2625,
19,0.4762,gemma9b_inst,h,A_to_B,0.8216765873015873,NaN,0.3125,
19,0.4762,gemma9b_inst,h,B_to_A,0.8001785714285715,NaN,0.275,
20,0.5,gemma9b_inst,h,A_to_B,0.8544146825396826,NaN,0.3854166666666667,
20,0.5,gemma9b_inst,h,B_to_A,0.8253571428571429,NaN,0.2625,
21,0.5238,gemma9b_inst,h,A_to_B,0.9066220238095238,NaN,0.4583333333333333,
21,0.5238,gemma9b_inst,h,B_to_A,0.8678571428571429,NaN,0.4125,
22,0.5476,gemma9b_inst,h,A_to_B,0.9140625,NaN,0.4375,
22,0.5476,gemma9b_inst,h,B_to_A,0.85625,NaN,0.3625,
23,0.5714,gemma9b_inst,h,A_to_B,0.9206349206349206,NaN,0.4791666666666667,
23,0.5714,gemma9b_inst,h,B_to_A,0.8698214285714286,NaN,0.45,
24,0.5952,gemma9b_inst,h,A_to_B,0.9193948412698413,NaN,0.46875,
24,0.5952,gemma9b_inst,h,B_to_A,0.8773214285714286,NaN,0.475,
25,0.619,gemma9b_inst,h,A_to_B,0.9197668650793651,NaN,0.5,
25,0.619,gemma9b_inst,h,B_to_A,0.8989285714285714,NaN,0.5625,
26,0.6429,gemma9b_inst,h,A_to_B,0.9193948412698412,NaN,0.5833333333333334,
26,0.6429,gemma9b_inst,h,B_to_A,0.9064285714285714,NaN,0.5625,
27,0.6667,gemma9b_inst,h,A_to_B,0.9139384920634921,NaN,0.5833333333333334,
27,0.6667,gemma9b_inst,h,B_to_A,0.9046428571428571,NaN,0.5625,
28,0.6905,gemma9b_inst,h,A_to_B,0.9113343253968254,NaN,0.5833333333333334,
28,0.6905,gemma9b_inst,h,B_to_A,0.9182142857142856,NaN,0.575,
29,0.7143,gemma9b_inst,h,A_to_B,0.9006696428571428,NaN,0.4895833333333333,
29,0.7143,gemma9b_inst,h,B_to_A,0.9153571428571429,NaN,0.6,
30,0.7381,gemma9b_inst,h,A_to_B,0.8994295634920635,NaN,0.5,
30,0.7381,gemma9b_inst,h,B_to_A,0.9196428571428572,NaN,0.6125,
31,0.7619,gemma9b_inst,h,A_to_B,0.9022817460317459,NaN,0.5416666666666666,
31,0.7619,gemma9b_inst,h,B_to_A,0.9364285714285714,NaN,0.575,
32,0.7857,gemma9b_inst,h,A_to_B,0.9048859126984127,NaN,0.5416666666666666,
32,0.7857,gemma9b_inst,h,B_to_A,0.9326785714285715,NaN,0.5875,
33,0.8095,gemma9b_inst,h,A_to_B,0.9066220238095238,NaN,0.5104166666666666,
33,0.8095,gemma9b_inst,h,B_to_A,0.9435714285714286,NaN,0.6,
34,0.8333,gemma9b_inst,h,A_to_B,0.9069940476190477,NaN,0.5104166666666666,
34,0.8333,gemma9b_inst,h,B_to_A,0.9448214285714285,NaN,0.6,
35,0.8571,gemma9b_inst,h,A_to_B,0.9108382936507936,NaN,0.5104166666666666,
35,0.8571,gemma9b_inst,h,B_to_A,0.9551785714285714,NaN,0.625,
36,0.881,gemma9b_inst,h,A_to_B,0.9083581349206349,NaN,0.5520833333333334,
36,0.881,gemma9b_inst,h,B_to_A,0.9542857142857144,NaN,0.625,
37,0.9048,gemma9b_inst,h,A_to_B,0.9092261904761905,NaN,0.5520833333333334,
37,0.9048,gemma9b_inst,h,B_to_A,0.9564285714285714,NaN,0.6375,
38,0.9286,gemma9b_inst,h,A_to_B,0.9126984126984128,NaN,0.5416666666666666,
38,0.9286,gemma9b_inst,h,B_to_A,0.9560714285714287,NaN,0.6375,
39,0.9524,gemma9b_inst,h,A_to_B,0.9135664682539683,NaN,0.5625,
39,0.9524,gemma9b_inst,h,B_to_A,0.9526785714285715,NaN,0.6375,
40,0.9762,gemma9b_inst,h,A_to_B,0.9150545634920635,NaN,0.5416666666666666,
40,0.9762,gemma9b_inst,h,B_to_A,0.9558928571428571,NaN,0.625,
41,1.0,gemma9b_inst,h,A_to_B,0.9167906746031746,NaN,0.5520833333333334,
41,1.0,gemma9b_inst,h,B_to_A,0.9526785714285715,NaN,0.625,
0,0.0238,gemma9b_inst,a,within_A,0.8330357142857142,0.030225555142519223,0.375,0.05590169943749474
1,0.0476,gemma9b_inst,a,within_A,0.8428571428571429,0.03696471704372224,0.5125,0.12119199643540822
2,0.0714,gemma9b_inst,a,within_A,0.7866071428571428,0.05085368166392195,0.4,0.0637377439199098
3,0.0952,gemma9b_inst,a,within_A,0.8776785714285713,0.03998963513671196,0.525,0.1015504800579495
4,0.119,gemma9b_inst,a,within_A,0.8589285714285715,0.055227382479257535,0.5,0.05590169943749474
5,0.1429,gemma9b_inst,a,within_A,0.8151785714285715,0.02901442287369982,0.45,0.07288689868556625
6,0.1667,gemma9b_inst,a,within_A,0.9339285714285713,0.009533105582170812,0.65,0.05
7,0.1905,gemma9b_inst,a,within_A,0.7794642857142857,0.058657384663060134,0.425,0.10752906583803283
8,0.2143,gemma9b_inst,a,within_A,0.9571428571428571,0.023214285714285715,0.725,0.08477912478906585
9,0.2381,gemma9b_inst,a,within_A,0.9214285714285715,0.02996064595636164,0.6625,0.05
10,0.2619,gemma9b_inst,a,within_A,0.9767857142857143,0.005206207048969045,0.7375,0.1
11,0.2857,gemma9b_inst,a,within_A,0.9196428571428571,0.028655011671216476,0.6,0.06373774391990981
12,0.3095,gemma9b_inst,a,within_A,0.9508928571428571,0.017174450055063684,0.75,0.05590169943749474
13,0.3333,gemma9b_inst,a,within_A,0.9348214285714285,0.06304608372824905,0.75,0.07905694150420949
14,0.3571,gemma9b_inst,a,within_A,0.9455357142857143,0.03427920325080801,0.7125,0.1286953767623375
15,0.381,gemma9b_inst,a,within_A,0.9750000000000002,0.013422586052118674,0.75,0.06846531968814576
16,0.4048,gemma9b_inst,a,within_A,0.9955357142857142,0.0056469243931578,0.875,0.07905694150420949
17,0.4286,gemma9b_inst,a,within_A,1.0,0.0,0.9875,0.024999999999999998
18,0.4524,gemma9b_inst,a,within_A,0.9991071428571429,0.0017857142857142794,0.95,0.046770717334674264
19,0.4762,gemma9b_inst,a,within_A,0.9982142857142857,0.002187044413199258,0.95,0.025
20,0.5,gemma9b_inst,a,within_A,0.99375,0.010412414097937998,0.925,0.06123724356957946
21,0.5238,gemma9b_inst,a,within_A,0.99375,0.0066815310478105855,0.9125,0.09354143466934853
22,0.5476,gemma9b_inst,a,within_A,0.9928571428571429,0.01428571428571428,0.9125,0.0637377439199098
23,0.5714,gemma9b_inst,a,within_A,0.9955357142857142,0.005646924393157835,0.925,0.07288689868556625
24,0.5952,gemma9b_inst,a,within_A,0.9919642857142857,0.0071428571428571175,0.925,0.06123724356957946
25,0.619,gemma9b_inst,a,within_A,0.9892857142857142,0.012176947943737365,0.9,0.0637377439199098
26,0.6429,gemma9b_inst,a,within_A,0.9866071428571429,0.018298126367784974,0.8875,0.09999999999999999
27,0.6667,gemma9b_inst,a,within_A,0.9955357142857142,0.0069160416896560765,0.9375,0.05590169943749474
28,0.6905,gemma9b_inst,a,within_A,0.9946428571428572,0.0071428571428571175,0.925,0.06123724356957945
29,0.7143,gemma9b_inst,a,within_A,0.99375,0.006681531047810586,0.9375,0.05590169943749474
30,0.7381,gemma9b_inst,a,within_A,0.9973214285714285,0.005357142857142838,0.9375,0.05590169943749474
31,0.7619,gemma9b_inst,a,within_A,0.9991071428571429,0.0017857142857142794,0.95,0.06123724356957946
32,0.7857,gemma9b_inst,a,within_A,0.9973214285714285,0.005357142857142838,0.95,0.07288689868556626
33,0.8095,gemma9b_inst,a,within_A,0.9982142857142857,0.0035714285714285587,0.975,0.049999999999999996
34,0.8333,gemma9b_inst,a,within_A,1.0,0.0,0.975,0.049999999999999996
35,0.8571,gemma9b_inst,a,within_A,0.9964285714285713,0.005206207048968999,0.9375,0.07905694150420949
36,0.881,gemma9b_inst,a,within_A,0.9982142857142857,0.0035714285714285587,0.9625,0.049999999999999996
37,0.9048,gemma9b_inst,a,within_A,0.9991071428571429,0.0017857142857142794,0.975,0.049999999999999996
38,0.9286,gemma9b_inst,a,within_A,0.9982142857142857,0.0035714285714285587,0.975,0.049999999999999996
39,0.9524,gemma9b_inst,a,within_A,0.9991071428571429,0.0017857142857142794,0.95,0.046770717334674264
40,0.9762,gemma9b_inst,a,within_A,0.9991071428571429,0.0017857142857142794,0.975,0.049999999999999996
41,1.0,gemma9b_inst,a,within_A,1.0,0.0,0.975,0.049999999999999996
0,0.0238,gemma9b_inst,a,within_B_clinical,0.8419321895424836,0.02249892403630315,0.47736842105263155,0.12498864214327617
1,0.0476,gemma9b_inst,a,within_B_clinical,0.8500612745098041,0.05381374301633287,0.5521052631578948,0.09705354492092216
2,0.0714,gemma9b_inst,a,within_B_clinical,0.8744995915032681,0.040629980109910015,0.5205263157894737,0.0629029943929628
3,0.0952,gemma9b_inst,a,within_B_clinical,0.9001225490196078,0.05603326943322676,0.6047368421052631,0.06699733322513497
4,0.119,gemma9b_inst,a,within_B_clinical,0.890359477124183,0.03844298535785832,0.541578947368421,0.1020075495549471
5,0.1429,gemma9b_inst,a,within_B_clinical,0.8901245915032678,0.05882611260043842,0.5536842105263158,0.12764215908399257
6,0.1667,gemma9b_inst,a,within_B_clinical,0.9086090686274509,0.04236165274989187,0.5926315789473684,0.09972816237749062
7,0.1905,gemma9b_inst,a,within_B_clinical,0.8595996732026144,0.04338923039244362,0.51,0.15203513225713067
8,0.2143,gemma9b_inst,a,within_B_clinical,0.933782679738562,0.02824593920714988,0.6263157894736843,0.07517293082676683
9,0.2381,gemma9b_inst,a,within_B_clinical,0.909875408496732,0.03122191992077763,0.5815789473684211,0.1092659973264563
10,0.2619,gemma9b_inst,a,within_B_clinical,0.9146037581699347,0.031640811131138466,0.6657894736842105,0.06636589585746575
11,0.2857,gemma9b_inst,a,within_B_clinical,0.9344771241830065,0.01938333135259276,0.6136842105263157,0.09447918177817631
12,0.3095,gemma9b_inst,a,within_B_clinical,0.9251940359477124,0.04131371943964881,0.6352631578947368,0.1374440203346867
13,0.3333,gemma9b_inst,a,within_B_clinical,0.9299428104575164,0.02987021498138565,0.6552631578947368,0.07461814146714643
14,0.3571,gemma9b_inst,a,within_B_clinical,0.9360396241830065,0.03346641731631371,0.6352631578947369,0.10013287570914925
15,0.381,gemma9b_inst,a,within_B_clinical,0.9330575980392156,0.027821765230743246,0.6657894736842105,0.12443779386880935
16,0.4048,gemma9b_inst,a,within_B_clinical,0.9434027777777778,0.024385249114206167,0.6978947368421053,0.06116142756351138
17,0.4286,gemma9b_inst,a,within_B_clinical,0.973968545751634,0.008525773059088117,0.8221052631578948,0.0644086675401194
18,0.4524,gemma9b_inst,a,within_B_clinical,0.9774101307189541,0.012492530354467414,0.7810526315789474,0.05216636502468995
19,0.4762,gemma9b_inst,a,within_B_clinical,0.9833537581699346,0.011284930165475377,0.8021052631578949,0.020411283610173993
20,0.5,gemma9b_inst,a,within_B_clinical,0.9772671568627451,0.005686162260132742,0.7910526315789473,0.05916313893219533
21,0.5238,gemma9b_inst,a,within_B_clinical,0.9854779411764707,0.00876643171394117,0.874736842105263,0.05412614792497868
22,0.5476,gemma9b_inst,a,within_B_clinical,0.9836499183006536,0.012231919489991295,0.8126315789473683,0.07089456101255888
23,0.5714,gemma9b_inst,a,within_B_clinical,0.9875408496732027,0.007529191534053087,0.8021052631578949,0.06963299119385778
24,0.5952,gemma9b_inst,a,within_B_clinical,0.9801470588235294,0.014791354452737632,0.76,0.08639277696287659
25,0.619,gemma9b_inst,a,within_B_clinical,0.9738766339869281,0.02361252896917737,0.811578947368421,0.07991685429937814
26,0.6429,gemma9b_inst,a,within_B_clinical,0.9742442810457517,0.012452141967050506,0.781578947368421,0.05977798258737127
27,0.6667,gemma9b_inst,a,within_B_clinical,0.9880821078431372,0.012392154196528032,0.8121052631578948,0.11385464806685142
28,0.6905,gemma9b_inst,a,within_B_clinical,0.9774918300653596,0.009762527075481227,0.7926315789473684,0.05195352707053923
29,0.7143,gemma9b_inst,a,within_B_clinical,0.9764399509803923,0.019702494434891724,0.801578947368421,0.06253198627485954
30,0.7381,gemma9b_inst,a,within_B_clinical,0.9726919934640523,0.01923685669645191,0.76,0.092583719693878
31,0.7619,gemma9b_inst,a,within_B_clinical,0.9829044117647058,0.008094615539090319,0.8126315789473683,0.09725313231537767
32,0.7857,gemma9b_inst,a,within_B_clinical,0.9834048202614378,0.013303453560209342,0.8010526315789473,0.07126867738867686
33,0.8095,gemma9b_inst,a,within_B_clinical,0.974969362745098,0.00738961442729477,0.7494736842105263,0.04178828050795624
34,0.8333,gemma9b_inst,a,within_B_clinical,0.9579758986928104,0.027483361406752827,0.7710526315789474,0.05236775984771682
35,0.8571,gemma9b_inst,a,within_B_clinical,0.977328431372549,0.02295852938214492,0.7910526315789472,0.10609669973797893
36,0.881,gemma9b_inst,a,within_B_clinical,0.9717524509803923,0.026053846632618696,0.8121052631578948,0.07215710775416363
37,0.9048,gemma9b_inst,a,within_B_clinical,0.9791973039215687,0.01893555856952897,0.8431578947368422,0.09476023103096336
38,0.9286,gemma9b_inst,a,within_B_clinical,0.970343137254902,0.027806680405143426,0.7921052631578948,0.09281680046604421
39,0.9524,gemma9b_inst,a,within_B_clinical,0.9680759803921568,0.03269134355322633,0.8326315789473684,0.05288360710349672
40,0.9762,gemma9b_inst,a,within_B_clinical,0.9863970588235293,0.011798088234173904,0.8121052631578948,0.08615517791427535
41,1.0,gemma9b_inst,a,within_B_clinical,0.9757659313725491,0.021116470962275292,0.7905263157894737,0.07593553177630077
0,0.0238,gemma9b_inst,a,A_to_B,0.5797371031746033,NaN,0.15625,
0,0.0238,gemma9b_inst,a,B_to_A,0.5233928571428572,NaN,0.1375,
1,0.0476,gemma9b_inst,a,A_to_B,0.5551835317460317,NaN,0.19791666666666666,
1,0.0476,gemma9b_inst,a,B_to_A,0.5103571428571428,NaN,0.125,
2,0.0714,gemma9b_inst,a,A_to_B,0.5008680555555556,NaN,0.11458333333333333,
2,0.0714,gemma9b_inst,a,B_to_A,0.5169642857142858,NaN,0.175,
3,0.0952,gemma9b_inst,a,A_to_B,0.5093005952380953,NaN,0.14583333333333334,
3,0.0952,gemma9b_inst,a,B_to_A,0.5183928571428572,NaN,0.1375,
4,0.119,gemma9b_inst,a,A_to_B,0.5324900793650793,NaN,0.07291666666666667,
4,0.119,gemma9b_inst,a,B_to_A,0.5107142857142857,NaN,0.1625,
5,0.1429,gemma9b_inst,a,A_to_B,0.4867311507936508,NaN,0.14583333333333334,
5,0.1429,gemma9b_inst,a,B_to_A,0.49785714285714283,NaN,0.1,
6,0.1667,gemma9b_inst,a,A_to_B,0.580109126984127,NaN,0.15625,
6,0.1667,gemma9b_inst,a,B_to_A,0.5623214285714286,NaN,0.15,
7,0.1905,gemma9b_inst,a,A_to_B,0.5234375,NaN,0.15625,
7,0.1905,gemma9b_inst,a,B_to_A,0.5267857142857142,NaN,0.125,
8,0.2143,gemma9b_inst,a,A_to_B,0.6096230158730158,NaN,0.1875,
8,0.2143,gemma9b_inst,a,B_to_A,0.5516071428571429,NaN,0.1,
9,0.2381,gemma9b_inst,a,A_to_B,0.6436011904761905,NaN,0.17708333333333334,
9,0.2381,gemma9b_inst,a,B_to_A,0.6192857142857142,NaN,0.1125,
10,0.2619,gemma9b_inst,a,A_to_B,0.6591021825396826,NaN,0.17708333333333334,
10,0.2619,gemma9b_inst,a,B_to_A,0.6385714285714286,NaN,0.1375,
11,0.2857,gemma9b_inst,a,A_to_B,0.6888640873015872,NaN,0.20833333333333334,
11,0.2857,gemma9b_inst,a,B_to_A,0.5635714285714285,NaN,0.1375,
12,0.3095,gemma9b_inst,a,A_to_B,0.5750248015873016,NaN,0.1875,
12,0.3095,gemma9b_inst,a,B_to_A,0.5542857142857143,NaN,0.1,
13,0.3333,gemma9b_inst,a,A_to_B,0.6584821428571429,NaN,0.19791666666666666,
13,0.3333,gemma9b_inst,a,B_to_A,0.5464285714285715,NaN,0.1,
14,0.3571,gemma9b_inst,a,A_to_B,0.6722470238095238,NaN,0.14583333333333334,
14,0.3571,gemma9b_inst,a,B_to_A,0.5566071428571429,NaN,0.1125,
15,0.381,gemma9b_inst,a,A_to_B,0.6598462301587301,NaN,0.22916666666666666,
15,0.381,gemma9b_inst,a,B_to_A,0.6580357142857143,NaN,0.15,
16,0.4048,gemma9b_inst,a,A_to_B,0.7395833333333334,NaN,0.23958333333333334,
16,0.4048,gemma9b_inst,a,B_to_A,0.7276785714285714,NaN,0.2375,
17,0.4286,gemma9b_inst,a,A_to_B,0.8089037698412699,NaN,0.3958333333333333,
17,0.4286,gemma9b_inst,a,B_to_A,0.8607142857142858,NaN,0.4875,
18,0.4524,gemma9b_inst,a,A_to_B,0.8324652777777778,NaN,0.34375,
18,0.4524,gemma9b_inst,a,B_to_A,0.8594642857142858,NaN,0.4125,
19,0.4762,gemma9b_inst,a,A_to_B,0.785218253968254,NaN,0.25,
19,0.4762,gemma9b_inst,a,B_to_A,0.7308928571428572,NaN,0.2625,
20,0.5,gemma9b_inst,a,A_to_B,0.8338293650793651,NaN,0.3333333333333333,
20,0.5,gemma9b_inst,a,B_to_A,0.8623214285714286,NaN,0.525,
21,0.5238,gemma9b_inst,a,A_to_B,0.8929811507936508,NaN,0.5104166666666666,
21,0.5238,gemma9b_inst,a,B_to_A,0.8841071428571429,NaN,0.5125,
22,0.5476,gemma9b_inst,a,A_to_B,0.8857886904761905,NaN,0.3854166666666667,
22,0.5476,gemma9b_inst,a,B_to_A,0.8596428571428572,NaN,0.4125,
23,0.5714,gemma9b_inst,a,A_to_B,0.8843005952380953,NaN,0.5625,
23,0.5714,gemma9b_inst,a,B_to_A,0.89875,NaN,0.4875,
24,0.5952,gemma9b_inst,a,A_to_B,0.8635912698412699,NaN,0.3958333333333333,
24,0.5952,gemma9b_inst,a,B_to_A,0.8612500000000001,NaN,0.4875,
25,0.619,gemma9b_inst,a,A_to_B,0.8751240079365079,NaN,0.5208333333333334,
25,0.619,gemma9b_inst,a,B_to_A,0.8821428571428571,NaN,0.525,
26,0.6429,gemma9b_inst,a,A_to_B,0.8658234126984127,NaN,0.46875,
26,0.6429,gemma9b_inst,a,B_to_A,0.8835714285714286,NaN,0.525,
27,0.6667,gemma9b_inst,a,A_to_B,0.8737599206349206,NaN,0.4479166666666667,
27,0.6667,gemma9b_inst,a,B_to_A,0.7964285714285714,NaN,0.375,
28,0.6905,gemma9b_inst,a,A_to_B,0.7888144841269842,NaN,0.3854166666666667,
28,0.6905,gemma9b_inst,a,B_to_A,0.8135714285714286,NaN,0.3625,
29,0.7143,gemma9b_inst,a,A_to_B,0.904265873015873,NaN,0.5520833333333334,
29,0.7143,gemma9b_inst,a,B_to_A,0.91625,NaN,0.5375,
30,0.7381,gemma9b_inst,a,A_to_B,0.853670634920635,NaN,0.40625,
30,0.7381,gemma9b_inst,a,B_to_A,0.8596428571428572,NaN,0.4625,
31,0.7619,gemma9b_inst,a,A_to_B,0.9113343253968254,NaN,0.5520833333333334,
31,0.7619,gemma9b_inst,a,B_to_A,0.925,NaN,0.625,
32,0.7857,gemma9b_inst,a,A_to_B,0.8333333333333333,NaN,0.3229166666666667,
32,0.7857,gemma9b_inst,a,B_to_A,0.8605357142857143,NaN,0.4875,
33,0.8095,gemma9b_inst,a,A_to_B,0.886656746031746,NaN,0.5416666666666666,
33,0.8095,gemma9b_inst,a,B_to_A,0.9010714285714285,NaN,0.5125,
34,0.8333,gemma9b_inst,a,A_to_B,0.8962053571428571,NaN,0.4895833333333333,
34,0.8333,gemma9b_inst,a,B_to_A,0.9533928571428572,NaN,0.6375,
35,0.8571,gemma9b_inst,a,A_to_B,0.8516865079365079,NaN,0.3958333333333333,
35,0.8571,gemma9b_inst,a,B_to_A,0.89,NaN,0.5375,
36,0.881,gemma9b_inst,a,A_to_B,0.8524305555555556,NaN,0.5520833333333334,
36,0.881,gemma9b_inst,a,B_to_A,0.9196428571428572,NaN,0.675,
37,0.9048,gemma9b_inst,a,A_to_B,0.9009176587301588,NaN,0.5104166666666666,
37,0.9048,gemma9b_inst,a,B_to_A,0.9285714285714286,NaN,0.6,
38,0.9286,gemma9b_inst,a,A_to_B,0.8758680555555556,NaN,0.4375,
38,0.9286,gemma9b_inst,a,B_to_A,0.9405357142857143,NaN,0.65,
39,0.9524,gemma9b_inst,a,A_to_B,0.8962053571428572,NaN,0.53125,
39,0.9524,gemma9b_inst,a,B_to_A,0.9430357142857143,NaN,0.675,
40,0.9762,gemma9b_inst,a,A_to_B,0.9211309523809524,NaN,0.5729166666666666,
40,0.9762,gemma9b_inst,a,B_to_A,0.9405357142857143,NaN,0.675,
41,1.0,gemma9b_inst,a,A_to_B,0.9139384920634921,NaN,0.53125,
41,1.0,gemma9b_inst,a,B_to_A,0.9385714285714286,NaN,0.5625,
0,0.0238,gemma9b_inst,m,within_A,0.7410714285714286,0.053048038491117645,0.4125,0.03061862178478973
1,0.0476,gemma9b_inst,m,within_A,0.80625,0.05913114532070876,0.5375,0.09354143466934853
2,0.0714,gemma9b_inst,m,within_A,0.7428571428571429,0.04268940388529252,0.325,0.06123724356957945
3,0.0952,gemma9b_inst,m,within_A,0.7875,0.0829252337214379,0.4625,0.08477912478906585
4,0.119,gemma9b_inst,m,within_A,0.8473214285714287,0.024189673543114423,0.4875,0.07288689868556625
5,0.1429,gemma9b_inst,m,within_A,0.8089285714285716,0.032610682799553016,0.4,0.08477912478906585
6,0.1667,gemma9b_inst,m,within_A,0.9080357142857143,0.020671137326411154,0.5625,0.03952847075210474
7,0.1905,gemma9b_inst,m,within_A,0.85625,0.03110937748247206,0.4875,0.046770717334674264
8,0.2143,gemma9b_inst,m,within_A,0.9294642857142857,0.03345534641999141,0.55,0.12119199643540823
9,0.2381,gemma9b_inst,m,within_A,0.9080357142857143,0.058657384663060155,0.575,0.07288689868556625
10,0.2619,gemma9b_inst,m,within_A,0.9482142857142858,0.03464929984273621,0.7375,0.082915619758885
11,0.2857,gemma9b_inst,m,within_A,0.9383928571428573,0.03802774899829797,0.7,0.10752906583803283
12,0.3095,gemma9b_inst,m,within_A,0.9526785714285715,0.02789374884252376,0.7125,0.075
13,0.3333,gemma9b_inst,m,within_A,0.93125,0.04415808221027943,0.6375,0.10752906583803283
14,0.3571,gemma9b_inst,m,within_A,0.9517857142857142,0.03519714882933399,0.7,0.18708286933869706
15,0.381,gemma9b_inst,m,within_A,0.9526785714285715,0.031516718919147875,0.7125,0.075
16,0.4048,gemma9b_inst,m,within_A,0.9660714285714287,0.024549512651549154,0.725,0.15103807466993216
17,0.4286,gemma9b_inst,m,within_A,0.9982142857142857,0.0035714285714285587,0.9375,0.05590169943749474
18,0.4524,gemma9b_inst,m,within_A,0.9982142857142857,0.0035714285714285587,0.975,0.03061862178478973
19,0.4762,gemma9b_inst,m,within_A,0.9982142857142857,0.0035714285714285587,0.9625,0.030618621784789725
20,0.5,gemma9b_inst,m,within_A,0.9964285714285716,0.004374088826398516,0.875,0.03952847075210474
21,0.5238,gemma9b_inst,m,within_A,0.9982142857142857,0.0035714285714285587,0.925,0.06123724356957946
22,0.5476,gemma9b_inst,m,within_A,0.9982142857142857,0.0035714285714285587,0.95,0.07288689868556626
23,0.5714,gemma9b_inst,m,within_A,0.9973214285714285,0.005357142857142838,0.9125,0.0637377439199098
24,0.5952,gemma9b_inst,m,within_A,0.99375,0.008748177652797033,0.9375,0.09682458365518543
25,0.619,gemma9b_inst,m,within_A,0.9982142857142857,0.0035714285714285587,0.925,0.07288689868556626
26,0.6429,gemma9b_inst,m,within_A,0.9973214285714287,0.0035714285714285587,0.9,0.075
27,0.6667,gemma9b_inst,m,within_A,0.9901785714285716,0.01033556866320555,0.9,0.075
28,0.6905,gemma9b_inst,m,within_A,0.9901785714285716,0.013363062095621216,0.9125,0.075
29,0.7143,gemma9b_inst,m,within_A,0.9892857142857144,0.012814910798577965,0.8875,0.07288689868556626
30,0.7381,gemma9b_inst,m,within_A,0.9883928571428571,0.013122266479195592,0.8625,0.07288689868556626
31,0.7619,gemma9b_inst,m,within_A,0.9928571428571429,0.0066815310478105855,0.9125,0.06373774391990981
32,0.7857,gemma9b_inst,m,within_A,0.9973214285714287,0.002187044413199258,0.85,0.049999999999999996
33,0.8095,gemma9b_inst,m,within_A,0.9964285714285716,0.0071428571428571175,0.925,0.04677071733467427
34,0.8333,gemma9b_inst,m,within_A,0.9964285714285716,0.0071428571428571175,0.925,0.07288689868556625
35,0.8571,gemma9b_inst,m,within_A,0.9919642857142857,0.01394687442126188,0.9,0.0637377439199098
36,0.881,gemma9b_inst,m,within_A,0.9964285714285716,0.0071428571428571175,0.95,0.046770717334674264
37,0.9048,gemma9b_inst,m,within_A,0.9973214285714285,0.005357142857142838,0.95,0.046770717334674264
38,0.9286,gemma9b_inst,m,within_A,0.9955357142857142,0.0069160416896560765,0.9125,0.049999999999999996
39,0.9524,gemma9b_inst,m,within_A,0.9982142857142857,0.0035714285714285587,0.9375,0.05590169943749474
40,0.9762,gemma9b_inst,m,within_A,0.9982142857142857,0.0035714285714285587,0.9375,0.05590169943749474
41,1.0,gemma9b_inst,m,within_A,0.9964285714285716,0.0071428571428571175,0.9625,0.049999999999999996
0,0.0238,gemma9b_inst,m,within_B_clinical,0.7949040032679738,0.035251865661413195,0.47736842105263155,0.10040913534053462
1,0.0476,gemma9b_inst,m,within_B_clinical,0.8298100490196079,0.08515867355479913,0.511578947368421,0.1208648429002722
2,0.0714,gemma9b_inst,m,within_B_clinical,0.8353349673202615,0.021458339554489603,0.43684210526315786,0.07368421052631578
3,0.0952,gemma9b_inst,m,within_B_clinical,0.8724571078431372,0.05812530811578866,0.5005263157894737,0.12870977036009962
4,0.119,gemma9b_inst,m,within_B_clinical,0.8831903594771242,0.0456783741778271,0.5215789473684211,0.08506800277985202
5,0.1429,gemma9b_inst,m,within_B_clinical,0.8869383169934639,0.03503836517447882,0.5210526315789474,0.07517293082676685
6,0.1667,gemma9b_inst,m,within_B_clinical,0.9020016339869281,0.044700064049949244,0.5310526315789473,0.13348513980393642
7,0.1905,gemma9b_inst,m,within_B_clinical,0.8865093954248365,0.03426977178290599,0.5110526315789473,0.0732392580496798
8,0.2143,gemma9b_inst,m,within_B_clinical,0.9243872549019608,0.028023728079467475,0.6142105263157894,0.0555905091642564
9,0.2381,gemma9b_inst,m,within_B_clinical,0.8993974673202615,0.03142358621895398,0.5626315789473685,0.09061806855716177
10,0.2619,gemma9b_inst,m,within_B_clinical,0.9167892156862745,0.02440645336296041,0.5821052631578947,0.10332961003627812
11,0.2857,gemma9b_inst,m,within_B_clinical,0.9179227941176471,0.03442752379047212,0.6363157894736842,0.11617638705256442
12,0.3095,gemma9b_inst,m,within_B_clinical,0.9284722222222221,0.04630471276661521,0.5826315789473684,0.1218463680054596
13,0.3333,gemma9b_inst,m,within_B_clinical,0.9272773692810456,0.0410876366493785,0.6563157894736842,0.10790885658573113
14,0.3571,gemma9b_inst,m,within_B_clinical,0.9380208333333332,0.03587288951101478,0.6436842105263159,0.14878641107938473
15,0.381,gemma9b_inst,m,within_B_clinical,0.9293402777777778,0.029385377880732266,0.6547368421052632,0.0949471350213026
16,0.4048,gemma9b_inst,m,within_B_clinical,0.9432598039215687,0.036941542644138174,0.6978947368421051,0.1019260499950333
17,0.4286,gemma9b_inst,m,within_B_clinical,0.975408496732026,0.012671697681209513,0.8326315789473684,0.05288360710349673
18,0.4524,gemma9b_inst,m,within_B_clinical,0.984967320261438,0.008328889245768934,0.8226315789473684,0.043003575191190524
19,0.4762,gemma9b_inst,m,within_B_clinical,0.9798202614379085,0.008555995501309768,0.77,0.08029723176649917
20,0.5,gemma9b_inst,m,within_B_clinical,0.9805147058823529,0.010415044568050546,0.8231578947368421,0.06223892841723994
21,0.5238,gemma9b_inst,m,within_B_clinical,0.9863664215686274,0.008471076325182908,0.8121052631578948,0.02783011382400479
22,0.5476,gemma9b_inst,m,within_B_clinical,0.9833639705882353,0.010225043258378768,0.8121052631578948,0.07215710775416363
23,0.5714,gemma9b_inst,m,within_B_clinical,0.9801164215686274,0.014027179413658362,0.8121052631578948,0.04338834493794726
24,0.5952,gemma9b_inst,m,within_B_clinical,0.9771446078431373,0.01451682239917552,0.791578947368421,0.05780854828524622
25,0.619,gemma9b_inst,m,within_B_clinical,0.9768995098039216,0.017640621698376435,0.8221052631578946,0.07250179097988448
26,0.6429,gemma9b_inst,m,within_B_clinical,0.974703839869281,0.012524547442588704,0.8021052631578947,0.03904681471787664
27,0.6667,gemma9b_inst,m,within_B_clinical,0.9773590686274509,0.017902069255974647,0.7810526315789474,0.05216636502468995
28,0.6905,gemma9b_inst,m,within_B_clinical,0.9668811274509803,0.018700625028746573,0.7810526315789474,0.04016586111229245
29,0.7143,gemma9b_inst,m,within_B_clinical,0.9757352941176471,0.012707851755014017,0.801578947368421,0.041160452202141366
30,0.7381,gemma9b_inst,m,within_B_clinical,0.9753676470588235,0.015023317752506345,0.8226315789473684,0.08596204792936545
31,0.7619,gemma9b_inst,m,within_B_clinical,0.9709865196078432,0.01861817687090107,0.8021052631578947,0.03904681471787664
32,0.7857,gemma9b_inst,m,within_B_clinical,0.960814950980392,0.03220038163323579,0.8121052631578948,0.04338834493794726
33,0.8095,gemma9b_inst,m,within_B_clinical,0.9770526960784313,0.016766557900655232,0.801578947368421,0.06253198627485956
34,0.8333,gemma9b_inst,m,within_B_clinical,0.9712622549019608,0.026386592575730446,0.801578947368421,0.07827078503166864
35,0.8571,gemma9b_inst,m,within_B_clinical,0.970343137254902,0.01928750856673412,0.801578947368421,0.06253198627485954
36,0.881,gemma9b_inst,m,within_B_clinical,0.9763174019607843,0.018096635755919663,0.7805263157894737,0.07869433133290808
37,0.9048,gemma9b_inst,m,within_B_clinical,0.9704350490196078,0.026787545020829844,0.7805263157894737,0.06306132968736908
38,0.9286,gemma9b_inst,m,within_B_clinical,0.9753982843137254,0.018432733249209795,0.7910526315789473,0.05916313893219533
39,0.9524,gemma9b_inst,m,within_B_clinical,0.9745098039215687,0.02077481508985084,0.8010526315789473,0.07126867738867686
40,0.9762,gemma9b_inst,m,within_B_clinical,0.9732536764705882,0.02423900649354107,0.78,0.07894035056527442
41,1.0,gemma9b_inst,m,within_B_clinical,0.9728247549019606,0.022728342070649794,0.7805263157894737,0.06306132968736908
0,0.0238,gemma9b_inst,m,A_to_B,0.4868551587301588,NaN,0.10416666666666667,
0,0.0238,gemma9b_inst,m,B_to_A,0.5339285714285715,NaN,0.125,
1,0.0476,gemma9b_inst,m,A_to_B,0.5734126984126984,NaN,0.14583333333333334,
1,0.0476,gemma9b_inst,m,B_to_A,0.5398214285714286,NaN,0.1,
2,0.0714,gemma9b_inst,m,A_to_B,0.5048363095238095,NaN,0.13541666666666666,
2,0.0714,gemma9b_inst,m,B_to_A,0.5448214285714286,NaN,0.1625,
3,0.0952,gemma9b_inst,m,A_to_B,0.4521329365079365,NaN,0.08333333333333333,
3,0.0952,gemma9b_inst,m,B_to_A,0.4810714285714286,NaN,0.1125,
4,0.119,gemma9b_inst,m,A_to_B,0.48759920634920634,NaN,0.07291666666666667,
4,0.119,gemma9b_inst,m,B_to_A,0.46053571428571427,NaN,0.1375,
5,0.1429,gemma9b_inst,m,A_to_B,0.5202132936507937,NaN,0.11458333333333333,
5,0.1429,gemma9b_inst,m,B_to_A,0.4808928571428571,NaN,0.125,
6,0.1667,gemma9b_inst,m,A_to_B,0.5662202380952381,NaN,0.13541666666666666,
6,0.1667,gemma9b_inst,m,B_to_A,0.5046428571428572,NaN,0.15,
7,0.1905,gemma9b_inst,m,A_to_B,0.5529513888888888,NaN,0.125,
7,0.1905,gemma9b_inst,m,B_to_A,0.5189285714285714,NaN,0.1125,
8,0.2143,gemma9b_inst,m,A_to_B,0.568576388888889,NaN,0.15625,
8,0.2143,gemma9b_inst,m,B_to_A,0.5691071428571429,NaN,0.1,
9,0.2381,gemma9b_inst,m,A_to_B,0.6235119047619047,NaN,0.15625,
9,0.2381,gemma9b_inst,m,B_to_A,0.5448214285714286,NaN,0.1,
10,0.2619,gemma9b_inst,m,A_to_B,0.6752232142857144,NaN,0.20833333333333334,
10,0.2619,gemma9b_inst,m,B_to_A,0.6271428571428571,NaN,0.1125,
11,0.2857,gemma9b_inst,m,A_to_B,0.6553819444444444,NaN,0.22916666666666666,
11,0.2857,gemma9b_inst,m,B_to_A,0.6323214285714285,NaN,0.125,
12,0.3095,gemma9b_inst,m,A_to_B,0.6571180555555556,NaN,0.1875,
12,0.3095,gemma9b_inst,m,B_to_A,0.6258928571428571,NaN,0.125,
13,0.3333,gemma9b_inst,m,A_to_B,0.6803075396825398,NaN,0.1875,
13,0.3333,gemma9b_inst,m,B_to_A,0.6089285714285715,NaN,0.15,
14,0.3571,gemma9b_inst,m,A_to_B,0.6927083333333333,NaN,0.13541666666666666,
14,0.3571,gemma9b_inst,m,B_to_A,0.5792857142857143,NaN,0.1125,
15,0.381,gemma9b_inst,m,A_to_B,0.5926339285714286,NaN,0.16666666666666666,
15,0.381,gemma9b_inst,m,B_to_A,0.5691071428571429,NaN,0.1375,
16,0.4048,gemma9b_inst,m,A_to_B,0.6409970238095238,NaN,0.1875,
16,0.4048,gemma9b_inst,m,B_to_A,0.60125,NaN,0.15,
17,0.4286,gemma9b_inst,m,A_to_B,0.8120039682539684,NaN,0.40625,
17,0.4286,gemma9b_inst,m,B_to_A,0.82,NaN,0.3875,
18,0.4524,gemma9b_inst,m,A_to_B,0.8252728174603174,NaN,0.3645833333333333,
18,0.4524,gemma9b_inst,m,B_to_A,0.8180357142857143,NaN,0.35,
19,0.4762,gemma9b_inst,m,A_to_B,0.7977430555555556,NaN,0.28125,
19,0.4762,gemma9b_inst,m,B_to_A,0.8255357142857143,NaN,0.3625,
20,0.5,gemma9b_inst,m,A_to_B,0.8234126984126985,NaN,0.2916666666666667,
20,0.5,gemma9b_inst,m,B_to_A,0.8075,NaN,0.275,
21,0.5238,gemma9b_inst,m,A_to_B,0.8959573412698413,NaN,0.4375,
21,0.5238,gemma9b_inst,m,B_to_A,0.85,NaN,0.3875,
22,0.5476,gemma9b_inst,m,A_to_B,0.9017857142857143,NaN,0.4375,
22,0.5476,gemma9b_inst,m,B_to_A,0.8460714285714286,NaN,0.35,
23,0.5714,gemma9b_inst,m,A_to_B,0.9020337301587302,NaN,0.4791666666666667,
23,0.5714,gemma9b_inst,m,B_to_A,0.8560714285714286,NaN,0.4125,
24,0.5952,gemma9b_inst,m,A_to_B,0.9088541666666666,NaN,0.4583333333333333,
24,0.5952,gemma9b_inst,m,B_to_A,0.8776785714285713,NaN,0.5125,
25,0.619,gemma9b_inst,m,A_to_B,0.916046626984127,NaN,0.4791666666666667,
25,0.619,gemma9b_inst,m,B_to_A,0.9044642857142857,NaN,0.5375,
26,0.6429,gemma9b_inst,m,A_to_B,0.9181547619047619,NaN,0.59375,
26,0.6429,gemma9b_inst,m,B_to_A,0.9,NaN,0.5625,
27,0.6667,gemma9b_inst,m,A_to_B,0.9145585317460316,NaN,0.5625,
27,0.6667,gemma9b_inst,m,B_to_A,0.9266071428571429,NaN,0.5875,
28,0.6905,gemma9b_inst,m,A_to_B,0.923859126984127,NaN,0.59375,
28,0.6905,gemma9b_inst,m,B_to_A,0.9285714285714286,NaN,0.525,
29,0.7143,gemma9b_inst,m,A_to_B,0.9051339285714286,NaN,0.6041666666666666,
29,0.7143,gemma9b_inst,m,B_to_A,0.9223214285714285,NaN,0.6375,
30,0.7381,gemma9b_inst,m,A_to_B,0.894593253968254,NaN,0.5416666666666666,
30,0.7381,gemma9b_inst,m,B_to_A,0.9096428571428571,NaN,0.6,
31,0.7619,gemma9b_inst,m,A_to_B,0.9149305555555556,NaN,0.5729166666666666,
31,0.7619,gemma9b_inst,m,B_to_A,0.9521428571428572,NaN,0.7125,
32,0.7857,gemma9b_inst,m,A_to_B,0.8990575396825398,NaN,0.5833333333333334,
32,0.7857,gemma9b_inst,m,B_to_A,0.9255357142857144,NaN,0.6,
33,0.8095,gemma9b_inst,m,A_to_B,0.9197668650793651,NaN,0.53125,
33,0.8095,gemma9b_inst,m,B_to_A,0.9380357142857143,NaN,0.675,
34,0.8333,gemma9b_inst,m,A_to_B,0.9035218253968254,NaN,0.5416666666666666,
34,0.8333,gemma9b_inst,m,B_to_A,0.9492857142857143,NaN,0.6375,
35,0.8571,gemma9b_inst,m,A_to_B,0.9086061507936508,NaN,0.5416666666666666,
35,0.8571,gemma9b_inst,m,B_to_A,0.9701785714285713,NaN,0.7,
36,0.881,gemma9b_inst,m,A_to_B,0.9002976190476191,NaN,0.5104166666666666,
36,0.881,gemma9b_inst,m,B_to_A,0.9464285714285714,NaN,0.65,
37,0.9048,gemma9b_inst,m,A_to_B,0.9138144841269842,NaN,0.5625,
37,0.9048,gemma9b_inst,m,B_to_A,0.9594642857142857,NaN,0.6125,
38,0.9286,gemma9b_inst,m,A_to_B,0.9119543650793651,NaN,0.5729166666666666,
38,0.9286,gemma9b_inst,m,B_to_A,0.9642857142857143,NaN,0.675,
39,0.9524,gemma9b_inst,m,A_to_B,0.9176587301587302,NaN,0.59375,
39,0.9524,gemma9b_inst,m,B_to_A,0.9726785714285715,NaN,0.7,
40,0.9762,gemma9b_inst,m,A_to_B,0.9139384920634921,NaN,0.5625,
40,0.9762,gemma9b_inst,m,B_to_A,0.9555357142857144,NaN,0.6875,
41,1.0,gemma9b_inst,m,A_to_B,0.9237351190476191,NaN,0.5833333333333334,
41,1.0,gemma9b_inst,m,B_to_A,0.9521428571428572,NaN,0.65,
0,0.0238,gemma9b_base,h,within_A,0.825,0.02101536124274971,0.425,0.07288689868556625
1,0.0476,gemma9b_base,h,within_A,0.8348214285714286,0.052443482698530046,0.45,0.10752906583803283
2,0.0714,gemma9b_base,h,within_A,0.8196428571428571,0.05324304112812706,0.4625,0.075
3,0.0952,gemma9b_base,h,within_A,0.8196428571428569,0.05187799659404977,0.5125,0.046770717334674264
4,0.119,gemma9b_base,h,within_A,0.8919642857142858,0.029666513796135982,0.5375,0.1286953767623375
5,0.1429,gemma9b_base,h,within_A,0.875,0.04535151821142967,0.525,0.1159202311936963
6,0.1667,gemma9b_base,h,within_A,0.9178571428571429,0.038153322534324074,0.65,0.1159202311936963
7,0.1905,gemma9b_base,h,within_A,0.91875,0.041916766408233934,0.5875,0.1403121520040228
8,0.2143,gemma9b_base,h,within_A,0.9473214285714284,0.029260660014596308,0.6625,0.08477912478906585
9,0.2381,gemma9b_base,h,within_A,0.9526785714285715,0.02503186744442178,0.675,0.10752906583803283
10,0.2619,gemma9b_base,h,within_A,0.9660714285714287,0.01885599293030616,0.775,0.09354143466934853
11,0.2857,gemma9b_base,h,within_A,0.9491071428571429,0.028599316746512466,0.6875,0.14252192813739226
12,0.3095,gemma9b_base,h,within_A,0.9303571428571427,0.03836169831953725,0.6125,0.12119199643540823
13,0.3333,gemma9b_base,h,within_A,0.9446428571428571,0.024222607082590282,0.6375,0.09185586535436917
14,0.3571,gemma9b_base,h,within_A,0.9598214285714285,0.020555115059323812,0.7375,0.10752906583803283
15,0.381,gemma9b_base,h,within_A,0.98125,0.013658087982837809,0.8625,0.12747548783981963
16,0.4048,gemma9b_base,h,within_A,0.9830357142857142,0.012752550765255093,0.825,0.13919410907075053
17,0.4286,gemma9b_base,h,within_A,0.9955357142857142,0.0069160416896560765,0.95,0.06123724356957945
18,0.4524,gemma9b_base,h,within_A,0.99375,0.006055651770647566,0.9,0.05
19,0.4762,gemma9b_base,h,within_A,0.9928571428571429,0.006055651770647539,0.875,0.07905694150420949
20,0.5,gemma9b_base,h,within_A,0.9901785714285716,0.007680647559859497,0.85,0.0637377439199098
21,0.5238,gemma9b_base,h,within_A,0.9928571428571429,0.007253605718424957,0.925,0.046770717334674264
22,0.5476,gemma9b_base,h,within_A,0.9910714285714285,0.01018013772409942,0.9,0.075
23,0.5714,gemma9b_base,h,within_A,0.9946428571428572,0.006561133239597802,0.95,0.046770717334674264
24,0.5952,gemma9b_base,h,within_A,0.9973214285714285,0.005357142857142838,0.95,0.046770717334674264
25,0.619,gemma9b_base,h,within_A,0.9964285714285716,0.0071428571428571175,0.9625,0.049999999999999996
26,0.6429,gemma9b_base,h,within_A,0.9973214285714285,0.005357142857142838,0.9375,0.05590169943749474
27,0.6667,gemma9b_base,h,within_A,0.9973214285714285,0.005357142857142838,0.95,0.046770717334674264
28,0.6905,gemma9b_base,h,within_A,0.9991071428571429,0.0017857142857142794,0.95,0.046770717334674264
29,0.7143,gemma9b_base,h,within_A,0.9991071428571429,0.0017857142857142794,0.95,0.046770717334674264
30,0.7381,gemma9b_base,h,within_A,0.9991071428571429,0.0017857142857142794,0.95,0.046770717334674264
31,0.7619,gemma9b_base,h,within_A,0.9991071428571429,0.0017857142857142794,0.95,0.046770717334674264
32,0.7857,gemma9b_base,h,within_A,1.0,0.0,0.9375,0.0
33,0.8095,gemma9b_base,h,within_A,1.0,0.0,0.9625,0.03061862178478973
34,0.8333,gemma9b_base,h,within_A,1.0,0.0,0.9375,0.0
35,0.8571,gemma9b_base,h,within_A,1.0,0.0,0.95,0.025
36,0.881,gemma9b_base,h,within_A,1.0,0.0,0.95,0.025
37,0.9048,gemma9b_base,h,within_A,1.0,0.0,0.9375,0.03952847075210474
38,0.9286,gemma9b_base,h,within_A,1.0,0.0,0.95,0.025
39,0.9524,gemma9b_base,h,within_A,1.0,0.0,0.95,0.025
40,0.9762,gemma9b_base,h,within_A,1.0,0.0,0.9375,0.03952847075210474
41,1.0,gemma9b_base,h,within_A,1.0,0.0,0.925,0.024999999999999998
0,0.0238,gemma9b_base,h,within_B_clinical,0.8427491830065359,0.03024630739488166,0.5205263157894737,0.05337371509089357
1,0.0476,gemma9b_base,h,within_B_clinical,0.8913500816993464,0.05139269405093364,0.5731578947368421,0.0888273871570096
2,0.0714,gemma9b_base,h,within_B_clinical,0.9008680555555557,0.03958342555062542,0.6236842105263157,0.08791206888678983
3,0.0952,gemma9b_base,h,within_B_clinical,0.9093852124183005,0.045003180885300295,0.6136842105263158,0.09447918177817631
4,0.119,gemma9b_base,h,within_B_clinical,0.9078227124183007,0.0404555306233352,0.5736842105263158,0.12718995761678498
5,0.1429,gemma9b_base,h,within_B_clinical,0.9061172385620914,0.05244436854807416,0.5526315789473684,0.08806947647727112
6,0.1667,gemma9b_base,h,within_B_clinical,0.9259599673202615,0.04456305481613436,0.5731578947368421,0.11100647581618918
7,0.1905,gemma9b_base,h,within_B_clinical,0.9203941993464053,0.043819748331143285,0.5936842105263158,0.12624559453107326
8,0.2143,gemma9b_base,h,within_B_clinical,0.9448835784313726,0.027472650432211213,0.6457894736842106,0.09635460822563593
9,0.2381,gemma9b_base,h,within_B_clinical,0.9257761437908497,0.029436090697038293,0.6352631578947369,0.11554519687453747
10,0.2619,gemma9b_base,h,within_B_clinical,0.934752859477124,0.025268284288308365,0.6773684210526316,0.06796609876782285
11,0.2857,gemma9b_base,h,within_B_clinical,0.9319546568627451,0.026553575886292542,0.6657894736842105,0.08136644649337005
12,0.3095,gemma9b_base,h,within_B_clinical,0.9367238562091504,0.02003757148109598,0.6868421052631579,0.07645178445438922
13,0.3333,gemma9b_base,h,within_B_clinical,0.9333333333333332,0.023028212980802463,0.6342105263157894,0.07824246709115004
14,0.3571,gemma9b_base,h,within_B_clinical,0.9431985294117646,0.021664113989344022,0.6868421052631579,0.060239595485576815
15,0.381,gemma9b_base,h,within_B_clinical,0.9564236111111111,0.025391830411560946,0.6768421052631578,0.08483975444046268
16,0.4048,gemma9b_base,h,within_B_clinical,0.9565257352941178,0.02287567110130878,0.718421052631579,0.0983239036435232
17,0.4286,gemma9b_base,h,within_B_clinical,0.9809436274509805,0.011336032721178627,0.7810526315789474,0.04016586111229246
18,0.4524,gemma9b_base,h,within_B_clinical,0.9872651143790849,0.010406529413096784,0.8221052631578948,0.06440866754011941
19,0.4762,gemma9b_base,h,within_B_clinical,0.9844464869281044,0.009673246603580864,0.8226315789473684,0.07925553888034133
20,0.5,gemma9b_base,h,within_B_clinical,0.9892565359477125,0.006299795756799156,0.8126315789473685,0.07089456101255888
21,0.5238,gemma9b_base,h,within_B_clinical,0.9889501633986928,0.008866743626833932,0.8442105263157895,0.06502503246939159
22,0.5476,gemma9b_base,h,within_B_clinical,0.986703431372549,0.011733468665868179,0.874736842105263,0.07173357910484557
23,0.5714,gemma9b_base,h,within_B_clinical,0.9869178921568628,0.013301509202298178,0.8536842105263156,0.07795161508030997
24,0.5952,gemma9b_base,h,within_B_clinical,0.9856924019607842,0.012582030914059036,0.8336842105263157,0.07631397457007097
25,0.619,gemma9b_base,h,within_B_clinical,0.9856311274509804,0.012362198790428165,0.8231578947368421,0.0525894568286181
26,0.6429,gemma9b_base,h,within_B_clinical,0.9877144607843137,0.011132922501640262,0.8436842105263158,0.06664912049800728
27,0.6667,gemma9b_base,h,within_B_clinical,0.9871629901960783,0.012859401536493772,0.8331578947368421,0.07013244296890492
28,0.6905,gemma9b_base,h,within_B_clinical,0.9861213235294116,0.012330343768564669,0.8231578947368421,0.07058128258627455
29,0.7143,gemma9b_base,h,within_B_clinical,0.9814031862745098,0.016300516848524422,0.8226315789473684,0.05438143727616628
30,0.7381,gemma9b_base,h,within_B_clinical,0.9810968137254902,0.015131702667100504,0.8331578947368421,0.07013244296890492
31,0.7619,gemma9b_base,h,within_B_clinical,0.982781862745098,0.016397544249680263,0.8331578947368421,0.07013244296890492
32,0.7857,gemma9b_base,h,within_B_clinical,0.9818014705882353,0.017038666304547298,0.8331578947368421,0.0519855083152242
33,0.8095,gemma9b_base,h,within_B_clinical,0.9778186274509804,0.01794318117349204,0.8636842105263158,0.07933937762615272
34,0.8333,gemma9b_base,h,within_B_clinical,0.9785539215686274,0.017702130588143045,0.8636842105263158,0.07933937762615272
35,0.8571,gemma9b_base,h,within_B_clinical,0.9792892156862745,0.01671104287254174,0.8426315789473684,0.07518030036071198
36,0.881,gemma9b_base,h,within_B_clinical,0.9792892156862745,0.01671104287254174,0.8326315789473684,0.062487671914340355
37,0.9048,gemma9b_base,h,within_B_clinical,0.9772977941176471,0.019135265181916782,0.853157894736842,0.07054202495901687
38,0.9286,gemma9b_base,h,within_B_clinical,0.9758272058823529,0.02131820244200989,0.843157894736842,0.05864584537761736
39,0.9524,gemma9b_base,h,within_B_clinical,0.9768075980392157,0.018570473278109328,0.843157894736842,0.05864584537761736
40,0.9762,gemma9b_base,h,within_B_clinical,0.9758272058823529,0.02131820244200989,0.843157894736842,0.05864584537761736
41,1.0,gemma9b_base,h,within_B_clinical,0.9763480392156862,0.021015147034182745,0.843157894736842,0.05864584537761736
0,0.0238,gemma9b_base,h,A_to_B,0.5457589285714286,NaN,0.10416666666666667,
0,0.0238,gemma9b_base,h,B_to_A,0.5228571428571429,NaN,0.1375,
1,0.0476,gemma9b_base,h,A_to_B,0.5424107142857143,NaN,0.14583333333333334,
1,0.0476,gemma9b_base,h,B_to_A,0.5214285714285714,NaN,0.0875,
2,0.0714,gemma9b_base,h,A_to_B,0.5094246031746031,NaN,0.15625,
2,0.0714,gemma9b_base,h,B_to_A,0.49964285714285717,NaN,0.125,
3,0.0952,gemma9b_base,h,A_to_B,0.5083085317460317,NaN,0.14583333333333334,
3,0.0952,gemma9b_base,h,B_to_A,0.5171428571428571,NaN,0.1625,
4,0.119,gemma9b_base,h,A_to_B,0.5756448412698413,NaN,0.125,
4,0.119,gemma9b_base,h,B_to_A,0.5517857142857143,NaN,0.1875,
5,0.1429,gemma9b_base,h,A_to_B,0.5783730158730159,NaN,0.14583333333333334,
5,0.1429,gemma9b_base,h,B_to_A,0.5525,NaN,0.1375,
6,0.1667,gemma9b_base,h,A_to_B,0.6005704365079365,NaN,0.14583333333333334,
6,0.1667,gemma9b_base,h,B_to_A,0.5349999999999999,NaN,0.1375,
7,0.1905,gemma9b_base,h,A_to_B,0.6121031746031746,NaN,0.17708333333333334,
7,0.1905,gemma9b_base,h,B_to_A,0.5391071428571429,NaN,0.1375,
8,0.2143,gemma9b_base,h,A_to_B,0.6346726190476191,NaN,0.17708333333333334,
8,0.2143,gemma9b_base,h,B_to_A,0.5510714285714285,NaN,0.1,
9,0.2381,gemma9b_base,h,A_to_B,0.6500496031746031,NaN,0.20833333333333334,
9,0.2381,gemma9b_base,h,B_to_A,0.5660714285714287,NaN,0.1,
10,0.2619,gemma9b_base,h,A_to_B,0.6846478174603174,NaN,0.19791666666666666,
10,0.2619,gemma9b_base,h,B_to_A,0.5855357142857143,NaN,0.1625,
11,0.2857,gemma9b_base,h,A_to_B,0.6630704365079365,NaN,0.17708333333333334,
11,0.2857,gemma9b_base,h,B_to_A,0.573392857142857,NaN,0.125,
12,0.3095,gemma9b_base,h,A_to_B,0.6418650793650793,NaN,0.16666666666666666,
12,0.3095,gemma9b_base,h,B_to_A,0.5430357142857143,NaN,0.0625,
13,0.3333,gemma9b_base,h,A_to_B,0.6325644841269842,NaN,0.1875,
13,0.3333,gemma9b_base,h,B_to_A,0.5575,NaN,0.0625,
14,0.3571,gemma9b_base,h,A_to_B,0.6334325396825397,NaN,0.14583333333333334,
14,0.3571,gemma9b_base,h,B_to_A,0.5541071428571429,NaN,0.1125,
15,0.381,gemma9b_base,h,A_to_B,0.6489335317460319,NaN,0.11458333333333333,
15,0.381,gemma9b_base,h,B_to_A,0.5708928571428571,NaN,0.1125,
16,0.4048,gemma9b_base,h,A_to_B,0.6930803571428572,NaN,0.13541666666666666,
16,0.4048,gemma9b_base,h,B_to_A,0.60875,NaN,0.15,
17,0.4286,gemma9b_base,h,A_to_B,0.8055555555555556,NaN,0.23958333333333334,
17,0.4286,gemma9b_base,h,B_to_A,0.7416071428571429,NaN,0.2125,
18,0.4524,gemma9b_base,h,A_to_B,0.785094246031746,NaN,0.2604166666666667,
18,0.4524,gemma9b_base,h,B_to_A,0.7358928571428571,NaN,0.2625,
19,0.4762,gemma9b_base,h,A_to_B,0.8084077380952381,NaN,0.28125,
19,0.4762,gemma9b_base,h,B_to_A,0.7298214285714286,NaN,0.1875,
20,0.5,gemma9b_base,h,A_to_B,0.8359375,NaN,0.3125,
20,0.5,gemma9b_base,h,B_to_A,0.7589285714285714,NaN,0.2375,
21,0.5238,gemma9b_base,h,A_to_B,0.9076140873015872,NaN,0.5104166666666666,
21,0.5238,gemma9b_base,h,B_to_A,0.8830357142857144,NaN,0.4375,
22,0.5476,gemma9b_base,h,A_to_B,0.9015376984126984,NaN,0.46875,
22,0.5476,gemma9b_base,h,B_to_A,0.86375,NaN,0.4625,
23,0.5714,gemma9b_base,h,A_to_B,0.9107142857142857,NaN,0.4895833333333333,
23,0.5714,gemma9b_base,h,B_to_A,0.90125,NaN,0.475,
24,0.5952,gemma9b_base,h,A_to_B,0.9055059523809524,NaN,0.4895833333333333,
24,0.5952,gemma9b_base,h,B_to_A,0.8766071428571429,NaN,0.425,
25,0.619,gemma9b_base,h,A_to_B,0.9108382936507937,NaN,0.5104166666666666,
25,0.619,gemma9b_base,h,B_to_A,0.9044642857142857,NaN,0.475,
26,0.6429,gemma9b_base,h,A_to_B,0.9124503968253969,NaN,0.53125,
26,0.6429,gemma9b_base,h,B_to_A,0.9087500000000001,NaN,0.5375,
27,0.6667,gemma9b_base,h,A_to_B,0.9182787698412699,NaN,0.5729166666666666,
27,0.6667,gemma9b_base,h,B_to_A,0.9194642857142856,NaN,0.6,
28,0.6905,gemma9b_base,h,A_to_B,0.916046626984127,NaN,0.59375,
28,0.6905,gemma9b_base,h,B_to_A,0.9291071428571428,NaN,0.6375,
29,0.7143,gemma9b_base,h,A_to_B,0.9166666666666666,NaN,0.6041666666666666,
29,0.7143,gemma9b_base,h,B_to_A,0.9305357142857142,NaN,0.675,
30,0.7381,gemma9b_base,h,A_to_B,0.9192708333333334,NaN,0.6041666666666666,
30,0.7381,gemma9b_base,h,B_to_A,0.9323214285714285,NaN,0.6625,
31,0.7619,gemma9b_base,h,A_to_B,0.9221230158730159,NaN,0.6041666666666666,
31,0.7619,gemma9b_base,h,B_to_A,0.9501785714285714,NaN,0.7125,
32,0.7857,gemma9b_base,h,A_to_B,0.9237351190476191,NaN,0.6354166666666666,
32,0.7857,gemma9b_base,h,B_to_A,0.9483928571428571,NaN,0.7,
33,0.8095,gemma9b_base,h,A_to_B,0.9346478174603174,NaN,0.6458333333333334,
33,0.8095,gemma9b_base,h,B_to_A,0.9542857142857143,NaN,0.7,
34,0.8333,gemma9b_base,h,A_to_B,0.9295634920634921,NaN,0.625,
34,0.8333,gemma9b_base,h,B_to_A,0.9519642857142857,NaN,0.6875,
35,0.8571,gemma9b_base,h,A_to_B,0.9339037698412699,NaN,0.65625,
35,0.8571,gemma9b_base,h,B_to_A,0.9571428571428572,NaN,0.7375,
36,0.881,gemma9b_base,h,A_to_B,0.9330357142857143,NaN,0.6041666666666666,
36,0.881,gemma9b_base,h,B_to_A,0.9575,NaN,0.725,
37,0.9048,gemma9b_base,h,A_to_B,0.933655753968254,NaN,0.625,
37,0.9048,gemma9b_base,h,B_to_A,0.9580357142857143,NaN,0.75,
38,0.9286,gemma9b_base,h,A_to_B,0.9325396825396826,NaN,0.6354166666666666,
38,0.9286,gemma9b_base,h,B_to_A,0.9575,NaN,0.7375,
39,0.9524,gemma9b_base,h,A_to_B,0.9393601190476191,NaN,0.6458333333333334,
39,0.9524,gemma9b_base,h,B_to_A,0.9526785714285715,NaN,0.7375,
40,0.9762,gemma9b_base,h,A_to_B,0.9370039682539683,NaN,0.625,
40,0.9762,gemma9b_base,h,B_to_A,0.9539285714285715,NaN,0.7375,
41,1.0,gemma9b_base,h,A_to_B,0.9427083333333334,NaN,0.6145833333333334,
41,1.0,gemma9b_base,h,B_to_A,0.9501785714285715,NaN,0.7375,
0,0.0238,gemma9b_base,a,within_A,0.8151785714285715,0.044428054659374015,0.4375,0.03952847075210474
1,0.0476,gemma9b_base,a,within_A,0.80625,0.05913114532070872,0.425,0.046770717334674264
2,0.0714,gemma9b_base,a,within_A,0.80625,0.04846166694682824,0.475,0.075
3,0.0952,gemma9b_base,a,within_A,0.8535714285714284,0.03392857142857144,0.475,0.030618621784789725
4,0.119,gemma9b_base,a,within_A,0.9098214285714284,0.01582146888095476,0.575,0.09999999999999999
5,0.1429,gemma9b_base,a,within_A,0.8517857142857143,0.045997310258540224,0.45,0.1334634781503914
6,0.1667,gemma9b_base,a,within_A,0.9446428571428571,0.030488162641006934,0.75,0.1479019945774904
7,0.1905,gemma9b_base,a,within_A,0.8401785714285716,0.04529875319273512,0.4875,0.12119199643540823
8,0.2143,gemma9b_base,a,within_A,0.9616071428571429,0.032635119433030435,0.75,0.08838834764831845
9,0.2381,gemma9b_base,a,within_A,0.94375,0.020477401680678065,0.6625,0.08477912478906585
10,0.2619,gemma9b_base,a,within_A,0.9830357142857142,0.004374088826398544,0.8,0.07288689868556626
11,0.2857,gemma9b_base,a,within_A,0.9258928571428571,0.03720119045714222,0.575,0.07288689868556625
12,0.3095,gemma9b_base,a,within_A,0.8973214285714285,0.040128937596864735,0.6,0.1224744871391589
13,0.3333,gemma9b_base,a,within_A,0.9491071428571427,0.013716331692622508,0.675,0.024999999999999998
14,0.3571,gemma9b_base,a,within_A,0.9607142857142857,0.035647258531566334,0.7625,0.13919410907075055
15,0.381,gemma9b_base,a,within_A,0.9821428571428571,0.019764235376052378,0.8875,0.082915619758885
16,0.4048,gemma9b_base,a,within_A,0.9758928571428573,0.017541859557489756,0.825,0.046770717334674264
17,0.4286,gemma9b_base,a,within_A,0.9973214285714285,0.005357142857142838,0.95,0.09999999999999999
18,0.4524,gemma9b_base,a,within_A,0.9955357142857142,0.004890379977724721,0.9125,0.0637377439199098
19,0.4762,gemma9b_base,a,within_A,0.9892857142857142,0.013422586052118667,0.875,0.08838834764831845
20,0.5,gemma9b_base,a,within_A,0.9875,0.01631755971651522,0.8375,0.075
21,0.5238,gemma9b_base,a,within_A,0.9973214285714287,0.0035714285714285587,0.9125,0.075
22,0.5476,gemma9b_base,a,within_A,0.9973214285714287,0.0035714285714285587,0.925,0.06123724356957946
23,0.5714,gemma9b_base,a,within_A,1.0,0.0,0.9875,0.024999999999999998
24,0.5952,gemma9b_base,a,within_A,0.9982142857142857,0.0035714285714285587,0.9,0.0637377439199098
25,0.619,gemma9b_base,a,within_A,0.9964285714285716,0.0033407655239052927,0.9375,0.05590169943749474
26,0.6429,gemma9b_base,a,within_A,0.9928571428571429,0.008280016513835461,0.95,0.046770717334674264
27,0.6667,gemma9b_base,a,within_A,0.9919642857142857,0.0071428571428571175,0.9,0.075
28,0.6905,gemma9b_base,a,within_A,0.9991071428571429,0.0017857142857142794,0.95,0.046770717334674264
29,0.7143,gemma9b_base,a,within_A,0.9982142857142857,0.0035714285714285587,0.9625,0.049999999999999996
30,0.7381,gemma9b_base,a,within_A,1.0,0.0,0.9625,0.03061862178478973
31,0.7619,gemma9b_base,a,within_A,1.0,0.0,0.975,0.049999999999999996
32,0.7857,gemma9b_base,a,within_A,1.0,0.0,0.9875,0.024999999999999998
33,0.8095,gemma9b_base,a,within_A,1.0,0.0,0.975,0.03061862178478973
34,0.8333,gemma9b_base,a,within_A,1.0,0.0,0.975,0.03061862178478973
35,0.8571,gemma9b_base,a,within_A,0.9991071428571429,0.0017857142857142794,0.95,0.024999999999999998
36,0.881,gemma9b_base,a,within_A,0.9991071428571429,0.0017857142857142794,0.9625,0.049999999999999996
37,0.9048,gemma9b_base,a,within_A,1.0,0.0,0.9625,0.049999999999999996
38,0.9286,gemma9b_base,a,within_A,1.0,0.0,0.9625,0.049999999999999996
39,0.9524,gemma9b_base,a,within_A,1.0,0.0,0.95,0.046770717334674264
40,0.9762,gemma9b_base,a,within_A,1.0,0.0,0.9625,0.049999999999999996
41,1.0,gemma9b_base,a,within_A,1.0,0.0,0.9375,0.03952847075210474
0,0.0238,gemma9b_base,a,within_B_clinical,0.8497344771241829,0.024266184402920152,0.5010526315789473,0.060505717318736475
1,0.0476,gemma9b_base,a,within_B_clinical,0.89015522875817,0.05778016606532695,0.5621052631578947,0.09888015634372528
2,0.0714,gemma9b_base,a,within_B_clinical,0.8935559640522875,0.029113482134477328,0.5615789473684212,0.09496463841070767
3,0.0952,gemma9b_base,a,within_B_clinical,0.905953839869281,0.053332680426031454,0.6047368421052631,0.13745208180396454
4,0.119,gemma9b_base,a,within_B_clinical,0.9298508986928103,0.034430065332723754,0.6057894736842105,0.09903131936951298
5,0.1429,gemma9b_base,a,within_B_clinical,0.89484272875817,0.051293039814400594,0.5105263157894736,0.07735230766683722
6,0.1667,gemma9b_base,a,within_B_clinical,0.9243872549019608,0.030703451769660956,0.5926315789473685,0.14113116431237363
7,0.1905,gemma9b_base,a,within_B_clinical,0.898845996732026,0.039200417864402023,0.52,0.0811550958627216
8,0.2143,gemma9b_base,a,within_B_clinical,0.946017156862745,0.021097170549054564,0.6663157894736842,0.0984984216024386
9,0.2381,gemma9b_base,a,within_B_clinical,0.925030637254902,0.03404646884835352,0.6147368421052631,0.07001384904554059
10,0.2619,gemma9b_base,a,within_B_clinical,0.9398794934640522,0.035111886244494635,0.6984210526315789,0.05793300170870322
11,0.2857,gemma9b_base,a,within_B_clinical,0.9159722222222222,0.015776206461443426,0.6042105263157895,0.08489197959434083
12,0.3095,gemma9b_base,a,within_B_clinical,0.9437908496732026,0.019314040197730708,0.6547368421052632,0.12950363367772377
13,0.3333,gemma9b_base,a,within_B_clinical,0.9307700163398692,0.030488257654942223,0.6652631578947368,0.16675491661737138
14,0.3571,gemma9b_base,a,within_B_clinical,0.9452410130718955,0.020867361955200486,0.728421052631579,0.06364722719086728
15,0.381,gemma9b_base,a,within_B_clinical,0.9521139705882353,0.011780253589781596,0.6978947368421052,0.0696329911938578
16,0.4048,gemma9b_base,a,within_B_clinical,0.9531352124183007,0.014010767981659704,0.6663157894736842,0.05526065157223867
17,0.4286,gemma9b_base,a,within_B_clinical,0.9834252450980392,0.008963373860231709,0.8436842105263158,0.03343658984056545
18,0.4524,gemma9b_base,a,within_B_clinical,0.9805249183006536,0.008110782081057356,0.801578947368421,0.041160452202141366
19,0.4762,gemma9b_base,a,within_B_clinical,0.9873468137254902,0.011341413546646782,0.8326315789473684,0.10272735072636506
20,0.5,gemma9b_base,a,within_B_clinical,0.9903696895424836,0.004043472872281314,0.8547368421052631,0.05932211706781207
21,0.5238,gemma9b_base,a,within_B_clinical,0.9775735294117647,0.01625120834755596,0.8331578947368421,0.07763113291575702
22,0.5476,gemma9b_base,a,within_B_clinical,0.9786458333333334,0.017730634661316576,0.8647368421052631,0.041428776114009316
23,0.5714,gemma9b_base,a,within_B_clinical,0.9859477124183007,0.010835101493142395,0.844736842105263,0.07080854761617741
24,0.5952,gemma9b_base,a,within_B_clinical,0.9791768790849673,0.014732042590577765,0.8231578947368423,0.07058128258627455
25,0.619,gemma9b_base,a,within_B_clinical,0.9785845588235293,0.014285110860649219,0.8126315789473685,0.05300917184005968
26,0.6429,gemma9b_base,a,within_B_clinical,0.9750102124183005,0.012043277625231085,0.7710526315789474,0.07788762414183548
27,0.6667,gemma9b_base,a,within_B_clinical,0.9889093137254902,0.009726351367480138,0.8536842105263158,0.04055023217738574
28,0.6905,gemma9b_base,a,within_B_clinical,0.9805453431372548,0.0217817739392811,0.8536842105263158,0.0910632789637144
29,0.7143,gemma9b_base,a,within_B_clinical,0.9738970588235294,0.027558649307402625,0.8336842105263157,0.037305358203514404
30,0.7381,gemma9b_base,a,within_B_clinical,0.9610906862745099,0.01944826299902782,0.7715789473684211,0.06786004825804713
31,0.7619,gemma9b_base,a,within_B_clinical,0.982751225490196,0.012795080160624278,0.8531578947368421,0.08480709738761855
32,0.7857,gemma9b_base,a,within_B_clinical,0.9838337418300653,0.017520700562582595,0.8547368421052631,0.04910275279869724
33,0.8095,gemma9b_base,a,within_B_clinical,0.965982434640523,0.021245939184318562,0.781578947368421,0.03684210526315789
34,0.8333,gemma9b_base,a,within_B_clinical,0.9793198529411764,0.021180737743526613,0.8021052631578947,0.03904681471787664
35,0.8571,gemma9b_base,a,within_B_clinical,0.9744485294117646,0.03163589945684304,0.811578947368421,0.12349481579842074
36,0.881,gemma9b_base,a,within_B_clinical,0.978890931372549,0.017597469558342346,0.8326315789473684,0.062487671914340355
37,0.9048,gemma9b_base,a,within_B_clinical,0.9801164215686274,0.024667347532511374,0.8642105263157894,0.0718878782272163
38,0.9286,gemma9b_base,a,within_B_clinical,0.9763786764705881,0.023119945193463387,0.7910526315789473,0.08260978592940389
39,0.9524,gemma9b_base,a,within_B_clinical,0.9814950980392156,0.021835874619332188,0.8857894736842106,0.050361573532234465
40,0.9762,gemma9b_base,a,within_B_clinical,0.974234068627451,0.02488933328468664,0.811578947368421,0.0726544586388943
41,1.0,gemma9b_base,a,within_B_clinical,0.9830575980392157,0.01551939514210206,0.8636842105263158,0.07201877256040978
0,0.0238,gemma9b_base,a,A_to_B,0.550843253968254,NaN,0.10416666666666667,
0,0.0238,gemma9b_base,a,B_to_A,0.5183928571428572,NaN,0.125,
1,0.0476,gemma9b_base,a,A_to_B,0.6021825396825397,NaN,0.16666666666666666,
1,0.0476,gemma9b_base,a,B_to_A,0.5203571428571427,NaN,0.1,
2,0.0714,gemma9b_base,a,A_to_B,0.5148809523809523,NaN,0.14583333333333334,
2,0.0714,gemma9b_base,a,B_to_A,0.49857142857142855,NaN,0.1375,
3,0.0952,gemma9b_base,a,A_to_B,0.5420386904761905,NaN,0.13541666666666666,
3,0.0952,gemma9b_base,a,B_to_A,0.5367857142857143,NaN,0.175,
4,0.119,gemma9b_base,a,A_to_B,0.5740327380952381,NaN,0.125,
4,0.119,gemma9b_base,a,B_to_A,0.5576785714285714,NaN,0.1375,
5,0.1429,gemma9b_base,a,A_to_B,0.5303819444444444,NaN,0.08333333333333333,
5,0.1429,gemma9b_base,a,B_to_A,0.5153571428571428,NaN,0.1,
6,0.1667,gemma9b_base,a,A_to_B,0.6238839285714286,NaN,0.1875,
6,0.1667,gemma9b_base,a,B_to_A,0.5480357142857143,NaN,0.1375,
7,0.1905,gemma9b_base,a,A_to_B,0.5621279761904763,NaN,0.15625,
7,0.1905,gemma9b_base,a,B_to_A,0.5216071428571429,NaN,0.1375,
8,0.2143,gemma9b_base,a,A_to_B,0.6463293650793651,NaN,0.22916666666666666,
8,0.2143,gemma9b_base,a,B_to_A,0.5869642857142857,NaN,0.125,
9,0.2381,gemma9b_base,a,A_to_B,0.6755952380952381,NaN,0.19791666666666666,
9,0.2381,gemma9b_base,a,B_to_A,0.5967857142857143,NaN,0.1125,
10,0.2619,gemma9b_base,a,A_to_B,0.7173859126984127,NaN,0.1875,
10,0.2619,gemma9b_base,a,B_to_A,0.6380357142857143,NaN,0.1625,
11,0.2857,gemma9b_base,a,A_to_B,0.6439732142857143,NaN,0.13541666666666666,
11,0.2857,gemma9b_base,a,B_to_A,0.6094642857142857,NaN,0.1375,
12,0.3095,gemma9b_base,a,A_to_B,0.6153273809523809,NaN,0.125,
12,0.3095,gemma9b_base,a,B_to_A,0.5844642857142857,NaN,0.15,
13,0.3333,gemma9b_base,a,A_to_B,0.6442212301587302,NaN,0.16666666666666666,
13,0.3333,gemma9b_base,a,B_to_A,0.6121428571428571,NaN,0.175,
14,0.3571,gemma9b_base,a,A_to_B,0.6240079365079365,NaN,0.14583333333333334,
14,0.3571,gemma9b_base,a,B_to_A,0.5553571428571429,NaN,0.1125,
15,0.381,gemma9b_base,a,A_to_B,0.6581101190476191,NaN,0.14583333333333334,
15,0.381,gemma9b_base,a,B_to_A,0.6,NaN,0.175,
16,0.4048,gemma9b_base,a,A_to_B,0.7537202380952381,NaN,0.17708333333333334,
16,0.4048,gemma9b_base,a,B_to_A,0.7076785714285714,NaN,0.25,
17,0.4286,gemma9b_base,a,A_to_B,0.8056795634920635,NaN,0.3020833333333333,
17,0.4286,gemma9b_base,a,B_to_A,0.83375,NaN,0.4125,
18,0.4524,gemma9b_base,a,A_to_B,0.802951388888889,NaN,0.2604166666666667,
18,0.4524,gemma9b_base,a,B_to_A,0.8383928571428572,NaN,0.3875,
19,0.4762,gemma9b_base,a,A_to_B,0.8239087301587302,NaN,0.21875,
19,0.4762,gemma9b_base,a,B_to_A,0.6923214285714285,NaN,0.15,
20,0.5,gemma9b_base,a,A_to_B,0.8795882936507937,NaN,0.375,
20,0.5,gemma9b_base,a,B_to_A,0.8394642857142858,NaN,0.425,
21,0.5238,gemma9b_base,a,A_to_B,0.9124503968253967,NaN,0.5208333333333334,
21,0.5238,gemma9b_base,a,B_to_A,0.9169642857142857,NaN,0.5125,
22,0.5476,gemma9b_base,a,A_to_B,0.8757440476190477,NaN,0.4479166666666667,
22,0.5476,gemma9b_base,a,B_to_A,0.86875,NaN,0.5,
23,0.5714,gemma9b_base,a,A_to_B,0.894469246031746,NaN,0.46875,
23,0.5714,gemma9b_base,a,B_to_A,0.9,NaN,0.525,
24,0.5952,gemma9b_base,a,A_to_B,0.8737599206349207,NaN,0.4270833333333333,
24,0.5952,gemma9b_base,a,B_to_A,0.8674999999999999,NaN,0.525,
25,0.619,gemma9b_base,a,A_to_B,0.8639632936507937,NaN,0.53125,
25,0.619,gemma9b_base,a,B_to_A,0.9019642857142858,NaN,0.5,
26,0.6429,gemma9b_base,a,A_to_B,0.8852926587301588,NaN,0.53125,
26,0.6429,gemma9b_base,a,B_to_A,0.9119642857142857,NaN,0.625,
27,0.6667,gemma9b_base,a,A_to_B,0.8665674603174603,NaN,0.375,
27,0.6667,gemma9b_base,a,B_to_A,0.7710714285714285,NaN,0.3125,
28,0.6905,gemma9b_base,a,A_to_B,0.8017113095238095,NaN,0.3229166666666667,
28,0.6905,gemma9b_base,a,B_to_A,0.8758928571428571,NaN,0.45,
29,0.7143,gemma9b_base,a,A_to_B,0.8917410714285714,NaN,0.5208333333333334,
29,0.7143,gemma9b_base,a,B_to_A,0.9042857142857144,NaN,0.5875,
30,0.7381,gemma9b_base,a,A_to_B,0.8432539682539683,NaN,0.4375,
30,0.7381,gemma9b_base,a,B_to_A,0.8598214285714285,NaN,0.5875,
31,0.7619,gemma9b_base,a,A_to_B,0.9172867063492063,NaN,0.5208333333333334,
31,0.7619,gemma9b_base,a,B_to_A,0.9475,NaN,0.725,
32,0.7857,gemma9b_base,a,A_to_B,0.8586309523809523,NaN,0.2916666666666667,
32,0.7857,gemma9b_base,a,B_to_A,0.8035714285714286,NaN,0.2875,
33,0.8095,gemma9b_base,a,A_to_B,0.8596230158730158,NaN,0.4479166666666667,
33,0.8095,gemma9b_base,a,B_to_A,0.9280357142857143,NaN,0.5875,
34,0.8333,gemma9b_base,a,A_to_B,0.9358878968253967,NaN,0.5104166666666666,
34,0.8333,gemma9b_base,a,B_to_A,0.9551785714285714,NaN,0.7125,
35,0.8571,gemma9b_base,a,A_to_B,0.9321676587301587,NaN,0.4791666666666667,
35,0.8571,gemma9b_base,a,B_to_A,0.9175,NaN,0.6375,
36,0.881,gemma9b_base,a,A_to_B,0.9252232142857143,NaN,0.6041666666666666,
36,0.881,gemma9b_base,a,B_to_A,0.9380357142857143,NaN,0.725,
37,0.9048,gemma9b_base,a,A_to_B,0.9309275793650793,NaN,0.59375,
37,0.9048,gemma9b_base,a,B_to_A,0.9333928571428571,NaN,0.6875,
38,0.9286,gemma9b_base,a,A_to_B,0.9223710317460317,NaN,0.5625,
38,0.9286,gemma9b_base,a,B_to_A,0.9623214285714285,NaN,0.7375,
39,0.9524,gemma9b_base,a,A_to_B,0.9558531746031745,NaN,0.6979166666666666,
39,0.9524,gemma9b_base,a,B_to_A,0.96625,NaN,0.75,
40,0.9762,gemma9b_base,a,A_to_B,0.9286954365079365,NaN,0.5520833333333334,
40,0.9762,gemma9b_base,a,B_to_A,0.9389285714285714,NaN,0.7125,
41,1.0,gemma9b_base,a,A_to_B,0.9399801587301587,NaN,0.6041666666666666,
41,1.0,gemma9b_base,a,B_to_A,0.9439285714285715,NaN,0.7,
0,0.0238,gemma9b_base,m,within_A,0.7125,0.0277504826212858,0.3625,0.06123724356957945
1,0.0476,gemma9b_base,m,within_A,0.8098214285714287,0.06896418399045541,0.5,0.07905694150420949
2,0.0714,gemma9b_base,m,within_A,0.782142857142857,0.05642687610473201,0.4125,0.1159202311936963
3,0.0952,gemma9b_base,m,within_A,0.7660714285714286,0.05742119711004832,0.4125,0.1015504800579495
4,0.119,gemma9b_base,m,within_A,0.8964285714285716,0.027286976410600197,0.6,0.08477912478906585
5,0.1429,gemma9b_base,m,within_A,0.8803571428571428,0.04105201404490232,0.5375,0.1457737973711325
6,0.1667,gemma9b_base,m,within_A,0.925,0.03631196322796918,0.6125,0.1334634781503914
7,0.1905,gemma9b_base,m,within_A,0.9035714285714285,0.03453407072466734,0.575,0.10752906583803283
8,0.2143,gemma9b_base,m,within_A,0.9491071428571429,0.03275702915686453,0.6625,0.0637377439199098
9,0.2381,gemma9b_base,m,within_A,0.9491071428571429,0.03287848685628925,0.7,0.10752906583803283
10,0.2619,gemma9b_base,m,within_A,0.9767857142857144,0.01422980129509752,0.7875,0.10897247358851683
11,0.2857,gemma9b_base,m,within_A,0.9428571428571428,0.028986934072764165,0.6625,0.1286953767623375
12,0.3095,gemma9b_base,m,within_A,0.9214285714285714,0.034534070724667354,0.6125,0.10752906583803283
13,0.3333,gemma9b_base,m,within_A,0.9321428571428572,0.027577580734786597,0.6,0.08477912478906585
14,0.3571,gemma9b_base,m,within_A,0.9517857142857142,0.022833414022400744,0.6125,0.12747548783981963
15,0.381,gemma9b_base,m,within_A,0.9705357142857143,0.021053260933127874,0.7375,0.09185586535436918
16,0.4048,gemma9b_base,m,within_A,0.9598214285714286,0.02328286573286661,0.725,0.1015504800579495
17,0.4286,gemma9b_base,m,within_A,0.9955357142857142,0.0056469243931578,0.95,0.07288689868556626
18,0.4524,gemma9b_base,m,within_A,0.9973214285714287,0.0035714285714285587,0.9125,0.0637377439199098
19,0.4762,gemma9b_base,m,within_A,0.99375,0.0066815310478105855,0.9,0.075
20,0.5,gemma9b_base,m,within_A,0.9910714285714286,0.007470178808339934,0.8375,0.08477912478906585
21,0.5238,gemma9b_base,m,within_A,0.9901785714285714,0.009533105582170787,0.9125,0.0637377439199098
22,0.5476,gemma9b_base,m,within_A,0.9919642857142857,0.009942436362196433,0.875,0.08838834764831845
23,0.5714,gemma9b_base,m,within_A,0.99375,0.0066815310478105855,0.9,0.049999999999999996
24,0.5952,gemma9b_base,m,within_A,0.9946428571428572,0.008656571173957742,0.9125,0.08477912478906585
25,0.619,gemma9b_base,m,within_A,0.9973214285714285,0.005357142857142838,0.9625,0.049999999999999996
26,0.6429,gemma9b_base,m,within_A,0.9982142857142857,0.0021870444131992586,0.95,0.046770717334674264
27,0.6667,gemma9b_base,m,within_A,0.9955357142857142,0.0069160416896560765,0.9375,0.05590169943749474
28,0.6905,gemma9b_base,m,within_A,0.9973214285714287,0.002187044413199258,0.9375,0.05590169943749474
29,0.7143,gemma9b_base,m,within_A,0.9982142857142857,0.002187044413199258,0.95,0.046770717334674264
30,0.7381,gemma9b_base,m,within_A,0.9991071428571429,0.0017857142857142794,0.95,0.06123724356957946
31,0.7619,gemma9b_base,m,within_A,0.9991071428571429,0.0017857142857142794,0.95,0.046770717334674264
32,0.7857,gemma9b_base,m,within_A,1.0,0.0,0.9375,0.0
33,0.8095,gemma9b_base,m,within_A,1.0,0.0,0.9375,0.03952847075210474
34,0.8333,gemma9b_base,m,within_A,1.0,0.0,0.925,0.06123724356957946
35,0.8571,gemma9b_base,m,within_A,1.0,0.0,0.95,0.046770717334674264
36,0.881,gemma9b_base,m,within_A,1.0,0.0,0.9375,0.03952847075210474
37,0.9048,gemma9b_base,m,within_A,0.9991071428571429,0.0017857142857142794,0.95,0.046770717334674264
38,0.9286,gemma9b_base,m,within_A,1.0,0.0,0.9375,0.03952847075210474
39,0.9524,gemma9b_base,m,within_A,1.0,0.0,0.95,0.046770717334674264
40,0.9762,gemma9b_base,m,within_A,1.0,0.0,0.925,0.04677071733467427
41,1.0,gemma9b_base,m,within_A,1.0,0.0,0.9375,0.03952847075210474
0,0.0238,gemma9b_base,m,within_B_clinical,0.7953125,0.055445170547085434,0.46842105263157896,0.06315789473684211
1,0.0476,gemma9b_base,m,within_B_clinical,0.8139910130718955,0.07250760465350856,0.45736842105263154,0.07671221899369285
2,0.0714,gemma9b_base,m,within_B_clinical,0.8915747549019608,0.04066238981926801,0.6026315789473684,0.15710327954315054
3,0.0952,gemma9b_base,m,within_B_clinical,0.8759089052287582,0.061631622079775995,0.51,0.12392920863728052
4,0.119,gemma9b_base,m,within_B_clinical,0.893780637254902,0.05727696872910178,0.6042105263157894,0.11770661682942622
5,0.1429,gemma9b_base,m,within_B_clinical,0.8899611928104575,0.0481921628264291,0.5,0.07806524723258594
6,0.1667,gemma9b_base,m,within_B_clinical,0.9263480392156863,0.043062773405614686,0.6147368421052631,0.13490121552505932
7,0.1905,gemma9b_base,m,within_B_clinical,0.9123161764705883,0.053043220039526905,0.5931578947368421,0.0925418225434727
8,0.2143,gemma9b_base,m,within_B_clinical,0.9333231209150327,0.035823416648303984,0.6452631578947369,0.09222398363709267
9,0.2381,gemma9b_base,m,within_B_clinical,0.9209865196078433,0.03663303627718857,0.6342105263157894,0.11300479238728364
10,0.2619,gemma9b_base,m,within_B_clinical,0.9186580882352942,0.027530774314169885,0.6247368421052631,0.04102563214716858
11,0.2857,gemma9b_base,m,within_B_clinical,0.9202614379084967,0.025691948044454658,0.5942105263157894,0.09953353810528506
12,0.3095,gemma9b_base,m,within_B_clinical,0.9348754084967321,0.024431972350478698,0.6547368421052632,0.1110813133328246
13,0.3333,gemma9b_base,m,within_B_clinical,0.921875,0.028083686122129116,0.6131578947368421,0.10110196164367657
14,0.3571,gemma9b_base,m,within_B_clinical,0.9347324346405228,0.014430671041048905,0.6878947368421052,0.02783011382400479
15,0.381,gemma9b_base,m,within_B_clinical,0.9436989379084967,0.02552168128915311,0.6352631578947369,0.03409291524358242
16,0.4048,gemma9b_base,m,within_B_clinical,0.9594873366013073,0.02272791072898719,0.7073684210526315,0.08110046435477147
17,0.4286,gemma9b_base,m,within_B_clinical,0.9812602124183007,0.010954312300074142,0.7810526315789474,0.04016586111229246
18,0.4524,gemma9b_base,m,within_B_clinical,0.9822712418300654,0.008322425439085452,0.8331578947368421,0.06172946067956106
19,0.4762,gemma9b_base,m,within_B_clinical,0.9847937091503269,0.009921636373630947,0.7805263157894736,0.0854449005203397
20,0.5,gemma9b_base,m,within_B_clinical,0.9886948529411764,0.004142718809775798,0.8652631578947367,0.05087598304671397
21,0.5238,gemma9b_base,m,within_B_clinical,0.9853553921568627,0.016086922095292173,0.8652631578947367,0.060798017171341666
22,0.5476,gemma9b_base,m,within_B_clinical,0.9826899509803921,0.012842456084128909,0.8642105263157894,0.04293911169341293
23,0.5714,gemma9b_base,m,within_B_clinical,0.987438725490196,0.01240903379355308,0.8431578947368422,0.05864584537761736
24,0.5952,gemma9b_base,m,within_B_clinical,0.9795343137254902,0.017298685103778428,0.8331578947368421,0.07013244296890492
25,0.619,gemma9b_base,m,within_B_clinical,0.9804227941176471,0.018782261508945804,0.843157894736842,0.05864584537761736
26,0.6429,gemma9b_base,m,within_B_clinical,0.9821997549019607,0.017736139458793432,0.843157894736842,0.06743417843388198
27,0.6667,gemma9b_base,m,within_B_clinical,0.984375,0.015741706591501394,0.8436842105263157,0.04718091543371573
28,0.6905,gemma9b_base,m,within_B_clinical,0.985140931372549,0.01462716370197055,0.8121052631578947,0.05468621140151807
29,0.7143,gemma9b_base,m,within_B_clinical,0.9744178921568627,0.017131677944008866,0.8021052631578947,0.03904681471787664
30,0.7381,gemma9b_base,m,within_B_clinical,0.9800245098039214,0.018801042676249317,0.8531578947368421,0.08480709738761855
31,0.7619,gemma9b_base,m,within_B_clinical,0.9735600490196077,0.01905568295202682,0.8226315789473684,0.07192640128781688
32,0.7857,gemma9b_base,m,within_B_clinical,0.9722426470588236,0.03308119932454806,0.853157894736842,0.06219440524935767
33,0.8095,gemma9b_base,m,within_B_clinical,0.9813521241830065,0.01739754922755277,0.8221052631578948,0.05514021412087915
34,0.8333,gemma9b_base,m,within_B_clinical,0.9751838235294118,0.0220749872696805,0.8426315789473684,0.07518030036071198
35,0.8571,gemma9b_base,m,within_B_clinical,0.9821078431372549,0.0156829830531137,0.8636842105263158,0.054503551435787854
36,0.881,gemma9b_base,m,within_B_clinical,0.9775428921568627,0.0186551953309637,0.843157894736842,0.05864584537761736
37,0.9048,gemma9b_base,m,within_B_clinical,0.9802389705882353,0.02187315482139323,0.8642105263157894,0.0718878782272163
38,0.9286,gemma9b_base,m,within_B_clinical,0.9760723039215685,0.025409609073176097,0.8326315789473684,0.062487671914340355
39,0.9524,gemma9b_base,m,within_B_clinical,0.9773897058823529,0.024130529012754955,0.8536842105263156,0.04055023217738574
40,0.9762,gemma9b_base,m,within_B_clinical,0.983609068627451,0.016325948931561533,0.843157894736842,0.05864584537761736
41,1.0,gemma9b_base,m,within_B_clinical,0.9795955882352942,0.0185408303499687,0.8536842105263158,0.0621320192142051
0,0.0238,gemma9b_base,m,A_to_B,0.495907738095238,NaN,0.09375,
0,0.0238,gemma9b_base,m,B_to_A,0.5453571428571429,NaN,0.1375,
1,0.0476,gemma9b_base,m,A_to_B,0.5441468253968254,NaN,0.17708333333333334,
1,0.0476,gemma9b_base,m,B_to_A,0.5189285714285714,NaN,0.0875,
2,0.0714,gemma9b_base,m,A_to_B,0.49987599206349204,NaN,0.125,
2,0.0714,gemma9b_base,m,B_to_A,0.51,NaN,0.1625,
3,0.0952,gemma9b_base,m,A_to_B,0.5057043650793651,NaN,0.13541666666666666,
3,0.0952,gemma9b_base,m,B_to_A,0.5019642857142858,NaN,0.125,
4,0.119,gemma9b_base,m,A_to_B,0.5535714285714286,NaN,0.09375,
4,0.119,gemma9b_base,m,B_to_A,0.55125,NaN,0.15,
5,0.1429,gemma9b_base,m,A_to_B,0.5524553571428571,NaN,0.15625,
5,0.1429,gemma9b_base,m,B_to_A,0.56,NaN,0.15,
6,0.1667,gemma9b_base,m,A_to_B,0.5772569444444444,NaN,0.17708333333333334,
6,0.1667,gemma9b_base,m,B_to_A,0.49214285714285716,NaN,0.1625,
7,0.1905,gemma9b_base,m,A_to_B,0.5868055555555556,NaN,0.19791666666666666,
7,0.1905,gemma9b_base,m,B_to_A,0.5375,NaN,0.1375,
8,0.2143,gemma9b_base,m,A_to_B,0.642733134920635,NaN,0.19791666666666666,
8,0.2143,gemma9b_base,m,B_to_A,0.5821428571428571,NaN,0.1625,
9,0.2381,gemma9b_base,m,A_to_B,0.6505456349206349,NaN,0.20833333333333334,
9,0.2381,gemma9b_base,m,B_to_A,0.5610714285714286,NaN,0.1,
10,0.2619,gemma9b_base,m,A_to_B,0.6732390873015873,NaN,0.1875,
10,0.2619,gemma9b_base,m,B_to_A,0.6007142857142858,NaN,0.1375,
11,0.2857,gemma9b_base,m,A_to_B,0.6411210317460317,NaN,0.14583333333333334,
11,0.2857,gemma9b_base,m,B_to_A,0.5544642857142857,NaN,0.125,
12,0.3095,gemma9b_base,m,A_to_B,0.6341765873015872,NaN,0.15625,
12,0.3095,gemma9b_base,m,B_to_A,0.5473214285714285,NaN,0.075,
13,0.3333,gemma9b_base,m,A_to_B,0.6490575396825398,NaN,0.22916666666666666,
13,0.3333,gemma9b_base,m,B_to_A,0.5580357142857143,NaN,0.075,
14,0.3571,gemma9b_base,m,A_to_B,0.5840773809523809,NaN,0.13541666666666666,
14,0.3571,gemma9b_base,m,B_to_A,0.5089285714285714,NaN,0.1125,
15,0.381,gemma9b_base,m,A_to_B,0.5815972222222222,NaN,0.10416666666666667,
15,0.381,gemma9b_base,m,B_to_A,0.5121428571428572,NaN,0.1,
16,0.4048,gemma9b_base,m,A_to_B,0.65625,NaN,0.11458333333333333,
16,0.4048,gemma9b_base,m,B_to_A,0.5667857142857142,NaN,0.125,
17,0.4286,gemma9b_base,m,A_to_B,0.800843253968254,NaN,0.21875,
17,0.4286,gemma9b_base,m,B_to_A,0.7791071428571428,NaN,0.275,
18,0.4524,gemma9b_base,m,A_to_B,0.800843253968254,NaN,0.3020833333333333,
18,0.4524,gemma9b_base,m,B_to_A,0.7776785714285714,NaN,0.3,
19,0.4762,gemma9b_base,m,A_to_B,0.822296626984127,NaN,0.3020833333333333,
19,0.4762,gemma9b_base,m,B_to_A,0.8035714285714286,NaN,0.325,
20,0.5,gemma9b_base,m,A_to_B,0.8479662698412698,NaN,0.3125,
20,0.5,gemma9b_base,m,B_to_A,0.79375,NaN,0.3,
21,0.5238,gemma9b_base,m,A_to_B,0.9091021825396826,NaN,0.5520833333333334,
21,0.5238,gemma9b_base,m,B_to_A,0.8732142857142857,NaN,0.4375,
22,0.5476,gemma9b_base,m,A_to_B,0.890625,NaN,0.4479166666666667,
22,0.5476,gemma9b_base,m,B_to_A,0.8616071428571428,NaN,0.45,
23,0.5714,gemma9b_base,m,A_to_B,0.8840525793650793,NaN,0.4791666666666667,
23,0.5714,gemma9b_base,m,B_to_A,0.8705357142857143,NaN,0.45,
24,0.5952,gemma9b_base,m,A_to_B,0.8975694444444444,NaN,0.5104166666666666,
24,0.5952,gemma9b_base,m,B_to_A,0.84125,NaN,0.425,
25,0.619,gemma9b_base,m,A_to_B,0.9187748015873016,NaN,0.4895833333333333,
25,0.619,gemma9b_base,m,B_to_A,0.8780357142857143,NaN,0.4875,
26,0.6429,gemma9b_base,m,A_to_B,0.9211309523809523,NaN,0.5208333333333334,
26,0.6429,gemma9b_base,m,B_to_A,0.9203571428571429,NaN,0.625,
27,0.6667,gemma9b_base,m,A_to_B,0.9210069444444444,NaN,0.59375,
27,0.6667,gemma9b_base,m,B_to_A,0.9369642857142857,NaN,0.625,
28,0.6905,gemma9b_base,m,A_to_B,0.9391121031746033,NaN,0.6145833333333334,
28,0.6905,gemma9b_base,m,B_to_A,0.9323214285714286,NaN,0.675,
29,0.7143,gemma9b_base,m,A_to_B,0.9205109126984127,NaN,0.6041666666666666,
29,0.7143,gemma9b_base,m,B_to_A,0.9351785714285714,NaN,0.725,
30,0.7381,gemma9b_base,m,A_to_B,0.9272073412698413,NaN,0.59375,
30,0.7381,gemma9b_base,m,B_to_A,0.9310714285714285,NaN,0.7,
31,0.7619,gemma9b_base,m,A_to_B,0.9322916666666666,NaN,0.6145833333333334,
31,0.7619,gemma9b_base,m,B_to_A,0.9608928571428571,NaN,0.725,
32,0.7857,gemma9b_base,m,A_to_B,0.9304315476190477,NaN,0.6458333333333334,
32,0.7857,gemma9b_base,m,B_to_A,0.9342857142857143,NaN,0.7,
33,0.8095,gemma9b_base,m,A_to_B,0.9425843253968254,NaN,0.6145833333333334,
33,0.8095,gemma9b_base,m,B_to_A,0.9476785714285714,NaN,0.75,
34,0.8333,gemma9b_base,m,A_to_B,0.9311755952380952,NaN,0.6770833333333334,
34,0.8333,gemma9b_base,m,B_to_A,0.9355357142857142,NaN,0.6875,
35,0.8571,gemma9b_base,m,A_to_B,0.9439484126984128,NaN,0.6979166666666666,
35,0.8571,gemma9b_base,m,B_to_A,0.9728571428571429,NaN,0.7625,
36,0.881,gemma9b_base,m,A_to_B,0.9279513888888888,NaN,0.5833333333333334,
36,0.881,gemma9b_base,m,B_to_A,0.9666071428571429,NaN,0.7875,
37,0.9048,gemma9b_base,m,A_to_B,0.9263392857142857,NaN,0.59375,
37,0.9048,gemma9b_base,m,B_to_A,0.9519642857142857,NaN,0.7375,
38,0.9286,gemma9b_base,m,A_to_B,0.9409722222222222,NaN,0.6145833333333334,
38,0.9286,gemma9b_base,m,B_to_A,0.9680357142857143,NaN,0.775,
39,0.9524,gemma9b_base,m,A_to_B,0.947296626984127,NaN,0.6770833333333334,
39,0.9524,gemma9b_base,m,B_to_A,0.9783928571428572,NaN,0.825,
40,0.9762,gemma9b_base,m,A_to_B,0.9476686507936508,NaN,0.6354166666666666,
40,0.9762,gemma9b_base,m,B_to_A,0.9539285714285713,NaN,0.7625,
41,1.0,gemma9b_base,m,A_to_B,0.9387400793650793,NaN,0.6458333333333334,
41,1.0,gemma9b_base,m,B_to_A,0.9455357142857144,NaN,0.675,
