id,emotion,original_pred,ko_pred,changed,layer,act_type,knockout_type
B-admiration-d1-v1,admiration,awe,awe,false,0,a,random
B-admiration-d1-v2,admiration,pride,pride,false,0,a,random
B-admiration-d1-v3,admiration,love,admiration,true,0,a,random
B-admiration-d1-v4,admiration,awe,awe,false,0,a,random
B-admiration-d2-v1,admiration,guilt,guilt,false,0,a,random
B-admiration-d2-v2,admiration,sadness,sadness,false,0,a,random
B-admiration-d2-v3,admiration,guilt,guilt,false,0,a,random
B-admiration-d2-v4,admiration,pride,loyalty,true,0,a,random
B-admiration-d3-v1,admiration,pride,pride,false,0,a,random
B-admiration-d3-v2,admiration,relief,pride,true,0,a,random
B-admiration-d3-v3,admiration,determination,determination,false,0,a,random
B-admiration-d3-v4,admiration,empathy,compassion,true,0,a,random
B-amazement-d1-v1,amazement,awe,awe,false,0,a,random
B-amazement-d1-v2,amazement,awe,awe,false,0,a,random
B-amazement-d1-v3,amazement,awe,awe,false,0,a,random
B-amazement-d1-v4,amazement,fear,fear,false,0,a,random
B-amazement-d2-v1,amazement,relief,relief,false,0,a,random
B-amazement-d2-v2,amazement,awe,awe,false,0,a,random
B-amazement-d2-v3,amazement,compassion,compassion,false,0,a,random
B-amazement-d2-v4,amazement,relief,relief,false,0,a,random
B-amazement-d3-v1,amazement,surprise,surprise,false,0,a,random
B-amazement-d3-v2,amazement,surprise,surprise,false,0,a,random
B-amazement-d3-v3,amazement,surprise,surprise,false,0,a,random
B-amazement-d3-v4,amazement,surprise,surprise,false,0,a,random
B-ecstasy-d1-v1,ecstasy,joy,joy,false,0,a,random
B-ecstasy-d1-v2,ecstasy,fear,shock,true,0,a,random
B-ecstasy-d1-v3,ecstasy,joy,joy,false,0,a,random
B-ecstasy-d1-v4,ecstasy,pride,pride,false,0,a,random
B-ecstasy-d2-v1,ecstasy,joy,joy,false,0,a,random
B-ecstasy-d2-v2,ecstasy,joy,joy,false,0,a,random
B-ecstasy-d2-v3,ecstasy,relief,surprise,true,0,a,random
B-ecstasy-d2-v4,ecstasy,happiness,happiness,false,0,a,random
B-ecstasy-d3-v1,ecstasy,joy,joy,false,0,a,random
B-ecstasy-d3-v2,ecstasy,awe,awe,false,0,a,random
B-ecstasy-d3-v3,ecstasy,surprise,surprise,false,0,a,random
B-ecstasy-d3-v4,ecstasy,excitement,excitement,false,0,a,random
B-grief-d1-v1,grief,sadness,sadness,false,0,a,random
B-grief-d1-v2,grief,sadness,sadness,false,0,a,random
B-grief-d1-v3,grief,sadness,sadness,false,0,a,random
B-grief-d1-v4,grief,sadness,sadness,false,0,a,random
B-grief-d2-v1,grief,sadness,sadness,false,0,a,random
B-grief-d2-v2,grief,sadness,sadness,false,0,a,random
B-grief-d2-v3,grief,sadness,sadness,false,0,a,random
B-grief-d2-v4,grief,sadness,sadness,false,0,a,random
B-grief-d3-v1,grief,fear,anger,true,0,a,random
B-grief-d3-v2,grief,sadness,sadness,false,0,a,random
B-grief-d3-v3,grief,sadness,sadness,false,0,a,random
B-grief-d3-v4,grief,sadness,sadness,false,0,a,random
B-loathing-d1-v1,loathing,disgust,disgust,false,0,a,random
B-loathing-d1-v2,loathing,anger,anger,false,0,a,random
B-loathing-d1-v3,loathing,anger,anger,false,0,a,random
B-loathing-d1-v4,loathing,anger,anger,false,0,a,random
B-loathing-d2-v1,loathing,disgust,disgust,false,0,a,random
B-loathing-d2-v2,loathing,disgust,disgust,false,0,a,random
B-loathing-d2-v3,loathing,fear,fear,false,0,a,random
B-loathing-d2-v4,loathing,disgust,disgust,false,0,a,random
B-loathing-d3-v1,loathing,anger,disgust,true,0,a,random
B-loathing-d3-v2,loathing,disgust,anger,true,0,a,random
B-loathing-d3-v3,loathing,disgust,disgust,false,0,a,random
B-loathing-d3-v4,loathing,anger,anger,false,0,a,random
B-rage-d1-v1,rage,anger,anger,false,0,a,random
B-rage-d1-v2,rage,anger,anger,false,0,a,random
B-rage-d1-v3,rage,anger,anger,false,0,a,random
B-rage-d1-v4,rage,anger,anger,false,0,a,random
B-rage-d2-v1,rage,anger,anger,false,0,a,random
B-rage-d2-v2,rage,anger,anger,false,0,a,random
B-rage-d2-v3,rage,anger,anger,false,0,a,random
B-rage-d2-v4,rage,anger,anger,false,0,a,random
B-rage-d3-v1,rage,anger,anger,false,0,a,random
B-rage-d3-v2,rage,fear,fear,false,0,a,random
B-rage-d3-v3,rage,anger,anger,false,0,a,random
B-rage-d3-v4,rage,anger,anger,false,0,a,random
B-terror-d1-v1,terror,fear,fear,false,0,a,random
B-terror-d1-v2,terror,fear,fear,false,0,a,random
B-terror-d1-v3,terror,fear,fear,false,0,a,random
B-terror-d1-v4,terror,fear,fear,false,0,a,random
B-terror-d2-v1,terror,fear,fear,false,0,a,random
B-terror-d2-v2,terror,fear,fear,false,0,a,random
B-terror-d2-v3,terror,fear,fear,false,0,a,random
B-terror-d2-v4,terror,fear,fear,false,0,a,random
B-terror-d3-v1,terror,fear,fear,false,0,a,random
B-terror-d3-v2,terror,fear,fear,false,0,a,random
B-terror-d3-v3,terror,fear,fear,false,0,a,random
B-terror-d3-v4,terror,fear,fear,false,0,a,random
B-vigilance-d1-v1,vigilance,fear,fear,false,0,a,random
B-vigilance-d1-v2,vigilance,fear,fear,false,0,a,random
B-vigilance-d1-v3,vigilance,fear,fear,false,0,a,random
B-vigilance-d1-v4,vigilance,concern,concern,false,0,a,random
B-vigilance-d2-v1,vigilance,fear,fear,false,0,a,random
B-vigilance-d2-v2,vigilance,anxiety,anxiety,false,0,a,random
B-vigilance-d2-v3,vigilance,anxiety,excitement,true,0,a,random
B-vigilance-d2-v4,vigilance,fear,confusion,true,0,a,random
B-vigilance-d3-v1,vigilance,anticipation,anticipation,false,0,a,random
B-vigilance-d3-v2,vigilance,fear,fear,false,0,a,random
B-vigilance-d3-v3,vigilance,fear,fear,false,0,a,random
B-vigilance-d3-v4,vigilance,fear,fear,false,0,a,random
B-admiration-d1-v1,admiration,awe,awe,false,1,a,random
B-admiration-d1-v2,admiration,pride,pride,false,1,a,random
B-admiration-d1-v3,admiration,love,admiration,true,1,a,random
B-admiration-d1-v4,admiration,awe,awe,false,1,a,random
B-admiration-d2-v1,admiration,guilt,guilt,false,1,a,random
B-admiration-d2-v2,admiration,sadness,sadness,false,1,a,random
B-admiration-d2-v3,admiration,guilt,guilt,false,1,a,random
B-admiration-d2-v4,admiration,pride,loyalty,true,1,a,random
B-admiration-d3-v1,admiration,pride,pride,false,1,a,random
B-admiration-d3-v2,admiration,relief,hope,true,1,a,random
B-admiration-d3-v3,admiration,determination,determination,false,1,a,random
B-admiration-d3-v4,admiration,empathy,compassion,true,1,a,random
B-amazement-d1-v1,amazement,awe,awe,false,1,a,random
B-amazement-d1-v2,amazement,awe,awe,false,1,a,random
B-amazement-d1-v3,amazement,awe,awe,false,1,a,random
B-amazement-d1-v4,amazement,fear,fear,false,1,a,random
B-amazement-d2-v1,amazement,relief,relief,false,1,a,random
B-amazement-d2-v2,amazement,awe,awe,false,1,a,random
B-amazement-d2-v3,amazement,compassion,compassion,false,1,a,random
B-amazement-d2-v4,amazement,relief,relief,false,1,a,random
B-amazement-d3-v1,amazement,surprise,surprise,false,1,a,random
B-amazement-d3-v2,amazement,surprise,surprise,false,1,a,random
B-amazement-d3-v3,amazement,surprise,surprise,false,1,a,random
B-amazement-d3-v4,amazement,surprise,surprise,false,1,a,random
B-ecstasy-d1-v1,ecstasy,joy,joy,false,1,a,random
B-ecstasy-d1-v2,ecstasy,fear,fear,false,1,a,random
B-ecstasy-d1-v3,ecstasy,joy,joy,false,1,a,random
B-ecstasy-d1-v4,ecstasy,pride,pride,false,1,a,random
B-ecstasy-d2-v1,ecstasy,joy,joy,false,1,a,random
B-ecstasy-d2-v2,ecstasy,joy,joy,false,1,a,random
B-ecstasy-d2-v3,ecstasy,relief,relief,false,1,a,random
B-ecstasy-d2-v4,ecstasy,happiness,happiness,false,1,a,random
B-ecstasy-d3-v1,ecstasy,joy,joy,false,1,a,random
B-ecstasy-d3-v2,ecstasy,awe,awe,false,1,a,random
B-ecstasy-d3-v3,ecstasy,surprise,surprise,false,1,a,random
B-ecstasy-d3-v4,ecstasy,excitement,excitement,false,1,a,random
B-grief-d1-v1,grief,sadness,sadness,false,1,a,random
B-grief-d1-v2,grief,sadness,sadness,false,1,a,random
B-grief-d1-v3,grief,sadness,sadness,false,1,a,random
B-grief-d1-v4,grief,sadness,sadness,false,1,a,random
B-grief-d2-v1,grief,sadness,sadness,false,1,a,random
B-grief-d2-v2,grief,sadness,sadness,false,1,a,random
B-grief-d2-v3,grief,sadness,sadness,false,1,a,random
B-grief-d2-v4,grief,sadness,sadness,false,1,a,random
B-grief-d3-v1,grief,fear,anger,true,1,a,random
B-grief-d3-v2,grief,sadness,sadness,false,1,a,random
B-grief-d3-v3,grief,sadness,sadness,false,1,a,random
B-grief-d3-v4,grief,sadness,sadness,false,1,a,random
B-loathing-d1-v1,loathing,disgust,disgust,false,1,a,random
B-loathing-d1-v2,loathing,anger,anger,false,1,a,random
B-loathing-d1-v3,loathing,anger,anger,false,1,a,random
B-loathing-d1-v4,loathing,anger,anger,false,1,a,random
B-loathing-d2-v1,loathing,disgust,disgust,false,1,a,random
B-loathing-d2-v2,loathing,disgust,disgust,false,1,a,random
B-loathing-d2-v3,loathing,fear,fear,false,1,a,random
B-loathing-d2-v4,loathing,disgust,disgust,false,1,a,random
B-loathing-d3-v1,loathing,anger,anger,false,1,a,random
B-loathing-d3-v2,loathing,disgust,disgust,false,1,a,random
B-loathing-d3-v3,loathing,disgust,disgust,false,1,a,random
B-loathing-d3-v4,loathing,anger,anger,false,1,a,random
B-rage-d1-v1,rage,anger,anger,false,1,a,random
B-rage-d1-v2,rage,anger,anger,false,1,a,random
B-rage-d1-v3,rage,anger,anger,false,1,a,random
B-rage-d1-v4,rage,anger,anger,false,1,a,random
B-rage-d2-v1,rage,anger,anger,false,1,a,random
B-rage-d2-v2,rage,anger,anger,false,1,a,random
B-rage-d2-v3,rage,anger,anger,false,1,a,random
B-rage-d2-v4,rage,anger,anger,false,1,a,random
B-rage-d3-v1,rage,anger,anger,false,1,a,random
B-rage-d3-v2,rage,fear,fear,false,1,a,random
B-rage-d3-v3,rage,anger,anger,false,1,a,random
B-rage-d3-v4,rage,anger,fear,true,1,a,random
B-terror-d1-v1,terror,fear,fear,false,1,a,random
B-terror-d1-v2,terror,fear,fear,false,1,a,random
B-terror-d1-v3,terror,fear,fear,false,1,a,random
B-terror-d1-v4,terror,fear,fear,false,1,a,random
B-terror-d2-v1,terror,fear,fear,false,1,a,random
B-terror-d2-v2,terror,fear,fear,false,1,a,random
B-terror-d2-v3,terror,fear,fear,false,1,a,random
B-terror-d2-v4,terror,fear,fear,false,1,a,random
B-terror-d3-v1,terror,fear,fear,false,1,a,random
B-terror-d3-v2,terror,fear,fear,false,1,a,random
B-terror-d3-v3,terror,fear,fear,false,1,a,random
B-terror-d3-v4,terror,fear,fear,false,1,a,random
B-vigilance-d1-v1,vigilance,fear,fear,false,1,a,random
B-vigilance-d1-v2,vigilance,fear,fear,false,1,a,random
B-vigilance-d1-v3,vigilance,fear,fear,false,1,a,random
B-vigilance-d1-v4,vigilance,concern,concern,false,1,a,random
B-vigilance-d2-v1,vigilance,fear,fear,false,1,a,random
B-vigilance-d2-v2,vigilance,anxiety,anxiety,false,1,a,random
B-vigilance-d2-v3,vigilance,anxiety,anxiety,false,1,a,random
B-vigilance-d2-v4,vigilance,fear,confusion,true,1,a,random
B-vigilance-d3-v1,vigilance,anticipation,anticipation,false,1,a,random
B-vigilance-d3-v2,vigilance,fear,fear,false,1,a,random
B-vigilance-d3-v3,vigilance,fear,fear,false,1,a,random
B-vigilance-d3-v4,vigilance,fear,fear,false,1,a,random
B-admiration-d1-v1,admiration,awe,awe,false,2,a,random
B-admiration-d1-v2,admiration,pride,pride,false,2,a,random
B-admiration-d1-v3,admiration,love,love,false,2,a,random
B-admiration-d1-v4,admiration,awe,awe,false,2,a,random
B-admiration-d2-v1,admiration,guilt,guilt,false,2,a,random
B-admiration-d2-v2,admiration,sadness,sadness,false,2,a,random
B-admiration-d2-v3,admiration,guilt,guilt,false,2,a,random
B-admiration-d2-v4,admiration,pride,pride,false,2,a,random
B-admiration-d3-v1,admiration,pride,pride,false,2,a,random
B-admiration-d3-v2,admiration,relief,hope,true,2,a,random
B-admiration-d3-v3,admiration,determination,determination,false,2,a,random
B-admiration-d3-v4,admiration,empathy,empathy,false,2,a,random
B-amazement-d1-v1,amazement,awe,awe,false,2,a,random
B-amazement-d1-v2,amazement,awe,awe,false,2,a,random
B-amazement-d1-v3,amazement,awe,awe,false,2,a,random
B-amazement-d1-v4,amazement,fear,fear,false,2,a,random
B-amazement-d2-v1,amazement,relief,relief,false,2,a,random
B-amazement-d2-v2,amazement,awe,awe,false,2,a,random
B-amazement-d2-v3,amazement,compassion,compassion,false,2,a,random
B-amazement-d2-v4,amazement,relief,relief,false,2,a,random
B-amazement-d3-v1,amazement,surprise,surprise,false,2,a,random
B-amazement-d3-v2,amazement,surprise,surprise,false,2,a,random
B-amazement-d3-v3,amazement,surprise,surprise,false,2,a,random
B-amazement-d3-v4,amazement,surprise,surprise,false,2,a,random
B-ecstasy-d1-v1,ecstasy,joy,joy,false,2,a,random
B-ecstasy-d1-v2,ecstasy,fear,fear,false,2,a,random
B-ecstasy-d1-v3,ecstasy,joy,joy,false,2,a,random
B-ecstasy-d1-v4,ecstasy,pride,pride,false,2,a,random
B-ecstasy-d2-v1,ecstasy,joy,joy,false,2,a,random
B-ecstasy-d2-v2,ecstasy,joy,joy,false,2,a,random
B-ecstasy-d2-v3,ecstasy,relief,joy,true,2,a,random
B-ecstasy-d2-v4,ecstasy,happiness,happiness,false,2,a,random
B-ecstasy-d3-v1,ecstasy,joy,joy,false,2,a,random
B-ecstasy-d3-v2,ecstasy,awe,awe,false,2,a,random
B-ecstasy-d3-v3,ecstasy,surprise,surprise,false,2,a,random
B-ecstasy-d3-v4,ecstasy,excitement,excitement,false,2,a,random
B-grief-d1-v1,grief,sadness,sadness,false,2,a,random
B-grief-d1-v2,grief,sadness,sadness,false,2,a,random
B-grief-d1-v3,grief,sadness,sadness,false,2,a,random
B-grief-d1-v4,grief,sadness,sadness,false,2,a,random
B-grief-d2-v1,grief,sadness,sadness,false,2,a,random
B-grief-d2-v2,grief,sadness,sadness,false,2,a,random
B-grief-d2-v3,grief,sadness,sadness,false,2,a,random
B-grief-d2-v4,grief,sadness,sadness,false,2,a,random
B-grief-d3-v1,grief,fear,fear,false,2,a,random
B-grief-d3-v2,grief,sadness,sadness,false,2,a,random
B-grief-d3-v3,grief,sadness,sadness,false,2,a,random
B-grief-d3-v4,grief,sadness,sadness,false,2,a,random
B-loathing-d1-v1,loathing,disgust,disgust,false,2,a,random
B-loathing-d1-v2,loathing,anger,anger,false,2,a,random
B-loathing-d1-v3,loathing,anger,anger,false,2,a,random
B-loathing-d1-v4,loathing,anger,anger,false,2,a,random
B-loathing-d2-v1,loathing,disgust,disgust,false,2,a,random
B-loathing-d2-v2,loathing,disgust,disgust,false,2,a,random
B-loathing-d2-v3,loathing,fear,fear,false,2,a,random
B-loathing-d2-v4,loathing,disgust,disgust,false,2,a,random
B-loathing-d3-v1,loathing,anger,anger,false,2,a,random
B-loathing-d3-v2,loathing,disgust,disgust,false,2,a,random
B-loathing-d3-v3,loathing,disgust,disgust,false,2,a,random
B-loathing-d3-v4,loathing,anger,anger,false,2,a,random
B-rage-d1-v1,rage,anger,anger,false,2,a,random
B-rage-d1-v2,rage,anger,anger,false,2,a,random
B-rage-d1-v3,rage,anger,anger,false,2,a,random
B-rage-d1-v4,rage,anger,anger,false,2,a,random
B-rage-d2-v1,rage,anger,anger,false,2,a,random
B-rage-d2-v2,rage,anger,anger,false,2,a,random
B-rage-d2-v3,rage,anger,anger,false,2,a,random
B-rage-d2-v4,rage,anger,anger,false,2,a,random
B-rage-d3-v1,rage,anger,anger,false,2,a,random
B-rage-d3-v2,rage,fear,fear,false,2,a,random
B-rage-d3-v3,rage,anger,anger,false,2,a,random
B-rage-d3-v4,rage,anger,anger,false,2,a,random
B-terror-d1-v1,terror,fear,fear,false,2,a,random
B-terror-d1-v2,terror,fear,fear,false,2,a,random
B-terror-d1-v3,terror,fear,fear,false,2,a,random
B-terror-d1-v4,terror,fear,fear,false,2,a,random
B-terror-d2-v1,terror,fear,fear,false,2,a,random
B-terror-d2-v2,terror,fear,fear,false,2,a,random
B-terror-d2-v3,terror,fear,fear,false,2,a,random
B-terror-d2-v4,terror,fear,fear,false,2,a,random
B-terror-d3-v1,terror,fear,fear,false,2,a,random
B-terror-d3-v2,terror,fear,fear,false,2,a,random
B-terror-d3-v3,terror,fear,fear,false,2,a,random
B-terror-d3-v4,terror,fear,fear,false,2,a,random
B-vigilance-d1-v1,vigilance,fear,fear,false,2,a,random
B-vigilance-d1-v2,vigilance,fear,fear,false,2,a,random
B-vigilance-d1-v3,vigilance,fear,fear,false,2,a,random
B-vigilance-d1-v4,vigilance,concern,concern,false,2,a,random
B-vigilance-d2-v1,vigilance,fear,fear,false,2,a,random
B-vigilance-d2-v2,vigilance,anxiety,anxiety,false,2,a,random
B-vigilance-d2-v3,vigilance,anxiety,anxiety,false,2,a,random
B-vigilance-d2-v4,vigilance,fear,fear,false,2,a,random
B-vigilance-d3-v1,vigilance,anticipation,anticipation,false,2,a,random
B-vigilance-d3-v2,vigilance,fear,fear,false,2,a,random
B-vigilance-d3-v3,vigilance,fear,fear,false,2,a,random
B-vigilance-d3-v4,vigilance,fear,fear,false,2,a,random
B-admiration-d1-v1,admiration,awe,awe,false,3,a,random
B-admiration-d1-v2,admiration,pride,pride,false,3,a,random
B-admiration-d1-v3,admiration,love,love,false,3,a,random
B-admiration-d1-v4,admiration,awe,awe,false,3,a,random
B-admiration-d2-v1,admiration,guilt,guilt,false,3,a,random
B-admiration-d2-v2,admiration,sadness,sadness,false,3,a,random
B-admiration-d2-v3,admiration,guilt,guilt,false,3,a,random
B-admiration-d2-v4,admiration,pride,loyalty,true,3,a,random
B-admiration-d3-v1,admiration,pride,pride,false,3,a,random
B-admiration-d3-v2,admiration,relief,pride,true,3,a,random
B-admiration-d3-v3,admiration,determination,determination,false,3,a,random
B-admiration-d3-v4,admiration,empathy,empathy,false,3,a,random
B-amazement-d1-v1,amazement,awe,awe,false,3,a,random
B-amazement-d1-v2,amazement,awe,awe,false,3,a,random
B-amazement-d1-v3,amazement,awe,awe,false,3,a,random
B-amazement-d1-v4,amazement,fear,fear,false,3,a,random
B-amazement-d2-v1,amazement,relief,relief,false,3,a,random
B-amazement-d2-v2,amazement,awe,awe,false,3,a,random
B-amazement-d2-v3,amazement,compassion,compassion,false,3,a,random
B-amazement-d2-v4,amazement,relief,relief,false,3,a,random
B-amazement-d3-v1,amazement,surprise,surprise,false,3,a,random
B-amazement-d3-v2,amazement,surprise,surprise,false,3,a,random
B-amazement-d3-v3,amazement,surprise,surprise,false,3,a,random
B-amazement-d3-v4,amazement,surprise,surprise,false,3,a,random
B-ecstasy-d1-v1,ecstasy,joy,joy,false,3,a,random
B-ecstasy-d1-v2,ecstasy,fear,fear,false,3,a,random
B-ecstasy-d1-v3,ecstasy,joy,joy,false,3,a,random
B-ecstasy-d1-v4,ecstasy,pride,pride,false,3,a,random
B-ecstasy-d2-v1,ecstasy,joy,joy,false,3,a,random
B-ecstasy-d2-v2,ecstasy,joy,joy,false,3,a,random
B-ecstasy-d2-v3,ecstasy,relief,relief,false,3,a,random
B-ecstasy-d2-v4,ecstasy,happiness,happiness,false,3,a,random
B-ecstasy-d3-v1,ecstasy,joy,joy,false,3,a,random
B-ecstasy-d3-v2,ecstasy,awe,awe,false,3,a,random
B-ecstasy-d3-v3,ecstasy,surprise,surprise,false,3,a,random
B-ecstasy-d3-v4,ecstasy,excitement,excitement,false,3,a,random
B-grief-d1-v1,grief,sadness,sadness,false,3,a,random
B-grief-d1-v2,grief,sadness,sadness,false,3,a,random
B-grief-d1-v3,grief,sadness,sadness,false,3,a,random
B-grief-d1-v4,grief,sadness,sadness,false,3,a,random
B-grief-d2-v1,grief,sadness,sadness,false,3,a,random
B-grief-d2-v2,grief,sadness,sadness,false,3,a,random
B-grief-d2-v3,grief,sadness,sadness,false,3,a,random
B-grief-d2-v4,grief,sadness,sadness,false,3,a,random
B-grief-d3-v1,grief,fear,fear,false,3,a,random
B-grief-d3-v2,grief,sadness,sadness,false,3,a,random
B-grief-d3-v3,grief,sadness,sadness,false,3,a,random
B-grief-d3-v4,grief,sadness,sadness,false,3,a,random
B-loathing-d1-v1,loathing,disgust,disgust,false,3,a,random
B-loathing-d1-v2,loathing,anger,anger,false,3,a,random
B-loathing-d1-v3,loathing,anger,anger,false,3,a,random
B-loathing-d1-v4,loathing,anger,anger,false,3,a,random
B-loathing-d2-v1,loathing,disgust,disgust,false,3,a,random
B-loathing-d2-v2,loathing,disgust,disgust,false,3,a,random
B-loathing-d2-v3,loathing,fear,fear,false,3,a,random
B-loathing-d2-v4,loathing,disgust,disgust,false,3,a,random
B-loathing-d3-v1,loathing,anger,anger,false,3,a,random
B-loathing-d3-v2,loathing,disgust,anger,true,3,a,random
B-loathing-d3-v3,loathing,disgust,disgust,false,3,a,random
B-loathing-d3-v4,loathing,anger,anger,false,3,a,random
B-rage-d1-v1,rage,anger,anger,false,3,a,random
B-rage-d1-v2,rage,anger,anger,false,3,a,random
B-rage-d1-v3,rage,anger,anger,false,3,a,random
B-rage-d1-v4,rage,anger,anger,false,3,a,random
B-rage-d2-v1,rage,anger,anger,false,3,a,random
B-rage-d2-v2,rage,anger,anger,false,3,a,random
B-rage-d2-v3,rage,anger,anger,false,3,a,random
B-rage-d2-v4,rage,anger,anger,false,3,a,random
B-rage-d3-v1,rage,anger,anger,false,3,a,random
B-rage-d3-v2,rage,fear,fear,false,3,a,random
B-rage-d3-v3,rage,anger,anger,false,3,a,random
B-rage-d3-v4,rage,anger,anger,false,3,a,random
B-terror-d1-v1,terror,fear,fear,false,3,a,random
B-terror-d1-v2,terror,fear,fear,false,3,a,random
B-terror-d1-v3,terror,fear,fear,false,3,a,random
B-terror-d1-v4,terror,fear,fear,false,3,a,random
B-terror-d2-v1,terror,fear,fear,false,3,a,random
B-terror-d2-v2,terror,fear,fear,false,3,a,random
B-terror-d2-v3,terror,fear,fear,false,3,a,random
B-terror-d2-v4,terror,fear,fear,false,3,a,random
B-terror-d3-v1,terror,fear,fear,false,3,a,random
B-terror-d3-v2,terror,fear,fear,false,3,a,random
B-terror-d3-v3,terror,fear,fear,false,3,a,random
B-terror-d3-v4,terror,fear,fear,false,3,a,random
B-vigilance-d1-v1,vigilance,fear,fear,false,3,a,random
B-vigilance-d1-v2,vigilance,fear,fear,false,3,a,random
B-vigilance-d1-v3,vigilance,fear,fear,false,3,a,random
B-vigilance-d1-v4,vigilance,concern,concern,false,3,a,random
B-vigilance-d2-v1,vigilance,fear,fear,false,3,a,random
B-vigilance-d2-v2,vigilance,anxiety,anxiety,false,3,a,random
B-vigilance-d2-v3,vigilance,anxiety,anxiety,false,3,a,random
B-vigilance-d2-v4,vigilance,fear,fear,false,3,a,random
B-vigilance-d3-v1,vigilance,anticipation,anticipation,false,3,a,random
B-vigilance-d3-v2,vigilance,fear,fear,false,3,a,random
B-vigilance-d3-v3,vigilance,fear,fear,false,3,a,random
B-vigilance-d3-v4,vigilance,fear,fear,false,3,a,random
B-admiration-d1-v1,admiration,awe,awe,false,4,a,random
B-admiration-d1-v2,admiration,pride,pride,false,4,a,random
B-admiration-d1-v3,admiration,love,love,false,4,a,random
B-admiration-d1-v4,admiration,awe,awe,false,4,a,random
B-admiration-d2-v1,admiration,guilt,guilt,false,4,a,random
B-admiration-d2-v2,admiration,sadness,sadness,false,4,a,random
B-admiration-d2-v3,admiration,guilt,guilt,false,4,a,random
B-admiration-d2-v4,admiration,pride,pride,false,4,a,random
B-admiration-d3-v1,admiration,pride,pride,false,4,a,random
B-admiration-d3-v2,admiration,relief,relief,false,4,a,random
B-admiration-d3-v3,admiration,determination,determination,false,4,a,random
B-admiration-d3-v4,admiration,empathy,empathy,false,4,a,random
B-amazement-d1-v1,amazement,awe,awe,false,4,a,random
B-amazement-d1-v2,amazement,awe,awe,false,4,a,random
B-amazement-d1-v3,amazement,awe,awe,false,4,a,random
B-amazement-d1-v4,amazement,fear,fear,false,4,a,random
B-amazement-d2-v1,amazement,relief,relief,false,4,a,random
B-amazement-d2-v2,amazement,awe,awe,false,4,a,random
B-amazement-d2-v3,amazement,compassion,compassion,false,4,a,random
B-amazement-d2-v4,amazement,relief,relief,false,4,a,random
B-amazement-d3-v1,amazement,surprise,surprise,false,4,a,random
B-amazement-d3-v2,amazement,surprise,surprise,false,4,a,random
B-amazement-d3-v3,amazement,surprise,surprise,false,4,a,random
B-amazement-d3-v4,amazement,surprise,surprise,false,4,a,random
B-ecstasy-d1-v1,ecstasy,joy,joy,false,4,a,random
B-ecstasy-d1-v2,ecstasy,fear,fear,false,4,a,random
B-ecstasy-d1-v3,ecstasy,joy,joy,false,4,a,random
B-ecstasy-d1-v4,ecstasy,pride,pride,false,4,a,random
B-ecstasy-d2-v1,ecstasy,joy,joy,false,4,a,random
B-ecstasy-d2-v2,ecstasy,joy,joy,false,4,a,random
B-ecstasy-d2-v3,ecstasy,relief,relief,false,4,a,random
B-ecstasy-d2-v4,ecstasy,happiness,happiness,false,4,a,random
B-ecstasy-d3-v1,ecstasy,joy,joy,false,4,a,random
B-ecstasy-d3-v2,ecstasy,awe,awe,false,4,a,random
B-ecstasy-d3-v3,ecstasy,surprise,surprise,false,4,a,random
B-ecstasy-d3-v4,ecstasy,excitement,excitement,false,4,a,random
B-grief-d1-v1,grief,sadness,sadness,false,4,a,random
B-grief-d1-v2,grief,sadness,sadness,false,4,a,random
B-grief-d1-v3,grief,sadness,sadness,false,4,a,random
B-grief-d1-v4,grief,sadness,sadness,false,4,a,random
B-grief-d2-v1,grief,sadness,sadness,false,4,a,random
B-grief-d2-v2,grief,sadness,sadness,false,4,a,random
B-grief-d2-v3,grief,sadness,sadness,false,4,a,random
B-grief-d2-v4,grief,sadness,sadness,false,4,a,random
B-grief-d3-v1,grief,fear,fear,false,4,a,random
B-grief-d3-v2,grief,sadness,sadness,false,4,a,random
B-grief-d3-v3,grief,sadness,sadness,false,4,a,random
B-grief-d3-v4,grief,sadness,sadness,false,4,a,random
B-loathing-d1-v1,loathing,disgust,disgust,false,4,a,random
B-loathing-d1-v2,loathing,anger,anger,false,4,a,random
B-loathing-d1-v3,loathing,anger,anger,false,4,a,random
B-loathing-d1-v4,loathing,anger,anger,false,4,a,random
B-loathing-d2-v1,loathing,disgust,disgust,false,4,a,random
B-loathing-d2-v2,loathing,disgust,disgust,false,4,a,random
B-loathing-d2-v3,loathing,fear,fear,false,4,a,random
B-loathing-d2-v4,loathing,disgust,disgust,false,4,a,random
B-loathing-d3-v1,loathing,anger,anger,false,4,a,random
B-loathing-d3-v2,loathing,disgust,anger,true,4,a,random
B-loathing-d3-v3,loathing,disgust,disgust,false,4,a,random
B-loathing-d3-v4,loathing,anger,anger,false,4,a,random
B-rage-d1-v1,rage,anger,anger,false,4,a,random
B-rage-d1-v2,rage,anger,anger,false,4,a,random
B-rage-d1-v3,rage,anger,anger,false,4,a,random
B-rage-d1-v4,rage,anger,anger,false,4,a,random
B-rage-d2-v1,rage,anger,anger,false,4,a,random
B-rage-d2-v2,rage,anger,anger,false,4,a,random
B-rage-d2-v3,rage,anger,anger,false,4,a,random
B-rage-d2-v4,rage,anger,anger,false,4,a,random
B-rage-d3-v1,rage,anger,anger,false,4,a,random
B-rage-d3-v2,rage,fear,fear,false,4,a,random
B-rage-d3-v3,rage,anger,anger,false,4,a,random
B-rage-d3-v4,rage,anger,anger,false,4,a,random
B-terror-d1-v1,terror,fear,fear,false,4,a,random
B-terror-d1-v2,terror,fear,fear,false,4,a,random
B-terror-d1-v3,terror,fear,fear,false,4,a,random
B-terror-d1-v4,terror,fear,fear,false,4,a,random
B-terror-d2-v1,terror,fear,fear,false,4,a,random
B-terror-d2-v2,terror,fear,fear,false,4,a,random
B-terror-d2-v3,terror,fear,fear,false,4,a,random
B-terror-d2-v4,terror,fear,fear,false,4,a,random
B-terror-d3-v1,terror,fear,fear,false,4,a,random
B-terror-d3-v2,terror,fear,fear,false,4,a,random
B-terror-d3-v3,terror,fear,fear,false,4,a,random
B-terror-d3-v4,terror,fear,fear,false,4,a,random
B-vigilance-d1-v1,vigilance,fear,fear,false,4,a,random
B-vigilance-d1-v2,vigilance,fear,fear,false,4,a,random
B-vigilance-d1-v3,vigilance,fear,fear,false,4,a,random
B-vigilance-d1-v4,vigilance,concern,concern,false,4,a,random
B-vigilance-d2-v1,vigilance,fear,fear,false,4,a,random
B-vigilance-d2-v2,vigilance,anxiety,anxiety,false,4,a,random
B-vigilance-d2-v3,vigilance,anxiety,anxiety,false,4,a,random
B-vigilance-d2-v4,vigilance,fear,fear,false,4,a,random
B-vigilance-d3-v1,vigilance,anticipation,anticipation,false,4,a,random
B-vigilance-d3-v2,vigilance,fear,fear,false,4,a,random
B-vigilance-d3-v3,vigilance,fear,fear,false,4,a,random
B-vigilance-d3-v4,vigilance,fear,fear,false,4,a,random
B-admiration-d1-v1,admiration,awe,awe,false,5,a,random
B-admiration-d1-v2,admiration,pride,pride,false,5,a,random
B-admiration-d1-v3,admiration,love,love,false,5,a,random
B-admiration-d1-v4,admiration,awe,awe,false,5,a,random
B-admiration-d2-v1,admiration,guilt,guilt,false,5,a,random
B-admiration-d2-v2,admiration,sadness,sadness,false,5,a,random
B-admiration-d2-v3,admiration,guilt,guilt,false,5,a,random
B-admiration-d2-v4,admiration,pride,loyalty,true,5,a,random
B-admiration-d3-v1,admiration,pride,pride,false,5,a,random
B-admiration-d3-v2,admiration,relief,relief,false,5,a,random
B-admiration-d3-v3,admiration,determination,determination,false,5,a,random
B-admiration-d3-v4,admiration,empathy,empathy,false,5,a,random
B-amazement-d1-v1,amazement,awe,awe,false,5,a,random
B-amazement-d1-v2,amazement,awe,awe,false,5,a,random
B-amazement-d1-v3,amazement,awe,awe,false,5,a,random
B-amazement-d1-v4,amazement,fear,fear,false,5,a,random
B-amazement-d2-v1,amazement,relief,relief,false,5,a,random
B-amazement-d2-v2,amazement,awe,awe,false,5,a,random
B-amazement-d2-v3,amazement,compassion,compassion,false,5,a,random
B-amazement-d2-v4,amazement,relief,relief,false,5,a,random
B-amazement-d3-v1,amazement,surprise,surprise,false,5,a,random
B-amazement-d3-v2,amazement,surprise,surprise,false,5,a,random
B-amazement-d3-v3,amazement,surprise,surprise,false,5,a,random
B-amazement-d3-v4,amazement,surprise,surprise,false,5,a,random
B-ecstasy-d1-v1,ecstasy,joy,joy,false,5,a,random
B-ecstasy-d1-v2,ecstasy,fear,fear,false,5,a,random
B-ecstasy-d1-v3,ecstasy,joy,joy,false,5,a,random
B-ecstasy-d1-v4,ecstasy,pride,pride,false,5,a,random
B-ecstasy-d2-v1,ecstasy,joy,joy,false,5,a,random
B-ecstasy-d2-v2,ecstasy,joy,joy,false,5,a,random
B-ecstasy-d2-v3,ecstasy,relief,joy,true,5,a,random
B-ecstasy-d2-v4,ecstasy,happiness,happiness,false,5,a,random
B-ecstasy-d3-v1,ecstasy,joy,joy,false,5,a,random
B-ecstasy-d3-v2,ecstasy,awe,awe,false,5,a,random
B-ecstasy-d3-v3,ecstasy,surprise,surprise,false,5,a,random
B-ecstasy-d3-v4,ecstasy,excitement,excitement,false,5,a,random
B-grief-d1-v1,grief,sadness,sadness,false,5,a,random
B-grief-d1-v2,grief,sadness,sadness,false,5,a,random
B-grief-d1-v3,grief,sadness,sadness,false,5,a,random
B-grief-d1-v4,grief,sadness,sadness,false,5,a,random
B-grief-d2-v1,grief,sadness,sadness,false,5,a,random
B-grief-d2-v2,grief,sadness,sadness,false,5,a,random
B-grief-d2-v3,grief,sadness,sadness,false,5,a,random
B-grief-d2-v4,grief,sadness,sadness,false,5,a,random
B-grief-d3-v1,grief,fear,fear,false,5,a,random
B-grief-d3-v2,grief,sadness,sadness,false,5,a,random
B-grief-d3-v3,grief,sadness,sadness,false,5,a,random
B-grief-d3-v4,grief,sadness,sadness,false,5,a,random
B-loathing-d1-v1,loathing,disgust,disgust,false,5,a,random
B-loathing-d1-v2,loathing,anger,anger,false,5,a,random
B-loathing-d1-v3,loathing,anger,anger,false,5,a,random
B-loathing-d1-v4,loathing,anger,anger,false,5,a,random
B-loathing-d2-v1,loathing,disgust,disgust,false,5,a,random
B-loathing-d2-v2,loathing,disgust,disgust,false,5,a,random
B-loathing-d2-v3,loathing,fear,fear,false,5,a,random
B-loathing-d2-v4,loathing,disgust,disgust,false,5,a,random
B-loathing-d3-v1,loathing,anger,anger,false,5,a,random
B-loathing-d3-v2,loathing,disgust,disgust,false,5,a,random
B-loathing-d3-v3,loathing,disgust,disgust,false,5,a,random
B-loathing-d3-v4,loathing,anger,anger,false,5,a,random
B-rage-d1-v1,rage,anger,anger,false,5,a,random
B-rage-d1-v2,rage,anger,anger,false,5,a,random
B-rage-d1-v3,rage,anger,anger,false,5,a,random
B-rage-d1-v4,rage,anger,anger,false,5,a,random
B-rage-d2-v1,rage,anger,anger,false,5,a,random
B-rage-d2-v2,rage,anger,anger,false,5,a,random
B-rage-d2-v3,rage,anger,anger,false,5,a,random
B-rage-d2-v4,rage,anger,anger,false,5,a,random
B-rage-d3-v1,rage,anger,anger,false,5,a,random
B-rage-d3-v2,rage,fear,fear,false,5,a,random
B-rage-d3-v3,rage,anger,anger,false,5,a,random
B-rage-d3-v4,rage,anger,anger,false,5,a,random
B-terror-d1-v1,terror,fear,fear,false,5,a,random
B-terror-d1-v2,terror,fear,fear,false,5,a,random
B-terror-d1-v3,terror,fear,fear,false,5,a,random
B-terror-d1-v4,terror,fear,fear,false,5,a,random
B-terror-d2-v1,terror,fear,fear,false,5,a,random
B-terror-d2-v2,terror,fear,fear,false,5,a,random
B-terror-d2-v3,terror,fear,fear,false,5,a,random
B-terror-d2-v4,terror,fear,fear,false,5,a,random
B-terror-d3-v1,terror,fear,fear,false,5,a,random
B-terror-d3-v2,terror,fear,fear,false,5,a,random
B-terror-d3-v3,terror,fear,fear,false,5,a,random
B-terror-d3-v4,terror,fear,fear,false,5,a,random
B-vigilance-d1-v1,vigilance,fear,fear,false,5,a,random
B-vigilance-d1-v2,vigilance,fear,fear,false,5,a,random
B-vigilance-d1-v3,vigilance,fear,fear,false,5,a,random
B-vigilance-d1-v4,vigilance,concern,concern,false,5,a,random
B-vigilance-d2-v1,vigilance,fear,fear,false,5,a,random
B-vigilance-d2-v2,vigilance,anxiety,anxiety,false,5,a,random
B-vigilance-d2-v3,vigilance,anxiety,anxiety,false,5,a,random
B-vigilance-d2-v4,vigilance,fear,fear,false,5,a,random
B-vigilance-d3-v1,vigilance,anticipation,anticipation,false,5,a,random
B-vigilance-d3-v2,vigilance,fear,fear,false,5,a,random
B-vigilance-d3-v3,vigilance,fear,fear,false,5,a,random
B-vigilance-d3-v4,vigilance,fear,fear,false,5,a,random
B-admiration-d1-v1,admiration,awe,awe,false,6,a,random
B-admiration-d1-v2,admiration,pride,pride,false,6,a,random
B-admiration-d1-v3,admiration,love,awe,true,6,a,random
B-admiration-d1-v4,admiration,awe,awe,false,6,a,random
B-admiration-d2-v1,admiration,guilt,guilt,false,6,a,random
B-admiration-d2-v2,admiration,sadness,sadness,false,6,a,random
B-admiration-d2-v3,admiration,guilt,guilt,false,6,a,random
B-admiration-d2-v4,admiration,pride,loyalty,true,6,a,random
B-admiration-d3-v1,admiration,pride,pride,false,6,a,random
B-admiration-d3-v2,admiration,relief,hope,true,6,a,random
B-admiration-d3-v3,admiration,determination,determination,false,6,a,random
B-admiration-d3-v4,admiration,empathy,empathy,false,6,a,random
B-amazement-d1-v1,amazement,awe,awe,false,6,a,random
B-amazement-d1-v2,amazement,awe,awe,false,6,a,random
B-amazement-d1-v3,amazement,awe,awe,false,6,a,random
B-amazement-d1-v4,amazement,fear,fear,false,6,a,random
B-amazement-d2-v1,amazement,relief,relief,false,6,a,random
B-amazement-d2-v2,amazement,awe,awe,false,6,a,random
B-amazement-d2-v3,amazement,compassion,compassion,false,6,a,random
B-amazement-d2-v4,amazement,relief,relief,false,6,a,random
B-amazement-d3-v1,amazement,surprise,surprise,false,6,a,random
B-amazement-d3-v2,amazement,surprise,surprise,false,6,a,random
B-amazement-d3-v3,amazement,surprise,surprise,false,6,a,random
B-amazement-d3-v4,amazement,surprise,surprise,false,6,a,random
B-ecstasy-d1-v1,ecstasy,joy,joy,false,6,a,random
B-ecstasy-d1-v2,ecstasy,fear,fear,false,6,a,random
B-ecstasy-d1-v3,ecstasy,joy,joy,false,6,a,random
B-ecstasy-d1-v4,ecstasy,pride,pride,false,6,a,random
B-ecstasy-d2-v1,ecstasy,joy,joy,false,6,a,random
B-ecstasy-d2-v2,ecstasy,joy,joy,false,6,a,random
B-ecstasy-d2-v3,ecstasy,relief,relief,false,6,a,random
B-ecstasy-d2-v4,ecstasy,happiness,happiness,false,6,a,random
B-ecstasy-d3-v1,ecstasy,joy,joy,false,6,a,random
B-ecstasy-d3-v2,ecstasy,awe,awe,false,6,a,random
B-ecstasy-d3-v3,ecstasy,surprise,surprise,false,6,a,random
B-ecstasy-d3-v4,ecstasy,excitement,excitement,false,6,a,random
B-grief-d1-v1,grief,sadness,sadness,false,6,a,random
B-grief-d1-v2,grief,sadness,sadness,false,6,a,random
B-grief-d1-v3,grief,sadness,sadness,false,6,a,random
B-grief-d1-v4,grief,sadness,sadness,false,6,a,random
B-grief-d2-v1,grief,sadness,sadness,false,6,a,random
B-grief-d2-v2,grief,sadness,sadness,false,6,a,random
B-grief-d2-v3,grief,sadness,sadness,false,6,a,random
B-grief-d2-v4,grief,sadness,sadness,false,6,a,random
B-grief-d3-v1,grief,fear,fear,false,6,a,random
B-grief-d3-v2,grief,sadness,sadness,false,6,a,random
B-grief-d3-v3,grief,sadness,sadness,false,6,a,random
B-grief-d3-v4,grief,sadness,sadness,false,6,a,random
B-loathing-d1-v1,loathing,disgust,disgust,false,6,a,random
B-loathing-d1-v2,loathing,anger,anger,false,6,a,random
B-loathing-d1-v3,loathing,anger,anger,false,6,a,random
B-loathing-d1-v4,loathing,anger,anger,false,6,a,random
B-loathing-d2-v1,loathing,disgust,disgust,false,6,a,random
B-loathing-d2-v2,loathing,disgust,disgust,false,6,a,random
B-loathing-d2-v3,loathing,fear,fear,false,6,a,random
B-loathing-d2-v4,loathing,disgust,disgust,false,6,a,random
B-loathing-d3-v1,loathing,anger,anger,false,6,a,random
B-loathing-d3-v2,loathing,disgust,anger,true,6,a,random
B-loathing-d3-v3,loathing,disgust,disgust,false,6,a,random
B-loathing-d3-v4,loathing,anger,anger,false,6,a,random
B-rage-d1-v1,rage,anger,anger,false,6,a,random
B-rage-d1-v2,rage,anger,anger,false,6,a,random
B-rage-d1-v3,rage,anger,anger,false,6,a,random
B-rage-d1-v4,rage,anger,anger,false,6,a,random
B-rage-d2-v1,rage,anger,anger,false,6,a,random
B-rage-d2-v2,rage,anger,anger,false,6,a,random
B-rage-d2-v3,rage,anger,anger,false,6,a,random
B-rage-d2-v4,rage,anger,anger,false,6,a,random
B-rage-d3-v1,rage,anger,anger,false,6,a,random
B-rage-d3-v2,rage,fear,fear,false,6,a,random
B-rage-d3-v3,rage,anger,anger,false,6,a,random
B-rage-d3-v4,rage,anger,anger,false,6,a,random
B-terror-d1-v1,terror,fear,fear,false,6,a,random
B-terror-d1-v2,terror,fear,fear,false,6,a,random
B-terror-d1-v3,terror,fear,fear,false,6,a,random
B-terror-d1-v4,terror,fear,fear,false,6,a,random
B-terror-d2-v1,terror,fear,fear,false,6,a,random
B-terror-d2-v2,terror,fear,fear,false,6,a,random
B-terror-d2-v3,terror,fear,fear,false,6,a,random
B-terror-d2-v4,terror,fear,fear,false,6,a,random
B-terror-d3-v1,terror,fear,fear,false,6,a,random
B-terror-d3-v2,terror,fear,fear,false,6,a,random
B-terror-d3-v3,terror,fear,fear,false,6,a,random
B-terror-d3-v4,terror,fear,fear,false,6,a,random
B-vigilance-d1-v1,vigilance,fear,fear,false,6,a,random
B-vigilance-d1-v2,vigilance,fear,fear,false,6,a,random
B-vigilance-d1-v3,vigilance,fear,fear,false,6,a,random
B-vigilance-d1-v4,vigilance,concern,concern,false,6,a,random
B-vigilance-d2-v1,vigilance,fear,fear,false,6,a,random
B-vigilance-d2-v2,vigilance,anxiety,anxiety,false,6,a,random
B-vigilance-d2-v3,vigilance,anxiety,anxiety,false,6,a,random
B-vigilance-d2-v4,vigilance,fear,fear,false,6,a,random
B-vigilance-d3-v1,vigilance,anticipation,anticipation,false,6,a,random
B-vigilance-d3-v2,vigilance,fear,fear,false,6,a,random
B-vigilance-d3-v3,vigilance,fear,fear,false,6,a,random
B-vigilance-d3-v4,vigilance,fear,fear,false,6,a,random
B-admiration-d1-v1,admiration,awe,awe,false,7,a,random
B-admiration-d1-v2,admiration,pride,empathy,true,7,a,random
B-admiration-d1-v3,admiration,love,awe,true,7,a,random
B-admiration-d1-v4,admiration,awe,awe,false,7,a,random
B-admiration-d2-v1,admiration,guilt,guilt,false,7,a,random
B-admiration-d2-v2,admiration,sadness,sadness,false,7,a,random
B-admiration-d2-v3,admiration,guilt,guilt,false,7,a,random
B-admiration-d2-v4,admiration,pride,sadness,true,7,a,random
B-admiration-d3-v1,admiration,pride,pride,false,7,a,random
B-admiration-d3-v2,admiration,relief,hope,true,7,a,random
B-admiration-d3-v3,admiration,determination,pride,true,7,a,random
B-admiration-d3-v4,admiration,empathy,empathy,false,7,a,random
B-amazement-d1-v1,amazement,awe,awe,false,7,a,random
B-amazement-d1-v2,amazement,awe,awe,false,7,a,random
B-amazement-d1-v3,amazement,awe,awe,false,7,a,random
B-amazement-d1-v4,amazement,fear,fear,false,7,a,random
B-amazement-d2-v1,amazement,relief,relief,false,7,a,random
B-amazement-d2-v2,amazement,awe,awe,false,7,a,random
B-amazement-d2-v3,amazement,compassion,compassion,false,7,a,random
B-amazement-d2-v4,amazement,relief,relief,false,7,a,random
B-amazement-d3-v1,amazement,surprise,surprise,false,7,a,random
B-amazement-d3-v2,amazement,surprise,surprise,false,7,a,random
B-amazement-d3-v3,amazement,surprise,surprise,false,7,a,random
B-amazement-d3-v4,amazement,surprise,surprise,false,7,a,random
B-ecstasy-d1-v1,ecstasy,joy,joy,false,7,a,random
B-ecstasy-d1-v2,ecstasy,fear,fear,false,7,a,random
B-ecstasy-d1-v3,ecstasy,joy,joy,false,7,a,random
B-ecstasy-d1-v4,ecstasy,pride,pride,false,7,a,random
B-ecstasy-d2-v1,ecstasy,joy,joy,false,7,a,random
B-ecstasy-d2-v2,ecstasy,joy,joy,false,7,a,random
B-ecstasy-d2-v3,ecstasy,relief,relief,false,7,a,random
B-ecstasy-d2-v4,ecstasy,happiness,happiness,false,7,a,random
B-ecstasy-d3-v1,ecstasy,joy,joy,false,7,a,random
B-ecstasy-d3-v2,ecstasy,awe,awe,false,7,a,random
B-ecstasy-d3-v3,ecstasy,surprise,surprise,false,7,a,random
B-ecstasy-d3-v4,ecstasy,excitement,excitement,false,7,a,random
B-grief-d1-v1,grief,sadness,sadness,false,7,a,random
B-grief-d1-v2,grief,sadness,sadness,false,7,a,random
B-grief-d1-v3,grief,sadness,sadness,false,7,a,random
B-grief-d1-v4,grief,sadness,sadness,false,7,a,random
B-grief-d2-v1,grief,sadness,sadness,false,7,a,random
B-grief-d2-v2,grief,sadness,sadness,false,7,a,random
B-grief-d2-v3,grief,sadness,sadness,false,7,a,random
B-grief-d2-v4,grief,sadness,sadness,false,7,a,random
B-grief-d3-v1,grief,fear,fear,false,7,a,random
B-grief-d3-v2,grief,sadness,sadness,false,7,a,random
B-grief-d3-v3,grief,sadness,sadness,false,7,a,random
B-grief-d3-v4,grief,sadness,sadness,false,7,a,random
B-loathing-d1-v1,loathing,disgust,disgust,false,7,a,random
B-loathing-d1-v2,loathing,anger,anger,false,7,a,random
B-loathing-d1-v3,loathing,anger,anger,false,7,a,random
B-loathing-d1-v4,loathing,anger,anger,false,7,a,random
B-loathing-d2-v1,loathing,disgust,disgust,false,7,a,random
B-loathing-d2-v2,loathing,disgust,disgust,false,7,a,random
B-loathing-d2-v3,loathing,fear,fear,false,7,a,random
B-loathing-d2-v4,loathing,disgust,disgust,false,7,a,random
B-loathing-d3-v1,loathing,anger,anger,false,7,a,random
B-loathing-d3-v2,loathing,disgust,anger,true,7,a,random
B-loathing-d3-v3,loathing,disgust,disgust,false,7,a,random
B-loathing-d3-v4,loathing,anger,anger,false,7,a,random
B-rage-d1-v1,rage,anger,anger,false,7,a,random
B-rage-d1-v2,rage,anger,anger,false,7,a,random
B-rage-d1-v3,rage,anger,anger,false,7,a,random
B-rage-d1-v4,rage,anger,anger,false,7,a,random
B-rage-d2-v1,rage,anger,anger,false,7,a,random
B-rage-d2-v2,rage,anger,anger,false,7,a,random
B-rage-d2-v3,rage,anger,anger,false,7,a,random
B-rage-d2-v4,rage,anger,anger,false,7,a,random
B-rage-d3-v1,rage,anger,anger,false,7,a,random
B-rage-d3-v2,rage,fear,fear,false,7,a,random
B-rage-d3-v3,rage,anger,anger,false,7,a,random
B-rage-d3-v4,rage,anger,anger,false,7,a,random
B-terror-d1-v1,terror,fear,fear,false,7,a,random
B-terror-d1-v2,terror,fear,fear,false,7,a,random
B-terror-d1-v3,terror,fear,fear,false,7,a,random
B-terror-d1-v4,terror,fear,fear,false,7,a,random
B-terror-d2-v1,terror,fear,fear,false,7,a,random
B-terror-d2-v2,terror,fear,fear,false,7,a,random
B-terror-d2-v3,terror,fear,fear,false,7,a,random
B-terror-d2-v4,terror,fear,fear,false,7,a,random
B-terror-d3-v1,terror,fear,fear,false,7,a,random
B-terror-d3-v2,terror,fear,fear,false,7,a,random
B-terror-d3-v3,terror,fear,fear,false,7,a,random
B-terror-d3-v4,terror,fear,fear,false,7,a,random
B-vigilance-d1-v1,vigilance,fear,fear,false,7,a,random
B-vigilance-d1-v2,vigilance,fear,fear,false,7,a,random
B-vigilance-d1-v3,vigilance,fear,fear,false,7,a,random
B-vigilance-d1-v4,vigilance,concern,concern,false,7,a,random
B-vigilance-d2-v1,vigilance,fear,fear,false,7,a,random
B-vigilance-d2-v2,vigilance,anxiety,anxiety,false,7,a,random
B-vigilance-d2-v3,vigilance,anxiety,anxiety,false,7,a,random
B-vigilance-d2-v4,vigilance,fear,fear,false,7,a,random
B-vigilance-d3-v1,vigilance,anticipation,anticipation,false,7,a,random
B-vigilance-d3-v2,vigilance,fear,fear,false,7,a,random
B-vigilance-d3-v3,vigilance,fear,fear,false,7,a,random
B-vigilance-d3-v4,vigilance,fear,fear,false,7,a,random
B-admiration-d1-v1,admiration,awe,awe,false,8,a,random
B-admiration-d1-v2,admiration,pride,empathy,true,8,a,random
B-admiration-d1-v3,admiration,love,love,false,8,a,random
B-admiration-d1-v4,admiration,awe,awe,false,8,a,random
B-admiration-d2-v1,admiration,guilt,guilt,false,8,a,random
B-admiration-d2-v2,admiration,sadness,sadness,false,8,a,random
B-admiration-d2-v3,admiration,guilt,guilt,false,8,a,random
B-admiration-d2-v4,admiration,pride,pride,false,8,a,random
B-admiration-d3-v1,admiration,pride,pride,false,8,a,random
B-admiration-d3-v2,admiration,relief,hope,true,8,a,random
B-admiration-d3-v3,admiration,determination,determination,false,8,a,random
B-admiration-d3-v4,admiration,empathy,empathy,false,8,a,random
B-amazement-d1-v1,amazement,awe,awe,false,8,a,random
B-amazement-d1-v2,amazement,awe,awe,false,8,a,random
B-amazement-d1-v3,amazement,awe,awe,false,8,a,random
B-amazement-d1-v4,amazement,fear,fear,false,8,a,random
B-amazement-d2-v1,amazement,relief,relief,false,8,a,random
B-amazement-d2-v2,amazement,awe,awe,false,8,a,random
B-amazement-d2-v3,amazement,compassion,compassion,false,8,a,random
B-amazement-d2-v4,amazement,relief,relief,false,8,a,random
B-amazement-d3-v1,amazement,surprise,surprise,false,8,a,random
B-amazement-d3-v2,amazement,surprise,surprise,false,8,a,random
B-amazement-d3-v3,amazement,surprise,surprise,false,8,a,random
B-amazement-d3-v4,amazement,surprise,surprise,false,8,a,random
B-ecstasy-d1-v1,ecstasy,joy,joy,false,8,a,random
B-ecstasy-d1-v2,ecstasy,fear,fear,false,8,a,random
B-ecstasy-d1-v3,ecstasy,joy,excitement,true,8,a,random
B-ecstasy-d1-v4,ecstasy,pride,pride,false,8,a,random
B-ecstasy-d2-v1,ecstasy,joy,joy,false,8,a,random
B-ecstasy-d2-v2,ecstasy,joy,joy,false,8,a,random
B-ecstasy-d2-v3,ecstasy,relief,surprise,true,8,a,random
B-ecstasy-d2-v4,ecstasy,happiness,happiness,false,8,a,random
B-ecstasy-d3-v1,ecstasy,joy,joy,false,8,a,random
B-ecstasy-d3-v2,ecstasy,awe,awe,false,8,a,random
B-ecstasy-d3-v3,ecstasy,surprise,surprise,false,8,a,random
B-ecstasy-d3-v4,ecstasy,excitement,excitement,false,8,a,random
B-grief-d1-v1,grief,sadness,sadness,false,8,a,random
B-grief-d1-v2,grief,sadness,sadness,false,8,a,random
B-grief-d1-v3,grief,sadness,sadness,false,8,a,random
B-grief-d1-v4,grief,sadness,sadness,false,8,a,random
B-grief-d2-v1,grief,sadness,sadness,false,8,a,random
B-grief-d2-v2,grief,sadness,sadness,false,8,a,random
B-grief-d2-v3,grief,sadness,sadness,false,8,a,random
B-grief-d2-v4,grief,sadness,sadness,false,8,a,random
B-grief-d3-v1,grief,fear,anger,true,8,a,random
B-grief-d3-v2,grief,sadness,sadness,false,8,a,random
B-grief-d3-v3,grief,sadness,sadness,false,8,a,random
B-grief-d3-v4,grief,sadness,sadness,false,8,a,random
B-loathing-d1-v1,loathing,disgust,disgust,false,8,a,random
B-loathing-d1-v2,loathing,anger,anger,false,8,a,random
B-loathing-d1-v3,loathing,anger,anger,false,8,a,random
B-loathing-d1-v4,loathing,anger,anger,false,8,a,random
B-loathing-d2-v1,loathing,disgust,disgust,false,8,a,random
B-loathing-d2-v2,loathing,disgust,disgust,false,8,a,random
B-loathing-d2-v3,loathing,fear,fear,false,8,a,random
B-loathing-d2-v4,loathing,disgust,disgust,false,8,a,random
B-loathing-d3-v1,loathing,anger,anger,false,8,a,random
B-loathing-d3-v2,loathing,disgust,anger,true,8,a,random
B-loathing-d3-v3,loathing,disgust,disgust,false,8,a,random
B-loathing-d3-v4,loathing,anger,anger,false,8,a,random
B-rage-d1-v1,rage,anger,anger,false,8,a,random
B-rage-d1-v2,rage,anger,anger,false,8,a,random
B-rage-d1-v3,rage,anger,anger,false,8,a,random
B-rage-d1-v4,rage,anger,anger,false,8,a,random
B-rage-d2-v1,rage,anger,relief,true,8,a,random
B-rage-d2-v2,rage,anger,anger,false,8,a,random
B-rage-d2-v3,rage,anger,anger,false,8,a,random
B-rage-d2-v4,rage,anger,anger,false,8,a,random
B-rage-d3-v1,rage,anger,anger,false,8,a,random
B-rage-d3-v2,rage,fear,fear,false,8,a,random
B-rage-d3-v3,rage,anger,anger,false,8,a,random
B-rage-d3-v4,rage,anger,anger,false,8,a,random
B-terror-d1-v1,terror,fear,fear,false,8,a,random
B-terror-d1-v2,terror,fear,fear,false,8,a,random
B-terror-d1-v3,terror,fear,fear,false,8,a,random
B-terror-d1-v4,terror,fear,fear,false,8,a,random
B-terror-d2-v1,terror,fear,fear,false,8,a,random
B-terror-d2-v2,terror,fear,fear,false,8,a,random
B-terror-d2-v3,terror,fear,fear,false,8,a,random
B-terror-d2-v4,terror,fear,fear,false,8,a,random
B-terror-d3-v1,terror,fear,fear,false,8,a,random
B-terror-d3-v2,terror,fear,fear,false,8,a,random
B-terror-d3-v3,terror,fear,fear,false,8,a,random
B-terror-d3-v4,terror,fear,fear,false,8,a,random
B-vigilance-d1-v1,vigilance,fear,fear,false,8,a,random
B-vigilance-d1-v2,vigilance,fear,fear,false,8,a,random
B-vigilance-d1-v3,vigilance,fear,fear,false,8,a,random
B-vigilance-d1-v4,vigilance,concern,concern,false,8,a,random
B-vigilance-d2-v1,vigilance,fear,fear,false,8,a,random
B-vigilance-d2-v2,vigilance,anxiety,anxiety,false,8,a,random
B-vigilance-d2-v3,vigilance,anxiety,anxiety,false,8,a,random
B-vigilance-d2-v4,vigilance,fear,confusion,true,8,a,random
B-vigilance-d3-v1,vigilance,anticipation,anticipation,false,8,a,random
B-vigilance-d3-v2,vigilance,fear,fear,false,8,a,random
B-vigilance-d3-v3,vigilance,fear,fear,false,8,a,random
B-vigilance-d3-v4,vigilance,fear,fear,false,8,a,random
B-admiration-d1-v1,admiration,awe,awe,false,9,a,random
B-admiration-d1-v2,admiration,pride,awe,true,9,a,random
B-admiration-d1-v3,admiration,love,love,false,9,a,random
B-admiration-d1-v4,admiration,awe,awe,false,9,a,random
B-admiration-d2-v1,admiration,guilt,guilt,false,9,a,random
B-admiration-d2-v2,admiration,sadness,sadness,false,9,a,random
B-admiration-d2-v3,admiration,guilt,guilt,false,9,a,random
B-admiration-d2-v4,admiration,pride,pride,false,9,a,random
B-admiration-d3-v1,admiration,pride,pride,false,9,a,random
B-admiration-d3-v2,admiration,relief,pride,true,9,a,random
B-admiration-d3-v3,admiration,determination,pride,true,9,a,random
B-admiration-d3-v4,admiration,empathy,empathy,false,9,a,random
B-amazement-d1-v1,amazement,awe,awe,false,9,a,random
B-amazement-d1-v2,amazement,awe,awe,false,9,a,random
B-amazement-d1-v3,amazement,awe,awe,false,9,a,random
B-amazement-d1-v4,amazement,fear,fear,false,9,a,random
B-amazement-d2-v1,amazement,relief,fear,true,9,a,random
B-amazement-d2-v2,amazement,awe,awe,false,9,a,random
B-amazement-d2-v3,amazement,compassion,gratitude,true,9,a,random
B-amazement-d2-v4,amazement,relief,relief,false,9,a,random
B-amazement-d3-v1,amazement,surprise,surprise,false,9,a,random
B-amazement-d3-v2,amazement,surprise,surprise,false,9,a,random
B-amazement-d3-v3,amazement,surprise,surprise,false,9,a,random
B-amazement-d3-v4,amazement,surprise,surprise,false,9,a,random
B-ecstasy-d1-v1,ecstasy,joy,joy,false,9,a,random
B-ecstasy-d1-v2,ecstasy,fear,fear,false,9,a,random
B-ecstasy-d1-v3,ecstasy,joy,excitement,true,9,a,random
B-ecstasy-d1-v4,ecstasy,pride,pride,false,9,a,random
B-ecstasy-d2-v1,ecstasy,joy,joy,false,9,a,random
B-ecstasy-d2-v2,ecstasy,joy,joy,false,9,a,random
B-ecstasy-d2-v3,ecstasy,relief,joy,true,9,a,random
B-ecstasy-d2-v4,ecstasy,happiness,joy,true,9,a,random
B-ecstasy-d3-v1,ecstasy,joy,joy,false,9,a,random
B-ecstasy-d3-v2,ecstasy,awe,awe,false,9,a,random
B-ecstasy-d3-v3,ecstasy,surprise,surprise,false,9,a,random
B-ecstasy-d3-v4,ecstasy,excitement,excitement,false,9,a,random
B-grief-d1-v1,grief,sadness,sadness,false,9,a,random
B-grief-d1-v2,grief,sadness,sadness,false,9,a,random
B-grief-d1-v3,grief,sadness,sadness,false,9,a,random
B-grief-d1-v4,grief,sadness,sadness,false,9,a,random
B-grief-d2-v1,grief,sadness,sadness,false,9,a,random
B-grief-d2-v2,grief,sadness,sadness,false,9,a,random
B-grief-d2-v3,grief,sadness,sadness,false,9,a,random
B-grief-d2-v4,grief,sadness,sadness,false,9,a,random
B-grief-d3-v1,grief,fear,fear,false,9,a,random
B-grief-d3-v2,grief,sadness,sadness,false,9,a,random
B-grief-d3-v3,grief,sadness,sadness,false,9,a,random
B-grief-d3-v4,grief,sadness,sadness,false,9,a,random
B-loathing-d1-v1,loathing,disgust,disgust,false,9,a,random
B-loathing-d1-v2,loathing,anger,anger,false,9,a,random
B-loathing-d1-v3,loathing,anger,anger,false,9,a,random
B-loathing-d1-v4,loathing,anger,anger,false,9,a,random
B-loathing-d2-v1,loathing,disgust,disgust,false,9,a,random
B-loathing-d2-v2,loathing,disgust,disgust,false,9,a,random
B-loathing-d2-v3,loathing,fear,disgust,true,9,a,random
B-loathing-d2-v4,loathing,disgust,disgust,false,9,a,random
B-loathing-d3-v1,loathing,anger,anger,false,9,a,random
B-loathing-d3-v2,loathing,disgust,anger,true,9,a,random
B-loathing-d3-v3,loathing,disgust,disgust,false,9,a,random
B-loathing-d3-v4,loathing,anger,anger,false,9,a,random
B-rage-d1-v1,rage,anger,anger,false,9,a,random
B-rage-d1-v2,rage,anger,anger,false,9,a,random
B-rage-d1-v3,rage,anger,anger,false,9,a,random
B-rage-d1-v4,rage,anger,anger,false,9,a,random
B-rage-d2-v1,rage,anger,anger,false,9,a,random
B-rage-d2-v2,rage,anger,anger,false,9,a,random
B-rage-d2-v3,rage,anger,anger,false,9,a,random
B-rage-d2-v4,rage,anger,fear,true,9,a,random
B-rage-d3-v1,rage,anger,anger,false,9,a,random
B-rage-d3-v2,rage,fear,fear,false,9,a,random
B-rage-d3-v3,rage,anger,anger,false,9,a,random
B-rage-d3-v4,rage,anger,anger,false,9,a,random
B-terror-d1-v1,terror,fear,fear,false,9,a,random
B-terror-d1-v2,terror,fear,fear,false,9,a,random
B-terror-d1-v3,terror,fear,fear,false,9,a,random
B-terror-d1-v4,terror,fear,fear,false,9,a,random
B-terror-d2-v1,terror,fear,fear,false,9,a,random
B-terror-d2-v2,terror,fear,fear,false,9,a,random
B-terror-d2-v3,terror,fear,fear,false,9,a,random
B-terror-d2-v4,terror,fear,fear,false,9,a,random
B-terror-d3-v1,terror,fear,fear,false,9,a,random
B-terror-d3-v2,terror,fear,fear,false,9,a,random
B-terror-d3-v3,terror,fear,fear,false,9,a,random
B-terror-d3-v4,terror,fear,fear,false,9,a,random
B-vigilance-d1-v1,vigilance,fear,fear,false,9,a,random
B-vigilance-d1-v2,vigilance,fear,fear,false,9,a,random
B-vigilance-d1-v3,vigilance,fear,fear,false,9,a,random
B-vigilance-d1-v4,vigilance,concern,concern,false,9,a,random
B-vigilance-d2-v1,vigilance,fear,fear,false,9,a,random
B-vigilance-d2-v2,vigilance,anxiety,anxiety,false,9,a,random
B-vigilance-d2-v3,vigilance,anxiety,excitement,true,9,a,random
B-vigilance-d2-v4,vigilance,fear,confusion,true,9,a,random
B-vigilance-d3-v1,vigilance,anticipation,anticipation,false,9,a,random
B-vigilance-d3-v2,vigilance,fear,fear,false,9,a,random
B-vigilance-d3-v3,vigilance,fear,fear,false,9,a,random
B-vigilance-d3-v4,vigilance,fear,fear,false,9,a,random
B-admiration-d1-v1,admiration,awe,awe,false,10,a,random
B-admiration-d1-v2,admiration,pride,pride,false,10,a,random
B-admiration-d1-v3,admiration,love,awe,true,10,a,random
B-admiration-d1-v4,admiration,awe,awe,false,10,a,random
B-admiration-d2-v1,admiration,guilt,guilt,false,10,a,random
B-admiration-d2-v2,admiration,sadness,sadness,false,10,a,random
B-admiration-d2-v3,admiration,guilt,guilt,false,10,a,random
B-admiration-d2-v4,admiration,pride,compassion,true,10,a,random
B-admiration-d3-v1,admiration,pride,pride,false,10,a,random
B-admiration-d3-v2,admiration,relief,hope,true,10,a,random
B-admiration-d3-v3,admiration,determination,pride,true,10,a,random
B-admiration-d3-v4,admiration,empathy,compassion,true,10,a,random
B-amazement-d1-v1,amazement,awe,awe,false,10,a,random
B-amazement-d1-v2,amazement,awe,awe,false,10,a,random
B-amazement-d1-v3,amazement,awe,awe,false,10,a,random
B-amazement-d1-v4,amazement,fear,fear,false,10,a,random
B-amazement-d2-v1,amazement,relief,fear,true,10,a,random
B-amazement-d2-v2,amazement,awe,awe,false,10,a,random
B-amazement-d2-v3,amazement,compassion,awe,true,10,a,random
B-amazement-d2-v4,amazement,relief,relief,false,10,a,random
B-amazement-d3-v1,amazement,surprise,surprise,false,10,a,random
B-amazement-d3-v2,amazement,surprise,surprise,false,10,a,random
B-amazement-d3-v3,amazement,surprise,surprise,false,10,a,random
B-amazement-d3-v4,amazement,surprise,surprise,false,10,a,random
B-ecstasy-d1-v1,ecstasy,joy,joy,false,10,a,random
B-ecstasy-d1-v2,ecstasy,fear,fear,false,10,a,random
B-ecstasy-d1-v3,ecstasy,joy,excitement,true,10,a,random
B-ecstasy-d1-v4,ecstasy,pride,pride,false,10,a,random
B-ecstasy-d2-v1,ecstasy,joy,joy,false,10,a,random
B-ecstasy-d2-v2,ecstasy,joy,happiness,true,10,a,random
B-ecstasy-d2-v3,ecstasy,relief,relief,false,10,a,random
B-ecstasy-d2-v4,ecstasy,happiness,happiness,false,10,a,random
B-ecstasy-d3-v1,ecstasy,joy,joy,false,10,a,random
B-ecstasy-d3-v2,ecstasy,awe,awe,false,10,a,random
B-ecstasy-d3-v3,ecstasy,surprise,surprise,false,10,a,random
B-ecstasy-d3-v4,ecstasy,excitement,excitement,false,10,a,random
B-grief-d1-v1,grief,sadness,sadness,false,10,a,random
B-grief-d1-v2,grief,sadness,sadness,false,10,a,random
B-grief-d1-v3,grief,sadness,sadness,false,10,a,random
B-grief-d1-v4,grief,sadness,sadness,false,10,a,random
B-grief-d2-v1,grief,sadness,sadness,false,10,a,random
B-grief-d2-v2,grief,sadness,sadness,false,10,a,random
B-grief-d2-v3,grief,sadness,sadness,false,10,a,random
B-grief-d2-v4,grief,sadness,sadness,false,10,a,random
B-grief-d3-v1,grief,fear,fear,false,10,a,random
B-grief-d3-v2,grief,sadness,sadness,false,10,a,random
B-grief-d3-v3,grief,sadness,sadness,false,10,a,random
B-grief-d3-v4,grief,sadness,sadness,false,10,a,random
B-loathing-d1-v1,loathing,disgust,disgust,false,10,a,random
B-loathing-d1-v2,loathing,anger,anger,false,10,a,random
B-loathing-d1-v3,loathing,anger,anger,false,10,a,random
B-loathing-d1-v4,loathing,anger,anger,false,10,a,random
B-loathing-d2-v1,loathing,disgust,disgust,false,10,a,random
B-loathing-d2-v2,loathing,disgust,disgust,false,10,a,random
B-loathing-d2-v3,loathing,fear,fear,false,10,a,random
B-loathing-d2-v4,loathing,disgust,disgust,false,10,a,random
B-loathing-d3-v1,loathing,anger,anger,false,10,a,random
B-loathing-d3-v2,loathing,disgust,anger,true,10,a,random
B-loathing-d3-v3,loathing,disgust,disgust,false,10,a,random
B-loathing-d3-v4,loathing,anger,anger,false,10,a,random
B-rage-d1-v1,rage,anger,anger,false,10,a,random
B-rage-d1-v2,rage,anger,anger,false,10,a,random
B-rage-d1-v3,rage,anger,anger,false,10,a,random
B-rage-d1-v4,rage,anger,anger,false,10,a,random
B-rage-d2-v1,rage,anger,anger,false,10,a,random
B-rage-d2-v2,rage,anger,anger,false,10,a,random
B-rage-d2-v3,rage,anger,anger,false,10,a,random
B-rage-d2-v4,rage,anger,anger,false,10,a,random
B-rage-d3-v1,rage,anger,anger,false,10,a,random
B-rage-d3-v2,rage,fear,fear,false,10,a,random
B-rage-d3-v3,rage,anger,anger,false,10,a,random
B-rage-d3-v4,rage,anger,anger,false,10,a,random
B-terror-d1-v1,terror,fear,fear,false,10,a,random
B-terror-d1-v2,terror,fear,fear,false,10,a,random
B-terror-d1-v3,terror,fear,fear,false,10,a,random
B-terror-d1-v4,terror,fear,fear,false,10,a,random
B-terror-d2-v1,terror,fear,fear,false,10,a,random
B-terror-d2-v2,terror,fear,fear,false,10,a,random
B-terror-d2-v3,terror,fear,fear,false,10,a,random
B-terror-d2-v4,terror,fear,fear,false,10,a,random
B-terror-d3-v1,terror,fear,fear,false,10,a,random
B-terror-d3-v2,terror,fear,fear,false,10,a,random
B-terror-d3-v3,terror,fear,fear,false,10,a,random
B-terror-d3-v4,terror,fear,fear,false,10,a,random
B-vigilance-d1-v1,vigilance,fear,fear,false,10,a,random
B-vigilance-d1-v2,vigilance,fear,fear,false,10,a,random
B-vigilance-d1-v3,vigilance,fear,fear,false,10,a,random
B-vigilance-d1-v4,vigilance,concern,concern,false,10,a,random
B-vigilance-d2-v1,vigilance,fear,fear,false,10,a,random
B-vigilance-d2-v2,vigilance,anxiety,anxiety,false,10,a,random
B-vigilance-d2-v3,vigilance,anxiety,excitement,true,10,a,random
B-vigilance-d2-v4,vigilance,fear,confusion,true,10,a,random
B-vigilance-d3-v1,vigilance,anticipation,anticipation,false,10,a,random
B-vigilance-d3-v2,vigilance,fear,fear,false,10,a,random
B-vigilance-d3-v3,vigilance,fear,fear,false,10,a,random
B-vigilance-d3-v4,vigilance,fear,fear,false,10,a,random
B-admiration-d1-v1,admiration,awe,awe,false,11,a,random
B-admiration-d1-v2,admiration,pride,empathy,true,11,a,random
B-admiration-d1-v3,admiration,love,awe,true,11,a,random
B-admiration-d1-v4,admiration,awe,awe,false,11,a,random
B-admiration-d2-v1,admiration,guilt,guilt,false,11,a,random
B-admiration-d2-v2,admiration,sadness,sadness,false,11,a,random
B-admiration-d2-v3,admiration,guilt,guilt,false,11,a,random
B-admiration-d2-v4,admiration,pride,compassion,true,11,a,random
B-admiration-d3-v1,admiration,pride,pride,false,11,a,random
B-admiration-d3-v2,admiration,relief,pride,true,11,a,random
B-admiration-d3-v3,admiration,determination,pride,true,11,a,random
B-admiration-d3-v4,admiration,empathy,empathy,false,11,a,random
B-amazement-d1-v1,amazement,awe,awe,false,11,a,random
B-amazement-d1-v2,amazement,awe,awe,false,11,a,random
B-amazement-d1-v3,amazement,awe,awe,false,11,a,random
B-amazement-d1-v4,amazement,fear,fear,false,11,a,random
B-amazement-d2-v1,amazement,relief,relief,false,11,a,random
B-amazement-d2-v2,amazement,awe,awe,false,11,a,random
B-amazement-d2-v3,amazement,compassion,compassion,false,11,a,random
B-amazement-d2-v4,amazement,relief,relief,false,11,a,random
B-amazement-d3-v1,amazement,surprise,surprise,false,11,a,random
B-amazement-d3-v2,amazement,surprise,awe,true,11,a,random
B-amazement-d3-v3,amazement,surprise,surprise,false,11,a,random
B-amazement-d3-v4,amazement,surprise,surprise,false,11,a,random
B-ecstasy-d1-v1,ecstasy,joy,joy,false,11,a,random
B-ecstasy-d1-v2,ecstasy,fear,fear,false,11,a,random
B-ecstasy-d1-v3,ecstasy,joy,awe,true,11,a,random
B-ecstasy-d1-v4,ecstasy,pride,pride,false,11,a,random
B-ecstasy-d2-v1,ecstasy,joy,joy,false,11,a,random
B-ecstasy-d2-v2,ecstasy,joy,joy,false,11,a,random
B-ecstasy-d2-v3,ecstasy,relief,joy,true,11,a,random
B-ecstasy-d2-v4,ecstasy,happiness,happiness,false,11,a,random
B-ecstasy-d3-v1,ecstasy,joy,joy,false,11,a,random
B-ecstasy-d3-v2,ecstasy,awe,awe,false,11,a,random
B-ecstasy-d3-v3,ecstasy,surprise,surprise,false,11,a,random
B-ecstasy-d3-v4,ecstasy,excitement,excitement,false,11,a,random
B-grief-d1-v1,grief,sadness,sadness,false,11,a,random
B-grief-d1-v2,grief,sadness,sadness,false,11,a,random
B-grief-d1-v3,grief,sadness,sadness,false,11,a,random
B-grief-d1-v4,grief,sadness,sadness,false,11,a,random
B-grief-d2-v1,grief,sadness,sadness,false,11,a,random
B-grief-d2-v2,grief,sadness,sadness,false,11,a,random
B-grief-d2-v3,grief,sadness,sadness,false,11,a,random
B-grief-d2-v4,grief,sadness,sadness,false,11,a,random
B-grief-d3-v1,grief,fear,fear,false,11,a,random
B-grief-d3-v2,grief,sadness,sadness,false,11,a,random
B-grief-d3-v3,grief,sadness,sadness,false,11,a,random
B-grief-d3-v4,grief,sadness,sadness,false,11,a,random
B-loathing-d1-v1,loathing,disgust,disgust,false,11,a,random
B-loathing-d1-v2,loathing,anger,anger,false,11,a,random
B-loathing-d1-v3,loathing,anger,anger,false,11,a,random
B-loathing-d1-v4,loathing,anger,anger,false,11,a,random
B-loathing-d2-v1,loathing,disgust,disgust,false,11,a,random
B-loathing-d2-v2,loathing,disgust,disgust,false,11,a,random
B-loathing-d2-v3,loathing,fear,fear,false,11,a,random
B-loathing-d2-v4,loathing,disgust,disgust,false,11,a,random
B-loathing-d3-v1,loathing,anger,anger,false,11,a,random
B-loathing-d3-v2,loathing,disgust,anger,true,11,a,random
B-loathing-d3-v3,loathing,disgust,disgust,false,11,a,random
B-loathing-d3-v4,loathing,anger,anger,false,11,a,random
B-rage-d1-v1,rage,anger,anger,false,11,a,random
B-rage-d1-v2,rage,anger,anger,false,11,a,random
B-rage-d1-v3,rage,anger,anger,false,11,a,random
B-rage-d1-v4,rage,anger,anger,false,11,a,random
B-rage-d2-v1,rage,anger,anger,false,11,a,random
B-rage-d2-v2,rage,anger,anger,false,11,a,random
B-rage-d2-v3,rage,anger,anger,false,11,a,random
B-rage-d2-v4,rage,anger,fear,true,11,a,random
B-rage-d3-v1,rage,anger,anger,false,11,a,random
B-rage-d3-v2,rage,fear,fear,false,11,a,random
B-rage-d3-v3,rage,anger,anger,false,11,a,random
B-rage-d3-v4,rage,anger,anger,false,11,a,random
B-terror-d1-v1,terror,fear,fear,false,11,a,random
B-terror-d1-v2,terror,fear,fear,false,11,a,random
B-terror-d1-v3,terror,fear,fear,false,11,a,random
B-terror-d1-v4,terror,fear,fear,false,11,a,random
B-terror-d2-v1,terror,fear,fear,false,11,a,random
B-terror-d2-v2,terror,fear,fear,false,11,a,random
B-terror-d2-v3,terror,fear,fear,false,11,a,random
B-terror-d2-v4,terror,fear,fear,false,11,a,random
B-terror-d3-v1,terror,fear,fear,false,11,a,random
B-terror-d3-v2,terror,fear,fear,false,11,a,random
B-terror-d3-v3,terror,fear,fear,false,11,a,random
B-terror-d3-v4,terror,fear,fear,false,11,a,random
B-vigilance-d1-v1,vigilance,fear,fear,false,11,a,random
B-vigilance-d1-v2,vigilance,fear,fear,false,11,a,random
B-vigilance-d1-v3,vigilance,fear,fear,false,11,a,random
B-vigilance-d1-v4,vigilance,concern,concern,false,11,a,random
B-vigilance-d2-v1,vigilance,fear,fear,false,11,a,random
B-vigilance-d2-v2,vigilance,anxiety,suspense,true,11,a,random
B-vigilance-d2-v3,vigilance,anxiety,anxiety,false,11,a,random
B-vigilance-d2-v4,vigilance,fear,concentration,true,11,a,random
B-vigilance-d3-v1,vigilance,anticipation,anticipation,false,11,a,random
B-vigilance-d3-v2,vigilance,fear,fear,false,11,a,random
B-vigilance-d3-v3,vigilance,fear,fear,false,11,a,random
B-vigilance-d3-v4,vigilance,fear,fear,false,11,a,random
B-admiration-d1-v1,admiration,awe,awe,false,12,a,random
B-admiration-d1-v2,admiration,pride,pride,false,12,a,random
B-admiration-d1-v3,admiration,love,love,false,12,a,random
B-admiration-d1-v4,admiration,awe,awe,false,12,a,random
B-admiration-d2-v1,admiration,guilt,guilt,false,12,a,random
B-admiration-d2-v2,admiration,sadness,compassion,true,12,a,random
B-admiration-d2-v3,admiration,guilt,guilt,false,12,a,random
B-admiration-d2-v4,admiration,pride,pride,false,12,a,random
B-admiration-d3-v1,admiration,pride,pride,false,12,a,random
B-admiration-d3-v2,admiration,relief,hope,true,12,a,random
B-admiration-d3-v3,admiration,determination,pride,true,12,a,random
B-admiration-d3-v4,admiration,empathy,empathy,false,12,a,random
B-amazement-d1-v1,amazement,awe,awe,false,12,a,random
B-amazement-d1-v2,amazement,awe,awe,false,12,a,random
B-amazement-d1-v3,amazement,awe,awe,false,12,a,random
B-amazement-d1-v4,amazement,fear,fear,false,12,a,random
B-amazement-d2-v1,amazement,relief,compassion,true,12,a,random
B-amazement-d2-v2,amazement,awe,awe,false,12,a,random
B-amazement-d2-v3,amazement,compassion,compassion,false,12,a,random
B-amazement-d2-v4,amazement,relief,hope,true,12,a,random
B-amazement-d3-v1,amazement,surprise,joy,true,12,a,random
B-amazement-d3-v2,amazement,surprise,surprise,false,12,a,random
B-amazement-d3-v3,amazement,surprise,surprise,false,12,a,random
B-amazement-d3-v4,amazement,surprise,surprise,false,12,a,random
B-ecstasy-d1-v1,ecstasy,joy,joy,false,12,a,random
B-ecstasy-d1-v2,ecstasy,fear,fear,false,12,a,random
B-ecstasy-d1-v3,ecstasy,joy,joy,false,12,a,random
B-ecstasy-d1-v4,ecstasy,pride,pride,false,12,a,random
B-ecstasy-d2-v1,ecstasy,joy,joy,false,12,a,random
B-ecstasy-d2-v2,ecstasy,joy,joy,false,12,a,random
B-ecstasy-d2-v3,ecstasy,relief,joy,true,12,a,random
B-ecstasy-d2-v4,ecstasy,happiness,happiness,false,12,a,random
B-ecstasy-d3-v1,ecstasy,joy,joy,false,12,a,random
B-ecstasy-d3-v2,ecstasy,awe,awe,false,12,a,random
B-ecstasy-d3-v3,ecstasy,surprise,surprise,false,12,a,random
B-ecstasy-d3-v4,ecstasy,excitement,excitement,false,12,a,random
B-grief-d1-v1,grief,sadness,sadness,false,12,a,random
B-grief-d1-v2,grief,sadness,sadness,false,12,a,random
B-grief-d1-v3,grief,sadness,sadness,false,12,a,random
B-grief-d1-v4,grief,sadness,sadness,false,12,a,random
B-grief-d2-v1,grief,sadness,sadness,false,12,a,random
B-grief-d2-v2,grief,sadness,sadness,false,12,a,random
B-grief-d2-v3,grief,sadness,sadness,false,12,a,random
B-grief-d2-v4,grief,sadness,sadness,false,12,a,random
B-grief-d3-v1,grief,fear,fear,false,12,a,random
B-grief-d3-v2,grief,sadness,sadness,false,12,a,random
B-grief-d3-v3,grief,sadness,sadness,false,12,a,random
B-grief-d3-v4,grief,sadness,sadness,false,12,a,random
B-loathing-d1-v1,loathing,disgust,disgust,false,12,a,random
B-loathing-d1-v2,loathing,anger,anger,false,12,a,random
B-loathing-d1-v3,loathing,anger,anger,false,12,a,random
B-loathing-d1-v4,loathing,anger,anger,false,12,a,random
B-loathing-d2-v1,loathing,disgust,disgust,false,12,a,random
B-loathing-d2-v2,loathing,disgust,disgust,false,12,a,random
B-loathing-d2-v3,loathing,fear,fear,false,12,a,random
B-loathing-d2-v4,loathing,disgust,disgust,false,12,a,random
B-loathing-d3-v1,loathing,anger,anger,false,12,a,random
B-loathing-d3-v2,loathing,disgust,anger,true,12,a,random
B-loathing-d3-v3,loathing,disgust,disgust,false,12,a,random
B-loathing-d3-v4,loathing,anger,anger,false,12,a,random
B-rage-d1-v1,rage,anger,anger,false,12,a,random
B-rage-d1-v2,rage,anger,anger,false,12,a,random
B-rage-d1-v3,rage,anger,anger,false,12,a,random
B-rage-d1-v4,rage,anger,anger,false,12,a,random
B-rage-d2-v1,rage,anger,anger,false,12,a,random
B-rage-d2-v2,rage,anger,anger,false,12,a,random
B-rage-d2-v3,rage,anger,anger,false,12,a,random
B-rage-d2-v4,rage,anger,anger,false,12,a,random
B-rage-d3-v1,rage,anger,anger,false,12,a,random
B-rage-d3-v2,rage,fear,fear,false,12,a,random
B-rage-d3-v3,rage,anger,anger,false,12,a,random
B-rage-d3-v4,rage,anger,anger,false,12,a,random
B-terror-d1-v1,terror,fear,fear,false,12,a,random
B-terror-d1-v2,terror,fear,fear,false,12,a,random
B-terror-d1-v3,terror,fear,fear,false,12,a,random
B-terror-d1-v4,terror,fear,fear,false,12,a,random
B-terror-d2-v1,terror,fear,fear,false,12,a,random
B-terror-d2-v2,terror,fear,fear,false,12,a,random
B-terror-d2-v3,terror,fear,fear,false,12,a,random
B-terror-d2-v4,terror,fear,fear,false,12,a,random
B-terror-d3-v1,terror,fear,fear,false,12,a,random
B-terror-d3-v2,terror,fear,fear,false,12,a,random
B-terror-d3-v3,terror,fear,fear,false,12,a,random
B-terror-d3-v4,terror,fear,fear,false,12,a,random
B-vigilance-d1-v1,vigilance,fear,fear,false,12,a,random
B-vigilance-d1-v2,vigilance,fear,fear,false,12,a,random
B-vigilance-d1-v3,vigilance,fear,fear,false,12,a,random
B-vigilance-d1-v4,vigilance,concern,concern,false,12,a,random
B-vigilance-d2-v1,vigilance,fear,fear,false,12,a,random
B-vigilance-d2-v2,vigilance,anxiety,suspense,true,12,a,random
B-vigilance-d2-v3,vigilance,anxiety,excitement,true,12,a,random
B-vigilance-d2-v4,vigilance,fear,concentration,true,12,a,random
B-vigilance-d3-v1,vigilance,anticipation,boredom,true,12,a,random
B-vigilance-d3-v2,vigilance,fear,fear,false,12,a,random
B-vigilance-d3-v3,vigilance,fear,fear,false,12,a,random
B-vigilance-d3-v4,vigilance,fear,fear,false,12,a,random
B-admiration-d1-v1,admiration,awe,awe,false,13,a,random
B-admiration-d1-v2,admiration,pride,empathy,true,13,a,random
B-admiration-d1-v3,admiration,love,love,false,13,a,random
B-admiration-d1-v4,admiration,awe,awe,false,13,a,random
B-admiration-d2-v1,admiration,guilt,guilt,false,13,a,random
B-admiration-d2-v2,admiration,sadness,sadness,false,13,a,random
B-admiration-d2-v3,admiration,guilt,anger,true,13,a,random
B-admiration-d2-v4,admiration,pride,compassion,true,13,a,random
B-admiration-d3-v1,admiration,pride,pride,false,13,a,random
B-admiration-d3-v2,admiration,relief,hope,true,13,a,random
B-admiration-d3-v3,admiration,determination,pride,true,13,a,random
B-admiration-d3-v4,admiration,empathy,empathy,false,13,a,random
B-amazement-d1-v1,amazement,awe,awe,false,13,a,random
B-amazement-d1-v2,amazement,awe,awe,false,13,a,random
B-amazement-d1-v3,amazement,awe,awe,false,13,a,random
B-amazement-d1-v4,amazement,fear,fear,false,13,a,random
B-amazement-d2-v1,amazement,relief,compassion,true,13,a,random
B-amazement-d2-v2,amazement,awe,awe,false,13,a,random
B-amazement-d2-v3,amazement,compassion,compassion,false,13,a,random
B-amazement-d2-v4,amazement,relief,relief,false,13,a,random
B-amazement-d3-v1,amazement,surprise,surprise,false,13,a,random
B-amazement-d3-v2,amazement,surprise,surprise,false,13,a,random
B-amazement-d3-v3,amazement,surprise,surprise,false,13,a,random
B-amazement-d3-v4,amazement,surprise,surprise,false,13,a,random
B-ecstasy-d1-v1,ecstasy,joy,joy,false,13,a,random
B-ecstasy-d1-v2,ecstasy,fear,fear,false,13,a,random
B-ecstasy-d1-v3,ecstasy,joy,excitement,true,13,a,random
B-ecstasy-d1-v4,ecstasy,pride,pride,false,13,a,random
B-ecstasy-d2-v1,ecstasy,joy,joy,false,13,a,random
B-ecstasy-d2-v2,ecstasy,joy,joy,false,13,a,random
B-ecstasy-d2-v3,ecstasy,relief,surprise,true,13,a,random
B-ecstasy-d2-v4,ecstasy,happiness,happiness,false,13,a,random
B-ecstasy-d3-v1,ecstasy,joy,joy,false,13,a,random
B-ecstasy-d3-v2,ecstasy,awe,awe,false,13,a,random
B-ecstasy-d3-v3,ecstasy,surprise,surprise,false,13,a,random
B-ecstasy-d3-v4,ecstasy,excitement,excitement,false,13,a,random
B-grief-d1-v1,grief,sadness,sadness,false,13,a,random
B-grief-d1-v2,grief,sadness,sadness,false,13,a,random
B-grief-d1-v3,grief,sadness,sadness,false,13,a,random
B-grief-d1-v4,grief,sadness,sadness,false,13,a,random
B-grief-d2-v1,grief,sadness,sadness,false,13,a,random
B-grief-d2-v2,grief,sadness,sadness,false,13,a,random
B-grief-d2-v3,grief,sadness,sadness,false,13,a,random
B-grief-d2-v4,grief,sadness,sadness,false,13,a,random
B-grief-d3-v1,grief,fear,anger,true,13,a,random
B-grief-d3-v2,grief,sadness,sadness,false,13,a,random
B-grief-d3-v3,grief,sadness,sadness,false,13,a,random
B-grief-d3-v4,grief,sadness,sadness,false,13,a,random
B-loathing-d1-v1,loathing,disgust,disgust,false,13,a,random
B-loathing-d1-v2,loathing,anger,anger,false,13,a,random
B-loathing-d1-v3,loathing,anger,disgust,true,13,a,random
B-loathing-d1-v4,loathing,anger,anger,false,13,a,random
B-loathing-d2-v1,loathing,disgust,disgust,false,13,a,random
B-loathing-d2-v2,loathing,disgust,disgust,false,13,a,random
B-loathing-d2-v3,loathing,fear,disgust,true,13,a,random
B-loathing-d2-v4,loathing,disgust,disgust,false,13,a,random
B-loathing-d3-v1,loathing,anger,disgust,true,13,a,random
B-loathing-d3-v2,loathing,disgust,disgust,false,13,a,random
B-loathing-d3-v3,loathing,disgust,disgust,false,13,a,random
B-loathing-d3-v4,loathing,anger,anger,false,13,a,random
B-rage-d1-v1,rage,anger,anger,false,13,a,random
B-rage-d1-v2,rage,anger,anger,false,13,a,random
B-rage-d1-v3,rage,anger,anger,false,13,a,random
B-rage-d1-v4,rage,anger,anger,false,13,a,random
B-rage-d2-v1,rage,anger,anger,false,13,a,random
B-rage-d2-v2,rage,anger,anger,false,13,a,random
B-rage-d2-v3,rage,anger,anger,false,13,a,random
B-rage-d2-v4,rage,anger,anger,false,13,a,random
B-rage-d3-v1,rage,anger,anger,false,13,a,random
B-rage-d3-v2,rage,fear,fear,false,13,a,random
B-rage-d3-v3,rage,anger,anger,false,13,a,random
B-rage-d3-v4,rage,anger,anger,false,13,a,random
B-terror-d1-v1,terror,fear,fear,false,13,a,random
B-terror-d1-v2,terror,fear,fear,false,13,a,random
B-terror-d1-v3,terror,fear,fear,false,13,a,random
B-terror-d1-v4,terror,fear,fear,false,13,a,random
B-terror-d2-v1,terror,fear,fear,false,13,a,random
B-terror-d2-v2,terror,fear,fear,false,13,a,random
B-terror-d2-v3,terror,fear,fear,false,13,a,random
B-terror-d2-v4,terror,fear,fear,false,13,a,random
B-terror-d3-v1,terror,fear,fear,false,13,a,random
B-terror-d3-v2,terror,fear,fear,false,13,a,random
B-terror-d3-v3,terror,fear,fear,false,13,a,random
B-terror-d3-v4,terror,fear,fear,false,13,a,random
B-vigilance-d1-v1,vigilance,fear,fear,false,13,a,random
B-vigilance-d1-v2,vigilance,fear,fear,false,13,a,random
B-vigilance-d1-v3,vigilance,fear,fear,false,13,a,random
B-vigilance-d1-v4,vigilance,concern,concern,false,13,a,random
B-vigilance-d2-v1,vigilance,fear,fear,false,13,a,random
B-vigilance-d2-v2,vigilance,anxiety,suspense,true,13,a,random
B-vigilance-d2-v3,vigilance,anxiety,anxiety,false,13,a,random
B-vigilance-d2-v4,vigilance,fear,confusion,true,13,a,random
B-vigilance-d3-v1,vigilance,anticipation,anticipation,false,13,a,random
B-vigilance-d3-v2,vigilance,fear,fear,false,13,a,random
B-vigilance-d3-v3,vigilance,fear,fear,false,13,a,random
B-vigilance-d3-v4,vigilance,fear,fear,false,13,a,random
B-admiration-d1-v1,admiration,awe,awe,false,14,a,random
B-admiration-d1-v2,admiration,pride,empathy,true,14,a,random
B-admiration-d1-v3,admiration,love,love,false,14,a,random
B-admiration-d1-v4,admiration,awe,calm,true,14,a,random
B-admiration-d2-v1,admiration,guilt,guilt,false,14,a,random
B-admiration-d2-v2,admiration,sadness,sadness,false,14,a,random
B-admiration-d2-v3,admiration,guilt,guilt,false,14,a,random
B-admiration-d2-v4,admiration,pride,compassion,true,14,a,random
B-admiration-d3-v1,admiration,pride,pride,false,14,a,random
B-admiration-d3-v2,admiration,relief,hope,true,14,a,random
B-admiration-d3-v3,admiration,determination,pride,true,14,a,random
B-admiration-d3-v4,admiration,empathy,empathy,false,14,a,random
B-amazement-d1-v1,amazement,awe,awe,false,14,a,random
B-amazement-d1-v2,amazement,awe,awe,false,14,a,random
B-amazement-d1-v3,amazement,awe,awe,false,14,a,random
B-amazement-d1-v4,amazement,fear,fear,false,14,a,random
B-amazement-d2-v1,amazement,relief,fear,true,14,a,random
B-amazement-d2-v2,amazement,awe,awe,false,14,a,random
B-amazement-d2-v3,amazement,compassion,compassion,false,14,a,random
B-amazement-d2-v4,amazement,relief,hope,true,14,a,random
B-amazement-d3-v1,amazement,surprise,surprise,false,14,a,random
B-amazement-d3-v2,amazement,surprise,surprise,false,14,a,random
B-amazement-d3-v3,amazement,surprise,surprise,false,14,a,random
B-amazement-d3-v4,amazement,surprise,surprise,false,14,a,random
B-ecstasy-d1-v1,ecstasy,joy,joy,false,14,a,random
B-ecstasy-d1-v2,ecstasy,fear,sadness,true,14,a,random
B-ecstasy-d1-v3,ecstasy,joy,joy,false,14,a,random
B-ecstasy-d1-v4,ecstasy,pride,joy,true,14,a,random
B-ecstasy-d2-v1,ecstasy,joy,joy,false,14,a,random
B-ecstasy-d2-v2,ecstasy,joy,joy,false,14,a,random
B-ecstasy-d2-v3,ecstasy,relief,sadness,true,14,a,random
B-ecstasy-d2-v4,ecstasy,happiness,happiness,false,14,a,random
B-ecstasy-d3-v1,ecstasy,joy,joy,false,14,a,random
B-ecstasy-d3-v2,ecstasy,awe,awe,false,14,a,random
B-ecstasy-d3-v3,ecstasy,surprise,excitement,true,14,a,random
B-ecstasy-d3-v4,ecstasy,excitement,excitement,false,14,a,random
B-grief-d1-v1,grief,sadness,sadness,false,14,a,random
B-grief-d1-v2,grief,sadness,sadness,false,14,a,random
B-grief-d1-v3,grief,sadness,sadness,false,14,a,random
B-grief-d1-v4,grief,sadness,sadness,false,14,a,random
B-grief-d2-v1,grief,sadness,sadness,false,14,a,random
B-grief-d2-v2,grief,sadness,sadness,false,14,a,random
B-grief-d2-v3,grief,sadness,sadness,false,14,a,random
B-grief-d2-v4,grief,sadness,sadness,false,14,a,random
B-grief-d3-v1,grief,fear,anger,true,14,a,random
B-grief-d3-v2,grief,sadness,sadness,false,14,a,random
B-grief-d3-v3,grief,sadness,sadness,false,14,a,random
B-grief-d3-v4,grief,sadness,sadness,false,14,a,random
B-loathing-d1-v1,loathing,disgust,anger,true,14,a,random
B-loathing-d1-v2,loathing,anger,anger,false,14,a,random
B-loathing-d1-v3,loathing,anger,anger,false,14,a,random
B-loathing-d1-v4,loathing,anger,anger,false,14,a,random
B-loathing-d2-v1,loathing,disgust,disgust,false,14,a,random
B-loathing-d2-v2,loathing,disgust,disgust,false,14,a,random
B-loathing-d2-v3,loathing,fear,fear,false,14,a,random
B-loathing-d2-v4,loathing,disgust,disgust,false,14,a,random
B-loathing-d3-v1,loathing,anger,anger,false,14,a,random
B-loathing-d3-v2,loathing,disgust,anger,true,14,a,random
B-loathing-d3-v3,loathing,disgust,disgust,false,14,a,random
B-loathing-d3-v4,loathing,anger,anger,false,14,a,random
B-rage-d1-v1,rage,anger,anger,false,14,a,random
B-rage-d1-v2,rage,anger,anger,false,14,a,random
B-rage-d1-v3,rage,anger,anger,false,14,a,random
B-rage-d1-v4,rage,anger,anger,false,14,a,random
B-rage-d2-v1,rage,anger,anger,false,14,a,random
B-rage-d2-v2,rage,anger,anger,false,14,a,random
B-rage-d2-v3,rage,anger,anger,false,14,a,random
B-rage-d2-v4,rage,anger,anger,false,14,a,random
B-rage-d3-v1,rage,anger,anger,false,14,a,random
B-rage-d3-v2,rage,fear,anger,true,14,a,random
B-rage-d3-v3,rage,anger,anger,false,14,a,random
B-rage-d3-v4,rage,anger,anger,false,14,a,random
B-terror-d1-v1,terror,fear,fear,false,14,a,random
B-terror-d1-v2,terror,fear,fear,false,14,a,random
B-terror-d1-v3,terror,fear,fear,false,14,a,random
B-terror-d1-v4,terror,fear,fear,false,14,a,random
B-terror-d2-v1,terror,fear,fear,false,14,a,random
B-terror-d2-v2,terror,fear,fear,false,14,a,random
B-terror-d2-v3,terror,fear,fear,false,14,a,random
B-terror-d2-v4,terror,fear,fear,false,14,a,random
B-terror-d3-v1,terror,fear,fear,false,14,a,random
B-terror-d3-v2,terror,fear,fear,false,14,a,random
B-terror-d3-v3,terror,fear,fear,false,14,a,random
B-terror-d3-v4,terror,fear,fear,false,14,a,random
B-vigilance-d1-v1,vigilance,fear,fear,false,14,a,random
B-vigilance-d1-v2,vigilance,fear,fear,false,14,a,random
B-vigilance-d1-v3,vigilance,fear,fear,false,14,a,random
B-vigilance-d1-v4,vigilance,concern,concern,false,14,a,random
B-vigilance-d2-v1,vigilance,fear,fear,false,14,a,random
B-vigilance-d2-v2,vigilance,anxiety,fear,true,14,a,random
B-vigilance-d2-v3,vigilance,anxiety,anxiety,false,14,a,random
B-vigilance-d2-v4,vigilance,fear,concentration,true,14,a,random
B-vigilance-d3-v1,vigilance,anticipation,anticipation,false,14,a,random
B-vigilance-d3-v2,vigilance,fear,fear,false,14,a,random
B-vigilance-d3-v3,vigilance,fear,fear,false,14,a,random
B-vigilance-d3-v4,vigilance,fear,fear,false,14,a,random
B-admiration-d1-v1,admiration,awe,awe,false,15,a,random
B-admiration-d1-v2,admiration,pride,pride,false,15,a,random
B-admiration-d1-v3,admiration,love,admiration,true,15,a,random
B-admiration-d1-v4,admiration,awe,awe,false,15,a,random
B-admiration-d2-v1,admiration,guilt,guilt,false,15,a,random
B-admiration-d2-v2,admiration,sadness,sadness,false,15,a,random
B-admiration-d2-v3,admiration,guilt,guilt,false,15,a,random
B-admiration-d2-v4,admiration,pride,loyalty,true,15,a,random
B-admiration-d3-v1,admiration,pride,pride,false,15,a,random
B-admiration-d3-v2,admiration,relief,joy,true,15,a,random
B-admiration-d3-v3,admiration,determination,determination,false,15,a,random
B-admiration-d3-v4,admiration,empathy,empathy,false,15,a,random
B-amazement-d1-v1,amazement,awe,awe,false,15,a,random
B-amazement-d1-v2,amazement,awe,awe,false,15,a,random
B-amazement-d1-v3,amazement,awe,awe,false,15,a,random
B-amazement-d1-v4,amazement,fear,fear,false,15,a,random
B-amazement-d2-v1,amazement,relief,relief,false,15,a,random
B-amazement-d2-v2,amazement,awe,awe,false,15,a,random
B-amazement-d2-v3,amazement,compassion,compassion,false,15,a,random
B-amazement-d2-v4,amazement,relief,relief,false,15,a,random
B-amazement-d3-v1,amazement,surprise,surprise,false,15,a,random
B-amazement-d3-v2,amazement,surprise,surprise,false,15,a,random
B-amazement-d3-v3,amazement,surprise,surprise,false,15,a,random
B-amazement-d3-v4,amazement,surprise,surprise,false,15,a,random
B-ecstasy-d1-v1,ecstasy,joy,joy,false,15,a,random
B-ecstasy-d1-v2,ecstasy,fear,fear,false,15,a,random
B-ecstasy-d1-v3,ecstasy,joy,joy,false,15,a,random
B-ecstasy-d1-v4,ecstasy,pride,pride,false,15,a,random
B-ecstasy-d2-v1,ecstasy,joy,joy,false,15,a,random
B-ecstasy-d2-v2,ecstasy,joy,joy,false,15,a,random
B-ecstasy-d2-v3,ecstasy,relief,relief,false,15,a,random
B-ecstasy-d2-v4,ecstasy,happiness,happiness,false,15,a,random
B-ecstasy-d3-v1,ecstasy,joy,joy,false,15,a,random
B-ecstasy-d3-v2,ecstasy,awe,awe,false,15,a,random
B-ecstasy-d3-v3,ecstasy,surprise,surprise,false,15,a,random
B-ecstasy-d3-v4,ecstasy,excitement,excitement,false,15,a,random
B-grief-d1-v1,grief,sadness,sadness,false,15,a,random
B-grief-d1-v2,grief,sadness,sadness,false,15,a,random
B-grief-d1-v3,grief,sadness,sadness,false,15,a,random
B-grief-d1-v4,grief,sadness,sadness,false,15,a,random
B-grief-d2-v1,grief,sadness,sadness,false,15,a,random
B-grief-d2-v2,grief,sadness,sadness,false,15,a,random
B-grief-d2-v3,grief,sadness,sadness,false,15,a,random
B-grief-d2-v4,grief,sadness,sadness,false,15,a,random
B-grief-d3-v1,grief,fear,anger,true,15,a,random
B-grief-d3-v2,grief,sadness,sadness,false,15,a,random
B-grief-d3-v3,grief,sadness,sadness,false,15,a,random
B-grief-d3-v4,grief,sadness,sadness,false,15,a,random
B-loathing-d1-v1,loathing,disgust,disgust,false,15,a,random
B-loathing-d1-v2,loathing,anger,anger,false,15,a,random
B-loathing-d1-v3,loathing,anger,anger,false,15,a,random
B-loathing-d1-v4,loathing,anger,anger,false,15,a,random
B-loathing-d2-v1,loathing,disgust,disgust,false,15,a,random
B-loathing-d2-v2,loathing,disgust,disgust,false,15,a,random
B-loathing-d2-v3,loathing,fear,fear,false,15,a,random
B-loathing-d2-v4,loathing,disgust,disgust,false,15,a,random
B-loathing-d3-v1,loathing,anger,anger,false,15,a,random
B-loathing-d3-v2,loathing,disgust,anger,true,15,a,random
B-loathing-d3-v3,loathing,disgust,disgust,false,15,a,random
B-loathing-d3-v4,loathing,anger,anger,false,15,a,random
B-rage-d1-v1,rage,anger,anger,false,15,a,random
B-rage-d1-v2,rage,anger,anger,false,15,a,random
B-rage-d1-v3,rage,anger,anger,false,15,a,random
B-rage-d1-v4,rage,anger,anger,false,15,a,random
B-rage-d2-v1,rage,anger,anger,false,15,a,random
B-rage-d2-v2,rage,anger,anger,false,15,a,random
B-rage-d2-v3,rage,anger,anger,false,15,a,random
B-rage-d2-v4,rage,anger,fear,true,15,a,random
B-rage-d3-v1,rage,anger,anger,false,15,a,random
B-rage-d3-v2,rage,fear,fear,false,15,a,random
B-rage-d3-v3,rage,anger,anger,false,15,a,random
B-rage-d3-v4,rage,anger,anger,false,15,a,random
B-terror-d1-v1,terror,fear,fear,false,15,a,random
B-terror-d1-v2,terror,fear,fear,false,15,a,random
B-terror-d1-v3,terror,fear,fear,false,15,a,random
B-terror-d1-v4,terror,fear,fear,false,15,a,random
B-terror-d2-v1,terror,fear,fear,false,15,a,random
B-terror-d2-v2,terror,fear,fear,false,15,a,random
B-terror-d2-v3,terror,fear,fear,false,15,a,random
B-terror-d2-v4,terror,fear,fear,false,15,a,random
B-terror-d3-v1,terror,fear,fear,false,15,a,random
B-terror-d3-v2,terror,fear,fear,false,15,a,random
B-terror-d3-v3,terror,fear,fear,false,15,a,random
B-terror-d3-v4,terror,fear,fear,false,15,a,random
B-vigilance-d1-v1,vigilance,fear,fear,false,15,a,random
B-vigilance-d1-v2,vigilance,fear,fear,false,15,a,random
B-vigilance-d1-v3,vigilance,fear,anxiety,true,15,a,random
B-vigilance-d1-v4,vigilance,concern,fear,true,15,a,random
B-vigilance-d2-v1,vigilance,fear,anxiety,true,15,a,random
B-vigilance-d2-v2,vigilance,anxiety,anxiety,false,15,a,random
B-vigilance-d2-v3,vigilance,anxiety,anxiety,false,15,a,random
B-vigilance-d2-v4,vigilance,fear,confusion,true,15,a,random
B-vigilance-d3-v1,vigilance,anticipation,anxiety,true,15,a,random
B-vigilance-d3-v2,vigilance,fear,fear,false,15,a,random
B-vigilance-d3-v3,vigilance,fear,fear,false,15,a,random
B-vigilance-d3-v4,vigilance,fear,fear,false,15,a,random
B-admiration-d1-v1,admiration,awe,awe,false,16,a,random
B-admiration-d1-v2,admiration,pride,pride,false,16,a,random
B-admiration-d1-v3,admiration,love,awe,true,16,a,random
B-admiration-d1-v4,admiration,awe,awe,false,16,a,random
B-admiration-d2-v1,admiration,guilt,guilt,false,16,a,random
B-admiration-d2-v2,admiration,sadness,compassion,true,16,a,random
B-admiration-d2-v3,admiration,guilt,guilt,false,16,a,random
B-admiration-d2-v4,admiration,pride,loyalty,true,16,a,random
B-admiration-d3-v1,admiration,pride,pride,false,16,a,random
B-admiration-d3-v2,admiration,relief,relief,false,16,a,random
B-admiration-d3-v3,admiration,determination,determination,false,16,a,random
B-admiration-d3-v4,admiration,empathy,empathy,false,16,a,random
B-amazement-d1-v1,amazement,awe,awe,false,16,a,random
B-amazement-d1-v2,amazement,awe,awe,false,16,a,random
B-amazement-d1-v3,amazement,awe,awe,false,16,a,random
B-amazement-d1-v4,amazement,fear,fear,false,16,a,random
B-amazement-d2-v1,amazement,relief,relief,false,16,a,random
B-amazement-d2-v2,amazement,awe,awe,false,16,a,random
B-amazement-d2-v3,amazement,compassion,awe,true,16,a,random
B-amazement-d2-v4,amazement,relief,relief,false,16,a,random
B-amazement-d3-v1,amazement,surprise,surprise,false,16,a,random
B-amazement-d3-v2,amazement,surprise,excitement,true,16,a,random
B-amazement-d3-v3,amazement,surprise,surprise,false,16,a,random
B-amazement-d3-v4,amazement,surprise,surprise,false,16,a,random
B-ecstasy-d1-v1,ecstasy,joy,joy,false,16,a,random
B-ecstasy-d1-v2,ecstasy,fear,fear,false,16,a,random
B-ecstasy-d1-v3,ecstasy,joy,joy,false,16,a,random
B-ecstasy-d1-v4,ecstasy,pride,pride,false,16,a,random
B-ecstasy-d2-v1,ecstasy,joy,joy,false,16,a,random
B-ecstasy-d2-v2,ecstasy,joy,joy,false,16,a,random
B-ecstasy-d2-v3,ecstasy,relief,relief,false,16,a,random
B-ecstasy-d2-v4,ecstasy,happiness,happiness,false,16,a,random
B-ecstasy-d3-v1,ecstasy,joy,joy,false,16,a,random
B-ecstasy-d3-v2,ecstasy,awe,awe,false,16,a,random
B-ecstasy-d3-v3,ecstasy,surprise,surprise,false,16,a,random
B-ecstasy-d3-v4,ecstasy,excitement,excitement,false,16,a,random
B-grief-d1-v1,grief,sadness,sadness,false,16,a,random
B-grief-d1-v2,grief,sadness,sadness,false,16,a,random
B-grief-d1-v3,grief,sadness,sadness,false,16,a,random
B-grief-d1-v4,grief,sadness,sadness,false,16,a,random
B-grief-d2-v1,grief,sadness,sadness,false,16,a,random
B-grief-d2-v2,grief,sadness,sadness,false,16,a,random
B-grief-d2-v3,grief,sadness,sadness,false,16,a,random
B-grief-d2-v4,grief,sadness,sadness,false,16,a,random
B-grief-d3-v1,grief,fear,fear,false,16,a,random
B-grief-d3-v2,grief,sadness,sadness,false,16,a,random
B-grief-d3-v3,grief,sadness,sadness,false,16,a,random
B-grief-d3-v4,grief,sadness,sadness,false,16,a,random
B-loathing-d1-v1,loathing,disgust,anger,true,16,a,random
B-loathing-d1-v2,loathing,anger,anger,false,16,a,random
B-loathing-d1-v3,loathing,anger,anger,false,16,a,random
B-loathing-d1-v4,loathing,anger,anger,false,16,a,random
B-loathing-d2-v1,loathing,disgust,disgust,false,16,a,random
B-loathing-d2-v2,loathing,disgust,disgust,false,16,a,random
B-loathing-d2-v3,loathing,fear,fear,false,16,a,random
B-loathing-d2-v4,loathing,disgust,disgust,false,16,a,random
B-loathing-d3-v1,loathing,anger,anger,false,16,a,random
B-loathing-d3-v2,loathing,disgust,anger,true,16,a,random
B-loathing-d3-v3,loathing,disgust,disgust,false,16,a,random
B-loathing-d3-v4,loathing,anger,anger,false,16,a,random
B-rage-d1-v1,rage,anger,anger,false,16,a,random
B-rage-d1-v2,rage,anger,anger,false,16,a,random
B-rage-d1-v3,rage,anger,anger,false,16,a,random
B-rage-d1-v4,rage,anger,anger,false,16,a,random
B-rage-d2-v1,rage,anger,anger,false,16,a,random
B-rage-d2-v2,rage,anger,anger,false,16,a,random
B-rage-d2-v3,rage,anger,anger,false,16,a,random
B-rage-d2-v4,rage,anger,fear,true,16,a,random
B-rage-d3-v1,rage,anger,anger,false,16,a,random
B-rage-d3-v2,rage,fear,fear,false,16,a,random
B-rage-d3-v3,rage,anger,anger,false,16,a,random
B-rage-d3-v4,rage,anger,anger,false,16,a,random
B-terror-d1-v1,terror,fear,fear,false,16,a,random
B-terror-d1-v2,terror,fear,fear,false,16,a,random
B-terror-d1-v3,terror,fear,fear,false,16,a,random
B-terror-d1-v4,terror,fear,fear,false,16,a,random
B-terror-d2-v1,terror,fear,fear,false,16,a,random
B-terror-d2-v2,terror,fear,fear,false,16,a,random
B-terror-d2-v3,terror,fear,fear,false,16,a,random
B-terror-d2-v4,terror,fear,fear,false,16,a,random
B-terror-d3-v1,terror,fear,fear,false,16,a,random
B-terror-d3-v2,terror,fear,fear,false,16,a,random
B-terror-d3-v3,terror,fear,fear,false,16,a,random
B-terror-d3-v4,terror,fear,fear,false,16,a,random
B-vigilance-d1-v1,vigilance,fear,fear,false,16,a,random
B-vigilance-d1-v2,vigilance,fear,fear,false,16,a,random
B-vigilance-d1-v3,vigilance,fear,fear,false,16,a,random
B-vigilance-d1-v4,vigilance,concern,concern,false,16,a,random
B-vigilance-d2-v1,vigilance,fear,fear,false,16,a,random
B-vigilance-d2-v2,vigilance,anxiety,anticipation,true,16,a,random
B-vigilance-d2-v3,vigilance,anxiety,excitement,true,16,a,random
B-vigilance-d2-v4,vigilance,fear,fear,false,16,a,random
B-vigilance-d3-v1,vigilance,anticipation,anticipation,false,16,a,random
B-vigilance-d3-v2,vigilance,fear,fear,false,16,a,random
B-vigilance-d3-v3,vigilance,fear,fear,false,16,a,random
B-vigilance-d3-v4,vigilance,fear,fear,false,16,a,random
B-admiration-d1-v1,admiration,awe,awe,false,17,a,random
B-admiration-d1-v2,admiration,pride,pride,false,17,a,random
B-admiration-d1-v3,admiration,love,love,false,17,a,random
B-admiration-d1-v4,admiration,awe,awe,false,17,a,random
B-admiration-d2-v1,admiration,guilt,guilt,false,17,a,random
B-admiration-d2-v2,admiration,sadness,sadness,false,17,a,random
B-admiration-d2-v3,admiration,guilt,guilt,false,17,a,random
B-admiration-d2-v4,admiration,pride,compassion,true,17,a,random
B-admiration-d3-v1,admiration,pride,pride,false,17,a,random
B-admiration-d3-v2,admiration,relief,joy,true,17,a,random
B-admiration-d3-v3,admiration,determination,determination,false,17,a,random
B-admiration-d3-v4,admiration,empathy,compassion,true,17,a,random
B-amazement-d1-v1,amazement,awe,awe,false,17,a,random
B-amazement-d1-v2,amazement,awe,awe,false,17,a,random
B-amazement-d1-v3,amazement,awe,awe,false,17,a,random
B-amazement-d1-v4,amazement,fear,fear,false,17,a,random
B-amazement-d2-v1,amazement,relief,fear,true,17,a,random
B-amazement-d2-v2,amazement,awe,awe,false,17,a,random
B-amazement-d2-v3,amazement,compassion,joy,true,17,a,random
B-amazement-d2-v4,amazement,relief,hope,true,17,a,random
B-amazement-d3-v1,amazement,surprise,joy,true,17,a,random
B-amazement-d3-v2,amazement,surprise,surprise,false,17,a,random
B-amazement-d3-v3,amazement,surprise,surprise,false,17,a,random
B-amazement-d3-v4,amazement,surprise,surprise,false,17,a,random
B-ecstasy-d1-v1,ecstasy,joy,joy,false,17,a,random
B-ecstasy-d1-v2,ecstasy,fear,sadness,true,17,a,random
B-ecstasy-d1-v3,ecstasy,joy,joy,false,17,a,random
B-ecstasy-d1-v4,ecstasy,pride,joy,true,17,a,random
B-ecstasy-d2-v1,ecstasy,joy,joy,false,17,a,random
B-ecstasy-d2-v2,ecstasy,joy,joy,false,17,a,random
B-ecstasy-d2-v3,ecstasy,relief,joy,true,17,a,random
B-ecstasy-d2-v4,ecstasy,happiness,happiness,false,17,a,random
B-ecstasy-d3-v1,ecstasy,joy,joy,false,17,a,random
B-ecstasy-d3-v2,ecstasy,awe,awe,false,17,a,random
B-ecstasy-d3-v3,ecstasy,surprise,excitement,true,17,a,random
B-ecstasy-d3-v4,ecstasy,excitement,excitement,false,17,a,random
B-grief-d1-v1,grief,sadness,sadness,false,17,a,random
B-grief-d1-v2,grief,sadness,sadness,false,17,a,random
B-grief-d1-v3,grief,sadness,sadness,false,17,a,random
B-grief-d1-v4,grief,sadness,sadness,false,17,a,random
B-grief-d2-v1,grief,sadness,sadness,false,17,a,random
B-grief-d2-v2,grief,sadness,sadness,false,17,a,random
B-grief-d2-v3,grief,sadness,sadness,false,17,a,random
B-grief-d2-v4,grief,sadness,sadness,false,17,a,random
B-grief-d3-v1,grief,fear,sadness,true,17,a,random
B-grief-d3-v2,grief,sadness,sadness,false,17,a,random
B-grief-d3-v3,grief,sadness,sadness,false,17,a,random
B-grief-d3-v4,grief,sadness,sadness,false,17,a,random
B-loathing-d1-v1,loathing,disgust,disgust,false,17,a,random
B-loathing-d1-v2,loathing,anger,anger,false,17,a,random
B-loathing-d1-v3,loathing,anger,anger,false,17,a,random
B-loathing-d1-v4,loathing,anger,anger,false,17,a,random
B-loathing-d2-v1,loathing,disgust,disgust,false,17,a,random
B-loathing-d2-v2,loathing,disgust,disgust,false,17,a,random
B-loathing-d2-v3,loathing,fear,fear,false,17,a,random
B-loathing-d2-v4,loathing,disgust,disgust,false,17,a,random
B-loathing-d3-v1,loathing,anger,anger,false,17,a,random
B-loathing-d3-v2,loathing,disgust,anger,true,17,a,random
B-loathing-d3-v3,loathing,disgust,irony,true,17,a,random
B-loathing-d3-v4,loathing,anger,anger,false,17,a,random
B-rage-d1-v1,rage,anger,anger,false,17,a,random
B-rage-d1-v2,rage,anger,anger,false,17,a,random
B-rage-d1-v3,rage,anger,anger,false,17,a,random
B-rage-d1-v4,rage,anger,anger,false,17,a,random
B-rage-d2-v1,rage,anger,anger,false,17,a,random
B-rage-d2-v2,rage,anger,anger,false,17,a,random
B-rage-d2-v3,rage,anger,anger,false,17,a,random
B-rage-d2-v4,rage,anger,anger,false,17,a,random
B-rage-d3-v1,rage,anger,anger,false,17,a,random
B-rage-d3-v2,rage,fear,fear,false,17,a,random
B-rage-d3-v3,rage,anger,anger,false,17,a,random
B-rage-d3-v4,rage,anger,anger,false,17,a,random
B-terror-d1-v1,terror,fear,fear,false,17,a,random
B-terror-d1-v2,terror,fear,fear,false,17,a,random
B-terror-d1-v3,terror,fear,fear,false,17,a,random
B-terror-d1-v4,terror,fear,fear,false,17,a,random
B-terror-d2-v1,terror,fear,fear,false,17,a,random
B-terror-d2-v2,terror,fear,fear,false,17,a,random
B-terror-d2-v3,terror,fear,fear,false,17,a,random
B-terror-d2-v4,terror,fear,fear,false,17,a,random
B-terror-d3-v1,terror,fear,fear,false,17,a,random
B-terror-d3-v2,terror,fear,fear,false,17,a,random
B-terror-d3-v3,terror,fear,fear,false,17,a,random
B-terror-d3-v4,terror,fear,fear,false,17,a,random
B-vigilance-d1-v1,vigilance,fear,fear,false,17,a,random
B-vigilance-d1-v2,vigilance,fear,fear,false,17,a,random
B-vigilance-d1-v3,vigilance,fear,fear,false,17,a,random
B-vigilance-d1-v4,vigilance,concern,concern,false,17,a,random
B-vigilance-d2-v1,vigilance,fear,fear,false,17,a,random
B-vigilance-d2-v2,vigilance,anxiety,anxiety,false,17,a,random
B-vigilance-d2-v3,vigilance,anxiety,anxiety,false,17,a,random
B-vigilance-d2-v4,vigilance,fear,fear,false,17,a,random
B-vigilance-d3-v1,vigilance,anticipation,anticipation,false,17,a,random
B-vigilance-d3-v2,vigilance,fear,fear,false,17,a,random
B-vigilance-d3-v3,vigilance,fear,fear,false,17,a,random
B-vigilance-d3-v4,vigilance,fear,fear,false,17,a,random
B-admiration-d1-v1,admiration,awe,awe,false,18,a,random
B-admiration-d1-v2,admiration,pride,empathy,true,18,a,random
B-admiration-d1-v3,admiration,love,love,false,18,a,random
B-admiration-d1-v4,admiration,awe,awe,false,18,a,random
B-admiration-d2-v1,admiration,guilt,guilt,false,18,a,random
B-admiration-d2-v2,admiration,sadness,sadness,false,18,a,random
B-admiration-d2-v3,admiration,guilt,guilt,false,18,a,random
B-admiration-d2-v4,admiration,pride,loyalty,true,18,a,random
B-admiration-d3-v1,admiration,pride,pride,false,18,a,random
B-admiration-d3-v2,admiration,relief,hope,true,18,a,random
B-admiration-d3-v3,admiration,determination,determination,false,18,a,random
B-admiration-d3-v4,admiration,empathy,compassion,true,18,a,random
B-amazement-d1-v1,amazement,awe,awe,false,18,a,random
B-amazement-d1-v2,amazement,awe,awe,false,18,a,random
B-amazement-d1-v3,amazement,awe,awe,false,18,a,random
B-amazement-d1-v4,amazement,fear,fear,false,18,a,random
B-amazement-d2-v1,amazement,relief,relief,false,18,a,random
B-amazement-d2-v2,amazement,awe,awe,false,18,a,random
B-amazement-d2-v3,amazement,compassion,compassion,false,18,a,random
B-amazement-d2-v4,amazement,relief,relief,false,18,a,random
B-amazement-d3-v1,amazement,surprise,surprise,false,18,a,random
B-amazement-d3-v2,amazement,surprise,surprise,false,18,a,random
B-amazement-d3-v3,amazement,surprise,surprise,false,18,a,random
B-amazement-d3-v4,amazement,surprise,surprise,false,18,a,random
B-ecstasy-d1-v1,ecstasy,joy,joy,false,18,a,random
B-ecstasy-d1-v2,ecstasy,fear,sadness,true,18,a,random
B-ecstasy-d1-v3,ecstasy,joy,joy,false,18,a,random
B-ecstasy-d1-v4,ecstasy,pride,pride,false,18,a,random
B-ecstasy-d2-v1,ecstasy,joy,joy,false,18,a,random
B-ecstasy-d2-v2,ecstasy,joy,joy,false,18,a,random
B-ecstasy-d2-v3,ecstasy,relief,relief,false,18,a,random
B-ecstasy-d2-v4,ecstasy,happiness,happiness,false,18,a,random
B-ecstasy-d3-v1,ecstasy,joy,joy,false,18,a,random
B-ecstasy-d3-v2,ecstasy,awe,awe,false,18,a,random
B-ecstasy-d3-v3,ecstasy,surprise,surprise,false,18,a,random
B-ecstasy-d3-v4,ecstasy,excitement,surprise,true,18,a,random
B-grief-d1-v1,grief,sadness,sadness,false,18,a,random
B-grief-d1-v2,grief,sadness,sadness,false,18,a,random
B-grief-d1-v3,grief,sadness,sadness,false,18,a,random
B-grief-d1-v4,grief,sadness,sadness,false,18,a,random
B-grief-d2-v1,grief,sadness,sadness,false,18,a,random
B-grief-d2-v2,grief,sadness,sadness,false,18,a,random
B-grief-d2-v3,grief,sadness,sadness,false,18,a,random
B-grief-d2-v4,grief,sadness,sadness,false,18,a,random
B-grief-d3-v1,grief,fear,sadness,true,18,a,random
B-grief-d3-v2,grief,sadness,sadness,false,18,a,random
B-grief-d3-v3,grief,sadness,sadness,false,18,a,random
B-grief-d3-v4,grief,sadness,sadness,false,18,a,random
B-loathing-d1-v1,loathing,disgust,anger,true,18,a,random
B-loathing-d1-v2,loathing,anger,anger,false,18,a,random
B-loathing-d1-v3,loathing,anger,anger,false,18,a,random
B-loathing-d1-v4,loathing,anger,anger,false,18,a,random
B-loathing-d2-v1,loathing,disgust,disgust,false,18,a,random
B-loathing-d2-v2,loathing,disgust,disgust,false,18,a,random
B-loathing-d2-v3,loathing,fear,fear,false,18,a,random
B-loathing-d2-v4,loathing,disgust,disgust,false,18,a,random
B-loathing-d3-v1,loathing,anger,anger,false,18,a,random
B-loathing-d3-v2,loathing,disgust,anger,true,18,a,random
B-loathing-d3-v3,loathing,disgust,irony,true,18,a,random
B-loathing-d3-v4,loathing,anger,anger,false,18,a,random
B-rage-d1-v1,rage,anger,anger,false,18,a,random
B-rage-d1-v2,rage,anger,anger,false,18,a,random
B-rage-d1-v3,rage,anger,anger,false,18,a,random
B-rage-d1-v4,rage,anger,anger,false,18,a,random
B-rage-d2-v1,rage,anger,anger,false,18,a,random
B-rage-d2-v2,rage,anger,anger,false,18,a,random
B-rage-d2-v3,rage,anger,anger,false,18,a,random
B-rage-d2-v4,rage,anger,anger,false,18,a,random
B-rage-d3-v1,rage,anger,anger,false,18,a,random
B-rage-d3-v2,rage,fear,fear,false,18,a,random
B-rage-d3-v3,rage,anger,anger,false,18,a,random
B-rage-d3-v4,rage,anger,anger,false,18,a,random
B-terror-d1-v1,terror,fear,fear,false,18,a,random
B-terror-d1-v2,terror,fear,fear,false,18,a,random
B-terror-d1-v3,terror,fear,fear,false,18,a,random
B-terror-d1-v4,terror,fear,fear,false,18,a,random
B-terror-d2-v1,terror,fear,fear,false,18,a,random
B-terror-d2-v2,terror,fear,fear,false,18,a,random
B-terror-d2-v3,terror,fear,fear,false,18,a,random
B-terror-d2-v4,terror,fear,fear,false,18,a,random
B-terror-d3-v1,terror,fear,fear,false,18,a,random
B-terror-d3-v2,terror,fear,fear,false,18,a,random
B-terror-d3-v3,terror,fear,fear,false,18,a,random
B-terror-d3-v4,terror,fear,fear,false,18,a,random
B-vigilance-d1-v1,vigilance,fear,fear,false,18,a,random
B-vigilance-d1-v2,vigilance,fear,fear,false,18,a,random
B-vigilance-d1-v3,vigilance,fear,fear,false,18,a,random
B-vigilance-d1-v4,vigilance,concern,concern,false,18,a,random
B-vigilance-d2-v1,vigilance,fear,fear,false,18,a,random
B-vigilance-d2-v2,vigilance,anxiety,tension,true,18,a,random
B-vigilance-d2-v3,vigilance,anxiety,excitement,true,18,a,random
B-vigilance-d2-v4,vigilance,fear,fear,false,18,a,random
B-vigilance-d3-v1,vigilance,anticipation,anticipation,false,18,a,random
B-vigilance-d3-v2,vigilance,fear,fear,false,18,a,random
B-vigilance-d3-v3,vigilance,fear,fear,false,18,a,random
B-vigilance-d3-v4,vigilance,fear,fear,false,18,a,random
B-admiration-d1-v1,admiration,awe,awe,false,19,a,random
B-admiration-d1-v2,admiration,pride,pride,false,19,a,random
B-admiration-d1-v3,admiration,love,love,false,19,a,random
B-admiration-d1-v4,admiration,awe,awe,false,19,a,random
B-admiration-d2-v1,admiration,guilt,guilt,false,19,a,random
B-admiration-d2-v2,admiration,sadness,sadness,false,19,a,random
B-admiration-d2-v3,admiration,guilt,guilt,false,19,a,random
B-admiration-d2-v4,admiration,pride,pride,false,19,a,random
B-admiration-d3-v1,admiration,pride,pride,false,19,a,random
B-admiration-d3-v2,admiration,relief,relief,false,19,a,random
B-admiration-d3-v3,admiration,determination,pride,true,19,a,random
B-admiration-d3-v4,admiration,empathy,empathy,false,19,a,random
B-amazement-d1-v1,amazement,awe,awe,false,19,a,random
B-amazement-d1-v2,amazement,awe,awe,false,19,a,random
B-amazement-d1-v3,amazement,awe,awe,false,19,a,random
B-amazement-d1-v4,amazement,fear,fear,false,19,a,random
B-amazement-d2-v1,amazement,relief,relief,false,19,a,random
B-amazement-d2-v2,amazement,awe,awe,false,19,a,random
B-amazement-d2-v3,amazement,compassion,compassion,false,19,a,random
B-amazement-d2-v4,amazement,relief,relief,false,19,a,random
B-amazement-d3-v1,amazement,surprise,joy,true,19,a,random
B-amazement-d3-v2,amazement,surprise,surprise,false,19,a,random
B-amazement-d3-v3,amazement,surprise,relief,true,19,a,random
B-amazement-d3-v4,amazement,surprise,surprise,false,19,a,random
B-ecstasy-d1-v1,ecstasy,joy,joy,false,19,a,random
B-ecstasy-d1-v2,ecstasy,fear,sadness,true,19,a,random
B-ecstasy-d1-v3,ecstasy,joy,joy,false,19,a,random
B-ecstasy-d1-v4,ecstasy,pride,pride,false,19,a,random
B-ecstasy-d2-v1,ecstasy,joy,joy,false,19,a,random
B-ecstasy-d2-v2,ecstasy,joy,joy,false,19,a,random
B-ecstasy-d2-v3,ecstasy,relief,relief,false,19,a,random
B-ecstasy-d2-v4,ecstasy,happiness,happiness,false,19,a,random
B-ecstasy-d3-v1,ecstasy,joy,joy,false,19,a,random
B-ecstasy-d3-v2,ecstasy,awe,awe,false,19,a,random
B-ecstasy-d3-v3,ecstasy,surprise,surprise,false,19,a,random
B-ecstasy-d3-v4,ecstasy,excitement,excitement,false,19,a,random
B-grief-d1-v1,grief,sadness,sadness,false,19,a,random
B-grief-d1-v2,grief,sadness,sadness,false,19,a,random
B-grief-d1-v3,grief,sadness,sadness,false,19,a,random
B-grief-d1-v4,grief,sadness,sadness,false,19,a,random
B-grief-d2-v1,grief,sadness,sadness,false,19,a,random
B-grief-d2-v2,grief,sadness,sadness,false,19,a,random
B-grief-d2-v3,grief,sadness,sadness,false,19,a,random
B-grief-d2-v4,grief,sadness,sadness,false,19,a,random
B-grief-d3-v1,grief,fear,anger,true,19,a,random
B-grief-d3-v2,grief,sadness,sadness,false,19,a,random
B-grief-d3-v3,grief,sadness,sadness,false,19,a,random
B-grief-d3-v4,grief,sadness,sadness,false,19,a,random
B-loathing-d1-v1,loathing,disgust,disgust,false,19,a,random
B-loathing-d1-v2,loathing,anger,anger,false,19,a,random
B-loathing-d1-v3,loathing,anger,anger,false,19,a,random
B-loathing-d1-v4,loathing,anger,anger,false,19,a,random
B-loathing-d2-v1,loathing,disgust,disgust,false,19,a,random
B-loathing-d2-v2,loathing,disgust,disgust,false,19,a,random
B-loathing-d2-v3,loathing,fear,fear,false,19,a,random
B-loathing-d2-v4,loathing,disgust,disgust,false,19,a,random
B-loathing-d3-v1,loathing,anger,disgust,true,19,a,random
B-loathing-d3-v2,loathing,disgust,anger,true,19,a,random
B-loathing-d3-v3,loathing,disgust,disgust,false,19,a,random
B-loathing-d3-v4,loathing,anger,anger,false,19,a,random
B-rage-d1-v1,rage,anger,anger,false,19,a,random
B-rage-d1-v2,rage,anger,anger,false,19,a,random
B-rage-d1-v3,rage,anger,anger,false,19,a,random
B-rage-d1-v4,rage,anger,anger,false,19,a,random
B-rage-d2-v1,rage,anger,anger,false,19,a,random
B-rage-d2-v2,rage,anger,anger,false,19,a,random
B-rage-d2-v3,rage,anger,anger,false,19,a,random
B-rage-d2-v4,rage,anger,anger,false,19,a,random
B-rage-d3-v1,rage,anger,anger,false,19,a,random
B-rage-d3-v2,rage,fear,anger,true,19,a,random
B-rage-d3-v3,rage,anger,anger,false,19,a,random
B-rage-d3-v4,rage,anger,anger,false,19,a,random
B-terror-d1-v1,terror,fear,fear,false,19,a,random
B-terror-d1-v2,terror,fear,fear,false,19,a,random
B-terror-d1-v3,terror,fear,fear,false,19,a,random
B-terror-d1-v4,terror,fear,fear,false,19,a,random
B-terror-d2-v1,terror,fear,fear,false,19,a,random
B-terror-d2-v2,terror,fear,fear,false,19,a,random
B-terror-d2-v3,terror,fear,fear,false,19,a,random
B-terror-d2-v4,terror,fear,fear,false,19,a,random
B-terror-d3-v1,terror,fear,fear,false,19,a,random
B-terror-d3-v2,terror,fear,fear,false,19,a,random
B-terror-d3-v3,terror,fear,fear,false,19,a,random
B-terror-d3-v4,terror,fear,fear,false,19,a,random
B-vigilance-d1-v1,vigilance,fear,fear,false,19,a,random
B-vigilance-d1-v2,vigilance,fear,fear,false,19,a,random
B-vigilance-d1-v3,vigilance,fear,fear,false,19,a,random
B-vigilance-d1-v4,vigilance,concern,concern,false,19,a,random
B-vigilance-d2-v1,vigilance,fear,fear,false,19,a,random
B-vigilance-d2-v2,vigilance,anxiety,anxiety,false,19,a,random
B-vigilance-d2-v3,vigilance,anxiety,excitement,true,19,a,random
B-vigilance-d2-v4,vigilance,fear,fear,false,19,a,random
B-vigilance-d3-v1,vigilance,anticipation,anticipation,false,19,a,random
B-vigilance-d3-v2,vigilance,fear,fear,false,19,a,random
B-vigilance-d3-v3,vigilance,fear,fear,false,19,a,random
B-vigilance-d3-v4,vigilance,fear,fear,false,19,a,random
B-admiration-d1-v1,admiration,awe,awe,false,20,a,random
B-admiration-d1-v2,admiration,pride,pride,false,20,a,random
B-admiration-d1-v3,admiration,love,awe,true,20,a,random
B-admiration-d1-v4,admiration,awe,awe,false,20,a,random
B-admiration-d2-v1,admiration,guilt,guilt,false,20,a,random
B-admiration-d2-v2,admiration,sadness,sadness,false,20,a,random
B-admiration-d2-v3,admiration,guilt,guilt,false,20,a,random
B-admiration-d2-v4,admiration,pride,pride,false,20,a,random
B-admiration-d3-v1,admiration,pride,pride,false,20,a,random
B-admiration-d3-v2,admiration,relief,relief,false,20,a,random
B-admiration-d3-v3,admiration,determination,pride,true,20,a,random
B-admiration-d3-v4,admiration,empathy,empathy,false,20,a,random
B-amazement-d1-v1,amazement,awe,awe,false,20,a,random
B-amazement-d1-v2,amazement,awe,awe,false,20,a,random
B-amazement-d1-v3,amazement,awe,awe,false,20,a,random
B-amazement-d1-v4,amazement,fear,fear,false,20,a,random
B-amazement-d2-v1,amazement,relief,relief,false,20,a,random
B-amazement-d2-v2,amazement,awe,awe,false,20,a,random
B-amazement-d2-v3,amazement,compassion,compassion,false,20,a,random
B-amazement-d2-v4,amazement,relief,relief,false,20,a,random
B-amazement-d3-v1,amazement,surprise,surprise,false,20,a,random
B-amazement-d3-v2,amazement,surprise,surprise,false,20,a,random
B-amazement-d3-v3,amazement,surprise,surprise,false,20,a,random
B-amazement-d3-v4,amazement,surprise,surprise,false,20,a,random
B-ecstasy-d1-v1,ecstasy,joy,joy,false,20,a,random
B-ecstasy-d1-v2,ecstasy,fear,fear,false,20,a,random
B-ecstasy-d1-v3,ecstasy,joy,excitement,true,20,a,random
B-ecstasy-d1-v4,ecstasy,pride,pride,false,20,a,random
B-ecstasy-d2-v1,ecstasy,joy,joy,false,20,a,random
B-ecstasy-d2-v2,ecstasy,joy,joy,false,20,a,random
B-ecstasy-d2-v3,ecstasy,relief,relief,false,20,a,random
B-ecstasy-d2-v4,ecstasy,happiness,happiness,false,20,a,random
B-ecstasy-d3-v1,ecstasy,joy,joy,false,20,a,random
B-ecstasy-d3-v2,ecstasy,awe,awe,false,20,a,random
B-ecstasy-d3-v3,ecstasy,surprise,surprise,false,20,a,random
B-ecstasy-d3-v4,ecstasy,excitement,excitement,false,20,a,random
B-grief-d1-v1,grief,sadness,sadness,false,20,a,random
B-grief-d1-v2,grief,sadness,sadness,false,20,a,random
B-grief-d1-v3,grief,sadness,sadness,false,20,a,random
B-grief-d1-v4,grief,sadness,sadness,false,20,a,random
B-grief-d2-v1,grief,sadness,sadness,false,20,a,random
B-grief-d2-v2,grief,sadness,sadness,false,20,a,random
B-grief-d2-v3,grief,sadness,sadness,false,20,a,random
B-grief-d2-v4,grief,sadness,sadness,false,20,a,random
B-grief-d3-v1,grief,fear,anger,true,20,a,random
B-grief-d3-v2,grief,sadness,sadness,false,20,a,random
B-grief-d3-v3,grief,sadness,sadness,false,20,a,random
B-grief-d3-v4,grief,sadness,sadness,false,20,a,random
B-loathing-d1-v1,loathing,disgust,anger,true,20,a,random
B-loathing-d1-v2,loathing,anger,anger,false,20,a,random
B-loathing-d1-v3,loathing,anger,anger,false,20,a,random
B-loathing-d1-v4,loathing,anger,anger,false,20,a,random
B-loathing-d2-v1,loathing,disgust,disgust,false,20,a,random
B-loathing-d2-v2,loathing,disgust,disgust,false,20,a,random
B-loathing-d2-v3,loathing,fear,fear,false,20,a,random
B-loathing-d2-v4,loathing,disgust,disgust,false,20,a,random
B-loathing-d3-v1,loathing,anger,anger,false,20,a,random
B-loathing-d3-v2,loathing,disgust,disgust,false,20,a,random
B-loathing-d3-v3,loathing,disgust,irony,true,20,a,random
B-loathing-d3-v4,loathing,anger,anger,false,20,a,random
B-rage-d1-v1,rage,anger,anger,false,20,a,random
B-rage-d1-v2,rage,anger,anger,false,20,a,random
B-rage-d1-v3,rage,anger,anger,false,20,a,random
B-rage-d1-v4,rage,anger,anger,false,20,a,random
B-rage-d2-v1,rage,anger,anger,false,20,a,random
B-rage-d2-v2,rage,anger,anger,false,20,a,random
B-rage-d2-v3,rage,anger,anger,false,20,a,random
B-rage-d2-v4,rage,anger,anger,false,20,a,random
B-rage-d3-v1,rage,anger,anger,false,20,a,random
B-rage-d3-v2,rage,fear,fear,false,20,a,random
B-rage-d3-v3,rage,anger,anger,false,20,a,random
B-rage-d3-v4,rage,anger,anger,false,20,a,random
B-terror-d1-v1,terror,fear,fear,false,20,a,random
B-terror-d1-v2,terror,fear,fear,false,20,a,random
B-terror-d1-v3,terror,fear,fear,false,20,a,random
B-terror-d1-v4,terror,fear,fear,false,20,a,random
B-terror-d2-v1,terror,fear,fear,false,20,a,random
B-terror-d2-v2,terror,fear,fear,false,20,a,random
B-terror-d2-v3,terror,fear,fear,false,20,a,random
B-terror-d2-v4,terror,fear,fear,false,20,a,random
B-terror-d3-v1,terror,fear,fear,false,20,a,random
B-terror-d3-v2,terror,fear,fear,false,20,a,random
B-terror-d3-v3,terror,fear,fear,false,20,a,random
B-terror-d3-v4,terror,fear,fear,false,20,a,random
B-vigilance-d1-v1,vigilance,fear,fear,false,20,a,random
B-vigilance-d1-v2,vigilance,fear,fear,false,20,a,random
B-vigilance-d1-v3,vigilance,fear,fear,false,20,a,random
B-vigilance-d1-v4,vigilance,concern,concern,false,20,a,random
B-vigilance-d2-v1,vigilance,fear,fear,false,20,a,random
B-vigilance-d2-v2,vigilance,anxiety,anxiety,false,20,a,random
B-vigilance-d2-v3,vigilance,anxiety,anxiety,false,20,a,random
B-vigilance-d2-v4,vigilance,fear,concentration,true,20,a,random
B-vigilance-d3-v1,vigilance,anticipation,anticipation,false,20,a,random
B-vigilance-d3-v2,vigilance,fear,fear,false,20,a,random
B-vigilance-d3-v3,vigilance,fear,fear,false,20,a,random
B-vigilance-d3-v4,vigilance,fear,fear,false,20,a,random
B-admiration-d1-v1,admiration,awe,awe,false,21,a,random
B-admiration-d1-v2,admiration,pride,pride,false,21,a,random
B-admiration-d1-v3,admiration,love,love,false,21,a,random
B-admiration-d1-v4,admiration,awe,awe,false,21,a,random
B-admiration-d2-v1,admiration,guilt,guilt,false,21,a,random
B-admiration-d2-v2,admiration,sadness,sadness,false,21,a,random
B-admiration-d2-v3,admiration,guilt,guilt,false,21,a,random
B-admiration-d2-v4,admiration,pride,pride,false,21,a,random
B-admiration-d3-v1,admiration,pride,pride,false,21,a,random
B-admiration-d3-v2,admiration,relief,joy,true,21,a,random
B-admiration-d3-v3,admiration,determination,pride,true,21,a,random
B-admiration-d3-v4,admiration,empathy,empathy,false,21,a,random
B-amazement-d1-v1,amazement,awe,awe,false,21,a,random
B-amazement-d1-v2,amazement,awe,awe,false,21,a,random
B-amazement-d1-v3,amazement,awe,awe,false,21,a,random
B-amazement-d1-v4,amazement,fear,fear,false,21,a,random
B-amazement-d2-v1,amazement,relief,relief,false,21,a,random
B-amazement-d2-v2,amazement,awe,awe,false,21,a,random
B-amazement-d2-v3,amazement,compassion,compassion,false,21,a,random
B-amazement-d2-v4,amazement,relief,relief,false,21,a,random
B-amazement-d3-v1,amazement,surprise,joy,true,21,a,random
B-amazement-d3-v2,amazement,surprise,excitement,true,21,a,random
B-amazement-d3-v3,amazement,surprise,surprise,false,21,a,random
B-amazement-d3-v4,amazement,surprise,surprise,false,21,a,random
B-ecstasy-d1-v1,ecstasy,joy,joy,false,21,a,random
B-ecstasy-d1-v2,ecstasy,fear,fear,false,21,a,random
B-ecstasy-d1-v3,ecstasy,joy,joy,false,21,a,random
B-ecstasy-d1-v4,ecstasy,pride,pride,false,21,a,random
B-ecstasy-d2-v1,ecstasy,joy,joy,false,21,a,random
B-ecstasy-d2-v2,ecstasy,joy,happiness,true,21,a,random
B-ecstasy-d2-v3,ecstasy,relief,joy,true,21,a,random
B-ecstasy-d2-v4,ecstasy,happiness,happiness,false,21,a,random
B-ecstasy-d3-v1,ecstasy,joy,joy,false,21,a,random
B-ecstasy-d3-v2,ecstasy,awe,awe,false,21,a,random
B-ecstasy-d3-v3,ecstasy,surprise,excitement,true,21,a,random
B-ecstasy-d3-v4,ecstasy,excitement,excitement,false,21,a,random
B-grief-d1-v1,grief,sadness,sadness,false,21,a,random
B-grief-d1-v2,grief,sadness,sadness,false,21,a,random
B-grief-d1-v3,grief,sadness,sadness,false,21,a,random
B-grief-d1-v4,grief,sadness,sadness,false,21,a,random
B-grief-d2-v1,grief,sadness,sadness,false,21,a,random
B-grief-d2-v2,grief,sadness,sadness,false,21,a,random
B-grief-d2-v3,grief,sadness,sadness,false,21,a,random
B-grief-d2-v4,grief,sadness,sadness,false,21,a,random
B-grief-d3-v1,grief,fear,anger,true,21,a,random
B-grief-d3-v2,grief,sadness,sadness,false,21,a,random
B-grief-d3-v3,grief,sadness,sadness,false,21,a,random
B-grief-d3-v4,grief,sadness,sadness,false,21,a,random
B-loathing-d1-v1,loathing,disgust,disgust,false,21,a,random
B-loathing-d1-v2,loathing,anger,anger,false,21,a,random
B-loathing-d1-v3,loathing,anger,anger,false,21,a,random
B-loathing-d1-v4,loathing,anger,anger,false,21,a,random
B-loathing-d2-v1,loathing,disgust,disgust,false,21,a,random
B-loathing-d2-v2,loathing,disgust,disgust,false,21,a,random
B-loathing-d2-v3,loathing,fear,fear,false,21,a,random
B-loathing-d2-v4,loathing,disgust,disgust,false,21,a,random
B-loathing-d3-v1,loathing,anger,anger,false,21,a,random
B-loathing-d3-v2,loathing,disgust,disgust,false,21,a,random
B-loathing-d3-v3,loathing,disgust,disgust,false,21,a,random
B-loathing-d3-v4,loathing,anger,anger,false,21,a,random
B-rage-d1-v1,rage,anger,anger,false,21,a,random
B-rage-d1-v2,rage,anger,anger,false,21,a,random
B-rage-d1-v3,rage,anger,anger,false,21,a,random
B-rage-d1-v4,rage,anger,anger,false,21,a,random
B-rage-d2-v1,rage,anger,anger,false,21,a,random
B-rage-d2-v2,rage,anger,anger,false,21,a,random
B-rage-d2-v3,rage,anger,anger,false,21,a,random
B-rage-d2-v4,rage,anger,anger,false,21,a,random
B-rage-d3-v1,rage,anger,anger,false,21,a,random
B-rage-d3-v2,rage,fear,fear,false,21,a,random
B-rage-d3-v3,rage,anger,anger,false,21,a,random
B-rage-d3-v4,rage,anger,anger,false,21,a,random
B-terror-d1-v1,terror,fear,fear,false,21,a,random
B-terror-d1-v2,terror,fear,fear,false,21,a,random
B-terror-d1-v3,terror,fear,fear,false,21,a,random
B-terror-d1-v4,terror,fear,fear,false,21,a,random
B-terror-d2-v1,terror,fear,fear,false,21,a,random
B-terror-d2-v2,terror,fear,fear,false,21,a,random
B-terror-d2-v3,terror,fear,fear,false,21,a,random
B-terror-d2-v4,terror,fear,fear,false,21,a,random
B-terror-d3-v1,terror,fear,fear,false,21,a,random
B-terror-d3-v2,terror,fear,fear,false,21,a,random
B-terror-d3-v3,terror,fear,fear,false,21,a,random
B-terror-d3-v4,terror,fear,fear,false,21,a,random
B-vigilance-d1-v1,vigilance,fear,fear,false,21,a,random
B-vigilance-d1-v2,vigilance,fear,fear,false,21,a,random
B-vigilance-d1-v3,vigilance,fear,fear,false,21,a,random
B-vigilance-d1-v4,vigilance,concern,concern,false,21,a,random
B-vigilance-d2-v1,vigilance,fear,fear,false,21,a,random
B-vigilance-d2-v2,vigilance,anxiety,anxiety,false,21,a,random
B-vigilance-d2-v3,vigilance,anxiety,excitement,true,21,a,random
B-vigilance-d2-v4,vigilance,fear,fear,false,21,a,random
B-vigilance-d3-v1,vigilance,anticipation,anticipation,false,21,a,random
B-vigilance-d3-v2,vigilance,fear,fear,false,21,a,random
B-vigilance-d3-v3,vigilance,fear,fear,false,21,a,random
B-vigilance-d3-v4,vigilance,fear,fear,false,21,a,random
B-admiration-d1-v1,admiration,awe,awe,false,22,a,random
B-admiration-d1-v2,admiration,pride,empathy,true,22,a,random
B-admiration-d1-v3,admiration,love,love,false,22,a,random
B-admiration-d1-v4,admiration,awe,awe,false,22,a,random
B-admiration-d2-v1,admiration,guilt,guilt,false,22,a,random
B-admiration-d2-v2,admiration,sadness,sadness,false,22,a,random
B-admiration-d2-v3,admiration,guilt,guilt,false,22,a,random
B-admiration-d2-v4,admiration,pride,pride,false,22,a,random
B-admiration-d3-v1,admiration,pride,pride,false,22,a,random
B-admiration-d3-v2,admiration,relief,joy,true,22,a,random
B-admiration-d3-v3,admiration,determination,determination,false,22,a,random
B-admiration-d3-v4,admiration,empathy,empathy,false,22,a,random
B-amazement-d1-v1,amazement,awe,awe,false,22,a,random
B-amazement-d1-v2,amazement,awe,awe,false,22,a,random
B-amazement-d1-v3,amazement,awe,awe,false,22,a,random
B-amazement-d1-v4,amazement,fear,fear,false,22,a,random
B-amazement-d2-v1,amazement,relief,relief,false,22,a,random
B-amazement-d2-v2,amazement,awe,awe,false,22,a,random
B-amazement-d2-v3,amazement,compassion,compassion,false,22,a,random
B-amazement-d2-v4,amazement,relief,relief,false,22,a,random
B-amazement-d3-v1,amazement,surprise,surprise,false,22,a,random
B-amazement-d3-v2,amazement,surprise,surprise,false,22,a,random
B-amazement-d3-v3,amazement,surprise,surprise,false,22,a,random
B-amazement-d3-v4,amazement,surprise,surprise,false,22,a,random
B-ecstasy-d1-v1,ecstasy,joy,joy,false,22,a,random
B-ecstasy-d1-v2,ecstasy,fear,sadness,true,22,a,random
B-ecstasy-d1-v3,ecstasy,joy,joy,false,22,a,random
B-ecstasy-d1-v4,ecstasy,pride,pride,false,22,a,random
B-ecstasy-d2-v1,ecstasy,joy,joy,false,22,a,random
B-ecstasy-d2-v2,ecstasy,joy,joy,false,22,a,random
B-ecstasy-d2-v3,ecstasy,relief,joy,true,22,a,random
B-ecstasy-d2-v4,ecstasy,happiness,joy,true,22,a,random
B-ecstasy-d3-v1,ecstasy,joy,joy,false,22,a,random
B-ecstasy-d3-v2,ecstasy,awe,awe,false,22,a,random
B-ecstasy-d3-v3,ecstasy,surprise,surprise,false,22,a,random
B-ecstasy-d3-v4,ecstasy,excitement,excitement,false,22,a,random
B-grief-d1-v1,grief,sadness,sadness,false,22,a,random
B-grief-d1-v2,grief,sadness,sadness,false,22,a,random
B-grief-d1-v3,grief,sadness,sadness,false,22,a,random
B-grief-d1-v4,grief,sadness,sadness,false,22,a,random
B-grief-d2-v1,grief,sadness,sadness,false,22,a,random
B-grief-d2-v2,grief,sadness,sadness,false,22,a,random
B-grief-d2-v3,grief,sadness,sadness,false,22,a,random
B-grief-d2-v4,grief,sadness,sadness,false,22,a,random
B-grief-d3-v1,grief,fear,fear,false,22,a,random
B-grief-d3-v2,grief,sadness,sadness,false,22,a,random
B-grief-d3-v3,grief,sadness,sadness,false,22,a,random
B-grief-d3-v4,grief,sadness,sadness,false,22,a,random
B-loathing-d1-v1,loathing,disgust,disgust,false,22,a,random
B-loathing-d1-v2,loathing,anger,anger,false,22,a,random
B-loathing-d1-v3,loathing,anger,anger,false,22,a,random
B-loathing-d1-v4,loathing,anger,anger,false,22,a,random
B-loathing-d2-v1,loathing,disgust,disgust,false,22,a,random
B-loathing-d2-v2,loathing,disgust,disgust,false,22,a,random
B-loathing-d2-v3,loathing,fear,fear,false,22,a,random
B-loathing-d2-v4,loathing,disgust,disgust,false,22,a,random
B-loathing-d3-v1,loathing,anger,anger,false,22,a,random
B-loathing-d3-v2,loathing,disgust,disgust,false,22,a,random
B-loathing-d3-v3,loathing,disgust,disgust,false,22,a,random
B-loathing-d3-v4,loathing,anger,anger,false,22,a,random
B-rage-d1-v1,rage,anger,anger,false,22,a,random
B-rage-d1-v2,rage,anger,anger,false,22,a,random
B-rage-d1-v3,rage,anger,anger,false,22,a,random
B-rage-d1-v4,rage,anger,anger,false,22,a,random
B-rage-d2-v1,rage,anger,anger,false,22,a,random
B-rage-d2-v2,rage,anger,anger,false,22,a,random
B-rage-d2-v3,rage,anger,anger,false,22,a,random
B-rage-d2-v4,rage,anger,anger,false,22,a,random
B-rage-d3-v1,rage,anger,anger,false,22,a,random
B-rage-d3-v2,rage,fear,fear,false,22,a,random
B-rage-d3-v3,rage,anger,anger,false,22,a,random
B-rage-d3-v4,rage,anger,anger,false,22,a,random
B-terror-d1-v1,terror,fear,fear,false,22,a,random
B-terror-d1-v2,terror,fear,fear,false,22,a,random
B-terror-d1-v3,terror,fear,fear,false,22,a,random
B-terror-d1-v4,terror,fear,fear,false,22,a,random
B-terror-d2-v1,terror,fear,fear,false,22,a,random
B-terror-d2-v2,terror,fear,fear,false,22,a,random
B-terror-d2-v3,terror,fear,fear,false,22,a,random
B-terror-d2-v4,terror,fear,fear,false,22,a,random
B-terror-d3-v1,terror,fear,fear,false,22,a,random
B-terror-d3-v2,terror,fear,fear,false,22,a,random
B-terror-d3-v3,terror,fear,fear,false,22,a,random
B-terror-d3-v4,terror,fear,fear,false,22,a,random
B-vigilance-d1-v1,vigilance,fear,fear,false,22,a,random
B-vigilance-d1-v2,vigilance,fear,fear,false,22,a,random
B-vigilance-d1-v3,vigilance,fear,fear,false,22,a,random
B-vigilance-d1-v4,vigilance,concern,concern,false,22,a,random
B-vigilance-d2-v1,vigilance,fear,fear,false,22,a,random
B-vigilance-d2-v2,vigilance,anxiety,anxiety,false,22,a,random
B-vigilance-d2-v3,vigilance,anxiety,anxiety,false,22,a,random
B-vigilance-d2-v4,vigilance,fear,fear,false,22,a,random
B-vigilance-d3-v1,vigilance,anticipation,anticipation,false,22,a,random
B-vigilance-d3-v2,vigilance,fear,fear,false,22,a,random
B-vigilance-d3-v3,vigilance,fear,fear,false,22,a,random
B-vigilance-d3-v4,vigilance,fear,fear,false,22,a,random
B-admiration-d1-v1,admiration,awe,awe,false,23,a,random
B-admiration-d1-v2,admiration,pride,pride,false,23,a,random
B-admiration-d1-v3,admiration,love,love,false,23,a,random
B-admiration-d1-v4,admiration,awe,awe,false,23,a,random
B-admiration-d2-v1,admiration,guilt,guilt,false,23,a,random
B-admiration-d2-v2,admiration,sadness,sadness,false,23,a,random
B-admiration-d2-v3,admiration,guilt,guilt,false,23,a,random
B-admiration-d2-v4,admiration,pride,pride,false,23,a,random
B-admiration-d3-v1,admiration,pride,pride,false,23,a,random
B-admiration-d3-v2,admiration,relief,relief,false,23,a,random
B-admiration-d3-v3,admiration,determination,determination,false,23,a,random
B-admiration-d3-v4,admiration,empathy,compassion,true,23,a,random
B-amazement-d1-v1,amazement,awe,awe,false,23,a,random
B-amazement-d1-v2,amazement,awe,awe,false,23,a,random
B-amazement-d1-v3,amazement,awe,awe,false,23,a,random
B-amazement-d1-v4,amazement,fear,fear,false,23,a,random
B-amazement-d2-v1,amazement,relief,relief,false,23,a,random
B-amazement-d2-v2,amazement,awe,awe,false,23,a,random
B-amazement-d2-v3,amazement,compassion,compassion,false,23,a,random
B-amazement-d2-v4,amazement,relief,relief,false,23,a,random
B-amazement-d3-v1,amazement,surprise,surprise,false,23,a,random
B-amazement-d3-v2,amazement,surprise,surprise,false,23,a,random
B-amazement-d3-v3,amazement,surprise,surprise,false,23,a,random
B-amazement-d3-v4,amazement,surprise,surprise,false,23,a,random
B-ecstasy-d1-v1,ecstasy,joy,joy,false,23,a,random
B-ecstasy-d1-v2,ecstasy,fear,fear,false,23,a,random
B-ecstasy-d1-v3,ecstasy,joy,joy,false,23,a,random
B-ecstasy-d1-v4,ecstasy,pride,pride,false,23,a,random
B-ecstasy-d2-v1,ecstasy,joy,joy,false,23,a,random
B-ecstasy-d2-v2,ecstasy,joy,joy,false,23,a,random
B-ecstasy-d2-v3,ecstasy,relief,joy,true,23,a,random
B-ecstasy-d2-v4,ecstasy,happiness,happiness,false,23,a,random
B-ecstasy-d3-v1,ecstasy,joy,joy,false,23,a,random
B-ecstasy-d3-v2,ecstasy,awe,awe,false,23,a,random
B-ecstasy-d3-v3,ecstasy,surprise,surprise,false,23,a,random
B-ecstasy-d3-v4,ecstasy,excitement,excitement,false,23,a,random
B-grief-d1-v1,grief,sadness,sadness,false,23,a,random
B-grief-d1-v2,grief,sadness,sadness,false,23,a,random
B-grief-d1-v3,grief,sadness,sadness,false,23,a,random
B-grief-d1-v4,grief,sadness,sadness,false,23,a,random
B-grief-d2-v1,grief,sadness,sadness,false,23,a,random
B-grief-d2-v2,grief,sadness,sadness,false,23,a,random
B-grief-d2-v3,grief,sadness,sadness,false,23,a,random
B-grief-d2-v4,grief,sadness,sadness,false,23,a,random
B-grief-d3-v1,grief,fear,fear,false,23,a,random
B-grief-d3-v2,grief,sadness,sadness,false,23,a,random
B-grief-d3-v3,grief,sadness,sadness,false,23,a,random
B-grief-d3-v4,grief,sadness,sadness,false,23,a,random
B-loathing-d1-v1,loathing,disgust,disgust,false,23,a,random
B-loathing-d1-v2,loathing,anger,anger,false,23,a,random
B-loathing-d1-v3,loathing,anger,anger,false,23,a,random
B-loathing-d1-v4,loathing,anger,anger,false,23,a,random
B-loathing-d2-v1,loathing,disgust,disgust,false,23,a,random
B-loathing-d2-v2,loathing,disgust,disgust,false,23,a,random
B-loathing-d2-v3,loathing,fear,fear,false,23,a,random
B-loathing-d2-v4,loathing,disgust,disgust,false,23,a,random
B-loathing-d3-v1,loathing,anger,anger,false,23,a,random
B-loathing-d3-v2,loathing,disgust,disgust,false,23,a,random
B-loathing-d3-v3,loathing,disgust,disgust,false,23,a,random
B-loathing-d3-v4,loathing,anger,anger,false,23,a,random
B-rage-d1-v1,rage,anger,anger,false,23,a,random
B-rage-d1-v2,rage,anger,anger,false,23,a,random
B-rage-d1-v3,rage,anger,anger,false,23,a,random
B-rage-d1-v4,rage,anger,anger,false,23,a,random
B-rage-d2-v1,rage,anger,anger,false,23,a,random
B-rage-d2-v2,rage,anger,anger,false,23,a,random
B-rage-d2-v3,rage,anger,anger,false,23,a,random
B-rage-d2-v4,rage,anger,anger,false,23,a,random
B-rage-d3-v1,rage,anger,anger,false,23,a,random
B-rage-d3-v2,rage,fear,fear,false,23,a,random
B-rage-d3-v3,rage,anger,anger,false,23,a,random
B-rage-d3-v4,rage,anger,anger,false,23,a,random
B-terror-d1-v1,terror,fear,fear,false,23,a,random
B-terror-d1-v2,terror,fear,fear,false,23,a,random
B-terror-d1-v3,terror,fear,fear,false,23,a,random
B-terror-d1-v4,terror,fear,fear,false,23,a,random
B-terror-d2-v1,terror,fear,fear,false,23,a,random
B-terror-d2-v2,terror,fear,fear,false,23,a,random
B-terror-d2-v3,terror,fear,fear,false,23,a,random
B-terror-d2-v4,terror,fear,fear,false,23,a,random
B-terror-d3-v1,terror,fear,fear,false,23,a,random
B-terror-d3-v2,terror,fear,fear,false,23,a,random
B-terror-d3-v3,terror,fear,fear,false,23,a,random
B-terror-d3-v4,terror,fear,fear,false,23,a,random
B-vigilance-d1-v1,vigilance,fear,fear,false,23,a,random
B-vigilance-d1-v2,vigilance,fear,fear,false,23,a,random
B-vigilance-d1-v3,vigilance,fear,fear,false,23,a,random
B-vigilance-d1-v4,vigilance,concern,concern,false,23,a,random
B-vigilance-d2-v1,vigilance,fear,fear,false,23,a,random
B-vigilance-d2-v2,vigilance,anxiety,anxiety,false,23,a,random
B-vigilance-d2-v3,vigilance,anxiety,anxiety,false,23,a,random
B-vigilance-d2-v4,vigilance,fear,fear,false,23,a,random
B-vigilance-d3-v1,vigilance,anticipation,anticipation,false,23,a,random
B-vigilance-d3-v2,vigilance,fear,fear,false,23,a,random
B-vigilance-d3-v3,vigilance,fear,fear,false,23,a,random
B-vigilance-d3-v4,vigilance,fear,fear,false,23,a,random
B-admiration-d1-v1,admiration,awe,awe,false,24,a,random
B-admiration-d1-v2,admiration,pride,pride,false,24,a,random
B-admiration-d1-v3,admiration,love,love,false,24,a,random
B-admiration-d1-v4,admiration,awe,awe,false,24,a,random
B-admiration-d2-v1,admiration,guilt,guilt,false,24,a,random
B-admiration-d2-v2,admiration,sadness,sadness,false,24,a,random
B-admiration-d2-v3,admiration,guilt,guilt,false,24,a,random
B-admiration-d2-v4,admiration,pride,pride,false,24,a,random
B-admiration-d3-v1,admiration,pride,pride,false,24,a,random
B-admiration-d3-v2,admiration,relief,relief,false,24,a,random
B-admiration-d3-v3,admiration,determination,determination,false,24,a,random
B-admiration-d3-v4,admiration,empathy,empathy,false,24,a,random
B-amazement-d1-v1,amazement,awe,awe,false,24,a,random
B-amazement-d1-v2,amazement,awe,awe,false,24,a,random
B-amazement-d1-v3,amazement,awe,awe,false,24,a,random
B-amazement-d1-v4,amazement,fear,fear,false,24,a,random
B-amazement-d2-v1,amazement,relief,fear,true,24,a,random
B-amazement-d2-v2,amazement,awe,awe,false,24,a,random
B-amazement-d2-v3,amazement,compassion,compassion,false,24,a,random
B-amazement-d2-v4,amazement,relief,relief,false,24,a,random
B-amazement-d3-v1,amazement,surprise,joy,true,24,a,random
B-amazement-d3-v2,amazement,surprise,surprise,false,24,a,random
B-amazement-d3-v3,amazement,surprise,surprise,false,24,a,random
B-amazement-d3-v4,amazement,surprise,surprise,false,24,a,random
B-ecstasy-d1-v1,ecstasy,joy,joy,false,24,a,random
B-ecstasy-d1-v2,ecstasy,fear,fear,false,24,a,random
B-ecstasy-d1-v3,ecstasy,joy,joy,false,24,a,random
B-ecstasy-d1-v4,ecstasy,pride,pride,false,24,a,random
B-ecstasy-d2-v1,ecstasy,joy,joy,false,24,a,random
B-ecstasy-d2-v2,ecstasy,joy,joy,false,24,a,random
B-ecstasy-d2-v3,ecstasy,relief,joy,true,24,a,random
B-ecstasy-d2-v4,ecstasy,happiness,happiness,false,24,a,random
B-ecstasy-d3-v1,ecstasy,joy,joy,false,24,a,random
B-ecstasy-d3-v2,ecstasy,awe,awe,false,24,a,random
B-ecstasy-d3-v3,ecstasy,surprise,surprise,false,24,a,random
B-ecstasy-d3-v4,ecstasy,excitement,excitement,false,24,a,random
B-grief-d1-v1,grief,sadness,sadness,false,24,a,random
B-grief-d1-v2,grief,sadness,sadness,false,24,a,random
B-grief-d1-v3,grief,sadness,sadness,false,24,a,random
B-grief-d1-v4,grief,sadness,sadness,false,24,a,random
B-grief-d2-v1,grief,sadness,sadness,false,24,a,random
B-grief-d2-v2,grief,sadness,sadness,false,24,a,random
B-grief-d2-v3,grief,sadness,sadness,false,24,a,random
B-grief-d2-v4,grief,sadness,sadness,false,24,a,random
B-grief-d3-v1,grief,fear,fear,false,24,a,random
B-grief-d3-v2,grief,sadness,sadness,false,24,a,random
B-grief-d3-v3,grief,sadness,sadness,false,24,a,random
B-grief-d3-v4,grief,sadness,sadness,false,24,a,random
B-loathing-d1-v1,loathing,disgust,disgust,false,24,a,random
B-loathing-d1-v2,loathing,anger,anger,false,24,a,random
B-loathing-d1-v3,loathing,anger,anger,false,24,a,random
B-loathing-d1-v4,loathing,anger,anger,false,24,a,random
B-loathing-d2-v1,loathing,disgust,disgust,false,24,a,random
B-loathing-d2-v2,loathing,disgust,disgust,false,24,a,random
B-loathing-d2-v3,loathing,fear,fear,false,24,a,random
B-loathing-d2-v4,loathing,disgust,disgust,false,24,a,random
B-loathing-d3-v1,loathing,anger,anger,false,24,a,random
B-loathing-d3-v2,loathing,disgust,anger,true,24,a,random
B-loathing-d3-v3,loathing,disgust,disgust,false,24,a,random
B-loathing-d3-v4,loathing,anger,anger,false,24,a,random
B-rage-d1-v1,rage,anger,anger,false,24,a,random
B-rage-d1-v2,rage,anger,anger,false,24,a,random
B-rage-d1-v3,rage,anger,anger,false,24,a,random
B-rage-d1-v4,rage,anger,anger,false,24,a,random
B-rage-d2-v1,rage,anger,anger,false,24,a,random
B-rage-d2-v2,rage,anger,anger,false,24,a,random
B-rage-d2-v3,rage,anger,anger,false,24,a,random
B-rage-d2-v4,rage,anger,anger,false,24,a,random
B-rage-d3-v1,rage,anger,anger,false,24,a,random
B-rage-d3-v2,rage,fear,fear,false,24,a,random
B-rage-d3-v3,rage,anger,anger,false,24,a,random
B-rage-d3-v4,rage,anger,anger,false,24,a,random
B-terror-d1-v1,terror,fear,fear,false,24,a,random
B-terror-d1-v2,terror,fear,fear,false,24,a,random
B-terror-d1-v3,terror,fear,fear,false,24,a,random
B-terror-d1-v4,terror,fear,fear,false,24,a,random
B-terror-d2-v1,terror,fear,fear,false,24,a,random
B-terror-d2-v2,terror,fear,fear,false,24,a,random
B-terror-d2-v3,terror,fear,fear,false,24,a,random
B-terror-d2-v4,terror,fear,fear,false,24,a,random
B-terror-d3-v1,terror,fear,fear,false,24,a,random
B-terror-d3-v2,terror,fear,fear,false,24,a,random
B-terror-d3-v3,terror,fear,fear,false,24,a,random
B-terror-d3-v4,terror,fear,fear,false,24,a,random
B-vigilance-d1-v1,vigilance,fear,fear,false,24,a,random
B-vigilance-d1-v2,vigilance,fear,fear,false,24,a,random
B-vigilance-d1-v3,vigilance,fear,fear,false,24,a,random
B-vigilance-d1-v4,vigilance,concern,concern,false,24,a,random
B-vigilance-d2-v1,vigilance,fear,fear,false,24,a,random
B-vigilance-d2-v2,vigilance,anxiety,anxiety,false,24,a,random
B-vigilance-d2-v3,vigilance,anxiety,anxiety,false,24,a,random
B-vigilance-d2-v4,vigilance,fear,fear,false,24,a,random
B-vigilance-d3-v1,vigilance,anticipation,anticipation,false,24,a,random
B-vigilance-d3-v2,vigilance,fear,fear,false,24,a,random
B-vigilance-d3-v3,vigilance,fear,fear,false,24,a,random
B-vigilance-d3-v4,vigilance,fear,fear,false,24,a,random
B-admiration-d1-v1,admiration,awe,awe,false,25,a,random
B-admiration-d1-v2,admiration,pride,pride,false,25,a,random
B-admiration-d1-v3,admiration,love,love,false,25,a,random
B-admiration-d1-v4,admiration,awe,awe,false,25,a,random
B-admiration-d2-v1,admiration,guilt,guilt,false,25,a,random
B-admiration-d2-v2,admiration,sadness,sadness,false,25,a,random
B-admiration-d2-v3,admiration,guilt,guilt,false,25,a,random
B-admiration-d2-v4,admiration,pride,loyalty,true,25,a,random
B-admiration-d3-v1,admiration,pride,pride,false,25,a,random
B-admiration-d3-v2,admiration,relief,relief,false,25,a,random
B-admiration-d3-v3,admiration,determination,determination,false,25,a,random
B-admiration-d3-v4,admiration,empathy,empathy,false,25,a,random
B-amazement-d1-v1,amazement,awe,awe,false,25,a,random
B-amazement-d1-v2,amazement,awe,awe,false,25,a,random
B-amazement-d1-v3,amazement,awe,awe,false,25,a,random
B-amazement-d1-v4,amazement,fear,fear,false,25,a,random
B-amazement-d2-v1,amazement,relief,relief,false,25,a,random
B-amazement-d2-v2,amazement,awe,awe,false,25,a,random
B-amazement-d2-v3,amazement,compassion,compassion,false,25,a,random
B-amazement-d2-v4,amazement,relief,relief,false,25,a,random
B-amazement-d3-v1,amazement,surprise,surprise,false,25,a,random
B-amazement-d3-v2,amazement,surprise,surprise,false,25,a,random
B-amazement-d3-v3,amazement,surprise,surprise,false,25,a,random
B-amazement-d3-v4,amazement,surprise,surprise,false,25,a,random
B-ecstasy-d1-v1,ecstasy,joy,joy,false,25,a,random
B-ecstasy-d1-v2,ecstasy,fear,fear,false,25,a,random
B-ecstasy-d1-v3,ecstasy,joy,joy,false,25,a,random
B-ecstasy-d1-v4,ecstasy,pride,pride,false,25,a,random
B-ecstasy-d2-v1,ecstasy,joy,joy,false,25,a,random
B-ecstasy-d2-v2,ecstasy,joy,joy,false,25,a,random
B-ecstasy-d2-v3,ecstasy,relief,relief,false,25,a,random
B-ecstasy-d2-v4,ecstasy,happiness,happiness,false,25,a,random
B-ecstasy-d3-v1,ecstasy,joy,joy,false,25,a,random
B-ecstasy-d3-v2,ecstasy,awe,awe,false,25,a,random
B-ecstasy-d3-v3,ecstasy,surprise,surprise,false,25,a,random
B-ecstasy-d3-v4,ecstasy,excitement,excitement,false,25,a,random
B-grief-d1-v1,grief,sadness,sadness,false,25,a,random
B-grief-d1-v2,grief,sadness,sadness,false,25,a,random
B-grief-d1-v3,grief,sadness,sadness,false,25,a,random
B-grief-d1-v4,grief,sadness,sadness,false,25,a,random
B-grief-d2-v1,grief,sadness,sadness,false,25,a,random
B-grief-d2-v2,grief,sadness,sadness,false,25,a,random
B-grief-d2-v3,grief,sadness,sadness,false,25,a,random
B-grief-d2-v4,grief,sadness,sadness,false,25,a,random
B-grief-d3-v1,grief,fear,fear,false,25,a,random
B-grief-d3-v2,grief,sadness,sadness,false,25,a,random
B-grief-d3-v3,grief,sadness,sadness,false,25,a,random
B-grief-d3-v4,grief,sadness,sadness,false,25,a,random
B-loathing-d1-v1,loathing,disgust,anger,true,25,a,random
B-loathing-d1-v2,loathing,anger,anger,false,25,a,random
B-loathing-d1-v3,loathing,anger,anger,false,25,a,random
B-loathing-d1-v4,loathing,anger,anger,false,25,a,random
B-loathing-d2-v1,loathing,disgust,disgust,false,25,a,random
B-loathing-d2-v2,loathing,disgust,disgust,false,25,a,random
B-loathing-d2-v3,loathing,fear,fear,false,25,a,random
B-loathing-d2-v4,loathing,disgust,disgust,false,25,a,random
B-loathing-d3-v1,loathing,anger,anger,false,25,a,random
B-loathing-d3-v2,loathing,disgust,anger,true,25,a,random
B-loathing-d3-v3,loathing,disgust,disgust,false,25,a,random
B-loathing-d3-v4,loathing,anger,anger,false,25,a,random
B-rage-d1-v1,rage,anger,anger,false,25,a,random
B-rage-d1-v2,rage,anger,anger,false,25,a,random
B-rage-d1-v3,rage,anger,anger,false,25,a,random
B-rage-d1-v4,rage,anger,anger,false,25,a,random
B-rage-d2-v1,rage,anger,anger,false,25,a,random
B-rage-d2-v2,rage,anger,anger,false,25,a,random
B-rage-d2-v3,rage,anger,anger,false,25,a,random
B-rage-d2-v4,rage,anger,anger,false,25,a,random
B-rage-d3-v1,rage,anger,anger,false,25,a,random
B-rage-d3-v2,rage,fear,fear,false,25,a,random
B-rage-d3-v3,rage,anger,anger,false,25,a,random
B-rage-d3-v4,rage,anger,anger,false,25,a,random
B-terror-d1-v1,terror,fear,fear,false,25,a,random
B-terror-d1-v2,terror,fear,fear,false,25,a,random
B-terror-d1-v3,terror,fear,fear,false,25,a,random
B-terror-d1-v4,terror,fear,fear,false,25,a,random
B-terror-d2-v1,terror,fear,fear,false,25,a,random
B-terror-d2-v2,terror,fear,fear,false,25,a,random
B-terror-d2-v3,terror,fear,fear,false,25,a,random
B-terror-d2-v4,terror,fear,fear,false,25,a,random
B-terror-d3-v1,terror,fear,fear,false,25,a,random
B-terror-d3-v2,terror,fear,fear,false,25,a,random
B-terror-d3-v3,terror,fear,fear,false,25,a,random
B-terror-d3-v4,terror,fear,fear,false,25,a,random
B-vigilance-d1-v1,vigilance,fear,fear,false,25,a,random
B-vigilance-d1-v2,vigilance,fear,fear,false,25,a,random
B-vigilance-d1-v3,vigilance,fear,fear,false,25,a,random
B-vigilance-d1-v4,vigilance,concern,concern,false,25,a,random
B-vigilance-d2-v1,vigilance,fear,fear,false,25,a,random
B-vigilance-d2-v2,vigilance,anxiety,anticipation,true,25,a,random
B-vigilance-d2-v3,vigilance,anxiety,excitement,true,25,a,random
B-vigilance-d2-v4,vigilance,fear,fear,false,25,a,random
B-vigilance-d3-v1,vigilance,anticipation,anticipation,false,25,a,random
B-vigilance-d3-v2,vigilance,fear,fear,false,25,a,random
B-vigilance-d3-v3,vigilance,fear,fear,false,25,a,random
B-vigilance-d3-v4,vigilance,fear,fear,false,25,a,random
B-admiration-d1-v1,admiration,awe,awe,false,26,a,random
B-admiration-d1-v2,admiration,pride,empathy,true,26,a,random
B-admiration-d1-v3,admiration,love,love,false,26,a,random
B-admiration-d1-v4,admiration,awe,awe,false,26,a,random
B-admiration-d2-v1,admiration,guilt,guilt,false,26,a,random
B-admiration-d2-v2,admiration,sadness,sadness,false,26,a,random
B-admiration-d2-v3,admiration,guilt,guilt,false,26,a,random
B-admiration-d2-v4,admiration,pride,loyalty,true,26,a,random
B-admiration-d3-v1,admiration,pride,pride,false,26,a,random
B-admiration-d3-v2,admiration,relief,hope,true,26,a,random
B-admiration-d3-v3,admiration,determination,pride,true,26,a,random
B-admiration-d3-v4,admiration,empathy,empathy,false,26,a,random
B-amazement-d1-v1,amazement,awe,awe,false,26,a,random
B-amazement-d1-v2,amazement,awe,awe,false,26,a,random
B-amazement-d1-v3,amazement,awe,awe,false,26,a,random
B-amazement-d1-v4,amazement,fear,fear,false,26,a,random
B-amazement-d2-v1,amazement,relief,relief,false,26,a,random
B-amazement-d2-v2,amazement,awe,awe,false,26,a,random
B-amazement-d2-v3,amazement,compassion,compassion,false,26,a,random
B-amazement-d2-v4,amazement,relief,relief,false,26,a,random
B-amazement-d3-v1,amazement,surprise,joy,true,26,a,random
B-amazement-d3-v2,amazement,surprise,surprise,false,26,a,random
B-amazement-d3-v3,amazement,surprise,surprise,false,26,a,random
B-amazement-d3-v4,amazement,surprise,surprise,false,26,a,random
B-ecstasy-d1-v1,ecstasy,joy,joy,false,26,a,random
B-ecstasy-d1-v2,ecstasy,fear,fear,false,26,a,random
B-ecstasy-d1-v3,ecstasy,joy,joy,false,26,a,random
B-ecstasy-d1-v4,ecstasy,pride,pride,false,26,a,random
B-ecstasy-d2-v1,ecstasy,joy,joy,false,26,a,random
B-ecstasy-d2-v2,ecstasy,joy,joy,false,26,a,random
B-ecstasy-d2-v3,ecstasy,relief,joy,true,26,a,random
B-ecstasy-d2-v4,ecstasy,happiness,happiness,false,26,a,random
B-ecstasy-d3-v1,ecstasy,joy,joy,false,26,a,random
B-ecstasy-d3-v2,ecstasy,awe,awe,false,26,a,random
B-ecstasy-d3-v3,ecstasy,surprise,surprise,false,26,a,random
B-ecstasy-d3-v4,ecstasy,excitement,excitement,false,26,a,random
B-grief-d1-v1,grief,sadness,sadness,false,26,a,random
B-grief-d1-v2,grief,sadness,sadness,false,26,a,random
B-grief-d1-v3,grief,sadness,sadness,false,26,a,random
B-grief-d1-v4,grief,sadness,sadness,false,26,a,random
B-grief-d2-v1,grief,sadness,sadness,false,26,a,random
B-grief-d2-v2,grief,sadness,sadness,false,26,a,random
B-grief-d2-v3,grief,sadness,sadness,false,26,a,random
B-grief-d2-v4,grief,sadness,sadness,false,26,a,random
B-grief-d3-v1,grief,fear,fear,false,26,a,random
B-grief-d3-v2,grief,sadness,sadness,false,26,a,random
B-grief-d3-v3,grief,sadness,sadness,false,26,a,random
B-grief-d3-v4,grief,sadness,sadness,false,26,a,random
B-loathing-d1-v1,loathing,disgust,disgust,false,26,a,random
B-loathing-d1-v2,loathing,anger,anger,false,26,a,random
B-loathing-d1-v3,loathing,anger,anger,false,26,a,random
B-loathing-d1-v4,loathing,anger,anger,false,26,a,random
B-loathing-d2-v1,loathing,disgust,disgust,false,26,a,random
B-loathing-d2-v2,loathing,disgust,disgust,false,26,a,random
B-loathing-d2-v3,loathing,fear,disgust,true,26,a,random
B-loathing-d2-v4,loathing,disgust,disgust,false,26,a,random
B-loathing-d3-v1,loathing,anger,anger,false,26,a,random
B-loathing-d3-v2,loathing,disgust,disgust,false,26,a,random
B-loathing-d3-v3,loathing,disgust,disgust,false,26,a,random
B-loathing-d3-v4,loathing,anger,anger,false,26,a,random
B-rage-d1-v1,rage,anger,anger,false,26,a,random
B-rage-d1-v2,rage,anger,anger,false,26,a,random
B-rage-d1-v3,rage,anger,anger,false,26,a,random
B-rage-d1-v4,rage,anger,anger,false,26,a,random
B-rage-d2-v1,rage,anger,anger,false,26,a,random
B-rage-d2-v2,rage,anger,anger,false,26,a,random
B-rage-d2-v3,rage,anger,anger,false,26,a,random
B-rage-d2-v4,rage,anger,anger,false,26,a,random
B-rage-d3-v1,rage,anger,anger,false,26,a,random
B-rage-d3-v2,rage,fear,fear,false,26,a,random
B-rage-d3-v3,rage,anger,anger,false,26,a,random
B-rage-d3-v4,rage,anger,anger,false,26,a,random
B-terror-d1-v1,terror,fear,fear,false,26,a,random
B-terror-d1-v2,terror,fear,fear,false,26,a,random
B-terror-d1-v3,terror,fear,fear,false,26,a,random
B-terror-d1-v4,terror,fear,fear,false,26,a,random
B-terror-d2-v1,terror,fear,fear,false,26,a,random
B-terror-d2-v2,terror,fear,fear,false,26,a,random
B-terror-d2-v3,terror,fear,fear,false,26,a,random
B-terror-d2-v4,terror,fear,fear,false,26,a,random
B-terror-d3-v1,terror,fear,fear,false,26,a,random
B-terror-d3-v2,terror,fear,fear,false,26,a,random
B-terror-d3-v3,terror,fear,fear,false,26,a,random
B-terror-d3-v4,terror,fear,fear,false,26,a,random
B-vigilance-d1-v1,vigilance,fear,fear,false,26,a,random
B-vigilance-d1-v2,vigilance,fear,fear,false,26,a,random
B-vigilance-d1-v3,vigilance,fear,fear,false,26,a,random
B-vigilance-d1-v4,vigilance,concern,concern,false,26,a,random
B-vigilance-d2-v1,vigilance,fear,fear,false,26,a,random
B-vigilance-d2-v2,vigilance,anxiety,anticipation,true,26,a,random
B-vigilance-d2-v3,vigilance,anxiety,excitement,true,26,a,random
B-vigilance-d2-v4,vigilance,fear,anxiety,true,26,a,random
B-vigilance-d3-v1,vigilance,anticipation,anticipation,false,26,a,random
B-vigilance-d3-v2,vigilance,fear,fear,false,26,a,random
B-vigilance-d3-v3,vigilance,fear,fear,false,26,a,random
B-vigilance-d3-v4,vigilance,fear,fear,false,26,a,random
B-admiration-d1-v1,admiration,awe,awe,false,27,a,random
B-admiration-d1-v2,admiration,pride,pride,false,27,a,random
B-admiration-d1-v3,admiration,love,love,false,27,a,random
B-admiration-d1-v4,admiration,awe,awe,false,27,a,random
B-admiration-d2-v1,admiration,guilt,guilt,false,27,a,random
B-admiration-d2-v2,admiration,sadness,sadness,false,27,a,random
B-admiration-d2-v3,admiration,guilt,guilt,false,27,a,random
B-admiration-d2-v4,admiration,pride,pride,false,27,a,random
B-admiration-d3-v1,admiration,pride,pride,false,27,a,random
B-admiration-d3-v2,admiration,relief,relief,false,27,a,random
B-admiration-d3-v3,admiration,determination,determination,false,27,a,random
B-admiration-d3-v4,admiration,empathy,compassion,true,27,a,random
B-amazement-d1-v1,amazement,awe,awe,false,27,a,random
B-amazement-d1-v2,amazement,awe,awe,false,27,a,random
B-amazement-d1-v3,amazement,awe,awe,false,27,a,random
B-amazement-d1-v4,amazement,fear,fear,false,27,a,random
B-amazement-d2-v1,amazement,relief,relief,false,27,a,random
B-amazement-d2-v2,amazement,awe,awe,false,27,a,random
B-amazement-d2-v3,amazement,compassion,compassion,false,27,a,random
B-amazement-d2-v4,amazement,relief,relief,false,27,a,random
B-amazement-d3-v1,amazement,surprise,surprise,false,27,a,random
B-amazement-d3-v2,amazement,surprise,surprise,false,27,a,random
B-amazement-d3-v3,amazement,surprise,surprise,false,27,a,random
B-amazement-d3-v4,amazement,surprise,surprise,false,27,a,random
B-ecstasy-d1-v1,ecstasy,joy,joy,false,27,a,random
B-ecstasy-d1-v2,ecstasy,fear,fear,false,27,a,random
B-ecstasy-d1-v3,ecstasy,joy,joy,false,27,a,random
B-ecstasy-d1-v4,ecstasy,pride,pride,false,27,a,random
B-ecstasy-d2-v1,ecstasy,joy,joy,false,27,a,random
B-ecstasy-d2-v2,ecstasy,joy,joy,false,27,a,random
B-ecstasy-d2-v3,ecstasy,relief,relief,false,27,a,random
B-ecstasy-d2-v4,ecstasy,happiness,happiness,false,27,a,random
B-ecstasy-d3-v1,ecstasy,joy,joy,false,27,a,random
B-ecstasy-d3-v2,ecstasy,awe,awe,false,27,a,random
B-ecstasy-d3-v3,ecstasy,surprise,surprise,false,27,a,random
B-ecstasy-d3-v4,ecstasy,excitement,excitement,false,27,a,random
B-grief-d1-v1,grief,sadness,sadness,false,27,a,random
B-grief-d1-v2,grief,sadness,sadness,false,27,a,random
B-grief-d1-v3,grief,sadness,sadness,false,27,a,random
B-grief-d1-v4,grief,sadness,sadness,false,27,a,random
B-grief-d2-v1,grief,sadness,sadness,false,27,a,random
B-grief-d2-v2,grief,sadness,sadness,false,27,a,random
B-grief-d2-v3,grief,sadness,sadness,false,27,a,random
B-grief-d2-v4,grief,sadness,sadness,false,27,a,random
B-grief-d3-v1,grief,fear,fear,false,27,a,random
B-grief-d3-v2,grief,sadness,sadness,false,27,a,random
B-grief-d3-v3,grief,sadness,sadness,false,27,a,random
B-grief-d3-v4,grief,sadness,sadness,false,27,a,random
B-loathing-d1-v1,loathing,disgust,anger,true,27,a,random
B-loathing-d1-v2,loathing,anger,anger,false,27,a,random
B-loathing-d1-v3,loathing,anger,anger,false,27,a,random
B-loathing-d1-v4,loathing,anger,anger,false,27,a,random
B-loathing-d2-v1,loathing,disgust,disgust,false,27,a,random
B-loathing-d2-v2,loathing,disgust,disgust,false,27,a,random
B-loathing-d2-v3,loathing,fear,fear,false,27,a,random
B-loathing-d2-v4,loathing,disgust,disgust,false,27,a,random
B-loathing-d3-v1,loathing,anger,anger,false,27,a,random
B-loathing-d3-v2,loathing,disgust,disgust,false,27,a,random
B-loathing-d3-v3,loathing,disgust,disgust,false,27,a,random
B-loathing-d3-v4,loathing,anger,anger,false,27,a,random
B-rage-d1-v1,rage,anger,anger,false,27,a,random
B-rage-d1-v2,rage,anger,anger,false,27,a,random
B-rage-d1-v3,rage,anger,anger,false,27,a,random
B-rage-d1-v4,rage,anger,anger,false,27,a,random
B-rage-d2-v1,rage,anger,anger,false,27,a,random
B-rage-d2-v2,rage,anger,anger,false,27,a,random
B-rage-d2-v3,rage,anger,anger,false,27,a,random
B-rage-d2-v4,rage,anger,anger,false,27,a,random
B-rage-d3-v1,rage,anger,anger,false,27,a,random
B-rage-d3-v2,rage,fear,fear,false,27,a,random
B-rage-d3-v3,rage,anger,anger,false,27,a,random
B-rage-d3-v4,rage,anger,anger,false,27,a,random
B-terror-d1-v1,terror,fear,fear,false,27,a,random
B-terror-d1-v2,terror,fear,fear,false,27,a,random
B-terror-d1-v3,terror,fear,fear,false,27,a,random
B-terror-d1-v4,terror,fear,fear,false,27,a,random
B-terror-d2-v1,terror,fear,fear,false,27,a,random
B-terror-d2-v2,terror,fear,fear,false,27,a,random
B-terror-d2-v3,terror,fear,fear,false,27,a,random
B-terror-d2-v4,terror,fear,fear,false,27,a,random
B-terror-d3-v1,terror,fear,fear,false,27,a,random
B-terror-d3-v2,terror,fear,fear,false,27,a,random
B-terror-d3-v3,terror,fear,fear,false,27,a,random
B-terror-d3-v4,terror,fear,fear,false,27,a,random
B-vigilance-d1-v1,vigilance,fear,fear,false,27,a,random
B-vigilance-d1-v2,vigilance,fear,fear,false,27,a,random
B-vigilance-d1-v3,vigilance,fear,fear,false,27,a,random
B-vigilance-d1-v4,vigilance,concern,concern,false,27,a,random
B-vigilance-d2-v1,vigilance,fear,fear,false,27,a,random
B-vigilance-d2-v2,vigilance,anxiety,anxiety,false,27,a,random
B-vigilance-d2-v3,vigilance,anxiety,anxiety,false,27,a,random
B-vigilance-d2-v4,vigilance,fear,fear,false,27,a,random
B-vigilance-d3-v1,vigilance,anticipation,anticipation,false,27,a,random
B-vigilance-d3-v2,vigilance,fear,fear,false,27,a,random
B-vigilance-d3-v3,vigilance,fear,fear,false,27,a,random
B-vigilance-d3-v4,vigilance,fear,fear,false,27,a,random
B-admiration-d1-v1,admiration,awe,awe,false,28,a,random
B-admiration-d1-v2,admiration,pride,empathy,true,28,a,random
B-admiration-d1-v3,admiration,love,love,false,28,a,random
B-admiration-d1-v4,admiration,awe,awe,false,28,a,random
B-admiration-d2-v1,admiration,guilt,guilt,false,28,a,random
B-admiration-d2-v2,admiration,sadness,sadness,false,28,a,random
B-admiration-d2-v3,admiration,guilt,guilt,false,28,a,random
B-admiration-d2-v4,admiration,pride,pride,false,28,a,random
B-admiration-d3-v1,admiration,pride,pride,false,28,a,random
B-admiration-d3-v2,admiration,relief,relief,false,28,a,random
B-admiration-d3-v3,admiration,determination,determination,false,28,a,random
B-admiration-d3-v4,admiration,empathy,empathy,false,28,a,random
B-amazement-d1-v1,amazement,awe,awe,false,28,a,random
B-amazement-d1-v2,amazement,awe,awe,false,28,a,random
B-amazement-d1-v3,amazement,awe,awe,false,28,a,random
B-amazement-d1-v4,amazement,fear,fear,false,28,a,random
B-amazement-d2-v1,amazement,relief,relief,false,28,a,random
B-amazement-d2-v2,amazement,awe,awe,false,28,a,random
B-amazement-d2-v3,amazement,compassion,compassion,false,28,a,random
B-amazement-d2-v4,amazement,relief,relief,false,28,a,random
B-amazement-d3-v1,amazement,surprise,joy,true,28,a,random
B-amazement-d3-v2,amazement,surprise,excitement,true,28,a,random
B-amazement-d3-v3,amazement,surprise,surprise,false,28,a,random
B-amazement-d3-v4,amazement,surprise,surprise,false,28,a,random
B-ecstasy-d1-v1,ecstasy,joy,joy,false,28,a,random
B-ecstasy-d1-v2,ecstasy,fear,fear,false,28,a,random
B-ecstasy-d1-v3,ecstasy,joy,joy,false,28,a,random
B-ecstasy-d1-v4,ecstasy,pride,pride,false,28,a,random
B-ecstasy-d2-v1,ecstasy,joy,joy,false,28,a,random
B-ecstasy-d2-v2,ecstasy,joy,joy,false,28,a,random
B-ecstasy-d2-v3,ecstasy,relief,relief,false,28,a,random
B-ecstasy-d2-v4,ecstasy,happiness,happiness,false,28,a,random
B-ecstasy-d3-v1,ecstasy,joy,joy,false,28,a,random
B-ecstasy-d3-v2,ecstasy,awe,awe,false,28,a,random
B-ecstasy-d3-v3,ecstasy,surprise,surprise,false,28,a,random
B-ecstasy-d3-v4,ecstasy,excitement,excitement,false,28,a,random
B-grief-d1-v1,grief,sadness,sadness,false,28,a,random
B-grief-d1-v2,grief,sadness,sadness,false,28,a,random
B-grief-d1-v3,grief,sadness,sadness,false,28,a,random
B-grief-d1-v4,grief,sadness,sadness,false,28,a,random
B-grief-d2-v1,grief,sadness,sadness,false,28,a,random
B-grief-d2-v2,grief,sadness,sadness,false,28,a,random
B-grief-d2-v3,grief,sadness,sadness,false,28,a,random
B-grief-d2-v4,grief,sadness,sadness,false,28,a,random
B-grief-d3-v1,grief,fear,anger,true,28,a,random
B-grief-d3-v2,grief,sadness,sadness,false,28,a,random
B-grief-d3-v3,grief,sadness,sadness,false,28,a,random
B-grief-d3-v4,grief,sadness,sadness,false,28,a,random
B-loathing-d1-v1,loathing,disgust,anger,true,28,a,random
B-loathing-d1-v2,loathing,anger,anger,false,28,a,random
B-loathing-d1-v3,loathing,anger,anger,false,28,a,random
B-loathing-d1-v4,loathing,anger,anger,false,28,a,random
B-loathing-d2-v1,loathing,disgust,disgust,false,28,a,random
B-loathing-d2-v2,loathing,disgust,disgust,false,28,a,random
B-loathing-d2-v3,loathing,fear,fear,false,28,a,random
B-loathing-d2-v4,loathing,disgust,disgust,false,28,a,random
B-loathing-d3-v1,loathing,anger,anger,false,28,a,random
B-loathing-d3-v2,loathing,disgust,disgust,false,28,a,random
B-loathing-d3-v3,loathing,disgust,irony,true,28,a,random
B-loathing-d3-v4,loathing,anger,anger,false,28,a,random
B-rage-d1-v1,rage,anger,anger,false,28,a,random
B-rage-d1-v2,rage,anger,anger,false,28,a,random
B-rage-d1-v3,rage,anger,anger,false,28,a,random
B-rage-d1-v4,rage,anger,anger,false,28,a,random
B-rage-d2-v1,rage,anger,anger,false,28,a,random
B-rage-d2-v2,rage,anger,anger,false,28,a,random
B-rage-d2-v3,rage,anger,anger,false,28,a,random
B-rage-d2-v4,rage,anger,anger,false,28,a,random
B-rage-d3-v1,rage,anger,anger,false,28,a,random
B-rage-d3-v2,rage,fear,fear,false,28,a,random
B-rage-d3-v3,rage,anger,anger,false,28,a,random
B-rage-d3-v4,rage,anger,anger,false,28,a,random
B-terror-d1-v1,terror,fear,fear,false,28,a,random
B-terror-d1-v2,terror,fear,fear,false,28,a,random
B-terror-d1-v3,terror,fear,fear,false,28,a,random
B-terror-d1-v4,terror,fear,fear,false,28,a,random
B-terror-d2-v1,terror,fear,fear,false,28,a,random
B-terror-d2-v2,terror,fear,fear,false,28,a,random
B-terror-d2-v3,terror,fear,fear,false,28,a,random
B-terror-d2-v4,terror,fear,fear,false,28,a,random
B-terror-d3-v1,terror,fear,fear,false,28,a,random
B-terror-d3-v2,terror,fear,fear,false,28,a,random
B-terror-d3-v3,terror,fear,fear,false,28,a,random
B-terror-d3-v4,terror,fear,fear,false,28,a,random
B-vigilance-d1-v1,vigilance,fear,fear,false,28,a,random
B-vigilance-d1-v2,vigilance,fear,fear,false,28,a,random
B-vigilance-d1-v3,vigilance,fear,fear,false,28,a,random
B-vigilance-d1-v4,vigilance,concern,concern,false,28,a,random
B-vigilance-d2-v1,vigilance,fear,fear,false,28,a,random
B-vigilance-d2-v2,vigilance,anxiety,anxiety,false,28,a,random
B-vigilance-d2-v3,vigilance,anxiety,anxiety,false,28,a,random
B-vigilance-d2-v4,vigilance,fear,fear,false,28,a,random
B-vigilance-d3-v1,vigilance,anticipation,anticipation,false,28,a,random
B-vigilance-d3-v2,vigilance,fear,fear,false,28,a,random
B-vigilance-d3-v3,vigilance,fear,fear,false,28,a,random
B-vigilance-d3-v4,vigilance,fear,fear,false,28,a,random
B-admiration-d1-v1,admiration,awe,awe,false,29,a,random
B-admiration-d1-v2,admiration,pride,pride,false,29,a,random
B-admiration-d1-v3,admiration,love,awe,true,29,a,random
B-admiration-d1-v4,admiration,awe,awe,false,29,a,random
B-admiration-d2-v1,admiration,guilt,guilt,false,29,a,random
B-admiration-d2-v2,admiration,sadness,sadness,false,29,a,random
B-admiration-d2-v3,admiration,guilt,guilt,false,29,a,random
B-admiration-d2-v4,admiration,pride,pride,false,29,a,random
B-admiration-d3-v1,admiration,pride,pride,false,29,a,random
B-admiration-d3-v2,admiration,relief,pride,true,29,a,random
B-admiration-d3-v3,admiration,determination,pride,true,29,a,random
B-admiration-d3-v4,admiration,empathy,compassion,true,29,a,random
B-amazement-d1-v1,amazement,awe,awe,false,29,a,random
B-amazement-d1-v2,amazement,awe,awe,false,29,a,random
B-amazement-d1-v3,amazement,awe,awe,false,29,a,random
B-amazement-d1-v4,amazement,fear,fear,false,29,a,random
B-amazement-d2-v1,amazement,relief,relief,false,29,a,random
B-amazement-d2-v2,amazement,awe,awe,false,29,a,random
B-amazement-d2-v3,amazement,compassion,compassion,false,29,a,random
B-amazement-d2-v4,amazement,relief,relief,false,29,a,random
B-amazement-d3-v1,amazement,surprise,joy,true,29,a,random
B-amazement-d3-v2,amazement,surprise,excitement,true,29,a,random
B-amazement-d3-v3,amazement,surprise,shock,true,29,a,random
B-amazement-d3-v4,amazement,surprise,surprise,false,29,a,random
B-ecstasy-d1-v1,ecstasy,joy,joy,false,29,a,random
B-ecstasy-d1-v2,ecstasy,fear,fear,false,29,a,random
B-ecstasy-d1-v3,ecstasy,joy,joy,false,29,a,random
B-ecstasy-d1-v4,ecstasy,pride,pride,false,29,a,random
B-ecstasy-d2-v1,ecstasy,joy,joy,false,29,a,random
B-ecstasy-d2-v2,ecstasy,joy,joy,false,29,a,random
B-ecstasy-d2-v3,ecstasy,relief,joy,true,29,a,random
B-ecstasy-d2-v4,ecstasy,happiness,joy,true,29,a,random
B-ecstasy-d3-v1,ecstasy,joy,excitement,true,29,a,random
B-ecstasy-d3-v2,ecstasy,awe,awe,false,29,a,random
B-ecstasy-d3-v3,ecstasy,surprise,excitement,true,29,a,random
B-ecstasy-d3-v4,ecstasy,excitement,excitement,false,29,a,random
B-grief-d1-v1,grief,sadness,sadness,false,29,a,random
B-grief-d1-v2,grief,sadness,sadness,false,29,a,random
B-grief-d1-v3,grief,sadness,sadness,false,29,a,random
B-grief-d1-v4,grief,sadness,sadness,false,29,a,random
B-grief-d2-v1,grief,sadness,sadness,false,29,a,random
B-grief-d2-v2,grief,sadness,sadness,false,29,a,random
B-grief-d2-v3,grief,sadness,sadness,false,29,a,random
B-grief-d2-v4,grief,sadness,sadness,false,29,a,random
B-grief-d3-v1,grief,fear,fear,false,29,a,random
B-grief-d3-v2,grief,sadness,sadness,false,29,a,random
B-grief-d3-v3,grief,sadness,sadness,false,29,a,random
B-grief-d3-v4,grief,sadness,sadness,false,29,a,random
B-loathing-d1-v1,loathing,disgust,anger,true,29,a,random
B-loathing-d1-v2,loathing,anger,anger,false,29,a,random
B-loathing-d1-v3,loathing,anger,anger,false,29,a,random
B-loathing-d1-v4,loathing,anger,anger,false,29,a,random
B-loathing-d2-v1,loathing,disgust,disgust,false,29,a,random
B-loathing-d2-v2,loathing,disgust,disgust,false,29,a,random
B-loathing-d2-v3,loathing,fear,fear,false,29,a,random
B-loathing-d2-v4,loathing,disgust,disgust,false,29,a,random
B-loathing-d3-v1,loathing,anger,anger,false,29,a,random
B-loathing-d3-v2,loathing,disgust,disgust,false,29,a,random
B-loathing-d3-v3,loathing,disgust,anger,true,29,a,random
B-loathing-d3-v4,loathing,anger,anger,false,29,a,random
B-rage-d1-v1,rage,anger,anger,false,29,a,random
B-rage-d1-v2,rage,anger,anger,false,29,a,random
B-rage-d1-v3,rage,anger,anger,false,29,a,random
B-rage-d1-v4,rage,anger,anger,false,29,a,random
B-rage-d2-v1,rage,anger,anger,false,29,a,random
B-rage-d2-v2,rage,anger,anger,false,29,a,random
B-rage-d2-v3,rage,anger,anger,false,29,a,random
B-rage-d2-v4,rage,anger,fear,true,29,a,random
B-rage-d3-v1,rage,anger,anger,false,29,a,random
B-rage-d3-v2,rage,fear,fear,false,29,a,random
B-rage-d3-v3,rage,anger,anger,false,29,a,random
B-rage-d3-v4,rage,anger,fear,true,29,a,random
B-terror-d1-v1,terror,fear,fear,false,29,a,random
B-terror-d1-v2,terror,fear,fear,false,29,a,random
B-terror-d1-v3,terror,fear,fear,false,29,a,random
B-terror-d1-v4,terror,fear,fear,false,29,a,random
B-terror-d2-v1,terror,fear,fear,false,29,a,random
B-terror-d2-v2,terror,fear,fear,false,29,a,random
B-terror-d2-v3,terror,fear,fear,false,29,a,random
B-terror-d2-v4,terror,fear,fear,false,29,a,random
B-terror-d3-v1,terror,fear,fear,false,29,a,random
B-terror-d3-v2,terror,fear,fear,false,29,a,random
B-terror-d3-v3,terror,fear,fear,false,29,a,random
B-terror-d3-v4,terror,fear,fear,false,29,a,random
B-vigilance-d1-v1,vigilance,fear,fear,false,29,a,random
B-vigilance-d1-v2,vigilance,fear,fear,false,29,a,random
B-vigilance-d1-v3,vigilance,fear,fear,false,29,a,random
B-vigilance-d1-v4,vigilance,concern,concern,false,29,a,random
B-vigilance-d2-v1,vigilance,fear,fear,false,29,a,random
B-vigilance-d2-v2,vigilance,anxiety,anxiety,false,29,a,random
B-vigilance-d2-v3,vigilance,anxiety,anxiety,false,29,a,random
B-vigilance-d2-v4,vigilance,fear,anxiety,true,29,a,random
B-vigilance-d3-v1,vigilance,anticipation,anticipation,false,29,a,random
B-vigilance-d3-v2,vigilance,fear,fear,false,29,a,random
B-vigilance-d3-v3,vigilance,fear,fear,false,29,a,random
B-vigilance-d3-v4,vigilance,fear,fear,false,29,a,random
B-admiration-d1-v1,admiration,awe,awe,false,30,a,random
B-admiration-d1-v2,admiration,pride,pride,false,30,a,random
B-admiration-d1-v3,admiration,love,admiration,true,30,a,random
B-admiration-d1-v4,admiration,awe,awe,false,30,a,random
B-admiration-d2-v1,admiration,guilt,guilt,false,30,a,random
B-admiration-d2-v2,admiration,sadness,sadness,false,30,a,random
B-admiration-d2-v3,admiration,guilt,regret,true,30,a,random
B-admiration-d2-v4,admiration,pride,sadness,true,30,a,random
B-admiration-d3-v1,admiration,pride,pride,false,30,a,random
B-admiration-d3-v2,admiration,relief,relief,false,30,a,random
B-admiration-d3-v3,admiration,determination,hope,true,30,a,random
B-admiration-d3-v4,admiration,empathy,empathy,false,30,a,random
B-amazement-d1-v1,amazement,awe,awe,false,30,a,random
B-amazement-d1-v2,amazement,awe,awe,false,30,a,random
B-amazement-d1-v3,amazement,awe,awe,false,30,a,random
B-amazement-d1-v4,amazement,fear,fear,false,30,a,random
B-amazement-d2-v1,amazement,relief,relief,false,30,a,random
B-amazement-d2-v2,amazement,awe,awe,false,30,a,random
B-amazement-d2-v3,amazement,compassion,gratitude,true,30,a,random
B-amazement-d2-v4,amazement,relief,relief,false,30,a,random
B-amazement-d3-v1,amazement,surprise,awe,true,30,a,random
B-amazement-d3-v2,amazement,surprise,surprise,false,30,a,random
B-amazement-d3-v3,amazement,surprise,surprise,false,30,a,random
B-amazement-d3-v4,amazement,surprise,surprise,false,30,a,random
B-ecstasy-d1-v1,ecstasy,joy,joy,false,30,a,random
B-ecstasy-d1-v2,ecstasy,fear,sadness,true,30,a,random
B-ecstasy-d1-v3,ecstasy,joy,pride,true,30,a,random
B-ecstasy-d1-v4,ecstasy,pride,pride,false,30,a,random
B-ecstasy-d2-v1,ecstasy,joy,happiness,true,30,a,random
B-ecstasy-d2-v2,ecstasy,joy,joy,false,30,a,random
B-ecstasy-d2-v3,ecstasy,relief,sadness,true,30,a,random
B-ecstasy-d2-v4,ecstasy,happiness,happiness,false,30,a,random
B-ecstasy-d3-v1,ecstasy,joy,joy,false,30,a,random
B-ecstasy-d3-v2,ecstasy,awe,awe,false,30,a,random
B-ecstasy-d3-v3,ecstasy,surprise,surprise,false,30,a,random
B-ecstasy-d3-v4,ecstasy,excitement,excitement,false,30,a,random
B-grief-d1-v1,grief,sadness,sadness,false,30,a,random
B-grief-d1-v2,grief,sadness,sadness,false,30,a,random
B-grief-d1-v3,grief,sadness,sadness,false,30,a,random
B-grief-d1-v4,grief,sadness,sadness,false,30,a,random
B-grief-d2-v1,grief,sadness,sadness,false,30,a,random
B-grief-d2-v2,grief,sadness,sadness,false,30,a,random
B-grief-d2-v3,grief,sadness,sadness,false,30,a,random
B-grief-d2-v4,grief,sadness,sadness,false,30,a,random
B-grief-d3-v1,grief,fear,sadness,true,30,a,random
B-grief-d3-v2,grief,sadness,sadness,false,30,a,random
B-grief-d3-v3,grief,sadness,sadness,false,30,a,random
B-grief-d3-v4,grief,sadness,sadness,false,30,a,random
B-loathing-d1-v1,loathing,disgust,anger,true,30,a,random
B-loathing-d1-v2,loathing,anger,anger,false,30,a,random
B-loathing-d1-v3,loathing,anger,anger,false,30,a,random
B-loathing-d1-v4,loathing,anger,anger,false,30,a,random
B-loathing-d2-v1,loathing,disgust,disgust,false,30,a,random
B-loathing-d2-v2,loathing,disgust,disgust,false,30,a,random
B-loathing-d2-v3,loathing,fear,fear,false,30,a,random
B-loathing-d2-v4,loathing,disgust,disgust,false,30,a,random
B-loathing-d3-v1,loathing,anger,anger,false,30,a,random
B-loathing-d3-v2,loathing,disgust,anger,true,30,a,random
B-loathing-d3-v3,loathing,disgust,disgust,false,30,a,random
B-loathing-d3-v4,loathing,anger,anger,false,30,a,random
B-rage-d1-v1,rage,anger,anger,false,30,a,random
B-rage-d1-v2,rage,anger,anger,false,30,a,random
B-rage-d1-v3,rage,anger,anger,false,30,a,random
B-rage-d1-v4,rage,anger,anger,false,30,a,random
B-rage-d2-v1,rage,anger,anger,false,30,a,random
B-rage-d2-v2,rage,anger,anger,false,30,a,random
B-rage-d2-v3,rage,anger,anger,false,30,a,random
B-rage-d2-v4,rage,anger,anger,false,30,a,random
B-rage-d3-v1,rage,anger,anger,false,30,a,random
B-rage-d3-v2,rage,fear,fear,false,30,a,random
B-rage-d3-v3,rage,anger,anger,false,30,a,random
B-rage-d3-v4,rage,anger,anger,false,30,a,random
B-terror-d1-v1,terror,fear,fear,false,30,a,random
B-terror-d1-v2,terror,fear,fear,false,30,a,random
B-terror-d1-v3,terror,fear,fear,false,30,a,random
B-terror-d1-v4,terror,fear,fear,false,30,a,random
B-terror-d2-v1,terror,fear,fear,false,30,a,random
B-terror-d2-v2,terror,fear,fear,false,30,a,random
B-terror-d2-v3,terror,fear,fear,false,30,a,random
B-terror-d2-v4,terror,fear,fear,false,30,a,random
B-terror-d3-v1,terror,fear,fear,false,30,a,random
B-terror-d3-v2,terror,fear,fear,false,30,a,random
B-terror-d3-v3,terror,fear,fear,false,30,a,random
B-terror-d3-v4,terror,fear,fear,false,30,a,random
B-vigilance-d1-v1,vigilance,fear,fear,false,30,a,random
B-vigilance-d1-v2,vigilance,fear,fear,false,30,a,random
B-vigilance-d1-v3,vigilance,fear,fear,false,30,a,random
B-vigilance-d1-v4,vigilance,concern,concern,false,30,a,random
B-vigilance-d2-v1,vigilance,fear,fear,false,30,a,random
B-vigilance-d2-v2,vigilance,anxiety,anticipation,true,30,a,random
B-vigilance-d2-v3,vigilance,anxiety,anxiety,false,30,a,random
B-vigilance-d2-v4,vigilance,fear,fear,false,30,a,random
B-vigilance-d3-v1,vigilance,anticipation,anticipation,false,30,a,random
B-vigilance-d3-v2,vigilance,fear,fear,false,30,a,random
B-vigilance-d3-v3,vigilance,fear,fear,false,30,a,random
B-vigilance-d3-v4,vigilance,fear,fear,false,30,a,random
B-admiration-d1-v1,admiration,awe,pride,true,31,a,random
B-admiration-d1-v2,admiration,pride,pride,false,31,a,random
B-admiration-d1-v3,admiration,love,love,false,31,a,random
B-admiration-d1-v4,admiration,awe,calm,true,31,a,random
B-admiration-d2-v1,admiration,guilt,guilt,false,31,a,random
B-admiration-d2-v2,admiration,sadness,sadness,false,31,a,random
B-admiration-d2-v3,admiration,guilt,shame,true,31,a,random
B-admiration-d2-v4,admiration,pride,sadness,true,31,a,random
B-admiration-d3-v1,admiration,pride,pride,false,31,a,random
B-admiration-d3-v2,admiration,relief,perseverance,true,31,a,random
B-admiration-d3-v3,admiration,determination,perseverance,true,31,a,random
B-admiration-d3-v4,admiration,empathy,compassion,true,31,a,random
B-amazement-d1-v1,amazement,awe,awe,false,31,a,random
B-amazement-d1-v2,amazement,awe,awe,false,31,a,random
B-amazement-d1-v3,amazement,awe,awe,false,31,a,random
B-amazement-d1-v4,amazement,fear,fear,false,31,a,random
B-amazement-d2-v1,amazement,relief,compassion,true,31,a,random
B-amazement-d2-v2,amazement,awe,awe,false,31,a,random
B-amazement-d2-v3,amazement,compassion,gratitude,true,31,a,random
B-amazement-d2-v4,amazement,relief,happiness,true,31,a,random
B-amazement-d3-v1,amazement,surprise,pride,true,31,a,random
B-amazement-d3-v2,amazement,surprise,excitement,true,31,a,random
B-amazement-d3-v3,amazement,surprise,surprise,false,31,a,random
B-amazement-d3-v4,amazement,surprise,surprise,false,31,a,random
B-ecstasy-d1-v1,ecstasy,joy,happiness,true,31,a,random
B-ecstasy-d1-v2,ecstasy,fear,shame,true,31,a,random
B-ecstasy-d1-v3,ecstasy,joy,awe,true,31,a,random
B-ecstasy-d1-v4,ecstasy,pride,pride,false,31,a,random
B-ecstasy-d2-v1,ecstasy,joy,happiness,true,31,a,random
B-ecstasy-d2-v2,ecstasy,joy,happiness,true,31,a,random
B-ecstasy-d2-v3,ecstasy,relief,happiness,true,31,a,random
B-ecstasy-d2-v4,ecstasy,happiness,happiness,false,31,a,random
B-ecstasy-d3-v1,ecstasy,joy,excitement,true,31,a,random
B-ecstasy-d3-v2,ecstasy,awe,awe,false,31,a,random
B-ecstasy-d3-v3,ecstasy,surprise,surprise,false,31,a,random
B-ecstasy-d3-v4,ecstasy,excitement,excitement,false,31,a,random
B-grief-d1-v1,grief,sadness,grief,true,31,a,random
B-grief-d1-v2,grief,sadness,grief,true,31,a,random
B-grief-d1-v3,grief,sadness,sadness,false,31,a,random
B-grief-d1-v4,grief,sadness,sadness,false,31,a,random
B-grief-d2-v1,grief,sadness,sadness,false,31,a,random
B-grief-d2-v2,grief,sadness,sadness,false,31,a,random
B-grief-d2-v3,grief,sadness,sadness,false,31,a,random
B-grief-d2-v4,grief,sadness,melanch,true,31,a,random
B-grief-d3-v1,grief,fear,confusion,true,31,a,random
B-grief-d3-v2,grief,sadness,sadness,false,31,a,random
B-grief-d3-v3,grief,sadness,sadness,false,31,a,random
B-grief-d3-v4,grief,sadness,sadness,false,31,a,random
B-loathing-d1-v1,loathing,disgust,anger,true,31,a,random
B-loathing-d1-v2,loathing,anger,outrage,true,31,a,random
B-loathing-d1-v3,loathing,anger,anger,false,31,a,random
B-loathing-d1-v4,loathing,anger,anger,false,31,a,random
B-loathing-d2-v1,loathing,disgust,disgust,false,31,a,random
B-loathing-d2-v2,loathing,disgust,disgust,false,31,a,random
B-loathing-d2-v3,loathing,fear,disgust,true,31,a,random
B-loathing-d2-v4,loathing,disgust,disgust,false,31,a,random
B-loathing-d3-v1,loathing,anger,shame,true,31,a,random
B-loathing-d3-v2,loathing,disgust,disgust,false,31,a,random
B-loathing-d3-v3,loathing,disgust,disgust,false,31,a,random
B-loathing-d3-v4,loathing,anger,anger,false,31,a,random
B-rage-d1-v1,rage,anger,anger,false,31,a,random
B-rage-d1-v2,rage,anger,anger,false,31,a,random
B-rage-d1-v3,rage,anger,anger,false,31,a,random
B-rage-d1-v4,rage,anger,anger,false,31,a,random
B-rage-d2-v1,rage,anger,anger,false,31,a,random
B-rage-d2-v2,rage,anger,anger,false,31,a,random
B-rage-d2-v3,rage,anger,anger,false,31,a,random
B-rage-d2-v4,rage,anger,anger,false,31,a,random
B-rage-d3-v1,rage,anger,anger,false,31,a,random
B-rage-d3-v2,rage,fear,anger,true,31,a,random
B-rage-d3-v3,rage,anger,anger,false,31,a,random
B-rage-d3-v4,rage,anger,anger,false,31,a,random
B-terror-d1-v1,terror,fear,fear,false,31,a,random
B-terror-d1-v2,terror,fear,fear,false,31,a,random
B-terror-d1-v3,terror,fear,fear,false,31,a,random
B-terror-d1-v4,terror,fear,fear,false,31,a,random
B-terror-d2-v1,terror,fear,fear,false,31,a,random
B-terror-d2-v2,terror,fear,fear,false,31,a,random
B-terror-d2-v3,terror,fear,fear,false,31,a,random
B-terror-d2-v4,terror,fear,fear,false,31,a,random
B-terror-d3-v1,terror,fear,fear,false,31,a,random
B-terror-d3-v2,terror,fear,fear,false,31,a,random
B-terror-d3-v3,terror,fear,fear,false,31,a,random
B-terror-d3-v4,terror,fear,fear,false,31,a,random
B-vigilance-d1-v1,vigilance,fear,fear,false,31,a,random
B-vigilance-d1-v2,vigilance,fear,fear,false,31,a,random
B-vigilance-d1-v3,vigilance,fear,anxiety,true,31,a,random
B-vigilance-d1-v4,vigilance,concern,concern,false,31,a,random
B-vigilance-d2-v1,vigilance,fear,fear,false,31,a,random
B-vigilance-d2-v2,vigilance,anxiety,frustration,true,31,a,random
B-vigilance-d2-v3,vigilance,anxiety,excitement,true,31,a,random
B-vigilance-d2-v4,vigilance,fear,confusion,true,31,a,random
B-vigilance-d3-v1,vigilance,anticipation,anticipation,false,31,a,random
B-vigilance-d3-v2,vigilance,fear,fear,false,31,a,random
B-vigilance-d3-v3,vigilance,fear,fear,false,31,a,random
B-vigilance-d3-v4,vigilance,fear,fear,false,31,a,random
