id,emotion,original_pred,ko_pred,changed,layer,act_type,knockout_type
A-admiration-01,admiration,surprise,surprise,false,0,a,random
A-admiration-02,admiration,relief,relief,false,0,a,random
A-admiration-03,admiration,relief,relief,false,0,a,random
A-admiration-04,admiration,gratitude,gratitude,false,0,a,random
A-admiration-05,admiration,relief,relief,false,0,a,random
A-admiration-06,admiration,relief,relief,false,0,a,random
A-admiration-07,admiration,relief,relief,false,0,a,random
A-admiration-08,admiration,trust,trust,false,0,a,random
A-admiration-09,admiration,shock,shock,false,0,a,random
A-admiration-10,admiration,relief,relief,false,0,a,random
A-amazement-01,amazement,gratitude,surprise,true,0,a,random
A-amazement-02,amazement,surprise,surprise,false,0,a,random
A-amazement-03,amazement,surprise,surprise,false,0,a,random
A-amazement-04,amazement,surprise,surprise,false,0,a,random
A-amazement-05,amazement,surprise,surprise,false,0,a,random
A-amazement-06,amazement,surprise,fear,true,0,a,random
A-amazement-07,amazement,surprise,surprise,false,0,a,random
A-amazement-08,amazement,happiness,happiness,false,0,a,random
A-amazement-09,amazement,surprise,surprise,false,0,a,random
A-amazement-10,amazement,relief,relief,false,0,a,random
A-ecstasy-01,ecstasy,relief,relief,false,0,a,random
A-ecstasy-02,ecstasy,relief,relief,false,0,a,random
A-ecstasy-03,ecstasy,relief,relief,false,0,a,random
A-ecstasy-04,ecstasy,joy,joy,false,0,a,random
A-ecstasy-05,ecstasy,joy,joy,false,0,a,random
A-ecstasy-06,ecstasy,joy,joy,false,0,a,random
A-ecstasy-07,ecstasy,joy,joy,false,0,a,random
A-ecstasy-08,ecstasy,happiness,happiness,false,0,a,random
A-ecstasy-09,ecstasy,wonder,wonder,false,0,a,random
A-ecstasy-10,ecstasy,joy,joy,false,0,a,random
A-grief-01,grief,shame,shame,false,0,a,random
A-grief-02,grief,anger,anger,false,0,a,random
A-grief-03,grief,grief,grief,false,0,a,random
A-grief-04,grief,sadness,sadness,false,0,a,random
A-grief-05,grief,sadness,sadness,false,0,a,random
A-grief-06,grief,concern,concern,false,0,a,random
A-grief-07,grief,grief,grief,false,0,a,random
A-grief-08,grief,sadness,sadness,false,0,a,random
A-grief-09,grief,sadness,sadness,false,0,a,random
A-grief-10,grief,longing,longing,false,0,a,random
A-loathing-01,loathing,disgust,disgust,false,0,a,random
A-loathing-02,loathing,disappointment,frustration,true,0,a,random
A-loathing-03,loathing,anger,anger,false,0,a,random
A-loathing-04,loathing,disgust,disgust,false,0,a,random
A-loathing-05,loathing,disgust,disgust,false,0,a,random
A-loathing-06,loathing,disgust,disgust,false,0,a,random
A-loathing-07,loathing,anger,anger,false,0,a,random
A-loathing-08,loathing,disgust,disgust,false,0,a,random
A-loathing-09,loathing,disgust,disgust,false,0,a,random
A-loathing-10,loathing,frustration,frustration,false,0,a,random
A-rage-01,rage,anger,anger,false,0,a,random
A-rage-02,rage,anger,anger,false,0,a,random
A-rage-03,rage,anger,anger,false,0,a,random
A-rage-04,rage,anger,anger,false,0,a,random
A-rage-05,rage,anger,anger,false,0,a,random
A-rage-06,rage,anger,anger,false,0,a,random
A-rage-07,rage,anger,anger,false,0,a,random
A-rage-08,rage,anger,anger,false,0,a,random
A-rage-09,rage,frustration,anger,true,0,a,random
A-rage-10,rage,anger,anger,false,0,a,random
A-terror-01,terror,fear,fear,false,0,a,random
A-terror-02,terror,shock,shock,false,0,a,random
A-terror-03,terror,fear,fear,false,0,a,random
A-terror-04,terror,relief,relief,false,0,a,random
A-terror-05,terror,fear,fear,false,0,a,random
A-terror-06,terror,fear,fear,false,0,a,random
A-terror-07,terror,fear,fear,false,0,a,random
A-terror-08,terror,fear,fear,false,0,a,random
A-terror-09,terror,anxiety,anxiety,false,0,a,random
A-terror-10,terror,fear,fear,false,0,a,random
A-vigilance-01,vigilance,fear,fear,false,0,a,random
A-vigilance-02,vigilance,anxiety,anxiety,false,0,a,random
A-vigilance-03,vigilance,anxiety,anxiety,false,0,a,random
A-vigilance-04,vigilance,anxiety,anxiety,false,0,a,random
A-vigilance-05,vigilance,anxiety,anxiety,false,0,a,random
A-vigilance-06,vigilance,anxiety,anxiety,false,0,a,random
A-vigilance-07,vigilance,anxiety,anxiety,false,0,a,random
A-vigilance-08,vigilance,anxiety,anxiety,false,0,a,random
A-vigilance-09,vigilance,anxiety,anxiety,false,0,a,random
A-vigilance-10,vigilance,anxiety,anxiety,false,0,a,random
A-admiration-01,admiration,surprise,surprise,false,1,a,random
A-admiration-02,admiration,relief,relief,false,1,a,random
A-admiration-03,admiration,relief,relief,false,1,a,random
A-admiration-04,admiration,gratitude,gratitude,false,1,a,random
A-admiration-05,admiration,relief,relief,false,1,a,random
A-admiration-06,admiration,relief,relief,false,1,a,random
A-admiration-07,admiration,relief,relief,false,1,a,random
A-admiration-08,admiration,trust,trust,false,1,a,random
A-admiration-09,admiration,shock,shock,false,1,a,random
A-admiration-10,admiration,relief,relief,false,1,a,random
A-amazement-01,amazement,gratitude,gratitude,false,1,a,random
A-amazement-02,amazement,surprise,surprise,false,1,a,random
A-amazement-03,amazement,surprise,surprise,false,1,a,random
A-amazement-04,amazement,surprise,surprise,false,1,a,random
A-amazement-05,amazement,surprise,shock,true,1,a,random
A-amazement-06,amazement,surprise,fear,true,1,a,random
A-amazement-07,amazement,surprise,surprise,false,1,a,random
A-amazement-08,amazement,happiness,happiness,false,1,a,random
A-amazement-09,amazement,surprise,surprise,false,1,a,random
A-amazement-10,amazement,relief,relief,false,1,a,random
A-ecstasy-01,ecstasy,relief,relief,false,1,a,random
A-ecstasy-02,ecstasy,relief,relief,false,1,a,random
A-ecstasy-03,ecstasy,relief,relief,false,1,a,random
A-ecstasy-04,ecstasy,joy,joy,false,1,a,random
A-ecstasy-05,ecstasy,joy,joy,false,1,a,random
A-ecstasy-06,ecstasy,joy,joy,false,1,a,random
A-ecstasy-07,ecstasy,joy,joy,false,1,a,random
A-ecstasy-08,ecstasy,happiness,happiness,false,1,a,random
A-ecstasy-09,ecstasy,wonder,wonder,false,1,a,random
A-ecstasy-10,ecstasy,joy,joy,false,1,a,random
A-grief-01,grief,shame,shame,false,1,a,random
A-grief-02,grief,anger,anger,false,1,a,random
A-grief-03,grief,grief,grief,false,1,a,random
A-grief-04,grief,sadness,sadness,false,1,a,random
A-grief-05,grief,sadness,sadness,false,1,a,random
A-grief-06,grief,concern,concern,false,1,a,random
A-grief-07,grief,grief,grief,false,1,a,random
A-grief-08,grief,sadness,sadness,false,1,a,random
A-grief-09,grief,sadness,sadness,false,1,a,random
A-grief-10,grief,longing,longing,false,1,a,random
A-loathing-01,loathing,disgust,disgust,false,1,a,random
A-loathing-02,loathing,disappointment,frustration,true,1,a,random
A-loathing-03,loathing,anger,anger,false,1,a,random
A-loathing-04,loathing,disgust,disgust,false,1,a,random
A-loathing-05,loathing,disgust,disgust,false,1,a,random
A-loathing-06,loathing,disgust,disgust,false,1,a,random
A-loathing-07,loathing,anger,anger,false,1,a,random
A-loathing-08,loathing,disgust,disgust,false,1,a,random
A-loathing-09,loathing,disgust,disgust,false,1,a,random
A-loathing-10,loathing,frustration,frustration,false,1,a,random
A-rage-01,rage,anger,anger,false,1,a,random
A-rage-02,rage,anger,anger,false,1,a,random
A-rage-03,rage,anger,anger,false,1,a,random
A-rage-04,rage,anger,anger,false,1,a,random
A-rage-05,rage,anger,anger,false,1,a,random
A-rage-06,rage,anger,anger,false,1,a,random
A-rage-07,rage,anger,anger,false,1,a,random
A-rage-08,rage,anger,anger,false,1,a,random
A-rage-09,rage,frustration,frustration,false,1,a,random
A-rage-10,rage,anger,frustration,true,1,a,random
A-terror-01,terror,fear,fear,false,1,a,random
A-terror-02,terror,shock,shock,false,1,a,random
A-terror-03,terror,fear,fear,false,1,a,random
A-terror-04,terror,relief,relief,false,1,a,random
A-terror-05,terror,fear,fear,false,1,a,random
A-terror-06,terror,fear,fear,false,1,a,random
A-terror-07,terror,fear,fear,false,1,a,random
A-terror-08,terror,fear,fear,false,1,a,random
A-terror-09,terror,anxiety,anxiety,false,1,a,random
A-terror-10,terror,fear,fear,false,1,a,random
A-vigilance-01,vigilance,fear,fear,false,1,a,random
A-vigilance-02,vigilance,anxiety,anxiety,false,1,a,random
A-vigilance-03,vigilance,anxiety,anxiety,false,1,a,random
A-vigilance-04,vigilance,anxiety,anxiety,false,1,a,random
A-vigilance-05,vigilance,anxiety,anxiety,false,1,a,random
A-vigilance-06,vigilance,anxiety,anxiety,false,1,a,random
A-vigilance-07,vigilance,anxiety,anxiety,false,1,a,random
A-vigilance-08,vigilance,anxiety,anxiety,false,1,a,random
A-vigilance-09,vigilance,anxiety,anxiety,false,1,a,random
A-vigilance-10,vigilance,anxiety,anxiety,false,1,a,random
A-admiration-01,admiration,surprise,surprise,false,2,a,random
A-admiration-02,admiration,relief,relief,false,2,a,random
A-admiration-03,admiration,relief,relief,false,2,a,random
A-admiration-04,admiration,gratitude,gratitude,false,2,a,random
A-admiration-05,admiration,relief,relief,false,2,a,random
A-admiration-06,admiration,relief,relief,false,2,a,random
A-admiration-07,admiration,relief,relief,false,2,a,random
A-admiration-08,admiration,trust,trust,false,2,a,random
A-admiration-09,admiration,shock,shock,false,2,a,random
A-admiration-10,admiration,relief,relief,false,2,a,random
A-amazement-01,amazement,gratitude,gratitude,false,2,a,random
A-amazement-02,amazement,surprise,surprise,false,2,a,random
A-amazement-03,amazement,surprise,surprise,false,2,a,random
A-amazement-04,amazement,surprise,surprise,false,2,a,random
A-amazement-05,amazement,surprise,surprise,false,2,a,random
A-amazement-06,amazement,surprise,surprise,false,2,a,random
A-amazement-07,amazement,surprise,surprise,false,2,a,random
A-amazement-08,amazement,happiness,happiness,false,2,a,random
A-amazement-09,amazement,surprise,surprise,false,2,a,random
A-amazement-10,amazement,relief,relief,false,2,a,random
A-ecstasy-01,ecstasy,relief,relief,false,2,a,random
A-ecstasy-02,ecstasy,relief,relief,false,2,a,random
A-ecstasy-03,ecstasy,relief,relief,false,2,a,random
A-ecstasy-04,ecstasy,joy,joy,false,2,a,random
A-ecstasy-05,ecstasy,joy,joy,false,2,a,random
A-ecstasy-06,ecstasy,joy,joy,false,2,a,random
A-ecstasy-07,ecstasy,joy,joy,false,2,a,random
A-ecstasy-08,ecstasy,happiness,happiness,false,2,a,random
A-ecstasy-09,ecstasy,wonder,wonder,false,2,a,random
A-ecstasy-10,ecstasy,joy,joy,false,2,a,random
A-grief-01,grief,shame,shame,false,2,a,random
A-grief-02,grief,anger,anger,false,2,a,random
A-grief-03,grief,grief,grief,false,2,a,random
A-grief-04,grief,sadness,sadness,false,2,a,random
A-grief-05,grief,sadness,sadness,false,2,a,random
A-grief-06,grief,concern,concern,false,2,a,random
A-grief-07,grief,grief,grief,false,2,a,random
A-grief-08,grief,sadness,sadness,false,2,a,random
A-grief-09,grief,sadness,sadness,false,2,a,random
A-grief-10,grief,longing,longing,false,2,a,random
A-loathing-01,loathing,disgust,disgust,false,2,a,random
A-loathing-02,loathing,disappointment,frustration,true,2,a,random
A-loathing-03,loathing,anger,anger,false,2,a,random
A-loathing-04,loathing,disgust,disgust,false,2,a,random
A-loathing-05,loathing,disgust,disgust,false,2,a,random
A-loathing-06,loathing,disgust,disgust,false,2,a,random
A-loathing-07,loathing,anger,anger,false,2,a,random
A-loathing-08,loathing,disgust,disgust,false,2,a,random
A-loathing-09,loathing,disgust,disgust,false,2,a,random
A-loathing-10,loathing,frustration,frustration,false,2,a,random
A-rage-01,rage,anger,anger,false,2,a,random
A-rage-02,rage,anger,anger,false,2,a,random
A-rage-03,rage,anger,anger,false,2,a,random
A-rage-04,rage,anger,anger,false,2,a,random
A-rage-05,rage,anger,anger,false,2,a,random
A-rage-06,rage,anger,anger,false,2,a,random
A-rage-07,rage,anger,anger,false,2,a,random
A-rage-08,rage,anger,anger,false,2,a,random
A-rage-09,rage,frustration,frustration,false,2,a,random
A-rage-10,rage,anger,anger,false,2,a,random
A-terror-01,terror,fear,fear,false,2,a,random
A-terror-02,terror,shock,shock,false,2,a,random
A-terror-03,terror,fear,fear,false,2,a,random
A-terror-04,terror,relief,relief,false,2,a,random
A-terror-05,terror,fear,fear,false,2,a,random
A-terror-06,terror,fear,fear,false,2,a,random
A-terror-07,terror,fear,fear,false,2,a,random
A-terror-08,terror,fear,fear,false,2,a,random
A-terror-09,terror,anxiety,anxiety,false,2,a,random
A-terror-10,terror,fear,fear,false,2,a,random
A-vigilance-01,vigilance,fear,fear,false,2,a,random
A-vigilance-02,vigilance,anxiety,anxiety,false,2,a,random
A-vigilance-03,vigilance,anxiety,anxiety,false,2,a,random
A-vigilance-04,vigilance,anxiety,anxiety,false,2,a,random
A-vigilance-05,vigilance,anxiety,anxiety,false,2,a,random
A-vigilance-06,vigilance,anxiety,anxiety,false,2,a,random
A-vigilance-07,vigilance,anxiety,anxiety,false,2,a,random
A-vigilance-08,vigilance,anxiety,anxiety,false,2,a,random
A-vigilance-09,vigilance,anxiety,anxiety,false,2,a,random
A-vigilance-10,vigilance,anxiety,anxiety,false,2,a,random
A-admiration-01,admiration,surprise,surprise,false,3,a,random
A-admiration-02,admiration,relief,relief,false,3,a,random
A-admiration-03,admiration,relief,relief,false,3,a,random
A-admiration-04,admiration,gratitude,gratitude,false,3,a,random
A-admiration-05,admiration,relief,relief,false,3,a,random
A-admiration-06,admiration,relief,relief,false,3,a,random
A-admiration-07,admiration,relief,relief,false,3,a,random
A-admiration-08,admiration,trust,trust,false,3,a,random
A-admiration-09,admiration,shock,shock,false,3,a,random
A-admiration-10,admiration,relief,relief,false,3,a,random
A-amazement-01,amazement,gratitude,gratitude,false,3,a,random
A-amazement-02,amazement,surprise,surprise,false,3,a,random
A-amazement-03,amazement,surprise,surprise,false,3,a,random
A-amazement-04,amazement,surprise,surprise,false,3,a,random
A-amazement-05,amazement,surprise,surprise,false,3,a,random
A-amazement-06,amazement,surprise,surprise,false,3,a,random
A-amazement-07,amazement,surprise,surprise,false,3,a,random
A-amazement-08,amazement,happiness,happiness,false,3,a,random
A-amazement-09,amazement,surprise,surprise,false,3,a,random
A-amazement-10,amazement,relief,relief,false,3,a,random
A-ecstasy-01,ecstasy,relief,relief,false,3,a,random
A-ecstasy-02,ecstasy,relief,relief,false,3,a,random
A-ecstasy-03,ecstasy,relief,relief,false,3,a,random
A-ecstasy-04,ecstasy,joy,joy,false,3,a,random
A-ecstasy-05,ecstasy,joy,joy,false,3,a,random
A-ecstasy-06,ecstasy,joy,joy,false,3,a,random
A-ecstasy-07,ecstasy,joy,joy,false,3,a,random
A-ecstasy-08,ecstasy,happiness,happiness,false,3,a,random
A-ecstasy-09,ecstasy,wonder,wonder,false,3,a,random
A-ecstasy-10,ecstasy,joy,joy,false,3,a,random
A-grief-01,grief,shame,shame,false,3,a,random
A-grief-02,grief,anger,anger,false,3,a,random
A-grief-03,grief,grief,grief,false,3,a,random
A-grief-04,grief,sadness,sadness,false,3,a,random
A-grief-05,grief,sadness,sadness,false,3,a,random
A-grief-06,grief,concern,concern,false,3,a,random
A-grief-07,grief,grief,grief,false,3,a,random
A-grief-08,grief,sadness,sadness,false,3,a,random
A-grief-09,grief,sadness,sadness,false,3,a,random
A-grief-10,grief,longing,longing,false,3,a,random
A-loathing-01,loathing,disgust,disgust,false,3,a,random
A-loathing-02,loathing,disappointment,frustration,true,3,a,random
A-loathing-03,loathing,anger,anger,false,3,a,random
A-loathing-04,loathing,disgust,disgust,false,3,a,random
A-loathing-05,loathing,disgust,disgust,false,3,a,random
A-loathing-06,loathing,disgust,disgust,false,3,a,random
A-loathing-07,loathing,anger,anger,false,3,a,random
A-loathing-08,loathing,disgust,disgust,false,3,a,random
A-loathing-09,loathing,disgust,disgust,false,3,a,random
A-loathing-10,loathing,frustration,frustration,false,3,a,random
A-rage-01,rage,anger,anger,false,3,a,random
A-rage-02,rage,anger,anger,false,3,a,random
A-rage-03,rage,anger,anger,false,3,a,random
A-rage-04,rage,anger,anger,false,3,a,random
A-rage-05,rage,anger,anger,false,3,a,random
A-rage-06,rage,anger,anger,false,3,a,random
A-rage-07,rage,anger,anger,false,3,a,random
A-rage-08,rage,anger,anger,false,3,a,random
A-rage-09,rage,frustration,anger,true,3,a,random
A-rage-10,rage,anger,frustration,true,3,a,random
A-terror-01,terror,fear,fear,false,3,a,random
A-terror-02,terror,shock,shock,false,3,a,random
A-terror-03,terror,fear,fear,false,3,a,random
A-terror-04,terror,relief,relief,false,3,a,random
A-terror-05,terror,fear,fear,false,3,a,random
A-terror-06,terror,fear,fear,false,3,a,random
A-terror-07,terror,fear,fear,false,3,a,random
A-terror-08,terror,fear,fear,false,3,a,random
A-terror-09,terror,anxiety,anxiety,false,3,a,random
A-terror-10,terror,fear,fear,false,3,a,random
A-vigilance-01,vigilance,fear,fear,false,3,a,random
A-vigilance-02,vigilance,anxiety,anxiety,false,3,a,random
A-vigilance-03,vigilance,anxiety,anxiety,false,3,a,random
A-vigilance-04,vigilance,anxiety,anxiety,false,3,a,random
A-vigilance-05,vigilance,anxiety,anxiety,false,3,a,random
A-vigilance-06,vigilance,anxiety,anxiety,false,3,a,random
A-vigilance-07,vigilance,anxiety,anxiety,false,3,a,random
A-vigilance-08,vigilance,anxiety,anxiety,false,3,a,random
A-vigilance-09,vigilance,anxiety,anxiety,false,3,a,random
A-vigilance-10,vigilance,anxiety,anxiety,false,3,a,random
A-admiration-01,admiration,surprise,happiness,true,4,a,random
A-admiration-02,admiration,relief,relief,false,4,a,random
A-admiration-03,admiration,relief,relief,false,4,a,random
A-admiration-04,admiration,gratitude,gratitude,false,4,a,random
A-admiration-05,admiration,relief,relief,false,4,a,random
A-admiration-06,admiration,relief,relief,false,4,a,random
A-admiration-07,admiration,relief,relief,false,4,a,random
A-admiration-08,admiration,trust,trust,false,4,a,random
A-admiration-09,admiration,shock,shock,false,4,a,random
A-admiration-10,admiration,relief,relief,false,4,a,random
A-amazement-01,amazement,gratitude,gratitude,false,4,a,random
A-amazement-02,amazement,surprise,surprise,false,4,a,random
A-amazement-03,amazement,surprise,surprise,false,4,a,random
A-amazement-04,amazement,surprise,surprise,false,4,a,random
A-amazement-05,amazement,surprise,surprise,false,4,a,random
A-amazement-06,amazement,surprise,surprise,false,4,a,random
A-amazement-07,amazement,surprise,surprise,false,4,a,random
A-amazement-08,amazement,happiness,happiness,false,4,a,random
A-amazement-09,amazement,surprise,surprise,false,4,a,random
A-amazement-10,amazement,relief,relief,false,4,a,random
A-ecstasy-01,ecstasy,relief,relief,false,4,a,random
A-ecstasy-02,ecstasy,relief,relief,false,4,a,random
A-ecstasy-03,ecstasy,relief,relief,false,4,a,random
A-ecstasy-04,ecstasy,joy,joy,false,4,a,random
A-ecstasy-05,ecstasy,joy,joy,false,4,a,random
A-ecstasy-06,ecstasy,joy,joy,false,4,a,random
A-ecstasy-07,ecstasy,joy,joy,false,4,a,random
A-ecstasy-08,ecstasy,happiness,happiness,false,4,a,random
A-ecstasy-09,ecstasy,wonder,wonder,false,4,a,random
A-ecstasy-10,ecstasy,joy,joy,false,4,a,random
A-grief-01,grief,shame,shame,false,4,a,random
A-grief-02,grief,anger,anger,false,4,a,random
A-grief-03,grief,grief,grief,false,4,a,random
A-grief-04,grief,sadness,sadness,false,4,a,random
A-grief-05,grief,sadness,sadness,false,4,a,random
A-grief-06,grief,concern,sadness,true,4,a,random
A-grief-07,grief,grief,grief,false,4,a,random
A-grief-08,grief,sadness,sadness,false,4,a,random
A-grief-09,grief,sadness,sadness,false,4,a,random
A-grief-10,grief,longing,longing,false,4,a,random
A-loathing-01,loathing,disgust,disgust,false,4,a,random
A-loathing-02,loathing,disappointment,frustration,true,4,a,random
A-loathing-03,loathing,anger,anger,false,4,a,random
A-loathing-04,loathing,disgust,disgust,false,4,a,random
A-loathing-05,loathing,disgust,disgust,false,4,a,random
A-loathing-06,loathing,disgust,disgust,false,4,a,random
A-loathing-07,loathing,anger,anger,false,4,a,random
A-loathing-08,loathing,disgust,disgust,false,4,a,random
A-loathing-09,loathing,disgust,disgust,false,4,a,random
A-loathing-10,loathing,frustration,frustration,false,4,a,random
A-rage-01,rage,anger,anger,false,4,a,random
A-rage-02,rage,anger,anger,false,4,a,random
A-rage-03,rage,anger,anger,false,4,a,random
A-rage-04,rage,anger,anger,false,4,a,random
A-rage-05,rage,anger,anger,false,4,a,random
A-rage-06,rage,anger,anger,false,4,a,random
A-rage-07,rage,anger,anger,false,4,a,random
A-rage-08,rage,anger,anger,false,4,a,random
A-rage-09,rage,frustration,frustration,false,4,a,random
A-rage-10,rage,anger,anger,false,4,a,random
A-terror-01,terror,fear,fear,false,4,a,random
A-terror-02,terror,shock,shock,false,4,a,random
A-terror-03,terror,fear,fear,false,4,a,random
A-terror-04,terror,relief,relief,false,4,a,random
A-terror-05,terror,fear,fear,false,4,a,random
A-terror-06,terror,fear,fear,false,4,a,random
A-terror-07,terror,fear,fear,false,4,a,random
A-terror-08,terror,fear,fear,false,4,a,random
A-terror-09,terror,anxiety,anxiety,false,4,a,random
A-terror-10,terror,fear,fear,false,4,a,random
A-vigilance-01,vigilance,fear,fear,false,4,a,random
A-vigilance-02,vigilance,anxiety,anxiety,false,4,a,random
A-vigilance-03,vigilance,anxiety,anxiety,false,4,a,random
A-vigilance-04,vigilance,anxiety,anxiety,false,4,a,random
A-vigilance-05,vigilance,anxiety,anxiety,false,4,a,random
A-vigilance-06,vigilance,anxiety,anxiety,false,4,a,random
A-vigilance-07,vigilance,anxiety,anxiety,false,4,a,random
A-vigilance-08,vigilance,anxiety,anxiety,false,4,a,random
A-vigilance-09,vigilance,anxiety,anxiety,false,4,a,random
A-vigilance-10,vigilance,anxiety,anxiety,false,4,a,random
A-admiration-01,admiration,surprise,relief,true,5,a,random
A-admiration-02,admiration,relief,relief,false,5,a,random
A-admiration-03,admiration,relief,relief,false,5,a,random
A-admiration-04,admiration,gratitude,gratitude,false,5,a,random
A-admiration-05,admiration,relief,relief,false,5,a,random
A-admiration-06,admiration,relief,relief,false,5,a,random
A-admiration-07,admiration,relief,relief,false,5,a,random
A-admiration-08,admiration,trust,trust,false,5,a,random
A-admiration-09,admiration,shock,shock,false,5,a,random
A-admiration-10,admiration,relief,relief,false,5,a,random
A-amazement-01,amazement,gratitude,surprise,true,5,a,random
A-amazement-02,amazement,surprise,happiness,true,5,a,random
A-amazement-03,amazement,surprise,surprise,false,5,a,random
A-amazement-04,amazement,surprise,surprise,false,5,a,random
A-amazement-05,amazement,surprise,shock,true,5,a,random
A-amazement-06,amazement,surprise,fear,true,5,a,random
A-amazement-07,amazement,surprise,surprise,false,5,a,random
A-amazement-08,amazement,happiness,happiness,false,5,a,random
A-amazement-09,amazement,surprise,surprise,false,5,a,random
A-amazement-10,amazement,relief,relief,false,5,a,random
A-ecstasy-01,ecstasy,relief,relief,false,5,a,random
A-ecstasy-02,ecstasy,relief,relief,false,5,a,random
A-ecstasy-03,ecstasy,relief,relief,false,5,a,random
A-ecstasy-04,ecstasy,joy,joy,false,5,a,random
A-ecstasy-05,ecstasy,joy,joy,false,5,a,random
A-ecstasy-06,ecstasy,joy,joy,false,5,a,random
A-ecstasy-07,ecstasy,joy,joy,false,5,a,random
A-ecstasy-08,ecstasy,happiness,happiness,false,5,a,random
A-ecstasy-09,ecstasy,wonder,wonder,false,5,a,random
A-ecstasy-10,ecstasy,joy,joy,false,5,a,random
A-grief-01,grief,shame,shame,false,5,a,random
A-grief-02,grief,anger,anger,false,5,a,random
A-grief-03,grief,grief,grief,false,5,a,random
A-grief-04,grief,sadness,sadness,false,5,a,random
A-grief-05,grief,sadness,sadness,false,5,a,random
A-grief-06,grief,concern,sadness,true,5,a,random
A-grief-07,grief,grief,grief,false,5,a,random
A-grief-08,grief,sadness,sadness,false,5,a,random
A-grief-09,grief,sadness,sadness,false,5,a,random
A-grief-10,grief,longing,longing,false,5,a,random
A-loathing-01,loathing,disgust,disgust,false,5,a,random
A-loathing-02,loathing,disappointment,frustration,true,5,a,random
A-loathing-03,loathing,anger,anger,false,5,a,random
A-loathing-04,loathing,disgust,disgust,false,5,a,random
A-loathing-05,loathing,disgust,disgust,false,5,a,random
A-loathing-06,loathing,disgust,disgust,false,5,a,random
A-loathing-07,loathing,anger,anger,false,5,a,random
A-loathing-08,loathing,disgust,disgust,false,5,a,random
A-loathing-09,loathing,disgust,disgust,false,5,a,random
A-loathing-10,loathing,frustration,disgust,true,5,a,random
A-rage-01,rage,anger,anger,false,5,a,random
A-rage-02,rage,anger,anger,false,5,a,random
A-rage-03,rage,anger,anger,false,5,a,random
A-rage-04,rage,anger,anger,false,5,a,random
A-rage-05,rage,anger,anger,false,5,a,random
A-rage-06,rage,anger,anger,false,5,a,random
A-rage-07,rage,anger,anger,false,5,a,random
A-rage-08,rage,anger,anger,false,5,a,random
A-rage-09,rage,frustration,frustration,false,5,a,random
A-rage-10,rage,anger,frustration,true,5,a,random
A-terror-01,terror,fear,fear,false,5,a,random
A-terror-02,terror,shock,shock,false,5,a,random
A-terror-03,terror,fear,fear,false,5,a,random
A-terror-04,terror,relief,relief,false,5,a,random
A-terror-05,terror,fear,fear,false,5,a,random
A-terror-06,terror,fear,fear,false,5,a,random
A-terror-07,terror,fear,fear,false,5,a,random
A-terror-08,terror,fear,fear,false,5,a,random
A-terror-09,terror,anxiety,anxiety,false,5,a,random
A-terror-10,terror,fear,fear,false,5,a,random
A-vigilance-01,vigilance,fear,fear,false,5,a,random
A-vigilance-02,vigilance,anxiety,anxiety,false,5,a,random
A-vigilance-03,vigilance,anxiety,anxiety,false,5,a,random
A-vigilance-04,vigilance,anxiety,anxiety,false,5,a,random
A-vigilance-05,vigilance,anxiety,anxiety,false,5,a,random
A-vigilance-06,vigilance,anxiety,anxiety,false,5,a,random
A-vigilance-07,vigilance,anxiety,anxiety,false,5,a,random
A-vigilance-08,vigilance,anxiety,anxiety,false,5,a,random
A-vigilance-09,vigilance,anxiety,anxiety,false,5,a,random
A-vigilance-10,vigilance,anxiety,anxiety,false,5,a,random
A-admiration-01,admiration,surprise,surprise,false,6,a,random
A-admiration-02,admiration,relief,relief,false,6,a,random
A-admiration-03,admiration,relief,relief,false,6,a,random
A-admiration-04,admiration,gratitude,gratitude,false,6,a,random
A-admiration-05,admiration,relief,relief,false,6,a,random
A-admiration-06,admiration,relief,relief,false,6,a,random
A-admiration-07,admiration,relief,relief,false,6,a,random
A-admiration-08,admiration,trust,trust,false,6,a,random
A-admiration-09,admiration,shock,shock,false,6,a,random
A-admiration-10,admiration,relief,relief,false,6,a,random
A-amazement-01,amazement,gratitude,surprise,true,6,a,random
A-amazement-02,amazement,surprise,surprise,false,6,a,random
A-amazement-03,amazement,surprise,surprise,false,6,a,random
A-amazement-04,amazement,surprise,surprise,false,6,a,random
A-amazement-05,amazement,surprise,shock,true,6,a,random
A-amazement-06,amazement,surprise,surprise,false,6,a,random
A-amazement-07,amazement,surprise,surprise,false,6,a,random
A-amazement-08,amazement,happiness,happiness,false,6,a,random
A-amazement-09,amazement,surprise,surprise,false,6,a,random
A-amazement-10,amazement,relief,relief,false,6,a,random
A-ecstasy-01,ecstasy,relief,relief,false,6,a,random
A-ecstasy-02,ecstasy,relief,relief,false,6,a,random
A-ecstasy-03,ecstasy,relief,relief,false,6,a,random
A-ecstasy-04,ecstasy,joy,joy,false,6,a,random
A-ecstasy-05,ecstasy,joy,joy,false,6,a,random
A-ecstasy-06,ecstasy,joy,joy,false,6,a,random
A-ecstasy-07,ecstasy,joy,joy,false,6,a,random
A-ecstasy-08,ecstasy,happiness,happiness,false,6,a,random
A-ecstasy-09,ecstasy,wonder,wonder,false,6,a,random
A-ecstasy-10,ecstasy,joy,joy,false,6,a,random
A-grief-01,grief,shame,shame,false,6,a,random
A-grief-02,grief,anger,anger,false,6,a,random
A-grief-03,grief,grief,grief,false,6,a,random
A-grief-04,grief,sadness,sadness,false,6,a,random
A-grief-05,grief,sadness,sadness,false,6,a,random
A-grief-06,grief,concern,sadness,true,6,a,random
A-grief-07,grief,grief,grief,false,6,a,random
A-grief-08,grief,sadness,sadness,false,6,a,random
A-grief-09,grief,sadness,sadness,false,6,a,random
A-grief-10,grief,longing,longing,false,6,a,random
A-loathing-01,loathing,disgust,disgust,false,6,a,random
A-loathing-02,loathing,disappointment,frustration,true,6,a,random
A-loathing-03,loathing,anger,anger,false,6,a,random
A-loathing-04,loathing,disgust,disgust,false,6,a,random
A-loathing-05,loathing,disgust,disgust,false,6,a,random
A-loathing-06,loathing,disgust,disgust,false,6,a,random
A-loathing-07,loathing,anger,anger,false,6,a,random
A-loathing-08,loathing,disgust,disgust,false,6,a,random
A-loathing-09,loathing,disgust,disgust,false,6,a,random
A-loathing-10,loathing,frustration,frustration,false,6,a,random
A-rage-01,rage,anger,anger,false,6,a,random
A-rage-02,rage,anger,anger,false,6,a,random
A-rage-03,rage,anger,anger,false,6,a,random
A-rage-04,rage,anger,anger,false,6,a,random
A-rage-05,rage,anger,anger,false,6,a,random
A-rage-06,rage,anger,anger,false,6,a,random
A-rage-07,rage,anger,anger,false,6,a,random
A-rage-08,rage,anger,anger,false,6,a,random
A-rage-09,rage,frustration,frustration,false,6,a,random
A-rage-10,rage,anger,frustration,true,6,a,random
A-terror-01,terror,fear,fear,false,6,a,random
A-terror-02,terror,shock,shock,false,6,a,random
A-terror-03,terror,fear,fear,false,6,a,random
A-terror-04,terror,relief,relief,false,6,a,random
A-terror-05,terror,fear,fear,false,6,a,random
A-terror-06,terror,fear,fear,false,6,a,random
A-terror-07,terror,fear,fear,false,6,a,random
A-terror-08,terror,fear,fear,false,6,a,random
A-terror-09,terror,anxiety,anxiety,false,6,a,random
A-terror-10,terror,fear,fear,false,6,a,random
A-vigilance-01,vigilance,fear,fear,false,6,a,random
A-vigilance-02,vigilance,anxiety,anxiety,false,6,a,random
A-vigilance-03,vigilance,anxiety,anxiety,false,6,a,random
A-vigilance-04,vigilance,anxiety,anxiety,false,6,a,random
A-vigilance-05,vigilance,anxiety,anxiety,false,6,a,random
A-vigilance-06,vigilance,anxiety,anxiety,false,6,a,random
A-vigilance-07,vigilance,anxiety,anxiety,false,6,a,random
A-vigilance-08,vigilance,anxiety,anxiety,false,6,a,random
A-vigilance-09,vigilance,anxiety,anxiety,false,6,a,random
A-vigilance-10,vigilance,anxiety,anxiety,false,6,a,random
A-admiration-01,admiration,surprise,relief,true,7,a,random
A-admiration-02,admiration,relief,relief,false,7,a,random
A-admiration-03,admiration,relief,relief,false,7,a,random
A-admiration-04,admiration,gratitude,gratitude,false,7,a,random
A-admiration-05,admiration,relief,relief,false,7,a,random
A-admiration-06,admiration,relief,relief,false,7,a,random
A-admiration-07,admiration,relief,relief,false,7,a,random
A-admiration-08,admiration,trust,trust,false,7,a,random
A-admiration-09,admiration,shock,shock,false,7,a,random
A-admiration-10,admiration,relief,relief,false,7,a,random
A-amazement-01,amazement,gratitude,surprise,true,7,a,random
A-amazement-02,amazement,surprise,happiness,true,7,a,random
A-amazement-03,amazement,surprise,surprise,false,7,a,random
A-amazement-04,amazement,surprise,surprise,false,7,a,random
A-amazement-05,amazement,surprise,surprise,false,7,a,random
A-amazement-06,amazement,surprise,surprise,false,7,a,random
A-amazement-07,amazement,surprise,surprise,false,7,a,random
A-amazement-08,amazement,happiness,happiness,false,7,a,random
A-amazement-09,amazement,surprise,surprise,false,7,a,random
A-amazement-10,amazement,relief,relief,false,7,a,random
A-ecstasy-01,ecstasy,relief,relief,false,7,a,random
A-ecstasy-02,ecstasy,relief,relief,false,7,a,random
A-ecstasy-03,ecstasy,relief,relief,false,7,a,random
A-ecstasy-04,ecstasy,joy,happiness,true,7,a,random
A-ecstasy-05,ecstasy,joy,joy,false,7,a,random
A-ecstasy-06,ecstasy,joy,joy,false,7,a,random
A-ecstasy-07,ecstasy,joy,joy,false,7,a,random
A-ecstasy-08,ecstasy,happiness,happiness,false,7,a,random
A-ecstasy-09,ecstasy,wonder,wonder,false,7,a,random
A-ecstasy-10,ecstasy,joy,joy,false,7,a,random
A-grief-01,grief,shame,shame,false,7,a,random
A-grief-02,grief,anger,anger,false,7,a,random
A-grief-03,grief,grief,sadness,true,7,a,random
A-grief-04,grief,sadness,sadness,false,7,a,random
A-grief-05,grief,sadness,sadness,false,7,a,random
A-grief-06,grief,concern,concern,false,7,a,random
A-grief-07,grief,grief,grief,false,7,a,random
A-grief-08,grief,sadness,sadness,false,7,a,random
A-grief-09,grief,sadness,sadness,false,7,a,random
A-grief-10,grief,longing,longing,false,7,a,random
A-loathing-01,loathing,disgust,disgust,false,7,a,random
A-loathing-02,loathing,disappointment,frustration,true,7,a,random
A-loathing-03,loathing,anger,anger,false,7,a,random
A-loathing-04,loathing,disgust,disgust,false,7,a,random
A-loathing-05,loathing,disgust,disgust,false,7,a,random
A-loathing-06,loathing,disgust,disgust,false,7,a,random
A-loathing-07,loathing,anger,anger,false,7,a,random
A-loathing-08,loathing,disgust,disgust,false,7,a,random
A-loathing-09,loathing,disgust,disgust,false,7,a,random
A-loathing-10,loathing,frustration,frustration,false,7,a,random
A-rage-01,rage,anger,anger,false,7,a,random
A-rage-02,rage,anger,anger,false,7,a,random
A-rage-03,rage,anger,anger,false,7,a,random
A-rage-04,rage,anger,anger,false,7,a,random
A-rage-05,rage,anger,anger,false,7,a,random
A-rage-06,rage,anger,anger,false,7,a,random
A-rage-07,rage,anger,anger,false,7,a,random
A-rage-08,rage,anger,anger,false,7,a,random
A-rage-09,rage,frustration,frustration,false,7,a,random
A-rage-10,rage,anger,frustration,true,7,a,random
A-terror-01,terror,fear,fear,false,7,a,random
A-terror-02,terror,shock,shock,false,7,a,random
A-terror-03,terror,fear,fear,false,7,a,random
A-terror-04,terror,relief,relief,false,7,a,random
A-terror-05,terror,fear,fear,false,7,a,random
A-terror-06,terror,fear,fear,false,7,a,random
A-terror-07,terror,fear,fear,false,7,a,random
A-terror-08,terror,fear,fear,false,7,a,random
A-terror-09,terror,anxiety,anxiety,false,7,a,random
A-terror-10,terror,fear,fear,false,7,a,random
A-vigilance-01,vigilance,fear,fear,false,7,a,random
A-vigilance-02,vigilance,anxiety,anxiety,false,7,a,random
A-vigilance-03,vigilance,anxiety,anxiety,false,7,a,random
A-vigilance-04,vigilance,anxiety,anxiety,false,7,a,random
A-vigilance-05,vigilance,anxiety,anxiety,false,7,a,random
A-vigilance-06,vigilance,anxiety,anxiety,false,7,a,random
A-vigilance-07,vigilance,anxiety,anxiety,false,7,a,random
A-vigilance-08,vigilance,anxiety,anxiety,false,7,a,random
A-vigilance-09,vigilance,anxiety,anxiety,false,7,a,random
A-vigilance-10,vigilance,anxiety,anxiety,false,7,a,random
A-admiration-01,admiration,surprise,relief,true,8,a,random
A-admiration-02,admiration,relief,relief,false,8,a,random
A-admiration-03,admiration,relief,relief,false,8,a,random
A-admiration-04,admiration,gratitude,relief,true,8,a,random
A-admiration-05,admiration,relief,relief,false,8,a,random
A-admiration-06,admiration,relief,relief,false,8,a,random
A-admiration-07,admiration,relief,relief,false,8,a,random
A-admiration-08,admiration,trust,trust,false,8,a,random
A-admiration-09,admiration,shock,shock,false,8,a,random
A-admiration-10,admiration,relief,relief,false,8,a,random
A-amazement-01,amazement,gratitude,gratitude,false,8,a,random
A-amazement-02,amazement,surprise,surprise,false,8,a,random
A-amazement-03,amazement,surprise,surprise,false,8,a,random
A-amazement-04,amazement,surprise,surprise,false,8,a,random
A-amazement-05,amazement,surprise,shock,true,8,a,random
A-amazement-06,amazement,surprise,fear,true,8,a,random
A-amazement-07,amazement,surprise,surprise,false,8,a,random
A-amazement-08,amazement,happiness,surprise,true,8,a,random
A-amazement-09,amazement,surprise,surprise,false,8,a,random
A-amazement-10,amazement,relief,relief,false,8,a,random
A-ecstasy-01,ecstasy,relief,relief,false,8,a,random
A-ecstasy-02,ecstasy,relief,relief,false,8,a,random
A-ecstasy-03,ecstasy,relief,relief,false,8,a,random
A-ecstasy-04,ecstasy,joy,joy,false,8,a,random
A-ecstasy-05,ecstasy,joy,joy,false,8,a,random
A-ecstasy-06,ecstasy,joy,joy,false,8,a,random
A-ecstasy-07,ecstasy,joy,joy,false,8,a,random
A-ecstasy-08,ecstasy,happiness,surprise,true,8,a,random
A-ecstasy-09,ecstasy,wonder,wonder,false,8,a,random
A-ecstasy-10,ecstasy,joy,joy,false,8,a,random
A-grief-01,grief,shame,shame,false,8,a,random
A-grief-02,grief,anger,anger,false,8,a,random
A-grief-03,grief,grief,grief,false,8,a,random
A-grief-04,grief,sadness,sadness,false,8,a,random
A-grief-05,grief,sadness,grief,true,8,a,random
A-grief-06,grief,concern,concern,false,8,a,random
A-grief-07,grief,grief,grief,false,8,a,random
A-grief-08,grief,sadness,sadness,false,8,a,random
A-grief-09,grief,sadness,sadness,false,8,a,random
A-grief-10,grief,longing,longing,false,8,a,random
A-loathing-01,loathing,disgust,disgust,false,8,a,random
A-loathing-02,loathing,disappointment,disappointment,false,8,a,random
A-loathing-03,loathing,anger,anger,false,8,a,random
A-loathing-04,loathing,disgust,disgust,false,8,a,random
A-loathing-05,loathing,disgust,disgust,false,8,a,random
A-loathing-06,loathing,disgust,disgust,false,8,a,random
A-loathing-07,loathing,anger,anger,false,8,a,random
A-loathing-08,loathing,disgust,disgust,false,8,a,random
A-loathing-09,loathing,disgust,disgust,false,8,a,random
A-loathing-10,loathing,frustration,frustration,false,8,a,random
A-rage-01,rage,anger,anger,false,8,a,random
A-rage-02,rage,anger,anger,false,8,a,random
A-rage-03,rage,anger,anger,false,8,a,random
A-rage-04,rage,anger,anger,false,8,a,random
A-rage-05,rage,anger,anger,false,8,a,random
A-rage-06,rage,anger,anger,false,8,a,random
A-rage-07,rage,anger,anger,false,8,a,random
A-rage-08,rage,anger,anger,false,8,a,random
A-rage-09,rage,frustration,frustration,false,8,a,random
A-rage-10,rage,anger,frustration,true,8,a,random
A-terror-01,terror,fear,fear,false,8,a,random
A-terror-02,terror,shock,shock,false,8,a,random
A-terror-03,terror,fear,fear,false,8,a,random
A-terror-04,terror,relief,relief,false,8,a,random
A-terror-05,terror,fear,fear,false,8,a,random
A-terror-06,terror,fear,fear,false,8,a,random
A-terror-07,terror,fear,fear,false,8,a,random
A-terror-08,terror,fear,fear,false,8,a,random
A-terror-09,terror,anxiety,anxiety,false,8,a,random
A-terror-10,terror,fear,fear,false,8,a,random
A-vigilance-01,vigilance,fear,fear,false,8,a,random
A-vigilance-02,vigilance,anxiety,anxiety,false,8,a,random
A-vigilance-03,vigilance,anxiety,anxiety,false,8,a,random
A-vigilance-04,vigilance,anxiety,anxiety,false,8,a,random
A-vigilance-05,vigilance,anxiety,anxiety,false,8,a,random
A-vigilance-06,vigilance,anxiety,anxiety,false,8,a,random
A-vigilance-07,vigilance,anxiety,anxiety,false,8,a,random
A-vigilance-08,vigilance,anxiety,anxiety,false,8,a,random
A-vigilance-09,vigilance,anxiety,anxiety,false,8,a,random
A-vigilance-10,vigilance,anxiety,anxiety,false,8,a,random
A-admiration-01,admiration,surprise,trust,true,9,a,random
A-admiration-02,admiration,relief,relief,false,9,a,random
A-admiration-03,admiration,relief,relief,false,9,a,random
A-admiration-04,admiration,gratitude,gratitude,false,9,a,random
A-admiration-05,admiration,relief,relief,false,9,a,random
A-admiration-06,admiration,relief,relief,false,9,a,random
A-admiration-07,admiration,relief,relief,false,9,a,random
A-admiration-08,admiration,trust,trust,false,9,a,random
A-admiration-09,admiration,shock,shock,false,9,a,random
A-admiration-10,admiration,relief,relief,false,9,a,random
A-amazement-01,amazement,gratitude,gratitude,false,9,a,random
A-amazement-02,amazement,surprise,surprise,false,9,a,random
A-amazement-03,amazement,surprise,surprise,false,9,a,random
A-amazement-04,amazement,surprise,surprise,false,9,a,random
A-amazement-05,amazement,surprise,surprise,false,9,a,random
A-amazement-06,amazement,surprise,confusion,true,9,a,random
A-amazement-07,amazement,surprise,surprise,false,9,a,random
A-amazement-08,amazement,happiness,surprise,true,9,a,random
A-amazement-09,amazement,surprise,surprise,false,9,a,random
A-amazement-10,amazement,relief,relief,false,9,a,random
A-ecstasy-01,ecstasy,relief,relief,false,9,a,random
A-ecstasy-02,ecstasy,relief,relief,false,9,a,random
A-ecstasy-03,ecstasy,relief,gratitude,true,9,a,random
A-ecstasy-04,ecstasy,joy,joy,false,9,a,random
A-ecstasy-05,ecstasy,joy,joy,false,9,a,random
A-ecstasy-06,ecstasy,joy,joy,false,9,a,random
A-ecstasy-07,ecstasy,joy,joy,false,9,a,random
A-ecstasy-08,ecstasy,happiness,joy,true,9,a,random
A-ecstasy-09,ecstasy,wonder,wonder,false,9,a,random
A-ecstasy-10,ecstasy,joy,joy,false,9,a,random
A-grief-01,grief,shame,shame,false,9,a,random
A-grief-02,grief,anger,anger,false,9,a,random
A-grief-03,grief,grief,grief,false,9,a,random
A-grief-04,grief,sadness,sadness,false,9,a,random
A-grief-05,grief,sadness,sadness,false,9,a,random
A-grief-06,grief,concern,sadness,true,9,a,random
A-grief-07,grief,grief,grief,false,9,a,random
A-grief-08,grief,sadness,sadness,false,9,a,random
A-grief-09,grief,sadness,sadness,false,9,a,random
A-grief-10,grief,longing,longing,false,9,a,random
A-loathing-01,loathing,disgust,disgust,false,9,a,random
A-loathing-02,loathing,disappointment,anger,true,9,a,random
A-loathing-03,loathing,anger,anger,false,9,a,random
A-loathing-04,loathing,disgust,disgust,false,9,a,random
A-loathing-05,loathing,disgust,disgust,false,9,a,random
A-loathing-06,loathing,disgust,disgust,false,9,a,random
A-loathing-07,loathing,anger,anger,false,9,a,random
A-loathing-08,loathing,disgust,disgust,false,9,a,random
A-loathing-09,loathing,disgust,disgust,false,9,a,random
A-loathing-10,loathing,frustration,frustration,false,9,a,random
A-rage-01,rage,anger,anger,false,9,a,random
A-rage-02,rage,anger,anger,false,9,a,random
A-rage-03,rage,anger,anger,false,9,a,random
A-rage-04,rage,anger,anger,false,9,a,random
A-rage-05,rage,anger,anger,false,9,a,random
A-rage-06,rage,anger,anger,false,9,a,random
A-rage-07,rage,anger,anger,false,9,a,random
A-rage-08,rage,anger,anger,false,9,a,random
A-rage-09,rage,frustration,anger,true,9,a,random
A-rage-10,rage,anger,anger,false,9,a,random
A-terror-01,terror,fear,fear,false,9,a,random
A-terror-02,terror,shock,shock,false,9,a,random
A-terror-03,terror,fear,fear,false,9,a,random
A-terror-04,terror,relief,relief,false,9,a,random
A-terror-05,terror,fear,anger,true,9,a,random
A-terror-06,terror,fear,fear,false,9,a,random
A-terror-07,terror,fear,fear,false,9,a,random
A-terror-08,terror,fear,fear,false,9,a,random
A-terror-09,terror,anxiety,anxiety,false,9,a,random
A-terror-10,terror,fear,fear,false,9,a,random
A-vigilance-01,vigilance,fear,fear,false,9,a,random
A-vigilance-02,vigilance,anxiety,anxiety,false,9,a,random
A-vigilance-03,vigilance,anxiety,anxiety,false,9,a,random
A-vigilance-04,vigilance,anxiety,anxiety,false,9,a,random
A-vigilance-05,vigilance,anxiety,anxiety,false,9,a,random
A-vigilance-06,vigilance,anxiety,anxiety,false,9,a,random
A-vigilance-07,vigilance,anxiety,anxiety,false,9,a,random
A-vigilance-08,vigilance,anxiety,anxiety,false,9,a,random
A-vigilance-09,vigilance,anxiety,anxiety,false,9,a,random
A-vigilance-10,vigilance,anxiety,anxiety,false,9,a,random
A-admiration-01,admiration,surprise,trust,true,10,a,random
A-admiration-02,admiration,relief,relief,false,10,a,random
A-admiration-03,admiration,relief,relief,false,10,a,random
A-admiration-04,admiration,gratitude,gratitude,false,10,a,random
A-admiration-05,admiration,relief,relief,false,10,a,random
A-admiration-06,admiration,relief,relief,false,10,a,random
A-admiration-07,admiration,relief,relief,false,10,a,random
A-admiration-08,admiration,trust,trust,false,10,a,random
A-admiration-09,admiration,shock,shock,false,10,a,random
A-admiration-10,admiration,relief,relief,false,10,a,random
A-amazement-01,amazement,gratitude,gratitude,false,10,a,random
A-amazement-02,amazement,surprise,surprise,false,10,a,random
A-amazement-03,amazement,surprise,surprise,false,10,a,random
A-amazement-04,amazement,surprise,surprise,false,10,a,random
A-amazement-05,amazement,surprise,embarrassment,true,10,a,random
A-amazement-06,amazement,surprise,surprise,false,10,a,random
A-amazement-07,amazement,surprise,surprise,false,10,a,random
A-amazement-08,amazement,happiness,surprise,true,10,a,random
A-amazement-09,amazement,surprise,surprise,false,10,a,random
A-amazement-10,amazement,relief,relief,false,10,a,random
A-ecstasy-01,ecstasy,relief,relief,false,10,a,random
A-ecstasy-02,ecstasy,relief,relief,false,10,a,random
A-ecstasy-03,ecstasy,relief,relief,false,10,a,random
A-ecstasy-04,ecstasy,joy,joy,false,10,a,random
A-ecstasy-05,ecstasy,joy,joy,false,10,a,random
A-ecstasy-06,ecstasy,joy,joy,false,10,a,random
A-ecstasy-07,ecstasy,joy,joy,false,10,a,random
A-ecstasy-08,ecstasy,happiness,joy,true,10,a,random
A-ecstasy-09,ecstasy,wonder,wonder,false,10,a,random
A-ecstasy-10,ecstasy,joy,joy,false,10,a,random
A-grief-01,grief,shame,shame,false,10,a,random
A-grief-02,grief,anger,anger,false,10,a,random
A-grief-03,grief,grief,grief,false,10,a,random
A-grief-04,grief,sadness,sadness,false,10,a,random
A-grief-05,grief,sadness,sadness,false,10,a,random
A-grief-06,grief,concern,sadness,true,10,a,random
A-grief-07,grief,grief,grief,false,10,a,random
A-grief-08,grief,sadness,sadness,false,10,a,random
A-grief-09,grief,sadness,sadness,false,10,a,random
A-grief-10,grief,longing,longing,false,10,a,random
A-loathing-01,loathing,disgust,disgust,false,10,a,random
A-loathing-02,loathing,disappointment,frustration,true,10,a,random
A-loathing-03,loathing,anger,anger,false,10,a,random
A-loathing-04,loathing,disgust,disgust,false,10,a,random
A-loathing-05,loathing,disgust,disgust,false,10,a,random
A-loathing-06,loathing,disgust,disgust,false,10,a,random
A-loathing-07,loathing,anger,anger,false,10,a,random
A-loathing-08,loathing,disgust,disgust,false,10,a,random
A-loathing-09,loathing,disgust,disgust,false,10,a,random
A-loathing-10,loathing,frustration,disgust,true,10,a,random
A-rage-01,rage,anger,anger,false,10,a,random
A-rage-02,rage,anger,anger,false,10,a,random
A-rage-03,rage,anger,anger,false,10,a,random
A-rage-04,rage,anger,anger,false,10,a,random
A-rage-05,rage,anger,anger,false,10,a,random
A-rage-06,rage,anger,anger,false,10,a,random
A-rage-07,rage,anger,anger,false,10,a,random
A-rage-08,rage,anger,anger,false,10,a,random
A-rage-09,rage,frustration,anger,true,10,a,random
A-rage-10,rage,anger,anger,false,10,a,random
A-terror-01,terror,fear,fear,false,10,a,random
A-terror-02,terror,shock,shock,false,10,a,random
A-terror-03,terror,fear,fear,false,10,a,random
A-terror-04,terror,relief,relief,false,10,a,random
A-terror-05,terror,fear,fear,false,10,a,random
A-terror-06,terror,fear,fear,false,10,a,random
A-terror-07,terror,fear,fear,false,10,a,random
A-terror-08,terror,fear,fear,false,10,a,random
A-terror-09,terror,anxiety,anxiety,false,10,a,random
A-terror-10,terror,fear,fear,false,10,a,random
A-vigilance-01,vigilance,fear,fear,false,10,a,random
A-vigilance-02,vigilance,anxiety,anxiety,false,10,a,random
A-vigilance-03,vigilance,anxiety,anxiety,false,10,a,random
A-vigilance-04,vigilance,anxiety,anxiety,false,10,a,random
A-vigilance-05,vigilance,anxiety,anxiety,false,10,a,random
A-vigilance-06,vigilance,anxiety,anxiety,false,10,a,random
A-vigilance-07,vigilance,anxiety,anxiety,false,10,a,random
A-vigilance-08,vigilance,anxiety,anxiety,false,10,a,random
A-vigilance-09,vigilance,anxiety,anxiety,false,10,a,random
A-vigilance-10,vigilance,anxiety,anxiety,false,10,a,random
A-admiration-01,admiration,surprise,happiness,true,11,a,random
A-admiration-02,admiration,relief,relief,false,11,a,random
A-admiration-03,admiration,relief,relief,false,11,a,random
A-admiration-04,admiration,gratitude,trust,true,11,a,random
A-admiration-05,admiration,relief,relief,false,11,a,random
A-admiration-06,admiration,relief,relief,false,11,a,random
A-admiration-07,admiration,relief,relief,false,11,a,random
A-admiration-08,admiration,trust,trust,false,11,a,random
A-admiration-09,admiration,shock,shock,false,11,a,random
A-admiration-10,admiration,relief,relief,false,11,a,random
A-amazement-01,amazement,gratitude,surprise,true,11,a,random
A-amazement-02,amazement,surprise,surprise,false,11,a,random
A-amazement-03,amazement,surprise,surprise,false,11,a,random
A-amazement-04,amazement,surprise,surprise,false,11,a,random
A-amazement-05,amazement,surprise,surprise,false,11,a,random
A-amazement-06,amazement,surprise,surprise,false,11,a,random
A-amazement-07,amazement,surprise,surprise,false,11,a,random
A-amazement-08,amazement,happiness,surprise,true,11,a,random
A-amazement-09,amazement,surprise,surprise,false,11,a,random
A-amazement-10,amazement,relief,relief,false,11,a,random
A-ecstasy-01,ecstasy,relief,joy,true,11,a,random
A-ecstasy-02,ecstasy,relief,relief,false,11,a,random
A-ecstasy-03,ecstasy,relief,gratitude,true,11,a,random
A-ecstasy-04,ecstasy,joy,joy,false,11,a,random
A-ecstasy-05,ecstasy,joy,joy,false,11,a,random
A-ecstasy-06,ecstasy,joy,joy,false,11,a,random
A-ecstasy-07,ecstasy,joy,joy,false,11,a,random
A-ecstasy-08,ecstasy,happiness,happiness,false,11,a,random
A-ecstasy-09,ecstasy,wonder,wonder,false,11,a,random
A-ecstasy-10,ecstasy,joy,joy,false,11,a,random
A-grief-01,grief,shame,shame,false,11,a,random
A-grief-02,grief,anger,sadness,true,11,a,random
A-grief-03,grief,grief,grief,false,11,a,random
A-grief-04,grief,sadness,sadness,false,11,a,random
A-grief-05,grief,sadness,sadness,false,11,a,random
A-grief-06,grief,concern,empathy,true,11,a,random
A-grief-07,grief,grief,sadness,true,11,a,random
A-grief-08,grief,sadness,sadness,false,11,a,random
A-grief-09,grief,sadness,sadness,false,11,a,random
A-grief-10,grief,longing,disappointment,true,11,a,random
A-loathing-01,loathing,disgust,disgust,false,11,a,random
A-loathing-02,loathing,disappointment,disappointment,false,11,a,random
A-loathing-03,loathing,anger,anger,false,11,a,random
A-loathing-04,loathing,disgust,disgust,false,11,a,random
A-loathing-05,loathing,disgust,disgust,false,11,a,random
A-loathing-06,loathing,disgust,disgust,false,11,a,random
A-loathing-07,loathing,anger,anger,false,11,a,random
A-loathing-08,loathing,disgust,disgust,false,11,a,random
A-loathing-09,loathing,disgust,disgust,false,11,a,random
A-loathing-10,loathing,frustration,disgust,true,11,a,random
A-rage-01,rage,anger,anger,false,11,a,random
A-rage-02,rage,anger,anger,false,11,a,random
A-rage-03,rage,anger,anger,false,11,a,random
A-rage-04,rage,anger,anger,false,11,a,random
A-rage-05,rage,anger,anger,false,11,a,random
A-rage-06,rage,anger,anger,false,11,a,random
A-rage-07,rage,anger,anger,false,11,a,random
A-rage-08,rage,anger,anger,false,11,a,random
A-rage-09,rage,frustration,anger,true,11,a,random
A-rage-10,rage,anger,anger,false,11,a,random
A-terror-01,terror,fear,fear,false,11,a,random
A-terror-02,terror,shock,shock,false,11,a,random
A-terror-03,terror,fear,fear,false,11,a,random
A-terror-04,terror,relief,relief,false,11,a,random
A-terror-05,terror,fear,fear,false,11,a,random
A-terror-06,terror,fear,fear,false,11,a,random
A-terror-07,terror,fear,fear,false,11,a,random
A-terror-08,terror,fear,fear,false,11,a,random
A-terror-09,terror,anxiety,anxiety,false,11,a,random
A-terror-10,terror,fear,fear,false,11,a,random
A-vigilance-01,vigilance,fear,fear,false,11,a,random
A-vigilance-02,vigilance,anxiety,anxiety,false,11,a,random
A-vigilance-03,vigilance,anxiety,anxiety,false,11,a,random
A-vigilance-04,vigilance,anxiety,anxiety,false,11,a,random
A-vigilance-05,vigilance,anxiety,anxiety,false,11,a,random
A-vigilance-06,vigilance,anxiety,anxiety,false,11,a,random
A-vigilance-07,vigilance,anxiety,anxiety,false,11,a,random
A-vigilance-08,vigilance,anxiety,anxiety,false,11,a,random
A-vigilance-09,vigilance,anxiety,anxiety,false,11,a,random
A-vigilance-10,vigilance,anxiety,anxiety,false,11,a,random
A-admiration-01,admiration,surprise,trust,true,12,a,random
A-admiration-02,admiration,relief,relief,false,12,a,random
A-admiration-03,admiration,relief,relief,false,12,a,random
A-admiration-04,admiration,gratitude,gratitude,false,12,a,random
A-admiration-05,admiration,relief,relief,false,12,a,random
A-admiration-06,admiration,relief,relief,false,12,a,random
A-admiration-07,admiration,relief,relief,false,12,a,random
A-admiration-08,admiration,trust,trust,false,12,a,random
A-admiration-09,admiration,shock,shock,false,12,a,random
A-admiration-10,admiration,relief,relief,false,12,a,random
A-amazement-01,amazement,gratitude,gratitude,false,12,a,random
A-amazement-02,amazement,surprise,happiness,true,12,a,random
A-amazement-03,amazement,surprise,surprise,false,12,a,random
A-amazement-04,amazement,surprise,surprise,false,12,a,random
A-amazement-05,amazement,surprise,surprise,false,12,a,random
A-amazement-06,amazement,surprise,confusion,true,12,a,random
A-amazement-07,amazement,surprise,surprise,false,12,a,random
A-amazement-08,amazement,happiness,happiness,false,12,a,random
A-amazement-09,amazement,surprise,surprise,false,12,a,random
A-amazement-10,amazement,relief,surprise,true,12,a,random
A-ecstasy-01,ecstasy,relief,relief,false,12,a,random
A-ecstasy-02,ecstasy,relief,relief,false,12,a,random
A-ecstasy-03,ecstasy,relief,relief,false,12,a,random
A-ecstasy-04,ecstasy,joy,happiness,true,12,a,random
A-ecstasy-05,ecstasy,joy,joy,false,12,a,random
A-ecstasy-06,ecstasy,joy,joy,false,12,a,random
A-ecstasy-07,ecstasy,joy,joy,false,12,a,random
A-ecstasy-08,ecstasy,happiness,surprise,true,12,a,random
A-ecstasy-09,ecstasy,wonder,wonder,false,12,a,random
A-ecstasy-10,ecstasy,joy,joy,false,12,a,random
A-grief-01,grief,shame,shame,false,12,a,random
A-grief-02,grief,anger,sadness,true,12,a,random
A-grief-03,grief,grief,sadness,true,12,a,random
A-grief-04,grief,sadness,sadness,false,12,a,random
A-grief-05,grief,sadness,sadness,false,12,a,random
A-grief-06,grief,concern,sadness,true,12,a,random
A-grief-07,grief,grief,sadness,true,12,a,random
A-grief-08,grief,sadness,sadness,false,12,a,random
A-grief-09,grief,sadness,sadness,false,12,a,random
A-grief-10,grief,longing,longing,false,12,a,random
A-loathing-01,loathing,disgust,disgust,false,12,a,random
A-loathing-02,loathing,disappointment,disappointment,false,12,a,random
A-loathing-03,loathing,anger,anger,false,12,a,random
A-loathing-04,loathing,disgust,disgust,false,12,a,random
A-loathing-05,loathing,disgust,disgust,false,12,a,random
A-loathing-06,loathing,disgust,disgust,false,12,a,random
A-loathing-07,loathing,anger,anger,false,12,a,random
A-loathing-08,loathing,disgust,disgust,false,12,a,random
A-loathing-09,loathing,disgust,disgust,false,12,a,random
A-loathing-10,loathing,frustration,disgust,true,12,a,random
A-rage-01,rage,anger,anger,false,12,a,random
A-rage-02,rage,anger,anger,false,12,a,random
A-rage-03,rage,anger,anger,false,12,a,random
A-rage-04,rage,anger,anger,false,12,a,random
A-rage-05,rage,anger,anger,false,12,a,random
A-rage-06,rage,anger,anger,false,12,a,random
A-rage-07,rage,anger,anger,false,12,a,random
A-rage-08,rage,anger,anger,false,12,a,random
A-rage-09,rage,frustration,anger,true,12,a,random
A-rage-10,rage,anger,anger,false,12,a,random
A-terror-01,terror,fear,fear,false,12,a,random
A-terror-02,terror,shock,shock,false,12,a,random
A-terror-03,terror,fear,fear,false,12,a,random
A-terror-04,terror,relief,relief,false,12,a,random
A-terror-05,terror,fear,fear,false,12,a,random
A-terror-06,terror,fear,fear,false,12,a,random
A-terror-07,terror,fear,fear,false,12,a,random
A-terror-08,terror,fear,fear,false,12,a,random
A-terror-09,terror,anxiety,anxiety,false,12,a,random
A-terror-10,terror,fear,fear,false,12,a,random
A-vigilance-01,vigilance,fear,fear,false,12,a,random
A-vigilance-02,vigilance,anxiety,anxiety,false,12,a,random
A-vigilance-03,vigilance,anxiety,anxiety,false,12,a,random
A-vigilance-04,vigilance,anxiety,anxiety,false,12,a,random
A-vigilance-05,vigilance,anxiety,anxiety,false,12,a,random
A-vigilance-06,vigilance,anxiety,anxiety,false,12,a,random
A-vigilance-07,vigilance,anxiety,anxiety,false,12,a,random
A-vigilance-08,vigilance,anxiety,anxiety,false,12,a,random
A-vigilance-09,vigilance,anxiety,anxiety,false,12,a,random
A-vigilance-10,vigilance,anxiety,anxiety,false,12,a,random
A-admiration-01,admiration,surprise,surprise,false,13,a,random
A-admiration-02,admiration,relief,relief,false,13,a,random
A-admiration-03,admiration,relief,relief,false,13,a,random
A-admiration-04,admiration,gratitude,relief,true,13,a,random
A-admiration-05,admiration,relief,relief,false,13,a,random
A-admiration-06,admiration,relief,relief,false,13,a,random
A-admiration-07,admiration,relief,relief,false,13,a,random
A-admiration-08,admiration,trust,trust,false,13,a,random
A-admiration-09,admiration,shock,shock,false,13,a,random
A-admiration-10,admiration,relief,relief,false,13,a,random
A-amazement-01,amazement,gratitude,surprise,true,13,a,random
A-amazement-02,amazement,surprise,surprise,false,13,a,random
A-amazement-03,amazement,surprise,surprise,false,13,a,random
A-amazement-04,amazement,surprise,shock,true,13,a,random
A-amazement-05,amazement,surprise,embarrassment,true,13,a,random
A-amazement-06,amazement,surprise,fear,true,13,a,random
A-amazement-07,amazement,surprise,surprise,false,13,a,random
A-amazement-08,amazement,happiness,surprise,true,13,a,random
A-amazement-09,amazement,surprise,surprise,false,13,a,random
A-amazement-10,amazement,relief,relief,false,13,a,random
A-ecstasy-01,ecstasy,relief,relief,false,13,a,random
A-ecstasy-02,ecstasy,relief,relief,false,13,a,random
A-ecstasy-03,ecstasy,relief,gratitude,true,13,a,random
A-ecstasy-04,ecstasy,joy,joy,false,13,a,random
A-ecstasy-05,ecstasy,joy,joy,false,13,a,random
A-ecstasy-06,ecstasy,joy,joy,false,13,a,random
A-ecstasy-07,ecstasy,joy,pride,true,13,a,random
A-ecstasy-08,ecstasy,happiness,happiness,false,13,a,random
A-ecstasy-09,ecstasy,wonder,delight,true,13,a,random
A-ecstasy-10,ecstasy,joy,joy,false,13,a,random
A-grief-01,grief,shame,shame,false,13,a,random
A-grief-02,grief,anger,anger,false,13,a,random
A-grief-03,grief,grief,grief,false,13,a,random
A-grief-04,grief,sadness,sadness,false,13,a,random
A-grief-05,grief,sadness,sadness,false,13,a,random
A-grief-06,grief,concern,empathy,true,13,a,random
A-grief-07,grief,grief,grief,false,13,a,random
A-grief-08,grief,sadness,sadness,false,13,a,random
A-grief-09,grief,sadness,sadness,false,13,a,random
A-grief-10,grief,longing,longing,false,13,a,random
A-loathing-01,loathing,disgust,disgust,false,13,a,random
A-loathing-02,loathing,disappointment,frustration,true,13,a,random
A-loathing-03,loathing,anger,anger,false,13,a,random
A-loathing-04,loathing,disgust,disgust,false,13,a,random
A-loathing-05,loathing,disgust,disgust,false,13,a,random
A-loathing-06,loathing,disgust,disgust,false,13,a,random
A-loathing-07,loathing,anger,anger,false,13,a,random
A-loathing-08,loathing,disgust,disgust,false,13,a,random
A-loathing-09,loathing,disgust,disgust,false,13,a,random
A-loathing-10,loathing,frustration,frustration,false,13,a,random
A-rage-01,rage,anger,anger,false,13,a,random
A-rage-02,rage,anger,anger,false,13,a,random
A-rage-03,rage,anger,anger,false,13,a,random
A-rage-04,rage,anger,anger,false,13,a,random
A-rage-05,rage,anger,anger,false,13,a,random
A-rage-06,rage,anger,anger,false,13,a,random
A-rage-07,rage,anger,anger,false,13,a,random
A-rage-08,rage,anger,anger,false,13,a,random
A-rage-09,rage,frustration,anger,true,13,a,random
A-rage-10,rage,anger,anger,false,13,a,random
A-terror-01,terror,fear,fear,false,13,a,random
A-terror-02,terror,shock,shock,false,13,a,random
A-terror-03,terror,fear,fear,false,13,a,random
A-terror-04,terror,relief,fear,true,13,a,random
A-terror-05,terror,fear,anger,true,13,a,random
A-terror-06,terror,fear,fear,false,13,a,random
A-terror-07,terror,fear,fear,false,13,a,random
A-terror-08,terror,fear,fear,false,13,a,random
A-terror-09,terror,anxiety,anxiety,false,13,a,random
A-terror-10,terror,fear,fear,false,13,a,random
A-vigilance-01,vigilance,fear,fear,false,13,a,random
A-vigilance-02,vigilance,anxiety,anxiety,false,13,a,random
A-vigilance-03,vigilance,anxiety,anxiety,false,13,a,random
A-vigilance-04,vigilance,anxiety,anxiety,false,13,a,random
A-vigilance-05,vigilance,anxiety,anxiety,false,13,a,random
A-vigilance-06,vigilance,anxiety,anxiety,false,13,a,random
A-vigilance-07,vigilance,anxiety,anxiety,false,13,a,random
A-vigilance-08,vigilance,anxiety,anxiety,false,13,a,random
A-vigilance-09,vigilance,anxiety,anxiety,false,13,a,random
A-vigilance-10,vigilance,anxiety,anxiety,false,13,a,random
A-admiration-01,admiration,surprise,happiness,true,14,a,random
A-admiration-02,admiration,relief,relief,false,14,a,random
A-admiration-03,admiration,relief,relief,false,14,a,random
A-admiration-04,admiration,gratitude,gratitude,false,14,a,random
A-admiration-05,admiration,relief,relief,false,14,a,random
A-admiration-06,admiration,relief,relief,false,14,a,random
A-admiration-07,admiration,relief,relief,false,14,a,random
A-admiration-08,admiration,trust,trust,false,14,a,random
A-admiration-09,admiration,shock,shock,false,14,a,random
A-admiration-10,admiration,relief,relief,false,14,a,random
A-amazement-01,amazement,gratitude,surprise,true,14,a,random
A-amazement-02,amazement,surprise,happiness,true,14,a,random
A-amazement-03,amazement,surprise,surprise,false,14,a,random
A-amazement-04,amazement,surprise,shock,true,14,a,random
A-amazement-05,amazement,surprise,embarrassment,true,14,a,random
A-amazement-06,amazement,surprise,fear,true,14,a,random
A-amazement-07,amazement,surprise,surprise,false,14,a,random
A-amazement-08,amazement,happiness,surprise,true,14,a,random
A-amazement-09,amazement,surprise,surprise,false,14,a,random
A-amazement-10,amazement,relief,surprise,true,14,a,random
A-ecstasy-01,ecstasy,relief,relief,false,14,a,random
A-ecstasy-02,ecstasy,relief,relief,false,14,a,random
A-ecstasy-03,ecstasy,relief,relief,false,14,a,random
A-ecstasy-04,ecstasy,joy,happiness,true,14,a,random
A-ecstasy-05,ecstasy,joy,joy,false,14,a,random
A-ecstasy-06,ecstasy,joy,joy,false,14,a,random
A-ecstasy-07,ecstasy,joy,joy,false,14,a,random
A-ecstasy-08,ecstasy,happiness,happiness,false,14,a,random
A-ecstasy-09,ecstasy,wonder,wonder,false,14,a,random
A-ecstasy-10,ecstasy,joy,joy,false,14,a,random
A-grief-01,grief,shame,shame,false,14,a,random
A-grief-02,grief,anger,anger,false,14,a,random
A-grief-03,grief,grief,sadness,true,14,a,random
A-grief-04,grief,sadness,sadness,false,14,a,random
A-grief-05,grief,sadness,sadness,false,14,a,random
A-grief-06,grief,concern,empathy,true,14,a,random
A-grief-07,grief,grief,grief,false,14,a,random
A-grief-08,grief,sadness,sadness,false,14,a,random
A-grief-09,grief,sadness,sadness,false,14,a,random
A-grief-10,grief,longing,longing,false,14,a,random
A-loathing-01,loathing,disgust,disgust,false,14,a,random
A-loathing-02,loathing,disappointment,frustration,true,14,a,random
A-loathing-03,loathing,anger,anger,false,14,a,random
A-loathing-04,loathing,disgust,anger,true,14,a,random
A-loathing-05,loathing,disgust,disgust,false,14,a,random
A-loathing-06,loathing,disgust,disgust,false,14,a,random
A-loathing-07,loathing,anger,anger,false,14,a,random
A-loathing-08,loathing,disgust,disgust,false,14,a,random
A-loathing-09,loathing,disgust,disgust,false,14,a,random
A-loathing-10,loathing,frustration,frustration,false,14,a,random
A-rage-01,rage,anger,anger,false,14,a,random
A-rage-02,rage,anger,anger,false,14,a,random
A-rage-03,rage,anger,anger,false,14,a,random
A-rage-04,rage,anger,anger,false,14,a,random
A-rage-05,rage,anger,anger,false,14,a,random
A-rage-06,rage,anger,anger,false,14,a,random
A-rage-07,rage,anger,anger,false,14,a,random
A-rage-08,rage,anger,anger,false,14,a,random
A-rage-09,rage,frustration,frustration,false,14,a,random
A-rage-10,rage,anger,anger,false,14,a,random
A-terror-01,terror,fear,fear,false,14,a,random
A-terror-02,terror,shock,shock,false,14,a,random
A-terror-03,terror,fear,fear,false,14,a,random
A-terror-04,terror,relief,fear,true,14,a,random
A-terror-05,terror,fear,anger,true,14,a,random
A-terror-06,terror,fear,anger,true,14,a,random
A-terror-07,terror,fear,fear,false,14,a,random
A-terror-08,terror,fear,fear,false,14,a,random
A-terror-09,terror,anxiety,anxiety,false,14,a,random
A-terror-10,terror,fear,fear,false,14,a,random
A-vigilance-01,vigilance,fear,fear,false,14,a,random
A-vigilance-02,vigilance,anxiety,anxiety,false,14,a,random
A-vigilance-03,vigilance,anxiety,anxiety,false,14,a,random
A-vigilance-04,vigilance,anxiety,anxiety,false,14,a,random
A-vigilance-05,vigilance,anxiety,anxiety,false,14,a,random
A-vigilance-06,vigilance,anxiety,anxiety,false,14,a,random
A-vigilance-07,vigilance,anxiety,anxiety,false,14,a,random
A-vigilance-08,vigilance,anxiety,anxiety,false,14,a,random
A-vigilance-09,vigilance,anxiety,anxiety,false,14,a,random
A-vigilance-10,vigilance,anxiety,anxiety,false,14,a,random
A-admiration-01,admiration,surprise,trust,true,15,a,random
A-admiration-02,admiration,relief,relief,false,15,a,random
A-admiration-03,admiration,relief,relief,false,15,a,random
A-admiration-04,admiration,gratitude,relief,true,15,a,random
A-admiration-05,admiration,relief,relief,false,15,a,random
A-admiration-06,admiration,relief,relief,false,15,a,random
A-admiration-07,admiration,relief,relief,false,15,a,random
A-admiration-08,admiration,trust,trust,false,15,a,random
A-admiration-09,admiration,shock,shock,false,15,a,random
A-admiration-10,admiration,relief,relief,false,15,a,random
A-amazement-01,amazement,gratitude,gratitude,false,15,a,random
A-amazement-02,amazement,surprise,surprise,false,15,a,random
A-amazement-03,amazement,surprise,surprise,false,15,a,random
A-amazement-04,amazement,surprise,surprise,false,15,a,random
A-amazement-05,amazement,surprise,surprise,false,15,a,random
A-amazement-06,amazement,surprise,confusion,true,15,a,random
A-amazement-07,amazement,surprise,surprise,false,15,a,random
A-amazement-08,amazement,happiness,joy,true,15,a,random
A-amazement-09,amazement,surprise,surprise,false,15,a,random
A-amazement-10,amazement,relief,relief,false,15,a,random
A-ecstasy-01,ecstasy,relief,relief,false,15,a,random
A-ecstasy-02,ecstasy,relief,relief,false,15,a,random
A-ecstasy-03,ecstasy,relief,relief,false,15,a,random
A-ecstasy-04,ecstasy,joy,joy,false,15,a,random
A-ecstasy-05,ecstasy,joy,joy,false,15,a,random
A-ecstasy-06,ecstasy,joy,joy,false,15,a,random
A-ecstasy-07,ecstasy,joy,joy,false,15,a,random
A-ecstasy-08,ecstasy,happiness,joy,true,15,a,random
A-ecstasy-09,ecstasy,wonder,delight,true,15,a,random
A-ecstasy-10,ecstasy,joy,joy,false,15,a,random
A-grief-01,grief,shame,shame,false,15,a,random
A-grief-02,grief,anger,frustration,true,15,a,random
A-grief-03,grief,grief,grief,false,15,a,random
A-grief-04,grief,sadness,sadness,false,15,a,random
A-grief-05,grief,sadness,sadness,false,15,a,random
A-grief-06,grief,concern,sadness,true,15,a,random
A-grief-07,grief,grief,sadness,true,15,a,random
A-grief-08,grief,sadness,sadness,false,15,a,random
A-grief-09,grief,sadness,sadness,false,15,a,random
A-grief-10,grief,longing,longing,false,15,a,random
A-loathing-01,loathing,disgust,disgust,false,15,a,random
A-loathing-02,loathing,disappointment,frustration,true,15,a,random
A-loathing-03,loathing,anger,anger,false,15,a,random
A-loathing-04,loathing,disgust,disgust,false,15,a,random
A-loathing-05,loathing,disgust,disgust,false,15,a,random
A-loathing-06,loathing,disgust,disgust,false,15,a,random
A-loathing-07,loathing,anger,anger,false,15,a,random
A-loathing-08,loathing,disgust,disgust,false,15,a,random
A-loathing-09,loathing,disgust,disgust,false,15,a,random
A-loathing-10,loathing,frustration,frustration,false,15,a,random
A-rage-01,rage,anger,anger,false,15,a,random
A-rage-02,rage,anger,anger,false,15,a,random
A-rage-03,rage,anger,anger,false,15,a,random
A-rage-04,rage,anger,anger,false,15,a,random
A-rage-05,rage,anger,anger,false,15,a,random
A-rage-06,rage,anger,anger,false,15,a,random
A-rage-07,rage,anger,anger,false,15,a,random
A-rage-08,rage,anger,anger,false,15,a,random
A-rage-09,rage,frustration,anger,true,15,a,random
A-rage-10,rage,anger,anger,false,15,a,random
A-terror-01,terror,fear,fear,false,15,a,random
A-terror-02,terror,shock,shock,false,15,a,random
A-terror-03,terror,fear,fear,false,15,a,random
A-terror-04,terror,relief,relief,false,15,a,random
A-terror-05,terror,fear,fear,false,15,a,random
A-terror-06,terror,fear,fear,false,15,a,random
A-terror-07,terror,fear,fear,false,15,a,random
A-terror-08,terror,fear,fear,false,15,a,random
A-terror-09,terror,anxiety,anxiety,false,15,a,random
A-terror-10,terror,fear,fear,false,15,a,random
A-vigilance-01,vigilance,fear,anxiety,true,15,a,random
A-vigilance-02,vigilance,anxiety,anxiety,false,15,a,random
A-vigilance-03,vigilance,anxiety,anxiety,false,15,a,random
A-vigilance-04,vigilance,anxiety,anxiety,false,15,a,random
A-vigilance-05,vigilance,anxiety,anxiety,false,15,a,random
A-vigilance-06,vigilance,anxiety,anxiety,false,15,a,random
A-vigilance-07,vigilance,anxiety,anxiety,false,15,a,random
A-vigilance-08,vigilance,anxiety,anxiety,false,15,a,random
A-vigilance-09,vigilance,anxiety,anxiety,false,15,a,random
A-vigilance-10,vigilance,anxiety,anxiety,false,15,a,random
A-admiration-01,admiration,surprise,trust,true,16,a,random
A-admiration-02,admiration,relief,relief,false,16,a,random
A-admiration-03,admiration,relief,relief,false,16,a,random
A-admiration-04,admiration,gratitude,gratitude,false,16,a,random
A-admiration-05,admiration,relief,relief,false,16,a,random
A-admiration-06,admiration,relief,relief,false,16,a,random
A-admiration-07,admiration,relief,relief,false,16,a,random
A-admiration-08,admiration,trust,trust,false,16,a,random
A-admiration-09,admiration,shock,shock,false,16,a,random
A-admiration-10,admiration,relief,relief,false,16,a,random
A-amazement-01,amazement,gratitude,gratitude,false,16,a,random
A-amazement-02,amazement,surprise,surprise,false,16,a,random
A-amazement-03,amazement,surprise,surprise,false,16,a,random
A-amazement-04,amazement,surprise,surprise,false,16,a,random
A-amazement-05,amazement,surprise,surprise,false,16,a,random
A-amazement-06,amazement,surprise,surprise,false,16,a,random
A-amazement-07,amazement,surprise,surprise,false,16,a,random
A-amazement-08,amazement,happiness,surprise,true,16,a,random
A-amazement-09,amazement,surprise,surprise,false,16,a,random
A-amazement-10,amazement,relief,relief,false,16,a,random
A-ecstasy-01,ecstasy,relief,relief,false,16,a,random
A-ecstasy-02,ecstasy,relief,relief,false,16,a,random
A-ecstasy-03,ecstasy,relief,relief,false,16,a,random
A-ecstasy-04,ecstasy,joy,joy,false,16,a,random
A-ecstasy-05,ecstasy,joy,joy,false,16,a,random
A-ecstasy-06,ecstasy,joy,joy,false,16,a,random
A-ecstasy-07,ecstasy,joy,joy,false,16,a,random
A-ecstasy-08,ecstasy,happiness,joy,true,16,a,random
A-ecstasy-09,ecstasy,wonder,delight,true,16,a,random
A-ecstasy-10,ecstasy,joy,joy,false,16,a,random
A-grief-01,grief,shame,shame,false,16,a,random
A-grief-02,grief,anger,sadness,true,16,a,random
A-grief-03,grief,grief,grief,false,16,a,random
A-grief-04,grief,sadness,sadness,false,16,a,random
A-grief-05,grief,sadness,grief,true,16,a,random
A-grief-06,grief,concern,concern,false,16,a,random
A-grief-07,grief,grief,sadness,true,16,a,random
A-grief-08,grief,sadness,sadness,false,16,a,random
A-grief-09,grief,sadness,sadness,false,16,a,random
A-grief-10,grief,longing,longing,false,16,a,random
A-loathing-01,loathing,disgust,disgust,false,16,a,random
A-loathing-02,loathing,disappointment,frustration,true,16,a,random
A-loathing-03,loathing,anger,anger,false,16,a,random
A-loathing-04,loathing,disgust,disgust,false,16,a,random
A-loathing-05,loathing,disgust,disgust,false,16,a,random
A-loathing-06,loathing,disgust,disgust,false,16,a,random
A-loathing-07,loathing,anger,anger,false,16,a,random
A-loathing-08,loathing,disgust,disgust,false,16,a,random
A-loathing-09,loathing,disgust,disgust,false,16,a,random
A-loathing-10,loathing,frustration,disgust,true,16,a,random
A-rage-01,rage,anger,anger,false,16,a,random
A-rage-02,rage,anger,anger,false,16,a,random
A-rage-03,rage,anger,anger,false,16,a,random
A-rage-04,rage,anger,anger,false,16,a,random
A-rage-05,rage,anger,anger,false,16,a,random
A-rage-06,rage,anger,anger,false,16,a,random
A-rage-07,rage,anger,anger,false,16,a,random
A-rage-08,rage,anger,anger,false,16,a,random
A-rage-09,rage,frustration,anger,true,16,a,random
A-rage-10,rage,anger,anger,false,16,a,random
A-terror-01,terror,fear,fear,false,16,a,random
A-terror-02,terror,shock,shock,false,16,a,random
A-terror-03,terror,fear,fear,false,16,a,random
A-terror-04,terror,relief,relief,false,16,a,random
A-terror-05,terror,fear,fear,false,16,a,random
A-terror-06,terror,fear,fear,false,16,a,random
A-terror-07,terror,fear,fear,false,16,a,random
A-terror-08,terror,fear,fear,false,16,a,random
A-terror-09,terror,anxiety,anxiety,false,16,a,random
A-terror-10,terror,fear,fear,false,16,a,random
A-vigilance-01,vigilance,fear,anxiety,true,16,a,random
A-vigilance-02,vigilance,anxiety,anxiety,false,16,a,random
A-vigilance-03,vigilance,anxiety,anxiety,false,16,a,random
A-vigilance-04,vigilance,anxiety,anxiety,false,16,a,random
A-vigilance-05,vigilance,anxiety,anxiety,false,16,a,random
A-vigilance-06,vigilance,anxiety,anxiety,false,16,a,random
A-vigilance-07,vigilance,anxiety,anxiety,false,16,a,random
A-vigilance-08,vigilance,anxiety,anxiety,false,16,a,random
A-vigilance-09,vigilance,anxiety,anxiety,false,16,a,random
A-vigilance-10,vigilance,anxiety,anxiety,false,16,a,random
A-admiration-01,admiration,surprise,happiness,true,17,a,random
A-admiration-02,admiration,relief,relief,false,17,a,random
A-admiration-03,admiration,relief,relief,false,17,a,random
A-admiration-04,admiration,gratitude,gratitude,false,17,a,random
A-admiration-05,admiration,relief,relief,false,17,a,random
A-admiration-06,admiration,relief,relief,false,17,a,random
A-admiration-07,admiration,relief,relief,false,17,a,random
A-admiration-08,admiration,trust,trust,false,17,a,random
A-admiration-09,admiration,shock,shock,false,17,a,random
A-admiration-10,admiration,relief,relief,false,17,a,random
A-amazement-01,amazement,gratitude,gratitude,false,17,a,random
A-amazement-02,amazement,surprise,happiness,true,17,a,random
A-amazement-03,amazement,surprise,surprise,false,17,a,random
A-amazement-04,amazement,surprise,surprise,false,17,a,random
A-amazement-05,amazement,surprise,surprise,false,17,a,random
A-amazement-06,amazement,surprise,confusion,true,17,a,random
A-amazement-07,amazement,surprise,surprise,false,17,a,random
A-amazement-08,amazement,happiness,happiness,false,17,a,random
A-amazement-09,amazement,surprise,surprise,false,17,a,random
A-amazement-10,amazement,relief,relief,false,17,a,random
A-ecstasy-01,ecstasy,relief,relief,false,17,a,random
A-ecstasy-02,ecstasy,relief,relief,false,17,a,random
A-ecstasy-03,ecstasy,relief,relief,false,17,a,random
A-ecstasy-04,ecstasy,joy,joy,false,17,a,random
A-ecstasy-05,ecstasy,joy,joy,false,17,a,random
A-ecstasy-06,ecstasy,joy,joy,false,17,a,random
A-ecstasy-07,ecstasy,joy,joy,false,17,a,random
A-ecstasy-08,ecstasy,happiness,happiness,false,17,a,random
A-ecstasy-09,ecstasy,wonder,excitement,true,17,a,random
A-ecstasy-10,ecstasy,joy,joy,false,17,a,random
A-grief-01,grief,shame,shame,false,17,a,random
A-grief-02,grief,anger,sadness,true,17,a,random
A-grief-03,grief,grief,sadness,true,17,a,random
A-grief-04,grief,sadness,sadness,false,17,a,random
A-grief-05,grief,sadness,sadness,false,17,a,random
A-grief-06,grief,concern,sadness,true,17,a,random
A-grief-07,grief,grief,sadness,true,17,a,random
A-grief-08,grief,sadness,sadness,false,17,a,random
A-grief-09,grief,sadness,sadness,false,17,a,random
A-grief-10,grief,longing,disappointment,true,17,a,random
A-loathing-01,loathing,disgust,disgust,false,17,a,random
A-loathing-02,loathing,disappointment,disappointment,false,17,a,random
A-loathing-03,loathing,anger,anger,false,17,a,random
A-loathing-04,loathing,disgust,disgust,false,17,a,random
A-loathing-05,loathing,disgust,disgust,false,17,a,random
A-loathing-06,loathing,disgust,disgust,false,17,a,random
A-loathing-07,loathing,anger,anger,false,17,a,random
A-loathing-08,loathing,disgust,disgust,false,17,a,random
A-loathing-09,loathing,disgust,disgust,false,17,a,random
A-loathing-10,loathing,frustration,frustration,false,17,a,random
A-rage-01,rage,anger,anger,false,17,a,random
A-rage-02,rage,anger,anger,false,17,a,random
A-rage-03,rage,anger,anger,false,17,a,random
A-rage-04,rage,anger,anger,false,17,a,random
A-rage-05,rage,anger,anger,false,17,a,random
A-rage-06,rage,anger,anger,false,17,a,random
A-rage-07,rage,anger,anger,false,17,a,random
A-rage-08,rage,anger,anger,false,17,a,random
A-rage-09,rage,frustration,anger,true,17,a,random
A-rage-10,rage,anger,anger,false,17,a,random
A-terror-01,terror,fear,fear,false,17,a,random
A-terror-02,terror,shock,shock,false,17,a,random
A-terror-03,terror,fear,fear,false,17,a,random
A-terror-04,terror,relief,relief,false,17,a,random
A-terror-05,terror,fear,fear,false,17,a,random
A-terror-06,terror,fear,fear,false,17,a,random
A-terror-07,terror,fear,fear,false,17,a,random
A-terror-08,terror,fear,fear,false,17,a,random
A-terror-09,terror,anxiety,anxiety,false,17,a,random
A-terror-10,terror,fear,fear,false,17,a,random
A-vigilance-01,vigilance,fear,fear,false,17,a,random
A-vigilance-02,vigilance,anxiety,anxiety,false,17,a,random
A-vigilance-03,vigilance,anxiety,anxiety,false,17,a,random
A-vigilance-04,vigilance,anxiety,anxiety,false,17,a,random
A-vigilance-05,vigilance,anxiety,anxiety,false,17,a,random
A-vigilance-06,vigilance,anxiety,anxiety,false,17,a,random
A-vigilance-07,vigilance,anxiety,anxiety,false,17,a,random
A-vigilance-08,vigilance,anxiety,anxiety,false,17,a,random
A-vigilance-09,vigilance,anxiety,anxiety,false,17,a,random
A-vigilance-10,vigilance,anxiety,anxiety,false,17,a,random
A-admiration-01,admiration,surprise,surprise,false,18,a,random
A-admiration-02,admiration,relief,relief,false,18,a,random
A-admiration-03,admiration,relief,relief,false,18,a,random
A-admiration-04,admiration,gratitude,gratitude,false,18,a,random
A-admiration-05,admiration,relief,relief,false,18,a,random
A-admiration-06,admiration,relief,relief,false,18,a,random
A-admiration-07,admiration,relief,relief,false,18,a,random
A-admiration-08,admiration,trust,trust,false,18,a,random
A-admiration-09,admiration,shock,shock,false,18,a,random
A-admiration-10,admiration,relief,relief,false,18,a,random
A-amazement-01,amazement,gratitude,surprise,true,18,a,random
A-amazement-02,amazement,surprise,happiness,true,18,a,random
A-amazement-03,amazement,surprise,surprise,false,18,a,random
A-amazement-04,amazement,surprise,shock,true,18,a,random
A-amazement-05,amazement,surprise,shock,true,18,a,random
A-amazement-06,amazement,surprise,surprise,false,18,a,random
A-amazement-07,amazement,surprise,surprise,false,18,a,random
A-amazement-08,amazement,happiness,happiness,false,18,a,random
A-amazement-09,amazement,surprise,surprise,false,18,a,random
A-amazement-10,amazement,relief,relief,false,18,a,random
A-ecstasy-01,ecstasy,relief,relief,false,18,a,random
A-ecstasy-02,ecstasy,relief,relief,false,18,a,random
A-ecstasy-03,ecstasy,relief,relief,false,18,a,random
A-ecstasy-04,ecstasy,joy,joy,false,18,a,random
A-ecstasy-05,ecstasy,joy,joy,false,18,a,random
A-ecstasy-06,ecstasy,joy,joy,false,18,a,random
A-ecstasy-07,ecstasy,joy,joy,false,18,a,random
A-ecstasy-08,ecstasy,happiness,happiness,false,18,a,random
A-ecstasy-09,ecstasy,wonder,wonder,false,18,a,random
A-ecstasy-10,ecstasy,joy,joy,false,18,a,random
A-grief-01,grief,shame,shame,false,18,a,random
A-grief-02,grief,anger,sadness,true,18,a,random
A-grief-03,grief,grief,grief,false,18,a,random
A-grief-04,grief,sadness,sadness,false,18,a,random
A-grief-05,grief,sadness,grief,true,18,a,random
A-grief-06,grief,concern,concern,false,18,a,random
A-grief-07,grief,grief,grief,false,18,a,random
A-grief-08,grief,sadness,sadness,false,18,a,random
A-grief-09,grief,sadness,sadness,false,18,a,random
A-grief-10,grief,longing,longing,false,18,a,random
A-loathing-01,loathing,disgust,disgust,false,18,a,random
A-loathing-02,loathing,disappointment,disappointment,false,18,a,random
A-loathing-03,loathing,anger,anger,false,18,a,random
A-loathing-04,loathing,disgust,disgust,false,18,a,random
A-loathing-05,loathing,disgust,disgust,false,18,a,random
A-loathing-06,loathing,disgust,disgust,false,18,a,random
A-loathing-07,loathing,anger,anger,false,18,a,random
A-loathing-08,loathing,disgust,disgust,false,18,a,random
A-loathing-09,loathing,disgust,disgust,false,18,a,random
A-loathing-10,loathing,frustration,frustration,false,18,a,random
A-rage-01,rage,anger,anger,false,18,a,random
A-rage-02,rage,anger,anger,false,18,a,random
A-rage-03,rage,anger,anger,false,18,a,random
A-rage-04,rage,anger,anger,false,18,a,random
A-rage-05,rage,anger,anger,false,18,a,random
A-rage-06,rage,anger,anger,false,18,a,random
A-rage-07,rage,anger,anger,false,18,a,random
A-rage-08,rage,anger,anger,false,18,a,random
A-rage-09,rage,frustration,frustration,false,18,a,random
A-rage-10,rage,anger,frustration,true,18,a,random
A-terror-01,terror,fear,fear,false,18,a,random
A-terror-02,terror,shock,shock,false,18,a,random
A-terror-03,terror,fear,fear,false,18,a,random
A-terror-04,terror,relief,relief,false,18,a,random
A-terror-05,terror,fear,fear,false,18,a,random
A-terror-06,terror,fear,fear,false,18,a,random
A-terror-07,terror,fear,fear,false,18,a,random
A-terror-08,terror,fear,fear,false,18,a,random
A-terror-09,terror,anxiety,anxiety,false,18,a,random
A-terror-10,terror,fear,fear,false,18,a,random
A-vigilance-01,vigilance,fear,fear,false,18,a,random
A-vigilance-02,vigilance,anxiety,anxiety,false,18,a,random
A-vigilance-03,vigilance,anxiety,anxiety,false,18,a,random
A-vigilance-04,vigilance,anxiety,anxiety,false,18,a,random
A-vigilance-05,vigilance,anxiety,anxiety,false,18,a,random
A-vigilance-06,vigilance,anxiety,anxiety,false,18,a,random
A-vigilance-07,vigilance,anxiety,anxiety,false,18,a,random
A-vigilance-08,vigilance,anxiety,anxiety,false,18,a,random
A-vigilance-09,vigilance,anxiety,anxiety,false,18,a,random
A-vigilance-10,vigilance,anxiety,anxiety,false,18,a,random
A-admiration-01,admiration,surprise,surprise,false,19,a,random
A-admiration-02,admiration,relief,relief,false,19,a,random
A-admiration-03,admiration,relief,relief,false,19,a,random
A-admiration-04,admiration,gratitude,gratitude,false,19,a,random
A-admiration-05,admiration,relief,relief,false,19,a,random
A-admiration-06,admiration,relief,relief,false,19,a,random
A-admiration-07,admiration,relief,relief,false,19,a,random
A-admiration-08,admiration,trust,trust,false,19,a,random
A-admiration-09,admiration,shock,shock,false,19,a,random
A-admiration-10,admiration,relief,relief,false,19,a,random
A-amazement-01,amazement,gratitude,gratitude,false,19,a,random
A-amazement-02,amazement,surprise,surprise,false,19,a,random
A-amazement-03,amazement,surprise,surprise,false,19,a,random
A-amazement-04,amazement,surprise,surprise,false,19,a,random
A-amazement-05,amazement,surprise,surprise,false,19,a,random
A-amazement-06,amazement,surprise,fear,true,19,a,random
A-amazement-07,amazement,surprise,surprise,false,19,a,random
A-amazement-08,amazement,happiness,happiness,false,19,a,random
A-amazement-09,amazement,surprise,surprise,false,19,a,random
A-amazement-10,amazement,relief,relief,false,19,a,random
A-ecstasy-01,ecstasy,relief,relief,false,19,a,random
A-ecstasy-02,ecstasy,relief,relief,false,19,a,random
A-ecstasy-03,ecstasy,relief,relief,false,19,a,random
A-ecstasy-04,ecstasy,joy,joy,false,19,a,random
A-ecstasy-05,ecstasy,joy,joy,false,19,a,random
A-ecstasy-06,ecstasy,joy,joy,false,19,a,random
A-ecstasy-07,ecstasy,joy,joy,false,19,a,random
A-ecstasy-08,ecstasy,happiness,happiness,false,19,a,random
A-ecstasy-09,ecstasy,wonder,wonder,false,19,a,random
A-ecstasy-10,ecstasy,joy,joy,false,19,a,random
A-grief-01,grief,shame,shame,false,19,a,random
A-grief-02,grief,anger,sadness,true,19,a,random
A-grief-03,grief,grief,sadness,true,19,a,random
A-grief-04,grief,sadness,sadness,false,19,a,random
A-grief-05,grief,sadness,sadness,false,19,a,random
A-grief-06,grief,concern,concern,false,19,a,random
A-grief-07,grief,grief,sadness,true,19,a,random
A-grief-08,grief,sadness,sadness,false,19,a,random
A-grief-09,grief,sadness,sadness,false,19,a,random
A-grief-10,grief,longing,longing,false,19,a,random
A-loathing-01,loathing,disgust,disgust,false,19,a,random
A-loathing-02,loathing,disappointment,disappointment,false,19,a,random
A-loathing-03,loathing,anger,anger,false,19,a,random
A-loathing-04,loathing,disgust,disgust,false,19,a,random
A-loathing-05,loathing,disgust,disgust,false,19,a,random
A-loathing-06,loathing,disgust,disgust,false,19,a,random
A-loathing-07,loathing,anger,anger,false,19,a,random
A-loathing-08,loathing,disgust,disgust,false,19,a,random
A-loathing-09,loathing,disgust,disgust,false,19,a,random
A-loathing-10,loathing,frustration,frustration,false,19,a,random
A-rage-01,rage,anger,anger,false,19,a,random
A-rage-02,rage,anger,anger,false,19,a,random
A-rage-03,rage,anger,anger,false,19,a,random
A-rage-04,rage,anger,anger,false,19,a,random
A-rage-05,rage,anger,anger,false,19,a,random
A-rage-06,rage,anger,anger,false,19,a,random
A-rage-07,rage,anger,anger,false,19,a,random
A-rage-08,rage,anger,anger,false,19,a,random
A-rage-09,rage,frustration,frustration,false,19,a,random
A-rage-10,rage,anger,frustration,true,19,a,random
A-terror-01,terror,fear,fear,false,19,a,random
A-terror-02,terror,shock,shock,false,19,a,random
A-terror-03,terror,fear,fear,false,19,a,random
A-terror-04,terror,relief,relief,false,19,a,random
A-terror-05,terror,fear,fear,false,19,a,random
A-terror-06,terror,fear,fear,false,19,a,random
A-terror-07,terror,fear,fear,false,19,a,random
A-terror-08,terror,fear,fear,false,19,a,random
A-terror-09,terror,anxiety,anxiety,false,19,a,random
A-terror-10,terror,fear,fear,false,19,a,random
A-vigilance-01,vigilance,fear,anxiety,true,19,a,random
A-vigilance-02,vigilance,anxiety,anxiety,false,19,a,random
A-vigilance-03,vigilance,anxiety,anxiety,false,19,a,random
A-vigilance-04,vigilance,anxiety,anxiety,false,19,a,random
A-vigilance-05,vigilance,anxiety,anxiety,false,19,a,random
A-vigilance-06,vigilance,anxiety,anxiety,false,19,a,random
A-vigilance-07,vigilance,anxiety,anxiety,false,19,a,random
A-vigilance-08,vigilance,anxiety,anxiety,false,19,a,random
A-vigilance-09,vigilance,anxiety,anxiety,false,19,a,random
A-vigilance-10,vigilance,anxiety,anxiety,false,19,a,random
A-admiration-01,admiration,surprise,surprise,false,20,a,random
A-admiration-02,admiration,relief,relief,false,20,a,random
A-admiration-03,admiration,relief,relief,false,20,a,random
A-admiration-04,admiration,gratitude,gratitude,false,20,a,random
A-admiration-05,admiration,relief,relief,false,20,a,random
A-admiration-06,admiration,relief,relief,false,20,a,random
A-admiration-07,admiration,relief,relief,false,20,a,random
A-admiration-08,admiration,trust,trust,false,20,a,random
A-admiration-09,admiration,shock,shock,false,20,a,random
A-admiration-10,admiration,relief,relief,false,20,a,random
A-amazement-01,amazement,gratitude,surprise,true,20,a,random
A-amazement-02,amazement,surprise,surprise,false,20,a,random
A-amazement-03,amazement,surprise,surprise,false,20,a,random
A-amazement-04,amazement,surprise,shock,true,20,a,random
A-amazement-05,amazement,surprise,surprise,false,20,a,random
A-amazement-06,amazement,surprise,surprise,false,20,a,random
A-amazement-07,amazement,surprise,surprise,false,20,a,random
A-amazement-08,amazement,happiness,surprise,true,20,a,random
A-amazement-09,amazement,surprise,surprise,false,20,a,random
A-amazement-10,amazement,relief,relief,false,20,a,random
A-ecstasy-01,ecstasy,relief,relief,false,20,a,random
A-ecstasy-02,ecstasy,relief,relief,false,20,a,random
A-ecstasy-03,ecstasy,relief,relief,false,20,a,random
A-ecstasy-04,ecstasy,joy,joy,false,20,a,random
A-ecstasy-05,ecstasy,joy,joy,false,20,a,random
A-ecstasy-06,ecstasy,joy,joy,false,20,a,random
A-ecstasy-07,ecstasy,joy,joy,false,20,a,random
A-ecstasy-08,ecstasy,happiness,happiness,false,20,a,random
A-ecstasy-09,ecstasy,wonder,wonder,false,20,a,random
A-ecstasy-10,ecstasy,joy,joy,false,20,a,random
A-grief-01,grief,shame,shame,false,20,a,random
A-grief-02,grief,anger,anger,false,20,a,random
A-grief-03,grief,grief,grief,false,20,a,random
A-grief-04,grief,sadness,sadness,false,20,a,random
A-grief-05,grief,sadness,sadness,false,20,a,random
A-grief-06,grief,concern,concern,false,20,a,random
A-grief-07,grief,grief,grief,false,20,a,random
A-grief-08,grief,sadness,sadness,false,20,a,random
A-grief-09,grief,sadness,sadness,false,20,a,random
A-grief-10,grief,longing,disappointment,true,20,a,random
A-loathing-01,loathing,disgust,disgust,false,20,a,random
A-loathing-02,loathing,disappointment,frustration,true,20,a,random
A-loathing-03,loathing,anger,anger,false,20,a,random
A-loathing-04,loathing,disgust,disgust,false,20,a,random
A-loathing-05,loathing,disgust,disgust,false,20,a,random
A-loathing-06,loathing,disgust,disgust,false,20,a,random
A-loathing-07,loathing,anger,anger,false,20,a,random
A-loathing-08,loathing,disgust,disgust,false,20,a,random
A-loathing-09,loathing,disgust,disgust,false,20,a,random
A-loathing-10,loathing,frustration,frustration,false,20,a,random
A-rage-01,rage,anger,anger,false,20,a,random
A-rage-02,rage,anger,anger,false,20,a,random
A-rage-03,rage,anger,anger,false,20,a,random
A-rage-04,rage,anger,anger,false,20,a,random
A-rage-05,rage,anger,anger,false,20,a,random
A-rage-06,rage,anger,anger,false,20,a,random
A-rage-07,rage,anger,anger,false,20,a,random
A-rage-08,rage,anger,anger,false,20,a,random
A-rage-09,rage,frustration,frustration,false,20,a,random
A-rage-10,rage,anger,anger,false,20,a,random
A-terror-01,terror,fear,fear,false,20,a,random
A-terror-02,terror,shock,shock,false,20,a,random
A-terror-03,terror,fear,fear,false,20,a,random
A-terror-04,terror,relief,relief,false,20,a,random
A-terror-05,terror,fear,fear,false,20,a,random
A-terror-06,terror,fear,fear,false,20,a,random
A-terror-07,terror,fear,fear,false,20,a,random
A-terror-08,terror,fear,fear,false,20,a,random
A-terror-09,terror,anxiety,anxiety,false,20,a,random
A-terror-10,terror,fear,fear,false,20,a,random
A-vigilance-01,vigilance,fear,fear,false,20,a,random
A-vigilance-02,vigilance,anxiety,anxiety,false,20,a,random
A-vigilance-03,vigilance,anxiety,anxiety,false,20,a,random
A-vigilance-04,vigilance,anxiety,anxiety,false,20,a,random
A-vigilance-05,vigilance,anxiety,anxiety,false,20,a,random
A-vigilance-06,vigilance,anxiety,anxiety,false,20,a,random
A-vigilance-07,vigilance,anxiety,anxiety,false,20,a,random
A-vigilance-08,vigilance,anxiety,anxiety,false,20,a,random
A-vigilance-09,vigilance,anxiety,anxiety,false,20,a,random
A-vigilance-10,vigilance,anxiety,anxiety,false,20,a,random
A-admiration-01,admiration,surprise,surprise,false,21,a,random
A-admiration-02,admiration,relief,relief,false,21,a,random
A-admiration-03,admiration,relief,relief,false,21,a,random
A-admiration-04,admiration,gratitude,gratitude,false,21,a,random
A-admiration-05,admiration,relief,relief,false,21,a,random
A-admiration-06,admiration,relief,relief,false,21,a,random
A-admiration-07,admiration,relief,relief,false,21,a,random
A-admiration-08,admiration,trust,trust,false,21,a,random
A-admiration-09,admiration,shock,shock,false,21,a,random
A-admiration-10,admiration,relief,relief,false,21,a,random
A-amazement-01,amazement,gratitude,gratitude,false,21,a,random
A-amazement-02,amazement,surprise,happiness,true,21,a,random
A-amazement-03,amazement,surprise,surprise,false,21,a,random
A-amazement-04,amazement,surprise,surprise,false,21,a,random
A-amazement-05,amazement,surprise,surprise,false,21,a,random
A-amazement-06,amazement,surprise,confusion,true,21,a,random
A-amazement-07,amazement,surprise,surprise,false,21,a,random
A-amazement-08,amazement,happiness,happiness,false,21,a,random
A-amazement-09,amazement,surprise,surprise,false,21,a,random
A-amazement-10,amazement,relief,relief,false,21,a,random
A-ecstasy-01,ecstasy,relief,relief,false,21,a,random
A-ecstasy-02,ecstasy,relief,relief,false,21,a,random
A-ecstasy-03,ecstasy,relief,relief,false,21,a,random
A-ecstasy-04,ecstasy,joy,joy,false,21,a,random
A-ecstasy-05,ecstasy,joy,joy,false,21,a,random
A-ecstasy-06,ecstasy,joy,joy,false,21,a,random
A-ecstasy-07,ecstasy,joy,joy,false,21,a,random
A-ecstasy-08,ecstasy,happiness,happiness,false,21,a,random
A-ecstasy-09,ecstasy,wonder,wonder,false,21,a,random
A-ecstasy-10,ecstasy,joy,joy,false,21,a,random
A-grief-01,grief,shame,shame,false,21,a,random
A-grief-02,grief,anger,anger,false,21,a,random
A-grief-03,grief,grief,grief,false,21,a,random
A-grief-04,grief,sadness,sadness,false,21,a,random
A-grief-05,grief,sadness,sadness,false,21,a,random
A-grief-06,grief,concern,concern,false,21,a,random
A-grief-07,grief,grief,grief,false,21,a,random
A-grief-08,grief,sadness,sadness,false,21,a,random
A-grief-09,grief,sadness,sadness,false,21,a,random
A-grief-10,grief,longing,disappointment,true,21,a,random
A-loathing-01,loathing,disgust,disgust,false,21,a,random
A-loathing-02,loathing,disappointment,disappointment,false,21,a,random
A-loathing-03,loathing,anger,anger,false,21,a,random
A-loathing-04,loathing,disgust,disgust,false,21,a,random
A-loathing-05,loathing,disgust,disgust,false,21,a,random
A-loathing-06,loathing,disgust,disgust,false,21,a,random
A-loathing-07,loathing,anger,anger,false,21,a,random
A-loathing-08,loathing,disgust,disgust,false,21,a,random
A-loathing-09,loathing,disgust,disgust,false,21,a,random
A-loathing-10,loathing,frustration,frustration,false,21,a,random
A-rage-01,rage,anger,anger,false,21,a,random
A-rage-02,rage,anger,anger,false,21,a,random
A-rage-03,rage,anger,anger,false,21,a,random
A-rage-04,rage,anger,anger,false,21,a,random
A-rage-05,rage,anger,anger,false,21,a,random
A-rage-06,rage,anger,anger,false,21,a,random
A-rage-07,rage,anger,anger,false,21,a,random
A-rage-08,rage,anger,anger,false,21,a,random
A-rage-09,rage,frustration,frustration,false,21,a,random
A-rage-10,rage,anger,frustration,true,21,a,random
A-terror-01,terror,fear,fear,false,21,a,random
A-terror-02,terror,shock,shock,false,21,a,random
A-terror-03,terror,fear,fear,false,21,a,random
A-terror-04,terror,relief,relief,false,21,a,random
A-terror-05,terror,fear,fear,false,21,a,random
A-terror-06,terror,fear,fear,false,21,a,random
A-terror-07,terror,fear,fear,false,21,a,random
A-terror-08,terror,fear,fear,false,21,a,random
A-terror-09,terror,anxiety,anxiety,false,21,a,random
A-terror-10,terror,fear,fear,false,21,a,random
A-vigilance-01,vigilance,fear,fear,false,21,a,random
A-vigilance-02,vigilance,anxiety,anxiety,false,21,a,random
A-vigilance-03,vigilance,anxiety,anxiety,false,21,a,random
A-vigilance-04,vigilance,anxiety,anxiety,false,21,a,random
A-vigilance-05,vigilance,anxiety,anxiety,false,21,a,random
A-vigilance-06,vigilance,anxiety,anxiety,false,21,a,random
A-vigilance-07,vigilance,anxiety,anxiety,false,21,a,random
A-vigilance-08,vigilance,anxiety,anxiety,false,21,a,random
A-vigilance-09,vigilance,anxiety,anxiety,false,21,a,random
A-vigilance-10,vigilance,anxiety,anxiety,false,21,a,random
A-admiration-01,admiration,surprise,surprise,false,22,a,random
A-admiration-02,admiration,relief,relief,false,22,a,random
A-admiration-03,admiration,relief,relief,false,22,a,random
A-admiration-04,admiration,gratitude,gratitude,false,22,a,random
A-admiration-05,admiration,relief,relief,false,22,a,random
A-admiration-06,admiration,relief,relief,false,22,a,random
A-admiration-07,admiration,relief,relief,false,22,a,random
A-admiration-08,admiration,trust,trust,false,22,a,random
A-admiration-09,admiration,shock,shock,false,22,a,random
A-admiration-10,admiration,relief,relief,false,22,a,random
A-amazement-01,amazement,gratitude,surprise,true,22,a,random
A-amazement-02,amazement,surprise,surprise,false,22,a,random
A-amazement-03,amazement,surprise,surprise,false,22,a,random
A-amazement-04,amazement,surprise,surprise,false,22,a,random
A-amazement-05,amazement,surprise,surprise,false,22,a,random
A-amazement-06,amazement,surprise,surprise,false,22,a,random
A-amazement-07,amazement,surprise,surprise,false,22,a,random
A-amazement-08,amazement,happiness,happiness,false,22,a,random
A-amazement-09,amazement,surprise,surprise,false,22,a,random
A-amazement-10,amazement,relief,relief,false,22,a,random
A-ecstasy-01,ecstasy,relief,relief,false,22,a,random
A-ecstasy-02,ecstasy,relief,relief,false,22,a,random
A-ecstasy-03,ecstasy,relief,relief,false,22,a,random
A-ecstasy-04,ecstasy,joy,joy,false,22,a,random
A-ecstasy-05,ecstasy,joy,joy,false,22,a,random
A-ecstasy-06,ecstasy,joy,joy,false,22,a,random
A-ecstasy-07,ecstasy,joy,joy,false,22,a,random
A-ecstasy-08,ecstasy,happiness,happiness,false,22,a,random
A-ecstasy-09,ecstasy,wonder,wonder,false,22,a,random
A-ecstasy-10,ecstasy,joy,joy,false,22,a,random
A-grief-01,grief,shame,shame,false,22,a,random
A-grief-02,grief,anger,sadness,true,22,a,random
A-grief-03,grief,grief,grief,false,22,a,random
A-grief-04,grief,sadness,sadness,false,22,a,random
A-grief-05,grief,sadness,sadness,false,22,a,random
A-grief-06,grief,concern,concern,false,22,a,random
A-grief-07,grief,grief,grief,false,22,a,random
A-grief-08,grief,sadness,sadness,false,22,a,random
A-grief-09,grief,sadness,sadness,false,22,a,random
A-grief-10,grief,longing,longing,false,22,a,random
A-loathing-01,loathing,disgust,disgust,false,22,a,random
A-loathing-02,loathing,disappointment,disappointment,false,22,a,random
A-loathing-03,loathing,anger,anger,false,22,a,random
A-loathing-04,loathing,disgust,disgust,false,22,a,random
A-loathing-05,loathing,disgust,disgust,false,22,a,random
A-loathing-06,loathing,disgust,disgust,false,22,a,random
A-loathing-07,loathing,anger,anger,false,22,a,random
A-loathing-08,loathing,disgust,disgust,false,22,a,random
A-loathing-09,loathing,disgust,disgust,false,22,a,random
A-loathing-10,loathing,frustration,frustration,false,22,a,random
A-rage-01,rage,anger,anger,false,22,a,random
A-rage-02,rage,anger,anger,false,22,a,random
A-rage-03,rage,anger,anger,false,22,a,random
A-rage-04,rage,anger,anger,false,22,a,random
A-rage-05,rage,anger,anger,false,22,a,random
A-rage-06,rage,anger,anger,false,22,a,random
A-rage-07,rage,anger,anger,false,22,a,random
A-rage-08,rage,anger,anger,false,22,a,random
A-rage-09,rage,frustration,anger,true,22,a,random
A-rage-10,rage,anger,anger,false,22,a,random
A-terror-01,terror,fear,fear,false,22,a,random
A-terror-02,terror,shock,shock,false,22,a,random
A-terror-03,terror,fear,fear,false,22,a,random
A-terror-04,terror,relief,relief,false,22,a,random
A-terror-05,terror,fear,fear,false,22,a,random
A-terror-06,terror,fear,fear,false,22,a,random
A-terror-07,terror,fear,fear,false,22,a,random
A-terror-08,terror,fear,fear,false,22,a,random
A-terror-09,terror,anxiety,anxiety,false,22,a,random
A-terror-10,terror,fear,fear,false,22,a,random
A-vigilance-01,vigilance,fear,fear,false,22,a,random
A-vigilance-02,vigilance,anxiety,anxiety,false,22,a,random
A-vigilance-03,vigilance,anxiety,anxiety,false,22,a,random
A-vigilance-04,vigilance,anxiety,anxiety,false,22,a,random
A-vigilance-05,vigilance,anxiety,anxiety,false,22,a,random
A-vigilance-06,vigilance,anxiety,anxiety,false,22,a,random
A-vigilance-07,vigilance,anxiety,anxiety,false,22,a,random
A-vigilance-08,vigilance,anxiety,anxiety,false,22,a,random
A-vigilance-09,vigilance,anxiety,anxiety,false,22,a,random
A-vigilance-10,vigilance,anxiety,anxiety,false,22,a,random
A-admiration-01,admiration,surprise,surprise,false,23,a,random
A-admiration-02,admiration,relief,relief,false,23,a,random
A-admiration-03,admiration,relief,relief,false,23,a,random
A-admiration-04,admiration,gratitude,gratitude,false,23,a,random
A-admiration-05,admiration,relief,relief,false,23,a,random
A-admiration-06,admiration,relief,relief,false,23,a,random
A-admiration-07,admiration,relief,relief,false,23,a,random
A-admiration-08,admiration,trust,trust,false,23,a,random
A-admiration-09,admiration,shock,shock,false,23,a,random
A-admiration-10,admiration,relief,relief,false,23,a,random
A-amazement-01,amazement,gratitude,gratitude,false,23,a,random
A-amazement-02,amazement,surprise,surprise,false,23,a,random
A-amazement-03,amazement,surprise,surprise,false,23,a,random
A-amazement-04,amazement,surprise,surprise,false,23,a,random
A-amazement-05,amazement,surprise,surprise,false,23,a,random
A-amazement-06,amazement,surprise,surprise,false,23,a,random
A-amazement-07,amazement,surprise,surprise,false,23,a,random
A-amazement-08,amazement,happiness,happiness,false,23,a,random
A-amazement-09,amazement,surprise,surprise,false,23,a,random
A-amazement-10,amazement,relief,relief,false,23,a,random
A-ecstasy-01,ecstasy,relief,relief,false,23,a,random
A-ecstasy-02,ecstasy,relief,relief,false,23,a,random
A-ecstasy-03,ecstasy,relief,relief,false,23,a,random
A-ecstasy-04,ecstasy,joy,joy,false,23,a,random
A-ecstasy-05,ecstasy,joy,joy,false,23,a,random
A-ecstasy-06,ecstasy,joy,joy,false,23,a,random
A-ecstasy-07,ecstasy,joy,joy,false,23,a,random
A-ecstasy-08,ecstasy,happiness,happiness,false,23,a,random
A-ecstasy-09,ecstasy,wonder,wonder,false,23,a,random
A-ecstasy-10,ecstasy,joy,joy,false,23,a,random
A-grief-01,grief,shame,shame,false,23,a,random
A-grief-02,grief,anger,sadness,true,23,a,random
A-grief-03,grief,grief,grief,false,23,a,random
A-grief-04,grief,sadness,sadness,false,23,a,random
A-grief-05,grief,sadness,grief,true,23,a,random
A-grief-06,grief,concern,concern,false,23,a,random
A-grief-07,grief,grief,grief,false,23,a,random
A-grief-08,grief,sadness,sadness,false,23,a,random
A-grief-09,grief,sadness,sadness,false,23,a,random
A-grief-10,grief,longing,longing,false,23,a,random
A-loathing-01,loathing,disgust,disgust,false,23,a,random
A-loathing-02,loathing,disappointment,disappointment,false,23,a,random
A-loathing-03,loathing,anger,anger,false,23,a,random
A-loathing-04,loathing,disgust,disgust,false,23,a,random
A-loathing-05,loathing,disgust,disgust,false,23,a,random
A-loathing-06,loathing,disgust,disgust,false,23,a,random
A-loathing-07,loathing,anger,anger,false,23,a,random
A-loathing-08,loathing,disgust,disgust,false,23,a,random
A-loathing-09,loathing,disgust,disgust,false,23,a,random
A-loathing-10,loathing,frustration,frustration,false,23,a,random
A-rage-01,rage,anger,anger,false,23,a,random
A-rage-02,rage,anger,anger,false,23,a,random
A-rage-03,rage,anger,anger,false,23,a,random
A-rage-04,rage,anger,anger,false,23,a,random
A-rage-05,rage,anger,anger,false,23,a,random
A-rage-06,rage,anger,anger,false,23,a,random
A-rage-07,rage,anger,anger,false,23,a,random
A-rage-08,rage,anger,anger,false,23,a,random
A-rage-09,rage,frustration,frustration,false,23,a,random
A-rage-10,rage,anger,frustration,true,23,a,random
A-terror-01,terror,fear,fear,false,23,a,random
A-terror-02,terror,shock,shock,false,23,a,random
A-terror-03,terror,fear,fear,false,23,a,random
A-terror-04,terror,relief,relief,false,23,a,random
A-terror-05,terror,fear,fear,false,23,a,random
A-terror-06,terror,fear,fear,false,23,a,random
A-terror-07,terror,fear,fear,false,23,a,random
A-terror-08,terror,fear,fear,false,23,a,random
A-terror-09,terror,anxiety,anxiety,false,23,a,random
A-terror-10,terror,fear,fear,false,23,a,random
A-vigilance-01,vigilance,fear,fear,false,23,a,random
A-vigilance-02,vigilance,anxiety,anxiety,false,23,a,random
A-vigilance-03,vigilance,anxiety,anxiety,false,23,a,random
A-vigilance-04,vigilance,anxiety,anxiety,false,23,a,random
A-vigilance-05,vigilance,anxiety,anxiety,false,23,a,random
A-vigilance-06,vigilance,anxiety,anxiety,false,23,a,random
A-vigilance-07,vigilance,anxiety,anxiety,false,23,a,random
A-vigilance-08,vigilance,anxiety,anxiety,false,23,a,random
A-vigilance-09,vigilance,anxiety,anxiety,false,23,a,random
A-vigilance-10,vigilance,anxiety,anxiety,false,23,a,random
A-admiration-01,admiration,surprise,surprise,false,24,a,random
A-admiration-02,admiration,relief,relief,false,24,a,random
A-admiration-03,admiration,relief,relief,false,24,a,random
A-admiration-04,admiration,gratitude,gratitude,false,24,a,random
A-admiration-05,admiration,relief,relief,false,24,a,random
A-admiration-06,admiration,relief,relief,false,24,a,random
A-admiration-07,admiration,relief,relief,false,24,a,random
A-admiration-08,admiration,trust,trust,false,24,a,random
A-admiration-09,admiration,shock,shock,false,24,a,random
A-admiration-10,admiration,relief,relief,false,24,a,random
A-amazement-01,amazement,gratitude,gratitude,false,24,a,random
A-amazement-02,amazement,surprise,surprise,false,24,a,random
A-amazement-03,amazement,surprise,surprise,false,24,a,random
A-amazement-04,amazement,surprise,shock,true,24,a,random
A-amazement-05,amazement,surprise,shock,true,24,a,random
A-amazement-06,amazement,surprise,surprise,false,24,a,random
A-amazement-07,amazement,surprise,surprise,false,24,a,random
A-amazement-08,amazement,happiness,happiness,false,24,a,random
A-amazement-09,amazement,surprise,surprise,false,24,a,random
A-amazement-10,amazement,relief,relief,false,24,a,random
A-ecstasy-01,ecstasy,relief,relief,false,24,a,random
A-ecstasy-02,ecstasy,relief,relief,false,24,a,random
A-ecstasy-03,ecstasy,relief,relief,false,24,a,random
A-ecstasy-04,ecstasy,joy,joy,false,24,a,random
A-ecstasy-05,ecstasy,joy,joy,false,24,a,random
A-ecstasy-06,ecstasy,joy,joy,false,24,a,random
A-ecstasy-07,ecstasy,joy,joy,false,24,a,random
A-ecstasy-08,ecstasy,happiness,happiness,false,24,a,random
A-ecstasy-09,ecstasy,wonder,wonder,false,24,a,random
A-ecstasy-10,ecstasy,joy,joy,false,24,a,random
A-grief-01,grief,shame,shame,false,24,a,random
A-grief-02,grief,anger,sadness,true,24,a,random
A-grief-03,grief,grief,grief,false,24,a,random
A-grief-04,grief,sadness,sadness,false,24,a,random
A-grief-05,grief,sadness,sadness,false,24,a,random
A-grief-06,grief,concern,concern,false,24,a,random
A-grief-07,grief,grief,grief,false,24,a,random
A-grief-08,grief,sadness,sadness,false,24,a,random
A-grief-09,grief,sadness,sadness,false,24,a,random
A-grief-10,grief,longing,longing,false,24,a,random
A-loathing-01,loathing,disgust,disgust,false,24,a,random
A-loathing-02,loathing,disappointment,disappointment,false,24,a,random
A-loathing-03,loathing,anger,anger,false,24,a,random
A-loathing-04,loathing,disgust,disgust,false,24,a,random
A-loathing-05,loathing,disgust,disgust,false,24,a,random
A-loathing-06,loathing,disgust,disgust,false,24,a,random
A-loathing-07,loathing,anger,anger,false,24,a,random
A-loathing-08,loathing,disgust,disgust,false,24,a,random
A-loathing-09,loathing,disgust,disgust,false,24,a,random
A-loathing-10,loathing,frustration,frustration,false,24,a,random
A-rage-01,rage,anger,anger,false,24,a,random
A-rage-02,rage,anger,anger,false,24,a,random
A-rage-03,rage,anger,anger,false,24,a,random
A-rage-04,rage,anger,anger,false,24,a,random
A-rage-05,rage,anger,anger,false,24,a,random
A-rage-06,rage,anger,anger,false,24,a,random
A-rage-07,rage,anger,anger,false,24,a,random
A-rage-08,rage,anger,anger,false,24,a,random
A-rage-09,rage,frustration,frustration,false,24,a,random
A-rage-10,rage,anger,frustration,true,24,a,random
A-terror-01,terror,fear,fear,false,24,a,random
A-terror-02,terror,shock,shock,false,24,a,random
A-terror-03,terror,fear,fear,false,24,a,random
A-terror-04,terror,relief,relief,false,24,a,random
A-terror-05,terror,fear,fear,false,24,a,random
A-terror-06,terror,fear,fear,false,24,a,random
A-terror-07,terror,fear,fear,false,24,a,random
A-terror-08,terror,fear,fear,false,24,a,random
A-terror-09,terror,anxiety,anxiety,false,24,a,random
A-terror-10,terror,fear,fear,false,24,a,random
A-vigilance-01,vigilance,fear,fear,false,24,a,random
A-vigilance-02,vigilance,anxiety,anxiety,false,24,a,random
A-vigilance-03,vigilance,anxiety,anxiety,false,24,a,random
A-vigilance-04,vigilance,anxiety,anxiety,false,24,a,random
A-vigilance-05,vigilance,anxiety,anxiety,false,24,a,random
A-vigilance-06,vigilance,anxiety,anxiety,false,24,a,random
A-vigilance-07,vigilance,anxiety,anxiety,false,24,a,random
A-vigilance-08,vigilance,anxiety,anxiety,false,24,a,random
A-vigilance-09,vigilance,anxiety,anxiety,false,24,a,random
A-vigilance-10,vigilance,anxiety,anxiety,false,24,a,random
A-admiration-01,admiration,surprise,relief,true,25,a,random
A-admiration-02,admiration,relief,relief,false,25,a,random
A-admiration-03,admiration,relief,relief,false,25,a,random
A-admiration-04,admiration,gratitude,gratitude,false,25,a,random
A-admiration-05,admiration,relief,relief,false,25,a,random
A-admiration-06,admiration,relief,relief,false,25,a,random
A-admiration-07,admiration,relief,relief,false,25,a,random
A-admiration-08,admiration,trust,trust,false,25,a,random
A-admiration-09,admiration,shock,shock,false,25,a,random
A-admiration-10,admiration,relief,relief,false,25,a,random
A-amazement-01,amazement,gratitude,gratitude,false,25,a,random
A-amazement-02,amazement,surprise,surprise,false,25,a,random
A-amazement-03,amazement,surprise,surprise,false,25,a,random
A-amazement-04,amazement,surprise,surprise,false,25,a,random
A-amazement-05,amazement,surprise,shock,true,25,a,random
A-amazement-06,amazement,surprise,surprise,false,25,a,random
A-amazement-07,amazement,surprise,surprise,false,25,a,random
A-amazement-08,amazement,happiness,excitement,true,25,a,random
A-amazement-09,amazement,surprise,surprise,false,25,a,random
A-amazement-10,amazement,relief,relief,false,25,a,random
A-ecstasy-01,ecstasy,relief,relief,false,25,a,random
A-ecstasy-02,ecstasy,relief,relief,false,25,a,random
A-ecstasy-03,ecstasy,relief,relief,false,25,a,random
A-ecstasy-04,ecstasy,joy,joy,false,25,a,random
A-ecstasy-05,ecstasy,joy,joy,false,25,a,random
A-ecstasy-06,ecstasy,joy,joy,false,25,a,random
A-ecstasy-07,ecstasy,joy,joy,false,25,a,random
A-ecstasy-08,ecstasy,happiness,happiness,false,25,a,random
A-ecstasy-09,ecstasy,wonder,delight,true,25,a,random
A-ecstasy-10,ecstasy,joy,joy,false,25,a,random
A-grief-01,grief,shame,shame,false,25,a,random
A-grief-02,grief,anger,anger,false,25,a,random
A-grief-03,grief,grief,grief,false,25,a,random
A-grief-04,grief,sadness,sadness,false,25,a,random
A-grief-05,grief,sadness,sadness,false,25,a,random
A-grief-06,grief,concern,concern,false,25,a,random
A-grief-07,grief,grief,grief,false,25,a,random
A-grief-08,grief,sadness,sadness,false,25,a,random
A-grief-09,grief,sadness,sadness,false,25,a,random
A-grief-10,grief,longing,disappointment,true,25,a,random
A-loathing-01,loathing,disgust,disgust,false,25,a,random
A-loathing-02,loathing,disappointment,disappointment,false,25,a,random
A-loathing-03,loathing,anger,anger,false,25,a,random
A-loathing-04,loathing,disgust,disgust,false,25,a,random
A-loathing-05,loathing,disgust,disgust,false,25,a,random
A-loathing-06,loathing,disgust,disgust,false,25,a,random
A-loathing-07,loathing,anger,anger,false,25,a,random
A-loathing-08,loathing,disgust,disgust,false,25,a,random
A-loathing-09,loathing,disgust,disgust,false,25,a,random
A-loathing-10,loathing,frustration,frustration,false,25,a,random
A-rage-01,rage,anger,anger,false,25,a,random
A-rage-02,rage,anger,anger,false,25,a,random
A-rage-03,rage,anger,anger,false,25,a,random
A-rage-04,rage,anger,anger,false,25,a,random
A-rage-05,rage,anger,anger,false,25,a,random
A-rage-06,rage,anger,anger,false,25,a,random
A-rage-07,rage,anger,anger,false,25,a,random
A-rage-08,rage,anger,anger,false,25,a,random
A-rage-09,rage,frustration,anger,true,25,a,random
A-rage-10,rage,anger,anger,false,25,a,random
A-terror-01,terror,fear,fear,false,25,a,random
A-terror-02,terror,shock,shock,false,25,a,random
A-terror-03,terror,fear,fear,false,25,a,random
A-terror-04,terror,relief,relief,false,25,a,random
A-terror-05,terror,fear,fear,false,25,a,random
A-terror-06,terror,fear,fear,false,25,a,random
A-terror-07,terror,fear,fear,false,25,a,random
A-terror-08,terror,fear,fear,false,25,a,random
A-terror-09,terror,anxiety,anxiety,false,25,a,random
A-terror-10,terror,fear,fear,false,25,a,random
A-vigilance-01,vigilance,fear,fear,false,25,a,random
A-vigilance-02,vigilance,anxiety,anxiety,false,25,a,random
A-vigilance-03,vigilance,anxiety,anxiety,false,25,a,random
A-vigilance-04,vigilance,anxiety,anxiety,false,25,a,random
A-vigilance-05,vigilance,anxiety,anxiety,false,25,a,random
A-vigilance-06,vigilance,anxiety,anxiety,false,25,a,random
A-vigilance-07,vigilance,anxiety,anxiety,false,25,a,random
A-vigilance-08,vigilance,anxiety,anxiety,false,25,a,random
A-vigilance-09,vigilance,anxiety,anxiety,false,25,a,random
A-vigilance-10,vigilance,anxiety,anxiety,false,25,a,random
A-admiration-01,admiration,surprise,relief,true,26,a,random
A-admiration-02,admiration,relief,relief,false,26,a,random
A-admiration-03,admiration,relief,relief,false,26,a,random
A-admiration-04,admiration,gratitude,gratitude,false,26,a,random
A-admiration-05,admiration,relief,relief,false,26,a,random
A-admiration-06,admiration,relief,relief,false,26,a,random
A-admiration-07,admiration,relief,relief,false,26,a,random
A-admiration-08,admiration,trust,trust,false,26,a,random
A-admiration-09,admiration,shock,shock,false,26,a,random
A-admiration-10,admiration,relief,relief,false,26,a,random
A-amazement-01,amazement,gratitude,gratitude,false,26,a,random
A-amazement-02,amazement,surprise,surprise,false,26,a,random
A-amazement-03,amazement,surprise,surprise,false,26,a,random
A-amazement-04,amazement,surprise,surprise,false,26,a,random
A-amazement-05,amazement,surprise,surprise,false,26,a,random
A-amazement-06,amazement,surprise,surprise,false,26,a,random
A-amazement-07,amazement,surprise,surprise,false,26,a,random
A-amazement-08,amazement,happiness,happiness,false,26,a,random
A-amazement-09,amazement,surprise,surprise,false,26,a,random
A-amazement-10,amazement,relief,relief,false,26,a,random
A-ecstasy-01,ecstasy,relief,relief,false,26,a,random
A-ecstasy-02,ecstasy,relief,relief,false,26,a,random
A-ecstasy-03,ecstasy,relief,relief,false,26,a,random
A-ecstasy-04,ecstasy,joy,joy,false,26,a,random
A-ecstasy-05,ecstasy,joy,joy,false,26,a,random
A-ecstasy-06,ecstasy,joy,joy,false,26,a,random
A-ecstasy-07,ecstasy,joy,joy,false,26,a,random
A-ecstasy-08,ecstasy,happiness,happiness,false,26,a,random
A-ecstasy-09,ecstasy,wonder,wonder,false,26,a,random
A-ecstasy-10,ecstasy,joy,joy,false,26,a,random
A-grief-01,grief,shame,shame,false,26,a,random
A-grief-02,grief,anger,anger,false,26,a,random
A-grief-03,grief,grief,grief,false,26,a,random
A-grief-04,grief,sadness,sadness,false,26,a,random
A-grief-05,grief,sadness,grief,true,26,a,random
A-grief-06,grief,concern,concern,false,26,a,random
A-grief-07,grief,grief,grief,false,26,a,random
A-grief-08,grief,sadness,sadness,false,26,a,random
A-grief-09,grief,sadness,sadness,false,26,a,random
A-grief-10,grief,longing,longing,false,26,a,random
A-loathing-01,loathing,disgust,disgust,false,26,a,random
A-loathing-02,loathing,disappointment,disappointment,false,26,a,random
A-loathing-03,loathing,anger,anger,false,26,a,random
A-loathing-04,loathing,disgust,disgust,false,26,a,random
A-loathing-05,loathing,disgust,disgust,false,26,a,random
A-loathing-06,loathing,disgust,disgust,false,26,a,random
A-loathing-07,loathing,anger,anger,false,26,a,random
A-loathing-08,loathing,disgust,disgust,false,26,a,random
A-loathing-09,loathing,disgust,disgust,false,26,a,random
A-loathing-10,loathing,frustration,frustration,false,26,a,random
A-rage-01,rage,anger,anger,false,26,a,random
A-rage-02,rage,anger,anger,false,26,a,random
A-rage-03,rage,anger,anger,false,26,a,random
A-rage-04,rage,anger,anger,false,26,a,random
A-rage-05,rage,anger,anger,false,26,a,random
A-rage-06,rage,anger,anger,false,26,a,random
A-rage-07,rage,anger,anger,false,26,a,random
A-rage-08,rage,anger,anger,false,26,a,random
A-rage-09,rage,frustration,anger,true,26,a,random
A-rage-10,rage,anger,anger,false,26,a,random
A-terror-01,terror,fear,fear,false,26,a,random
A-terror-02,terror,shock,shock,false,26,a,random
A-terror-03,terror,fear,fear,false,26,a,random
A-terror-04,terror,relief,relief,false,26,a,random
A-terror-05,terror,fear,fear,false,26,a,random
A-terror-06,terror,fear,fear,false,26,a,random
A-terror-07,terror,fear,fear,false,26,a,random
A-terror-08,terror,fear,fear,false,26,a,random
A-terror-09,terror,anxiety,anxiety,false,26,a,random
A-terror-10,terror,fear,fear,false,26,a,random
A-vigilance-01,vigilance,fear,fear,false,26,a,random
A-vigilance-02,vigilance,anxiety,anxiety,false,26,a,random
A-vigilance-03,vigilance,anxiety,anxiety,false,26,a,random
A-vigilance-04,vigilance,anxiety,anxiety,false,26,a,random
A-vigilance-05,vigilance,anxiety,anxiety,false,26,a,random
A-vigilance-06,vigilance,anxiety,anxiety,false,26,a,random
A-vigilance-07,vigilance,anxiety,anxiety,false,26,a,random
A-vigilance-08,vigilance,anxiety,anxiety,false,26,a,random
A-vigilance-09,vigilance,anxiety,anxiety,false,26,a,random
A-vigilance-10,vigilance,anxiety,anxiety,false,26,a,random
A-admiration-01,admiration,surprise,relief,true,27,a,random
A-admiration-02,admiration,relief,relief,false,27,a,random
A-admiration-03,admiration,relief,relief,false,27,a,random
A-admiration-04,admiration,gratitude,gratitude,false,27,a,random
A-admiration-05,admiration,relief,relief,false,27,a,random
A-admiration-06,admiration,relief,relief,false,27,a,random
A-admiration-07,admiration,relief,relief,false,27,a,random
A-admiration-08,admiration,trust,trust,false,27,a,random
A-admiration-09,admiration,shock,shock,false,27,a,random
A-admiration-10,admiration,relief,relief,false,27,a,random
A-amazement-01,amazement,gratitude,gratitude,false,27,a,random
A-amazement-02,amazement,surprise,surprise,false,27,a,random
A-amazement-03,amazement,surprise,surprise,false,27,a,random
A-amazement-04,amazement,surprise,shock,true,27,a,random
A-amazement-05,amazement,surprise,shock,true,27,a,random
A-amazement-06,amazement,surprise,surprise,false,27,a,random
A-amazement-07,amazement,surprise,surprise,false,27,a,random
A-amazement-08,amazement,happiness,joy,true,27,a,random
A-amazement-09,amazement,surprise,surprise,false,27,a,random
A-amazement-10,amazement,relief,relief,false,27,a,random
A-ecstasy-01,ecstasy,relief,relief,false,27,a,random
A-ecstasy-02,ecstasy,relief,relief,false,27,a,random
A-ecstasy-03,ecstasy,relief,relief,false,27,a,random
A-ecstasy-04,ecstasy,joy,joy,false,27,a,random
A-ecstasy-05,ecstasy,joy,joy,false,27,a,random
A-ecstasy-06,ecstasy,joy,joy,false,27,a,random
A-ecstasy-07,ecstasy,joy,joy,false,27,a,random
A-ecstasy-08,ecstasy,happiness,joy,true,27,a,random
A-ecstasy-09,ecstasy,wonder,wonder,false,27,a,random
A-ecstasy-10,ecstasy,joy,joy,false,27,a,random
A-grief-01,grief,shame,shame,false,27,a,random
A-grief-02,grief,anger,anger,false,27,a,random
A-grief-03,grief,grief,grief,false,27,a,random
A-grief-04,grief,sadness,sadness,false,27,a,random
A-grief-05,grief,sadness,sadness,false,27,a,random
A-grief-06,grief,concern,concern,false,27,a,random
A-grief-07,grief,grief,grief,false,27,a,random
A-grief-08,grief,sadness,sadness,false,27,a,random
A-grief-09,grief,sadness,sadness,false,27,a,random
A-grief-10,grief,longing,longing,false,27,a,random
A-loathing-01,loathing,disgust,disgust,false,27,a,random
A-loathing-02,loathing,disappointment,disappointment,false,27,a,random
A-loathing-03,loathing,anger,anger,false,27,a,random
A-loathing-04,loathing,disgust,disgust,false,27,a,random
A-loathing-05,loathing,disgust,disgust,false,27,a,random
A-loathing-06,loathing,disgust,disgust,false,27,a,random
A-loathing-07,loathing,anger,anger,false,27,a,random
A-loathing-08,loathing,disgust,disgust,false,27,a,random
A-loathing-09,loathing,disgust,disgust,false,27,a,random
A-loathing-10,loathing,frustration,frustration,false,27,a,random
A-rage-01,rage,anger,anger,false,27,a,random
A-rage-02,rage,anger,anger,false,27,a,random
A-rage-03,rage,anger,anger,false,27,a,random
A-rage-04,rage,anger,anger,false,27,a,random
A-rage-05,rage,anger,anger,false,27,a,random
A-rage-06,rage,anger,anger,false,27,a,random
A-rage-07,rage,anger,anger,false,27,a,random
A-rage-08,rage,anger,anger,false,27,a,random
A-rage-09,rage,frustration,frustration,false,27,a,random
A-rage-10,rage,anger,frustration,true,27,a,random
A-terror-01,terror,fear,fear,false,27,a,random
A-terror-02,terror,shock,shock,false,27,a,random
A-terror-03,terror,fear,fear,false,27,a,random
A-terror-04,terror,relief,relief,false,27,a,random
A-terror-05,terror,fear,fear,false,27,a,random
A-terror-06,terror,fear,fear,false,27,a,random
A-terror-07,terror,fear,fear,false,27,a,random
A-terror-08,terror,fear,fear,false,27,a,random
A-terror-09,terror,anxiety,anxiety,false,27,a,random
A-terror-10,terror,fear,fear,false,27,a,random
A-vigilance-01,vigilance,fear,fear,false,27,a,random
A-vigilance-02,vigilance,anxiety,anxiety,false,27,a,random
A-vigilance-03,vigilance,anxiety,anxiety,false,27,a,random
A-vigilance-04,vigilance,anxiety,anxiety,false,27,a,random
A-vigilance-05,vigilance,anxiety,anxiety,false,27,a,random
A-vigilance-06,vigilance,anxiety,anxiety,false,27,a,random
A-vigilance-07,vigilance,anxiety,anxiety,false,27,a,random
A-vigilance-08,vigilance,anxiety,anxiety,false,27,a,random
A-vigilance-09,vigilance,anxiety,anxiety,false,27,a,random
A-vigilance-10,vigilance,anxiety,anxiety,false,27,a,random
A-admiration-01,admiration,surprise,relief,true,28,a,random
A-admiration-02,admiration,relief,relief,false,28,a,random
A-admiration-03,admiration,relief,relief,false,28,a,random
A-admiration-04,admiration,gratitude,gratitude,false,28,a,random
A-admiration-05,admiration,relief,relief,false,28,a,random
A-admiration-06,admiration,relief,relief,false,28,a,random
A-admiration-07,admiration,relief,relief,false,28,a,random
A-admiration-08,admiration,trust,trust,false,28,a,random
A-admiration-09,admiration,shock,shock,false,28,a,random
A-admiration-10,admiration,relief,relief,false,28,a,random
A-amazement-01,amazement,gratitude,surprise,true,28,a,random
A-amazement-02,amazement,surprise,surprise,false,28,a,random
A-amazement-03,amazement,surprise,surprise,false,28,a,random
A-amazement-04,amazement,surprise,surprise,false,28,a,random
A-amazement-05,amazement,surprise,surprise,false,28,a,random
A-amazement-06,amazement,surprise,surprise,false,28,a,random
A-amazement-07,amazement,surprise,surprise,false,28,a,random
A-amazement-08,amazement,happiness,surprise,true,28,a,random
A-amazement-09,amazement,surprise,surprise,false,28,a,random
A-amazement-10,amazement,relief,relief,false,28,a,random
A-ecstasy-01,ecstasy,relief,relief,false,28,a,random
A-ecstasy-02,ecstasy,relief,relief,false,28,a,random
A-ecstasy-03,ecstasy,relief,relief,false,28,a,random
A-ecstasy-04,ecstasy,joy,joy,false,28,a,random
A-ecstasy-05,ecstasy,joy,joy,false,28,a,random
A-ecstasy-06,ecstasy,joy,joy,false,28,a,random
A-ecstasy-07,ecstasy,joy,joy,false,28,a,random
A-ecstasy-08,ecstasy,happiness,happiness,false,28,a,random
A-ecstasy-09,ecstasy,wonder,wonder,false,28,a,random
A-ecstasy-10,ecstasy,joy,joy,false,28,a,random
A-grief-01,grief,shame,shame,false,28,a,random
A-grief-02,grief,anger,sadness,true,28,a,random
A-grief-03,grief,grief,grief,false,28,a,random
A-grief-04,grief,sadness,sadness,false,28,a,random
A-grief-05,grief,sadness,grief,true,28,a,random
A-grief-06,grief,concern,concern,false,28,a,random
A-grief-07,grief,grief,grief,false,28,a,random
A-grief-08,grief,sadness,sadness,false,28,a,random
A-grief-09,grief,sadness,sadness,false,28,a,random
A-grief-10,grief,longing,longing,false,28,a,random
A-loathing-01,loathing,disgust,disgust,false,28,a,random
A-loathing-02,loathing,disappointment,disappointment,false,28,a,random
A-loathing-03,loathing,anger,anger,false,28,a,random
A-loathing-04,loathing,disgust,disgust,false,28,a,random
A-loathing-05,loathing,disgust,disgust,false,28,a,random
A-loathing-06,loathing,disgust,disgust,false,28,a,random
A-loathing-07,loathing,anger,anger,false,28,a,random
A-loathing-08,loathing,disgust,disgust,false,28,a,random
A-loathing-09,loathing,disgust,disgust,false,28,a,random
A-loathing-10,loathing,frustration,disgust,true,28,a,random
A-rage-01,rage,anger,anger,false,28,a,random
A-rage-02,rage,anger,anger,false,28,a,random
A-rage-03,rage,anger,anger,false,28,a,random
A-rage-04,rage,anger,anger,false,28,a,random
A-rage-05,rage,anger,anger,false,28,a,random
A-rage-06,rage,anger,anger,false,28,a,random
A-rage-07,rage,anger,anger,false,28,a,random
A-rage-08,rage,anger,anger,false,28,a,random
A-rage-09,rage,frustration,frustration,false,28,a,random
A-rage-10,rage,anger,anger,false,28,a,random
A-terror-01,terror,fear,fear,false,28,a,random
A-terror-02,terror,shock,shock,false,28,a,random
A-terror-03,terror,fear,fear,false,28,a,random
A-terror-04,terror,relief,relief,false,28,a,random
A-terror-05,terror,fear,fear,false,28,a,random
A-terror-06,terror,fear,fear,false,28,a,random
A-terror-07,terror,fear,fear,false,28,a,random
A-terror-08,terror,fear,fear,false,28,a,random
A-terror-09,terror,anxiety,anxiety,false,28,a,random
A-terror-10,terror,fear,fear,false,28,a,random
A-vigilance-01,vigilance,fear,fear,false,28,a,random
A-vigilance-02,vigilance,anxiety,anxiety,false,28,a,random
A-vigilance-03,vigilance,anxiety,anxiety,false,28,a,random
A-vigilance-04,vigilance,anxiety,anxiety,false,28,a,random
A-vigilance-05,vigilance,anxiety,anxiety,false,28,a,random
A-vigilance-06,vigilance,anxiety,anxiety,false,28,a,random
A-vigilance-07,vigilance,anxiety,anxiety,false,28,a,random
A-vigilance-08,vigilance,anxiety,anxiety,false,28,a,random
A-vigilance-09,vigilance,anxiety,anxiety,false,28,a,random
A-vigilance-10,vigilance,anxiety,anxiety,false,28,a,random
A-admiration-01,admiration,surprise,relief,true,29,a,random
A-admiration-02,admiration,relief,relief,false,29,a,random
A-admiration-03,admiration,relief,relief,false,29,a,random
A-admiration-04,admiration,gratitude,gratitude,false,29,a,random
A-admiration-05,admiration,relief,relief,false,29,a,random
A-admiration-06,admiration,relief,relief,false,29,a,random
A-admiration-07,admiration,relief,relief,false,29,a,random
A-admiration-08,admiration,trust,trust,false,29,a,random
A-admiration-09,admiration,shock,shock,false,29,a,random
A-admiration-10,admiration,relief,relief,false,29,a,random
A-amazement-01,amazement,gratitude,gratitude,false,29,a,random
A-amazement-02,amazement,surprise,happiness,true,29,a,random
A-amazement-03,amazement,surprise,surprise,false,29,a,random
A-amazement-04,amazement,surprise,shock,true,29,a,random
A-amazement-05,amazement,surprise,shock,true,29,a,random
A-amazement-06,amazement,surprise,confusion,true,29,a,random
A-amazement-07,amazement,surprise,surprise,false,29,a,random
A-amazement-08,amazement,happiness,happiness,false,29,a,random
A-amazement-09,amazement,surprise,surprise,false,29,a,random
A-amazement-10,amazement,relief,relief,false,29,a,random
A-ecstasy-01,ecstasy,relief,relief,false,29,a,random
A-ecstasy-02,ecstasy,relief,relief,false,29,a,random
A-ecstasy-03,ecstasy,relief,relief,false,29,a,random
A-ecstasy-04,ecstasy,joy,joy,false,29,a,random
A-ecstasy-05,ecstasy,joy,joy,false,29,a,random
A-ecstasy-06,ecstasy,joy,joy,false,29,a,random
A-ecstasy-07,ecstasy,joy,joy,false,29,a,random
A-ecstasy-08,ecstasy,happiness,happiness,false,29,a,random
A-ecstasy-09,ecstasy,wonder,wonder,false,29,a,random
A-ecstasy-10,ecstasy,joy,joy,false,29,a,random
A-grief-01,grief,shame,shame,false,29,a,random
A-grief-02,grief,anger,sadness,true,29,a,random
A-grief-03,grief,grief,grief,false,29,a,random
A-grief-04,grief,sadness,sadness,false,29,a,random
A-grief-05,grief,sadness,sadness,false,29,a,random
A-grief-06,grief,concern,concern,false,29,a,random
A-grief-07,grief,grief,grief,false,29,a,random
A-grief-08,grief,sadness,sadness,false,29,a,random
A-grief-09,grief,sadness,sadness,false,29,a,random
A-grief-10,grief,longing,disappointment,true,29,a,random
A-loathing-01,loathing,disgust,disgust,false,29,a,random
A-loathing-02,loathing,disappointment,disappointment,false,29,a,random
A-loathing-03,loathing,anger,anger,false,29,a,random
A-loathing-04,loathing,disgust,disgust,false,29,a,random
A-loathing-05,loathing,disgust,disgust,false,29,a,random
A-loathing-06,loathing,disgust,disgust,false,29,a,random
A-loathing-07,loathing,anger,anger,false,29,a,random
A-loathing-08,loathing,disgust,disgust,false,29,a,random
A-loathing-09,loathing,disgust,disgust,false,29,a,random
A-loathing-10,loathing,frustration,frustration,false,29,a,random
A-rage-01,rage,anger,anger,false,29,a,random
A-rage-02,rage,anger,anger,false,29,a,random
A-rage-03,rage,anger,anger,false,29,a,random
A-rage-04,rage,anger,anger,false,29,a,random
A-rage-05,rage,anger,anger,false,29,a,random
A-rage-06,rage,anger,anger,false,29,a,random
A-rage-07,rage,anger,anger,false,29,a,random
A-rage-08,rage,anger,anger,false,29,a,random
A-rage-09,rage,frustration,frustration,false,29,a,random
A-rage-10,rage,anger,frustration,true,29,a,random
A-terror-01,terror,fear,fear,false,29,a,random
A-terror-02,terror,shock,shock,false,29,a,random
A-terror-03,terror,fear,fear,false,29,a,random
A-terror-04,terror,relief,relief,false,29,a,random
A-terror-05,terror,fear,fear,false,29,a,random
A-terror-06,terror,fear,fear,false,29,a,random
A-terror-07,terror,fear,fear,false,29,a,random
A-terror-08,terror,fear,fear,false,29,a,random
A-terror-09,terror,anxiety,anxiety,false,29,a,random
A-terror-10,terror,fear,fear,false,29,a,random
A-vigilance-01,vigilance,fear,fear,false,29,a,random
A-vigilance-02,vigilance,anxiety,anxiety,false,29,a,random
A-vigilance-03,vigilance,anxiety,anxiety,false,29,a,random
A-vigilance-04,vigilance,anxiety,anxiety,false,29,a,random
A-vigilance-05,vigilance,anxiety,anxiety,false,29,a,random
A-vigilance-06,vigilance,anxiety,anxiety,false,29,a,random
A-vigilance-07,vigilance,anxiety,anxiety,false,29,a,random
A-vigilance-08,vigilance,anxiety,anxiety,false,29,a,random
A-vigilance-09,vigilance,anxiety,anxiety,false,29,a,random
A-vigilance-10,vigilance,anxiety,anxiety,false,29,a,random
A-admiration-01,admiration,surprise,relief,true,30,a,random
A-admiration-02,admiration,relief,relief,false,30,a,random
A-admiration-03,admiration,relief,relief,false,30,a,random
A-admiration-04,admiration,gratitude,gratitude,false,30,a,random
A-admiration-05,admiration,relief,relief,false,30,a,random
A-admiration-06,admiration,relief,relief,false,30,a,random
A-admiration-07,admiration,relief,relief,false,30,a,random
A-admiration-08,admiration,trust,trust,false,30,a,random
A-admiration-09,admiration,shock,shock,false,30,a,random
A-admiration-10,admiration,relief,relief,false,30,a,random
A-amazement-01,amazement,gratitude,gratitude,false,30,a,random
A-amazement-02,amazement,surprise,surprise,false,30,a,random
A-amazement-03,amazement,surprise,surprise,false,30,a,random
A-amazement-04,amazement,surprise,surprise,false,30,a,random
A-amazement-05,amazement,surprise,shock,true,30,a,random
A-amazement-06,amazement,surprise,surprise,false,30,a,random
A-amazement-07,amazement,surprise,surprise,false,30,a,random
A-amazement-08,amazement,happiness,happiness,false,30,a,random
A-amazement-09,amazement,surprise,surprise,false,30,a,random
A-amazement-10,amazement,relief,relief,false,30,a,random
A-ecstasy-01,ecstasy,relief,relief,false,30,a,random
A-ecstasy-02,ecstasy,relief,relief,false,30,a,random
A-ecstasy-03,ecstasy,relief,relief,false,30,a,random
A-ecstasy-04,ecstasy,joy,joy,false,30,a,random
A-ecstasy-05,ecstasy,joy,joy,false,30,a,random
A-ecstasy-06,ecstasy,joy,joy,false,30,a,random
A-ecstasy-07,ecstasy,joy,joy,false,30,a,random
A-ecstasy-08,ecstasy,happiness,happiness,false,30,a,random
A-ecstasy-09,ecstasy,wonder,delight,true,30,a,random
A-ecstasy-10,ecstasy,joy,joy,false,30,a,random
A-grief-01,grief,shame,sadness,true,30,a,random
A-grief-02,grief,anger,sadness,true,30,a,random
A-grief-03,grief,grief,sadness,true,30,a,random
A-grief-04,grief,sadness,sadness,false,30,a,random
A-grief-05,grief,sadness,sadness,false,30,a,random
A-grief-06,grief,concern,sadness,true,30,a,random
A-grief-07,grief,grief,sadness,true,30,a,random
A-grief-08,grief,sadness,sadness,false,30,a,random
A-grief-09,grief,sadness,sadness,false,30,a,random
A-grief-10,grief,longing,sadness,true,30,a,random
A-loathing-01,loathing,disgust,disgust,false,30,a,random
A-loathing-02,loathing,disappointment,disappointment,false,30,a,random
A-loathing-03,loathing,anger,anger,false,30,a,random
A-loathing-04,loathing,disgust,disgust,false,30,a,random
A-loathing-05,loathing,disgust,disgust,false,30,a,random
A-loathing-06,loathing,disgust,disgust,false,30,a,random
A-loathing-07,loathing,anger,anger,false,30,a,random
A-loathing-08,loathing,disgust,disgust,false,30,a,random
A-loathing-09,loathing,disgust,disgust,false,30,a,random
A-loathing-10,loathing,frustration,disgust,true,30,a,random
A-rage-01,rage,anger,anger,false,30,a,random
A-rage-02,rage,anger,anger,false,30,a,random
A-rage-03,rage,anger,anger,false,30,a,random
A-rage-04,rage,anger,anger,false,30,a,random
A-rage-05,rage,anger,anger,false,30,a,random
A-rage-06,rage,anger,anger,false,30,a,random
A-rage-07,rage,anger,anger,false,30,a,random
A-rage-08,rage,anger,anger,false,30,a,random
A-rage-09,rage,frustration,frustration,false,30,a,random
A-rage-10,rage,anger,frustration,true,30,a,random
A-terror-01,terror,fear,fear,false,30,a,random
A-terror-02,terror,shock,shock,false,30,a,random
A-terror-03,terror,fear,fear,false,30,a,random
A-terror-04,terror,relief,relief,false,30,a,random
A-terror-05,terror,fear,fear,false,30,a,random
A-terror-06,terror,fear,fear,false,30,a,random
A-terror-07,terror,fear,fear,false,30,a,random
A-terror-08,terror,fear,fear,false,30,a,random
A-terror-09,terror,anxiety,anxiety,false,30,a,random
A-terror-10,terror,fear,fear,false,30,a,random
A-vigilance-01,vigilance,fear,fear,false,30,a,random
A-vigilance-02,vigilance,anxiety,anxiety,false,30,a,random
A-vigilance-03,vigilance,anxiety,anxiety,false,30,a,random
A-vigilance-04,vigilance,anxiety,anxiety,false,30,a,random
A-vigilance-05,vigilance,anxiety,anxiety,false,30,a,random
A-vigilance-06,vigilance,anxiety,anxiety,false,30,a,random
A-vigilance-07,vigilance,anxiety,anxiety,false,30,a,random
A-vigilance-08,vigilance,anxiety,anxiety,false,30,a,random
A-vigilance-09,vigilance,anxiety,anxiety,false,30,a,random
A-vigilance-10,vigilance,anxiety,anxiety,false,30,a,random
A-admiration-01,admiration,surprise,gratitude,true,31,a,random
A-admiration-02,admiration,relief,relief,false,31,a,random
A-admiration-03,admiration,relief,relief,false,31,a,random
A-admiration-04,admiration,gratitude,gratitude,false,31,a,random
A-admiration-05,admiration,relief,gratitude,true,31,a,random
A-admiration-06,admiration,relief,relief,false,31,a,random
A-admiration-07,admiration,relief,relief,false,31,a,random
A-admiration-08,admiration,trust,trust,false,31,a,random
A-admiration-09,admiration,shock,shock,false,31,a,random
A-admiration-10,admiration,relief,relief,false,31,a,random
A-amazement-01,amazement,gratitude,gratitude,false,31,a,random
A-amazement-02,amazement,surprise,happiness,true,31,a,random
A-amazement-03,amazement,surprise,surprise,false,31,a,random
A-amazement-04,amazement,surprise,shock,true,31,a,random
A-amazement-05,amazement,surprise,embarrassment,true,31,a,random
A-amazement-06,amazement,surprise,shock,true,31,a,random
A-amazement-07,amazement,surprise,surprise,false,31,a,random
A-amazement-08,amazement,happiness,happiness,false,31,a,random
A-amazement-09,amazement,surprise,surprise,false,31,a,random
A-amazement-10,amazement,relief,relief,false,31,a,random
A-ecstasy-01,ecstasy,relief,joy,true,31,a,random
A-ecstasy-02,ecstasy,relief,relief,false,31,a,random
A-ecstasy-03,ecstasy,relief,gratitude,true,31,a,random
A-ecstasy-04,ecstasy,joy,joy,false,31,a,random
A-ecstasy-05,ecstasy,joy,joy,false,31,a,random
A-ecstasy-06,ecstasy,joy,joy,false,31,a,random
A-ecstasy-07,ecstasy,joy,happiness,true,31,a,random
A-ecstasy-08,ecstasy,happiness,happiness,false,31,a,random
A-ecstasy-09,ecstasy,wonder,delight,true,31,a,random
A-ecstasy-10,ecstasy,joy,happiness,true,31,a,random
A-grief-01,grief,shame,shame,false,31,a,random
A-grief-02,grief,anger,sadness,true,31,a,random
A-grief-03,grief,grief,grief,false,31,a,random
A-grief-04,grief,sadness,sadness,false,31,a,random
A-grief-05,grief,sadness,sadness,false,31,a,random
A-grief-06,grief,concern,sadness,true,31,a,random
A-grief-07,grief,grief,grief,false,31,a,random
A-grief-08,grief,sadness,sadness,false,31,a,random
A-grief-09,grief,sadness,sadness,false,31,a,random
A-grief-10,grief,longing,longing,false,31,a,random
A-loathing-01,loathing,disgust,disgust,false,31,a,random
A-loathing-02,loathing,disappointment,frustration,true,31,a,random
A-loathing-03,loathing,anger,anger,false,31,a,random
A-loathing-04,loathing,disgust,disgust,false,31,a,random
A-loathing-05,loathing,disgust,disgust,false,31,a,random
A-loathing-06,loathing,disgust,disgust,false,31,a,random
A-loathing-07,loathing,anger,anger,false,31,a,random
A-loathing-08,loathing,disgust,disgust,false,31,a,random
A-loathing-09,loathing,disgust,disgust,false,31,a,random
A-loathing-10,loathing,frustration,frustration,false,31,a,random
A-rage-01,rage,anger,anger,false,31,a,random
A-rage-02,rage,anger,anger,false,31,a,random
A-rage-03,rage,anger,anger,false,31,a,random
A-rage-04,rage,anger,anger,false,31,a,random
A-rage-05,rage,anger,anger,false,31,a,random
A-rage-06,rage,anger,anger,false,31,a,random
A-rage-07,rage,anger,anger,false,31,a,random
A-rage-08,rage,anger,anger,false,31,a,random
A-rage-09,rage,frustration,frustration,false,31,a,random
A-rage-10,rage,anger,frustration,true,31,a,random
A-terror-01,terror,fear,fear,false,31,a,random
A-terror-02,terror,shock,shock,false,31,a,random
A-terror-03,terror,fear,fear,false,31,a,random
A-terror-04,terror,relief,fear,true,31,a,random
A-terror-05,terror,fear,fear,false,31,a,random
A-terror-06,terror,fear,fear,false,31,a,random
A-terror-07,terror,fear,fear,false,31,a,random
A-terror-08,terror,fear,fear,false,31,a,random
A-terror-09,terror,anxiety,anxiety,false,31,a,random
A-terror-10,terror,fear,fear,false,31,a,random
A-vigilance-01,vigilance,fear,fear,false,31,a,random
A-vigilance-02,vigilance,anxiety,anxiety,false,31,a,random
A-vigilance-03,vigilance,anxiety,anxiety,false,31,a,random
A-vigilance-04,vigilance,anxiety,anxiety,false,31,a,random
A-vigilance-05,vigilance,anxiety,anxiety,false,31,a,random
A-vigilance-06,vigilance,anxiety,anxiety,false,31,a,random
A-vigilance-07,vigilance,anxiety,anxiety,false,31,a,random
A-vigilance-08,vigilance,anxiety,anxiety,false,31,a,random
A-vigilance-09,vigilance,anxiety,anxiety,false,31,a,random
A-vigilance-10,vigilance,anxiety,anxiety,false,31,a,random
