id,emotion,original_pred,ko_pred,changed,layer,act_type,knockout_type
B-admiration-d1-v1,admiration,frustration,frustration,false,0,m,random
B-admiration-d1-v2,admiration,pride,pride,false,0,m,random
B-admiration-d1-v3,admiration,admiration,admiration,false,0,m,random
B-admiration-d1-v4,admiration,awe,awe,false,0,m,random
B-admiration-d2-v1,admiration,"","",false,0,m,random
B-admiration-d2-v2,admiration,sadness,sadness,false,0,m,random
B-admiration-d2-v3,admiration,"","",false,0,m,random
B-admiration-d2-v4,admiration,contentment,contentment,false,0,m,random
B-admiration-d3-v1,admiration,pride,pride,false,0,m,random
B-admiration-d3-v2,admiration,perseverance,perseverance,false,0,m,random
B-admiration-d3-v3,admiration,determination,determination,false,0,m,random
B-admiration-d3-v4,admiration,"",admiration,true,0,m,random
B-amazement-d1-v1,amazement,awe,awe,false,0,m,random
B-amazement-d1-v2,amazement,awe,awe,false,0,m,random
B-amazement-d1-v3,amazement,awe,awe,false,0,m,random
B-amazement-d1-v4,amazement,fear,fear,false,0,m,random
B-amazement-d2-v1,amazement,relief,relief,false,0,m,random
B-amazement-d2-v2,amazement,awe,awe,false,0,m,random
B-amazement-d2-v3,amazement,relief,relief,false,0,m,random
B-amazement-d2-v4,amazement,relief,relief,false,0,m,random
B-amazement-d3-v1,amazement,pride,pride,false,0,m,random
B-amazement-d3-v2,amazement,awe,awe,false,0,m,random
B-amazement-d3-v3,amazement,relief,relief,false,0,m,random
B-amazement-d3-v4,amazement,"","",false,0,m,random
B-ecstasy-d1-v1,ecstasy,overwhelming,overwhelming,false,0,m,random
B-ecstasy-d1-v2,ecstasy,despair,despair,false,0,m,random
B-ecstasy-d1-v3,ecstasy,relief,relief,false,0,m,random
B-ecstasy-d1-v4,ecstasy,pride,pride,false,0,m,random
B-ecstasy-d2-v1,ecstasy,anticipation,anticipation,false,0,m,random
B-ecstasy-d2-v2,ecstasy,relief,relief,false,0,m,random
B-ecstasy-d2-v3,ecstasy,complex,complex,false,0,m,random
B-ecstasy-d2-v4,ecstasy,loneliness,loneliness,false,0,m,random
B-ecstasy-d3-v1,ecstasy,el,el,false,0,m,random
B-ecstasy-d3-v2,ecstasy,awe,awe,false,0,m,random
B-ecstasy-d3-v3,ecstasy,excitement,excitement,false,0,m,random
B-ecstasy-d3-v4,ecstasy,excitement,excitement,false,0,m,random
B-grief-d1-v1,grief,grief,grief,false,0,m,random
B-grief-d1-v2,grief,loneliness,loneliness,false,0,m,random
B-grief-d1-v3,grief,worry,worry,false,0,m,random
B-grief-d1-v4,grief,grief,grief,false,0,m,random
B-grief-d2-v1,grief,grief,grief,false,0,m,random
B-grief-d2-v2,grief,sadness,sadness,false,0,m,random
B-grief-d2-v3,grief,sadness,sadness,false,0,m,random
B-grief-d2-v4,grief,sadness,sadness,false,0,m,random
B-grief-d3-v1,grief,anxiety,anxiety,false,0,m,random
B-grief-d3-v2,grief,grief,grief,false,0,m,random
B-grief-d3-v3,grief,sadness,sadness,false,0,m,random
B-grief-d3-v4,grief,grief,grief,false,0,m,random
B-loathing-d1-v1,loathing,anger,anger,false,0,m,random
B-loathing-d1-v2,loathing,anger,anger,false,0,m,random
B-loathing-d1-v3,loathing,anger,anger,false,0,m,random
B-loathing-d1-v4,loathing,anger,anger,false,0,m,random
B-loathing-d2-v1,loathing,disgust,disgust,false,0,m,random
B-loathing-d2-v2,loathing,disgust,disgust,false,0,m,random
B-loathing-d2-v3,loathing,fear,fear,false,0,m,random
B-loathing-d2-v4,loathing,disgust,disgust,false,0,m,random
B-loathing-d3-v1,loathing,betrayal,betrayal,false,0,m,random
B-loathing-d3-v2,loathing,anger,anger,false,0,m,random
B-loathing-d3-v3,loathing,anger,anger,false,0,m,random
B-loathing-d3-v4,loathing,anger,anger,false,0,m,random
B-rage-d1-v1,rage,anger,anger,false,0,m,random
B-rage-d1-v2,rage,anger,anger,false,0,m,random
B-rage-d1-v3,rage,anger,anger,false,0,m,random
B-rage-d1-v4,rage,anger,anger,false,0,m,random
B-rage-d2-v1,rage,anger,anger,false,0,m,random
B-rage-d2-v2,rage,anger,anger,false,0,m,random
B-rage-d2-v3,rage,anger,anger,false,0,m,random
B-rage-d2-v4,rage,fear,fear,false,0,m,random
B-rage-d3-v1,rage,betrayal,betrayal,false,0,m,random
B-rage-d3-v2,rage,anger,anger,false,0,m,random
B-rage-d3-v3,rage,anger,anger,false,0,m,random
B-rage-d3-v4,rage,fear,fear,false,0,m,random
B-terror-d1-v1,terror,fear,fear,false,0,m,random
B-terror-d1-v2,terror,fear,fear,false,0,m,random
B-terror-d1-v3,terror,fear,fear,false,0,m,random
B-terror-d1-v4,terror,fear,fear,false,0,m,random
B-terror-d2-v1,terror,anxiety,anxiety,false,0,m,random
B-terror-d2-v2,terror,anxiety,anxiety,false,0,m,random
B-terror-d2-v3,terror,fear,fear,false,0,m,random
B-terror-d2-v4,terror,fear,fear,false,0,m,random
B-terror-d3-v1,terror,fear,fear,false,0,m,random
B-terror-d3-v2,terror,fear,fear,false,0,m,random
B-terror-d3-v3,terror,fear,fear,false,0,m,random
B-terror-d3-v4,terror,fear,fear,false,0,m,random
B-vigilance-d1-v1,vigilance,anxiety,anxiety,false,0,m,random
B-vigilance-d1-v2,vigilance,anxiety,anxiety,false,0,m,random
B-vigilance-d1-v3,vigilance,anxiety,anxiety,false,0,m,random
B-vigilance-d1-v4,vigilance,concern,concern,false,0,m,random
B-vigilance-d2-v1,vigilance,anxiety,anxiety,false,0,m,random
B-vigilance-d2-v2,vigilance,anticipation,anticipation,false,0,m,random
B-vigilance-d2-v3,vigilance,anticipation,anticipation,false,0,m,random
B-vigilance-d2-v4,vigilance,tension,tension,false,0,m,random
B-vigilance-d3-v1,vigilance,anticipation,anticipation,false,0,m,random
B-vigilance-d3-v2,vigilance,tension,tension,false,0,m,random
B-vigilance-d3-v3,vigilance,fear,fear,false,0,m,random
B-vigilance-d3-v4,vigilance,anxiety,anxiety,false,0,m,random
B-admiration-d1-v1,admiration,frustration,frustration,false,1,m,random
B-admiration-d1-v2,admiration,pride,pride,false,1,m,random
B-admiration-d1-v3,admiration,admiration,admiration,false,1,m,random
B-admiration-d1-v4,admiration,awe,awe,false,1,m,random
B-admiration-d2-v1,admiration,"","",false,1,m,random
B-admiration-d2-v2,admiration,sadness,sadness,false,1,m,random
B-admiration-d2-v3,admiration,"","",false,1,m,random
B-admiration-d2-v4,admiration,contentment,contentment,false,1,m,random
B-admiration-d3-v1,admiration,pride,pride,false,1,m,random
B-admiration-d3-v2,admiration,perseverance,perseverance,false,1,m,random
B-admiration-d3-v3,admiration,determination,determination,false,1,m,random
B-admiration-d3-v4,admiration,"","",false,1,m,random
B-amazement-d1-v1,amazement,awe,awe,false,1,m,random
B-amazement-d1-v2,amazement,awe,awe,false,1,m,random
B-amazement-d1-v3,amazement,awe,awe,false,1,m,random
B-amazement-d1-v4,amazement,fear,fear,false,1,m,random
B-amazement-d2-v1,amazement,relief,relief,false,1,m,random
B-amazement-d2-v2,amazement,awe,awe,false,1,m,random
B-amazement-d2-v3,amazement,relief,relief,false,1,m,random
B-amazement-d2-v4,amazement,relief,relief,false,1,m,random
B-amazement-d3-v1,amazement,pride,pride,false,1,m,random
B-amazement-d3-v2,amazement,awe,awe,false,1,m,random
B-amazement-d3-v3,amazement,relief,relief,false,1,m,random
B-amazement-d3-v4,amazement,"","",false,1,m,random
B-ecstasy-d1-v1,ecstasy,overwhelming,overwhelming,false,1,m,random
B-ecstasy-d1-v2,ecstasy,despair,despair,false,1,m,random
B-ecstasy-d1-v3,ecstasy,relief,relief,false,1,m,random
B-ecstasy-d1-v4,ecstasy,pride,pride,false,1,m,random
B-ecstasy-d2-v1,ecstasy,anticipation,anticipation,false,1,m,random
B-ecstasy-d2-v2,ecstasy,relief,relief,false,1,m,random
B-ecstasy-d2-v3,ecstasy,complex,complex,false,1,m,random
B-ecstasy-d2-v4,ecstasy,loneliness,loneliness,false,1,m,random
B-ecstasy-d3-v1,ecstasy,el,el,false,1,m,random
B-ecstasy-d3-v2,ecstasy,awe,awe,false,1,m,random
B-ecstasy-d3-v3,ecstasy,excitement,excitement,false,1,m,random
B-ecstasy-d3-v4,ecstasy,excitement,excitement,false,1,m,random
B-grief-d1-v1,grief,grief,grief,false,1,m,random
B-grief-d1-v2,grief,loneliness,loneliness,false,1,m,random
B-grief-d1-v3,grief,worry,worry,false,1,m,random
B-grief-d1-v4,grief,grief,grief,false,1,m,random
B-grief-d2-v1,grief,grief,grief,false,1,m,random
B-grief-d2-v2,grief,sadness,sadness,false,1,m,random
B-grief-d2-v3,grief,sadness,sadness,false,1,m,random
B-grief-d2-v4,grief,sadness,sadness,false,1,m,random
B-grief-d3-v1,grief,anxiety,anxiety,false,1,m,random
B-grief-d3-v2,grief,grief,grief,false,1,m,random
B-grief-d3-v3,grief,sadness,sadness,false,1,m,random
B-grief-d3-v4,grief,grief,grief,false,1,m,random
B-loathing-d1-v1,loathing,anger,anger,false,1,m,random
B-loathing-d1-v2,loathing,anger,anger,false,1,m,random
B-loathing-d1-v3,loathing,anger,anger,false,1,m,random
B-loathing-d1-v4,loathing,anger,anger,false,1,m,random
B-loathing-d2-v1,loathing,disgust,disgust,false,1,m,random
B-loathing-d2-v2,loathing,disgust,disgust,false,1,m,random
B-loathing-d2-v3,loathing,fear,fear,false,1,m,random
B-loathing-d2-v4,loathing,disgust,disgust,false,1,m,random
B-loathing-d3-v1,loathing,betrayal,betrayal,false,1,m,random
B-loathing-d3-v2,loathing,anger,anger,false,1,m,random
B-loathing-d3-v3,loathing,anger,anger,false,1,m,random
B-loathing-d3-v4,loathing,anger,anger,false,1,m,random
B-rage-d1-v1,rage,anger,anger,false,1,m,random
B-rage-d1-v2,rage,anger,anger,false,1,m,random
B-rage-d1-v3,rage,anger,anger,false,1,m,random
B-rage-d1-v4,rage,anger,anger,false,1,m,random
B-rage-d2-v1,rage,anger,anger,false,1,m,random
B-rage-d2-v2,rage,anger,anger,false,1,m,random
B-rage-d2-v3,rage,anger,anger,false,1,m,random
B-rage-d2-v4,rage,fear,fear,false,1,m,random
B-rage-d3-v1,rage,betrayal,betrayal,false,1,m,random
B-rage-d3-v2,rage,anger,anger,false,1,m,random
B-rage-d3-v3,rage,anger,anger,false,1,m,random
B-rage-d3-v4,rage,fear,fear,false,1,m,random
B-terror-d1-v1,terror,fear,fear,false,1,m,random
B-terror-d1-v2,terror,fear,fear,false,1,m,random
B-terror-d1-v3,terror,fear,fear,false,1,m,random
B-terror-d1-v4,terror,fear,fear,false,1,m,random
B-terror-d2-v1,terror,anxiety,anxiety,false,1,m,random
B-terror-d2-v2,terror,anxiety,anxiety,false,1,m,random
B-terror-d2-v3,terror,fear,fear,false,1,m,random
B-terror-d2-v4,terror,fear,fear,false,1,m,random
B-terror-d3-v1,terror,fear,fear,false,1,m,random
B-terror-d3-v2,terror,fear,fear,false,1,m,random
B-terror-d3-v3,terror,fear,fear,false,1,m,random
B-terror-d3-v4,terror,fear,fear,false,1,m,random
B-vigilance-d1-v1,vigilance,anxiety,anxiety,false,1,m,random
B-vigilance-d1-v2,vigilance,anxiety,anxiety,false,1,m,random
B-vigilance-d1-v3,vigilance,anxiety,anxiety,false,1,m,random
B-vigilance-d1-v4,vigilance,concern,concern,false,1,m,random
B-vigilance-d2-v1,vigilance,anxiety,anxiety,false,1,m,random
B-vigilance-d2-v2,vigilance,anticipation,anticipation,false,1,m,random
B-vigilance-d2-v3,vigilance,anticipation,anticipation,false,1,m,random
B-vigilance-d2-v4,vigilance,tension,tension,false,1,m,random
B-vigilance-d3-v1,vigilance,anticipation,anticipation,false,1,m,random
B-vigilance-d3-v2,vigilance,tension,tension,false,1,m,random
B-vigilance-d3-v3,vigilance,fear,fear,false,1,m,random
B-vigilance-d3-v4,vigilance,anxiety,anxiety,false,1,m,random
B-admiration-d1-v1,admiration,frustration,frustration,false,2,m,random
B-admiration-d1-v2,admiration,pride,pride,false,2,m,random
B-admiration-d1-v3,admiration,admiration,admiration,false,2,m,random
B-admiration-d1-v4,admiration,awe,awe,false,2,m,random
B-admiration-d2-v1,admiration,"","",false,2,m,random
B-admiration-d2-v2,admiration,sadness,sadness,false,2,m,random
B-admiration-d2-v3,admiration,"","",false,2,m,random
B-admiration-d2-v4,admiration,contentment,contentment,false,2,m,random
B-admiration-d3-v1,admiration,pride,pride,false,2,m,random
B-admiration-d3-v2,admiration,perseverance,perseverance,false,2,m,random
B-admiration-d3-v3,admiration,determination,determination,false,2,m,random
B-admiration-d3-v4,admiration,"","",false,2,m,random
B-amazement-d1-v1,amazement,awe,awe,false,2,m,random
B-amazement-d1-v2,amazement,awe,awe,false,2,m,random
B-amazement-d1-v3,amazement,awe,awe,false,2,m,random
B-amazement-d1-v4,amazement,fear,fear,false,2,m,random
B-amazement-d2-v1,amazement,relief,relief,false,2,m,random
B-amazement-d2-v2,amazement,awe,awe,false,2,m,random
B-amazement-d2-v3,amazement,relief,relief,false,2,m,random
B-amazement-d2-v4,amazement,relief,relief,false,2,m,random
B-amazement-d3-v1,amazement,pride,pride,false,2,m,random
B-amazement-d3-v2,amazement,awe,awe,false,2,m,random
B-amazement-d3-v3,amazement,relief,relief,false,2,m,random
B-amazement-d3-v4,amazement,"","",false,2,m,random
B-ecstasy-d1-v1,ecstasy,overwhelming,overwhelming,false,2,m,random
B-ecstasy-d1-v2,ecstasy,despair,despair,false,2,m,random
B-ecstasy-d1-v3,ecstasy,relief,relief,false,2,m,random
B-ecstasy-d1-v4,ecstasy,pride,pride,false,2,m,random
B-ecstasy-d2-v1,ecstasy,anticipation,anticipation,false,2,m,random
B-ecstasy-d2-v2,ecstasy,relief,relief,false,2,m,random
B-ecstasy-d2-v3,ecstasy,complex,complex,false,2,m,random
B-ecstasy-d2-v4,ecstasy,loneliness,loneliness,false,2,m,random
B-ecstasy-d3-v1,ecstasy,el,el,false,2,m,random
B-ecstasy-d3-v2,ecstasy,awe,awe,false,2,m,random
B-ecstasy-d3-v3,ecstasy,excitement,excitement,false,2,m,random
B-ecstasy-d3-v4,ecstasy,excitement,excitement,false,2,m,random
B-grief-d1-v1,grief,grief,grief,false,2,m,random
B-grief-d1-v2,grief,loneliness,loneliness,false,2,m,random
B-grief-d1-v3,grief,worry,worry,false,2,m,random
B-grief-d1-v4,grief,grief,grief,false,2,m,random
B-grief-d2-v1,grief,grief,grief,false,2,m,random
B-grief-d2-v2,grief,sadness,sadness,false,2,m,random
B-grief-d2-v3,grief,sadness,sadness,false,2,m,random
B-grief-d2-v4,grief,sadness,sadness,false,2,m,random
B-grief-d3-v1,grief,anxiety,anxiety,false,2,m,random
B-grief-d3-v2,grief,grief,grief,false,2,m,random
B-grief-d3-v3,grief,sadness,sadness,false,2,m,random
B-grief-d3-v4,grief,grief,grief,false,2,m,random
B-loathing-d1-v1,loathing,anger,anger,false,2,m,random
B-loathing-d1-v2,loathing,anger,anger,false,2,m,random
B-loathing-d1-v3,loathing,anger,anger,false,2,m,random
B-loathing-d1-v4,loathing,anger,anger,false,2,m,random
B-loathing-d2-v1,loathing,disgust,disgust,false,2,m,random
B-loathing-d2-v2,loathing,disgust,disgust,false,2,m,random
B-loathing-d2-v3,loathing,fear,fear,false,2,m,random
B-loathing-d2-v4,loathing,disgust,disgust,false,2,m,random
B-loathing-d3-v1,loathing,betrayal,betrayal,false,2,m,random
B-loathing-d3-v2,loathing,anger,anger,false,2,m,random
B-loathing-d3-v3,loathing,anger,anger,false,2,m,random
B-loathing-d3-v4,loathing,anger,anger,false,2,m,random
B-rage-d1-v1,rage,anger,anger,false,2,m,random
B-rage-d1-v2,rage,anger,anger,false,2,m,random
B-rage-d1-v3,rage,anger,anger,false,2,m,random
B-rage-d1-v4,rage,anger,anger,false,2,m,random
B-rage-d2-v1,rage,anger,anger,false,2,m,random
B-rage-d2-v2,rage,anger,anger,false,2,m,random
B-rage-d2-v3,rage,anger,anger,false,2,m,random
B-rage-d2-v4,rage,fear,fear,false,2,m,random
B-rage-d3-v1,rage,betrayal,betrayal,false,2,m,random
B-rage-d3-v2,rage,anger,anger,false,2,m,random
B-rage-d3-v3,rage,anger,anger,false,2,m,random
B-rage-d3-v4,rage,fear,fear,false,2,m,random
B-terror-d1-v1,terror,fear,fear,false,2,m,random
B-terror-d1-v2,terror,fear,fear,false,2,m,random
B-terror-d1-v3,terror,fear,fear,false,2,m,random
B-terror-d1-v4,terror,fear,fear,false,2,m,random
B-terror-d2-v1,terror,anxiety,anxiety,false,2,m,random
B-terror-d2-v2,terror,anxiety,anxiety,false,2,m,random
B-terror-d2-v3,terror,fear,fear,false,2,m,random
B-terror-d2-v4,terror,fear,fear,false,2,m,random
B-terror-d3-v1,terror,fear,fear,false,2,m,random
B-terror-d3-v2,terror,fear,fear,false,2,m,random
B-terror-d3-v3,terror,fear,fear,false,2,m,random
B-terror-d3-v4,terror,fear,fear,false,2,m,random
B-vigilance-d1-v1,vigilance,anxiety,anxiety,false,2,m,random
B-vigilance-d1-v2,vigilance,anxiety,anxiety,false,2,m,random
B-vigilance-d1-v3,vigilance,anxiety,anxiety,false,2,m,random
B-vigilance-d1-v4,vigilance,concern,concern,false,2,m,random
B-vigilance-d2-v1,vigilance,anxiety,anxiety,false,2,m,random
B-vigilance-d2-v2,vigilance,anticipation,anticipation,false,2,m,random
B-vigilance-d2-v3,vigilance,anticipation,anticipation,false,2,m,random
B-vigilance-d2-v4,vigilance,tension,tension,false,2,m,random
B-vigilance-d3-v1,vigilance,anticipation,anticipation,false,2,m,random
B-vigilance-d3-v2,vigilance,tension,tension,false,2,m,random
B-vigilance-d3-v3,vigilance,fear,fear,false,2,m,random
B-vigilance-d3-v4,vigilance,anxiety,anxiety,false,2,m,random
B-admiration-d1-v1,admiration,frustration,awe,true,3,m,random
B-admiration-d1-v2,admiration,pride,pride,false,3,m,random
B-admiration-d1-v3,admiration,admiration,admiration,false,3,m,random
B-admiration-d1-v4,admiration,awe,awe,false,3,m,random
B-admiration-d2-v1,admiration,"","",false,3,m,random
B-admiration-d2-v2,admiration,sadness,sadness,false,3,m,random
B-admiration-d2-v3,admiration,"","",false,3,m,random
B-admiration-d2-v4,admiration,contentment,contentment,false,3,m,random
B-admiration-d3-v1,admiration,pride,pride,false,3,m,random
B-admiration-d3-v2,admiration,perseverance,perseverance,false,3,m,random
B-admiration-d3-v3,admiration,determination,determination,false,3,m,random
B-admiration-d3-v4,admiration,"","",false,3,m,random
B-amazement-d1-v1,amazement,awe,awe,false,3,m,random
B-amazement-d1-v2,amazement,awe,awe,false,3,m,random
B-amazement-d1-v3,amazement,awe,awe,false,3,m,random
B-amazement-d1-v4,amazement,fear,fear,false,3,m,random
B-amazement-d2-v1,amazement,relief,relief,false,3,m,random
B-amazement-d2-v2,amazement,awe,awe,false,3,m,random
B-amazement-d2-v3,amazement,relief,relief,false,3,m,random
B-amazement-d2-v4,amazement,relief,relief,false,3,m,random
B-amazement-d3-v1,amazement,pride,pride,false,3,m,random
B-amazement-d3-v2,amazement,awe,excitement,true,3,m,random
B-amazement-d3-v3,amazement,relief,relief,false,3,m,random
B-amazement-d3-v4,amazement,"","",false,3,m,random
B-ecstasy-d1-v1,ecstasy,overwhelming,overwhelming,false,3,m,random
B-ecstasy-d1-v2,ecstasy,despair,despair,false,3,m,random
B-ecstasy-d1-v3,ecstasy,relief,relief,false,3,m,random
B-ecstasy-d1-v4,ecstasy,pride,pride,false,3,m,random
B-ecstasy-d2-v1,ecstasy,anticipation,anticipation,false,3,m,random
B-ecstasy-d2-v2,ecstasy,relief,relief,false,3,m,random
B-ecstasy-d2-v3,ecstasy,complex,complex,false,3,m,random
B-ecstasy-d2-v4,ecstasy,loneliness,loneliness,false,3,m,random
B-ecstasy-d3-v1,ecstasy,el,el,false,3,m,random
B-ecstasy-d3-v2,ecstasy,awe,awe,false,3,m,random
B-ecstasy-d3-v3,ecstasy,excitement,excitement,false,3,m,random
B-ecstasy-d3-v4,ecstasy,excitement,excitement,false,3,m,random
B-grief-d1-v1,grief,grief,grief,false,3,m,random
B-grief-d1-v2,grief,loneliness,loneliness,false,3,m,random
B-grief-d1-v3,grief,worry,worry,false,3,m,random
B-grief-d1-v4,grief,grief,grief,false,3,m,random
B-grief-d2-v1,grief,grief,grief,false,3,m,random
B-grief-d2-v2,grief,sadness,sadness,false,3,m,random
B-grief-d2-v3,grief,sadness,sadness,false,3,m,random
B-grief-d2-v4,grief,sadness,sadness,false,3,m,random
B-grief-d3-v1,grief,anxiety,anxiety,false,3,m,random
B-grief-d3-v2,grief,grief,grief,false,3,m,random
B-grief-d3-v3,grief,sadness,sadness,false,3,m,random
B-grief-d3-v4,grief,grief,grief,false,3,m,random
B-loathing-d1-v1,loathing,anger,anger,false,3,m,random
B-loathing-d1-v2,loathing,anger,anger,false,3,m,random
B-loathing-d1-v3,loathing,anger,anger,false,3,m,random
B-loathing-d1-v4,loathing,anger,anger,false,3,m,random
B-loathing-d2-v1,loathing,disgust,disgust,false,3,m,random
B-loathing-d2-v2,loathing,disgust,disgust,false,3,m,random
B-loathing-d2-v3,loathing,fear,fear,false,3,m,random
B-loathing-d2-v4,loathing,disgust,disgust,false,3,m,random
B-loathing-d3-v1,loathing,betrayal,betrayal,false,3,m,random
B-loathing-d3-v2,loathing,anger,anger,false,3,m,random
B-loathing-d3-v3,loathing,anger,anger,false,3,m,random
B-loathing-d3-v4,loathing,anger,anger,false,3,m,random
B-rage-d1-v1,rage,anger,anger,false,3,m,random
B-rage-d1-v2,rage,anger,anger,false,3,m,random
B-rage-d1-v3,rage,anger,anger,false,3,m,random
B-rage-d1-v4,rage,anger,anger,false,3,m,random
B-rage-d2-v1,rage,anger,anger,false,3,m,random
B-rage-d2-v2,rage,anger,anger,false,3,m,random
B-rage-d2-v3,rage,anger,anger,false,3,m,random
B-rage-d2-v4,rage,fear,fear,false,3,m,random
B-rage-d3-v1,rage,betrayal,betrayal,false,3,m,random
B-rage-d3-v2,rage,anger,anger,false,3,m,random
B-rage-d3-v3,rage,anger,anger,false,3,m,random
B-rage-d3-v4,rage,fear,fear,false,3,m,random
B-terror-d1-v1,terror,fear,fear,false,3,m,random
B-terror-d1-v2,terror,fear,fear,false,3,m,random
B-terror-d1-v3,terror,fear,fear,false,3,m,random
B-terror-d1-v4,terror,fear,fear,false,3,m,random
B-terror-d2-v1,terror,anxiety,anxiety,false,3,m,random
B-terror-d2-v2,terror,anxiety,anxiety,false,3,m,random
B-terror-d2-v3,terror,fear,fear,false,3,m,random
B-terror-d2-v4,terror,fear,fear,false,3,m,random
B-terror-d3-v1,terror,fear,fear,false,3,m,random
B-terror-d3-v2,terror,fear,fear,false,3,m,random
B-terror-d3-v3,terror,fear,fear,false,3,m,random
B-terror-d3-v4,terror,fear,fear,false,3,m,random
B-vigilance-d1-v1,vigilance,anxiety,anxiety,false,3,m,random
B-vigilance-d1-v2,vigilance,anxiety,anxiety,false,3,m,random
B-vigilance-d1-v3,vigilance,anxiety,anxiety,false,3,m,random
B-vigilance-d1-v4,vigilance,concern,concern,false,3,m,random
B-vigilance-d2-v1,vigilance,anxiety,anxiety,false,3,m,random
B-vigilance-d2-v2,vigilance,anticipation,anticipation,false,3,m,random
B-vigilance-d2-v3,vigilance,anticipation,anticipation,false,3,m,random
B-vigilance-d2-v4,vigilance,tension,tension,false,3,m,random
B-vigilance-d3-v1,vigilance,anticipation,anticipation,false,3,m,random
B-vigilance-d3-v2,vigilance,tension,tension,false,3,m,random
B-vigilance-d3-v3,vigilance,fear,fear,false,3,m,random
B-vigilance-d3-v4,vigilance,anxiety,anxiety,false,3,m,random
B-admiration-d1-v1,admiration,frustration,frustration,false,4,m,random
B-admiration-d1-v2,admiration,pride,pride,false,4,m,random
B-admiration-d1-v3,admiration,admiration,admiration,false,4,m,random
B-admiration-d1-v4,admiration,awe,awe,false,4,m,random
B-admiration-d2-v1,admiration,"",moral,true,4,m,random
B-admiration-d2-v2,admiration,sadness,sadness,false,4,m,random
B-admiration-d2-v3,admiration,"","",false,4,m,random
B-admiration-d2-v4,admiration,contentment,contentment,false,4,m,random
B-admiration-d3-v1,admiration,pride,pride,false,4,m,random
B-admiration-d3-v2,admiration,perseverance,perseverance,false,4,m,random
B-admiration-d3-v3,admiration,determination,determination,false,4,m,random
B-admiration-d3-v4,admiration,"","",false,4,m,random
B-amazement-d1-v1,amazement,awe,awe,false,4,m,random
B-amazement-d1-v2,amazement,awe,awe,false,4,m,random
B-amazement-d1-v3,amazement,awe,awe,false,4,m,random
B-amazement-d1-v4,amazement,fear,fear,false,4,m,random
B-amazement-d2-v1,amazement,relief,relief,false,4,m,random
B-amazement-d2-v2,amazement,awe,awe,false,4,m,random
B-amazement-d2-v3,amazement,relief,relief,false,4,m,random
B-amazement-d2-v4,amazement,relief,relief,false,4,m,random
B-amazement-d3-v1,amazement,pride,pride,false,4,m,random
B-amazement-d3-v2,amazement,awe,awe,false,4,m,random
B-amazement-d3-v3,amazement,relief,relief,false,4,m,random
B-amazement-d3-v4,amazement,"","",false,4,m,random
B-ecstasy-d1-v1,ecstasy,overwhelming,overwhelming,false,4,m,random
B-ecstasy-d1-v2,ecstasy,despair,relief,true,4,m,random
B-ecstasy-d1-v3,ecstasy,relief,relief,false,4,m,random
B-ecstasy-d1-v4,ecstasy,pride,pride,false,4,m,random
B-ecstasy-d2-v1,ecstasy,anticipation,anticipation,false,4,m,random
B-ecstasy-d2-v2,ecstasy,relief,relief,false,4,m,random
B-ecstasy-d2-v3,ecstasy,complex,complex,false,4,m,random
B-ecstasy-d2-v4,ecstasy,loneliness,loneliness,false,4,m,random
B-ecstasy-d3-v1,ecstasy,el,el,false,4,m,random
B-ecstasy-d3-v2,ecstasy,awe,awe,false,4,m,random
B-ecstasy-d3-v3,ecstasy,excitement,excitement,false,4,m,random
B-ecstasy-d3-v4,ecstasy,excitement,excitement,false,4,m,random
B-grief-d1-v1,grief,grief,grief,false,4,m,random
B-grief-d1-v2,grief,loneliness,loneliness,false,4,m,random
B-grief-d1-v3,grief,worry,worry,false,4,m,random
B-grief-d1-v4,grief,grief,grief,false,4,m,random
B-grief-d2-v1,grief,grief,grief,false,4,m,random
B-grief-d2-v2,grief,sadness,sadness,false,4,m,random
B-grief-d2-v3,grief,sadness,sadness,false,4,m,random
B-grief-d2-v4,grief,sadness,sadness,false,4,m,random
B-grief-d3-v1,grief,anxiety,anxiety,false,4,m,random
B-grief-d3-v2,grief,grief,grief,false,4,m,random
B-grief-d3-v3,grief,sadness,sadness,false,4,m,random
B-grief-d3-v4,grief,grief,grief,false,4,m,random
B-loathing-d1-v1,loathing,anger,anger,false,4,m,random
B-loathing-d1-v2,loathing,anger,anger,false,4,m,random
B-loathing-d1-v3,loathing,anger,anger,false,4,m,random
B-loathing-d1-v4,loathing,anger,anger,false,4,m,random
B-loathing-d2-v1,loathing,disgust,disgust,false,4,m,random
B-loathing-d2-v2,loathing,disgust,disgust,false,4,m,random
B-loathing-d2-v3,loathing,fear,fear,false,4,m,random
B-loathing-d2-v4,loathing,disgust,disgust,false,4,m,random
B-loathing-d3-v1,loathing,betrayal,betrayal,false,4,m,random
B-loathing-d3-v2,loathing,anger,anger,false,4,m,random
B-loathing-d3-v3,loathing,anger,anger,false,4,m,random
B-loathing-d3-v4,loathing,anger,anger,false,4,m,random
B-rage-d1-v1,rage,anger,anger,false,4,m,random
B-rage-d1-v2,rage,anger,anger,false,4,m,random
B-rage-d1-v3,rage,anger,anger,false,4,m,random
B-rage-d1-v4,rage,anger,anger,false,4,m,random
B-rage-d2-v1,rage,anger,anger,false,4,m,random
B-rage-d2-v2,rage,anger,anger,false,4,m,random
B-rage-d2-v3,rage,anger,anger,false,4,m,random
B-rage-d2-v4,rage,fear,fear,false,4,m,random
B-rage-d3-v1,rage,betrayal,betrayal,false,4,m,random
B-rage-d3-v2,rage,anger,anger,false,4,m,random
B-rage-d3-v3,rage,anger,anger,false,4,m,random
B-rage-d3-v4,rage,fear,fear,false,4,m,random
B-terror-d1-v1,terror,fear,fear,false,4,m,random
B-terror-d1-v2,terror,fear,fear,false,4,m,random
B-terror-d1-v3,terror,fear,fear,false,4,m,random
B-terror-d1-v4,terror,fear,fear,false,4,m,random
B-terror-d2-v1,terror,anxiety,anxiety,false,4,m,random
B-terror-d2-v2,terror,anxiety,anxiety,false,4,m,random
B-terror-d2-v3,terror,fear,fear,false,4,m,random
B-terror-d2-v4,terror,fear,fear,false,4,m,random
B-terror-d3-v1,terror,fear,fear,false,4,m,random
B-terror-d3-v2,terror,fear,fear,false,4,m,random
B-terror-d3-v3,terror,fear,fear,false,4,m,random
B-terror-d3-v4,terror,fear,fear,false,4,m,random
B-vigilance-d1-v1,vigilance,anxiety,anxiety,false,4,m,random
B-vigilance-d1-v2,vigilance,anxiety,anxiety,false,4,m,random
B-vigilance-d1-v3,vigilance,anxiety,anxiety,false,4,m,random
B-vigilance-d1-v4,vigilance,concern,concern,false,4,m,random
B-vigilance-d2-v1,vigilance,anxiety,anxiety,false,4,m,random
B-vigilance-d2-v2,vigilance,anticipation,anticipation,false,4,m,random
B-vigilance-d2-v3,vigilance,anticipation,anticipation,false,4,m,random
B-vigilance-d2-v4,vigilance,tension,tension,false,4,m,random
B-vigilance-d3-v1,vigilance,anticipation,anticipation,false,4,m,random
B-vigilance-d3-v2,vigilance,tension,tension,false,4,m,random
B-vigilance-d3-v3,vigilance,fear,fear,false,4,m,random
B-vigilance-d3-v4,vigilance,anxiety,anxiety,false,4,m,random
B-admiration-d1-v1,admiration,frustration,awe,true,5,m,random
B-admiration-d1-v2,admiration,pride,pride,false,5,m,random
B-admiration-d1-v3,admiration,admiration,admiration,false,5,m,random
B-admiration-d1-v4,admiration,awe,awe,false,5,m,random
B-admiration-d2-v1,admiration,"","",false,5,m,random
B-admiration-d2-v2,admiration,sadness,sadness,false,5,m,random
B-admiration-d2-v3,admiration,"","",false,5,m,random
B-admiration-d2-v4,admiration,contentment,contentment,false,5,m,random
B-admiration-d3-v1,admiration,pride,pride,false,5,m,random
B-admiration-d3-v2,admiration,perseverance,perseverance,false,5,m,random
B-admiration-d3-v3,admiration,determination,determination,false,5,m,random
B-admiration-d3-v4,admiration,"",admiration,true,5,m,random
B-amazement-d1-v1,amazement,awe,awe,false,5,m,random
B-amazement-d1-v2,amazement,awe,awe,false,5,m,random
B-amazement-d1-v3,amazement,awe,awe,false,5,m,random
B-amazement-d1-v4,amazement,fear,fear,false,5,m,random
B-amazement-d2-v1,amazement,relief,relief,false,5,m,random
B-amazement-d2-v2,amazement,awe,awe,false,5,m,random
B-amazement-d2-v3,amazement,relief,relief,false,5,m,random
B-amazement-d2-v4,amazement,relief,relief,false,5,m,random
B-amazement-d3-v1,amazement,pride,pride,false,5,m,random
B-amazement-d3-v2,amazement,awe,excitement,true,5,m,random
B-amazement-d3-v3,amazement,relief,relief,false,5,m,random
B-amazement-d3-v4,amazement,"","",false,5,m,random
B-ecstasy-d1-v1,ecstasy,overwhelming,overwhelming,false,5,m,random
B-ecstasy-d1-v2,ecstasy,despair,despair,false,5,m,random
B-ecstasy-d1-v3,ecstasy,relief,relief,false,5,m,random
B-ecstasy-d1-v4,ecstasy,pride,pride,false,5,m,random
B-ecstasy-d2-v1,ecstasy,anticipation,joy,true,5,m,random
B-ecstasy-d2-v2,ecstasy,relief,relief,false,5,m,random
B-ecstasy-d2-v3,ecstasy,complex,complex,false,5,m,random
B-ecstasy-d2-v4,ecstasy,loneliness,loneliness,false,5,m,random
B-ecstasy-d3-v1,ecstasy,el,el,false,5,m,random
B-ecstasy-d3-v2,ecstasy,awe,awe,false,5,m,random
B-ecstasy-d3-v3,ecstasy,excitement,excitement,false,5,m,random
B-ecstasy-d3-v4,ecstasy,excitement,excitement,false,5,m,random
B-grief-d1-v1,grief,grief,grief,false,5,m,random
B-grief-d1-v2,grief,loneliness,loneliness,false,5,m,random
B-grief-d1-v3,grief,worry,worry,false,5,m,random
B-grief-d1-v4,grief,grief,grief,false,5,m,random
B-grief-d2-v1,grief,grief,grief,false,5,m,random
B-grief-d2-v2,grief,sadness,sadness,false,5,m,random
B-grief-d2-v3,grief,sadness,sadness,false,5,m,random
B-grief-d2-v4,grief,sadness,sadness,false,5,m,random
B-grief-d3-v1,grief,anxiety,anxiety,false,5,m,random
B-grief-d3-v2,grief,grief,grief,false,5,m,random
B-grief-d3-v3,grief,sadness,sadness,false,5,m,random
B-grief-d3-v4,grief,grief,grief,false,5,m,random
B-loathing-d1-v1,loathing,anger,anger,false,5,m,random
B-loathing-d1-v2,loathing,anger,anger,false,5,m,random
B-loathing-d1-v3,loathing,anger,anger,false,5,m,random
B-loathing-d1-v4,loathing,anger,anger,false,5,m,random
B-loathing-d2-v1,loathing,disgust,disgust,false,5,m,random
B-loathing-d2-v2,loathing,disgust,disgust,false,5,m,random
B-loathing-d2-v3,loathing,fear,fear,false,5,m,random
B-loathing-d2-v4,loathing,disgust,disgust,false,5,m,random
B-loathing-d3-v1,loathing,betrayal,betrayal,false,5,m,random
B-loathing-d3-v2,loathing,anger,anger,false,5,m,random
B-loathing-d3-v3,loathing,anger,anger,false,5,m,random
B-loathing-d3-v4,loathing,anger,anger,false,5,m,random
B-rage-d1-v1,rage,anger,anger,false,5,m,random
B-rage-d1-v2,rage,anger,anger,false,5,m,random
B-rage-d1-v3,rage,anger,anger,false,5,m,random
B-rage-d1-v4,rage,anger,anger,false,5,m,random
B-rage-d2-v1,rage,anger,anger,false,5,m,random
B-rage-d2-v2,rage,anger,anger,false,5,m,random
B-rage-d2-v3,rage,anger,anger,false,5,m,random
B-rage-d2-v4,rage,fear,fear,false,5,m,random
B-rage-d3-v1,rage,betrayal,betrayal,false,5,m,random
B-rage-d3-v2,rage,anger,anger,false,5,m,random
B-rage-d3-v3,rage,anger,anger,false,5,m,random
B-rage-d3-v4,rage,fear,fear,false,5,m,random
B-terror-d1-v1,terror,fear,fear,false,5,m,random
B-terror-d1-v2,terror,fear,fear,false,5,m,random
B-terror-d1-v3,terror,fear,fear,false,5,m,random
B-terror-d1-v4,terror,fear,fear,false,5,m,random
B-terror-d2-v1,terror,anxiety,anxiety,false,5,m,random
B-terror-d2-v2,terror,anxiety,anxiety,false,5,m,random
B-terror-d2-v3,terror,fear,fear,false,5,m,random
B-terror-d2-v4,terror,fear,fear,false,5,m,random
B-terror-d3-v1,terror,fear,fear,false,5,m,random
B-terror-d3-v2,terror,fear,fear,false,5,m,random
B-terror-d3-v3,terror,fear,fear,false,5,m,random
B-terror-d3-v4,terror,fear,fear,false,5,m,random
B-vigilance-d1-v1,vigilance,anxiety,anxiety,false,5,m,random
B-vigilance-d1-v2,vigilance,anxiety,anxiety,false,5,m,random
B-vigilance-d1-v3,vigilance,anxiety,anxiety,false,5,m,random
B-vigilance-d1-v4,vigilance,concern,concern,false,5,m,random
B-vigilance-d2-v1,vigilance,anxiety,anxiety,false,5,m,random
B-vigilance-d2-v2,vigilance,anticipation,anticipation,false,5,m,random
B-vigilance-d2-v3,vigilance,anticipation,anticipation,false,5,m,random
B-vigilance-d2-v4,vigilance,tension,tension,false,5,m,random
B-vigilance-d3-v1,vigilance,anticipation,anticipation,false,5,m,random
B-vigilance-d3-v2,vigilance,tension,tension,false,5,m,random
B-vigilance-d3-v3,vigilance,fear,fear,false,5,m,random
B-vigilance-d3-v4,vigilance,anxiety,anxiety,false,5,m,random
B-admiration-d1-v1,admiration,frustration,awe,true,6,m,random
B-admiration-d1-v2,admiration,pride,pride,false,6,m,random
B-admiration-d1-v3,admiration,admiration,admiration,false,6,m,random
B-admiration-d1-v4,admiration,awe,awe,false,6,m,random
B-admiration-d2-v1,admiration,"","",false,6,m,random
B-admiration-d2-v2,admiration,sadness,sadness,false,6,m,random
B-admiration-d2-v3,admiration,"","",false,6,m,random
B-admiration-d2-v4,admiration,contentment,contentment,false,6,m,random
B-admiration-d3-v1,admiration,pride,pride,false,6,m,random
B-admiration-d3-v2,admiration,perseverance,perseverance,false,6,m,random
B-admiration-d3-v3,admiration,determination,determination,false,6,m,random
B-admiration-d3-v4,admiration,"","",false,6,m,random
B-amazement-d1-v1,amazement,awe,awe,false,6,m,random
B-amazement-d1-v2,amazement,awe,awe,false,6,m,random
B-amazement-d1-v3,amazement,awe,awe,false,6,m,random
B-amazement-d1-v4,amazement,fear,fear,false,6,m,random
B-amazement-d2-v1,amazement,relief,relief,false,6,m,random
B-amazement-d2-v2,amazement,awe,awe,false,6,m,random
B-amazement-d2-v3,amazement,relief,relief,false,6,m,random
B-amazement-d2-v4,amazement,relief,relief,false,6,m,random
B-amazement-d3-v1,amazement,pride,pride,false,6,m,random
B-amazement-d3-v2,amazement,awe,awe,false,6,m,random
B-amazement-d3-v3,amazement,relief,relief,false,6,m,random
B-amazement-d3-v4,amazement,"","",false,6,m,random
B-ecstasy-d1-v1,ecstasy,overwhelming,overwhelming,false,6,m,random
B-ecstasy-d1-v2,ecstasy,despair,despair,false,6,m,random
B-ecstasy-d1-v3,ecstasy,relief,relief,false,6,m,random
B-ecstasy-d1-v4,ecstasy,pride,pride,false,6,m,random
B-ecstasy-d2-v1,ecstasy,anticipation,anticipation,false,6,m,random
B-ecstasy-d2-v2,ecstasy,relief,relief,false,6,m,random
B-ecstasy-d2-v3,ecstasy,complex,complex,false,6,m,random
B-ecstasy-d2-v4,ecstasy,loneliness,loneliness,false,6,m,random
B-ecstasy-d3-v1,ecstasy,el,el,false,6,m,random
B-ecstasy-d3-v2,ecstasy,awe,awe,false,6,m,random
B-ecstasy-d3-v3,ecstasy,excitement,excitement,false,6,m,random
B-ecstasy-d3-v4,ecstasy,excitement,excitement,false,6,m,random
B-grief-d1-v1,grief,grief,grief,false,6,m,random
B-grief-d1-v2,grief,loneliness,loneliness,false,6,m,random
B-grief-d1-v3,grief,worry,worry,false,6,m,random
B-grief-d1-v4,grief,grief,grief,false,6,m,random
B-grief-d2-v1,grief,grief,grief,false,6,m,random
B-grief-d2-v2,grief,sadness,sadness,false,6,m,random
B-grief-d2-v3,grief,sadness,sadness,false,6,m,random
B-grief-d2-v4,grief,sadness,sadness,false,6,m,random
B-grief-d3-v1,grief,anxiety,anxiety,false,6,m,random
B-grief-d3-v2,grief,grief,grief,false,6,m,random
B-grief-d3-v3,grief,sadness,sadness,false,6,m,random
B-grief-d3-v4,grief,grief,grief,false,6,m,random
B-loathing-d1-v1,loathing,anger,anger,false,6,m,random
B-loathing-d1-v2,loathing,anger,anger,false,6,m,random
B-loathing-d1-v3,loathing,anger,anger,false,6,m,random
B-loathing-d1-v4,loathing,anger,anger,false,6,m,random
B-loathing-d2-v1,loathing,disgust,disgust,false,6,m,random
B-loathing-d2-v2,loathing,disgust,disgust,false,6,m,random
B-loathing-d2-v3,loathing,fear,fear,false,6,m,random
B-loathing-d2-v4,loathing,disgust,disgust,false,6,m,random
B-loathing-d3-v1,loathing,betrayal,betrayal,false,6,m,random
B-loathing-d3-v2,loathing,anger,anger,false,6,m,random
B-loathing-d3-v3,loathing,anger,anger,false,6,m,random
B-loathing-d3-v4,loathing,anger,anger,false,6,m,random
B-rage-d1-v1,rage,anger,anger,false,6,m,random
B-rage-d1-v2,rage,anger,anger,false,6,m,random
B-rage-d1-v3,rage,anger,anger,false,6,m,random
B-rage-d1-v4,rage,anger,anger,false,6,m,random
B-rage-d2-v1,rage,anger,anger,false,6,m,random
B-rage-d2-v2,rage,anger,anger,false,6,m,random
B-rage-d2-v3,rage,anger,anger,false,6,m,random
B-rage-d2-v4,rage,fear,fear,false,6,m,random
B-rage-d3-v1,rage,betrayal,betrayal,false,6,m,random
B-rage-d3-v2,rage,anger,anger,false,6,m,random
B-rage-d3-v3,rage,anger,anger,false,6,m,random
B-rage-d3-v4,rage,fear,fear,false,6,m,random
B-terror-d1-v1,terror,fear,fear,false,6,m,random
B-terror-d1-v2,terror,fear,fear,false,6,m,random
B-terror-d1-v3,terror,fear,fear,false,6,m,random
B-terror-d1-v4,terror,fear,fear,false,6,m,random
B-terror-d2-v1,terror,anxiety,anxiety,false,6,m,random
B-terror-d2-v2,terror,anxiety,anxiety,false,6,m,random
B-terror-d2-v3,terror,fear,fear,false,6,m,random
B-terror-d2-v4,terror,fear,fear,false,6,m,random
B-terror-d3-v1,terror,fear,fear,false,6,m,random
B-terror-d3-v2,terror,fear,fear,false,6,m,random
B-terror-d3-v3,terror,fear,fear,false,6,m,random
B-terror-d3-v4,terror,fear,fear,false,6,m,random
B-vigilance-d1-v1,vigilance,anxiety,anxiety,false,6,m,random
B-vigilance-d1-v2,vigilance,anxiety,anxiety,false,6,m,random
B-vigilance-d1-v3,vigilance,anxiety,anxiety,false,6,m,random
B-vigilance-d1-v4,vigilance,concern,concern,false,6,m,random
B-vigilance-d2-v1,vigilance,anxiety,anxiety,false,6,m,random
B-vigilance-d2-v2,vigilance,anticipation,anticipation,false,6,m,random
B-vigilance-d2-v3,vigilance,anticipation,anticipation,false,6,m,random
B-vigilance-d2-v4,vigilance,tension,tension,false,6,m,random
B-vigilance-d3-v1,vigilance,anticipation,anticipation,false,6,m,random
B-vigilance-d3-v2,vigilance,tension,tension,false,6,m,random
B-vigilance-d3-v3,vigilance,fear,fear,false,6,m,random
B-vigilance-d3-v4,vigilance,anxiety,anxiety,false,6,m,random
B-admiration-d1-v1,admiration,frustration,frustration,false,7,m,random
B-admiration-d1-v2,admiration,pride,pride,false,7,m,random
B-admiration-d1-v3,admiration,admiration,admiration,false,7,m,random
B-admiration-d1-v4,admiration,awe,awe,false,7,m,random
B-admiration-d2-v1,admiration,"","",false,7,m,random
B-admiration-d2-v2,admiration,sadness,sadness,false,7,m,random
B-admiration-d2-v3,admiration,"",guilt,true,7,m,random
B-admiration-d2-v4,admiration,contentment,contentment,false,7,m,random
B-admiration-d3-v1,admiration,pride,pride,false,7,m,random
B-admiration-d3-v2,admiration,perseverance,perseverance,false,7,m,random
B-admiration-d3-v3,admiration,determination,determination,false,7,m,random
B-admiration-d3-v4,admiration,"",admiration,true,7,m,random
B-amazement-d1-v1,amazement,awe,awe,false,7,m,random
B-amazement-d1-v2,amazement,awe,awe,false,7,m,random
B-amazement-d1-v3,amazement,awe,awe,false,7,m,random
B-amazement-d1-v4,amazement,fear,fear,false,7,m,random
B-amazement-d2-v1,amazement,relief,relief,false,7,m,random
B-amazement-d2-v2,amazement,awe,awe,false,7,m,random
B-amazement-d2-v3,amazement,relief,relief,false,7,m,random
B-amazement-d2-v4,amazement,relief,relief,false,7,m,random
B-amazement-d3-v1,amazement,pride,pride,false,7,m,random
B-amazement-d3-v2,amazement,awe,awe,false,7,m,random
B-amazement-d3-v3,amazement,relief,relief,false,7,m,random
B-amazement-d3-v4,amazement,"","",false,7,m,random
B-ecstasy-d1-v1,ecstasy,overwhelming,overwhelming,false,7,m,random
B-ecstasy-d1-v2,ecstasy,despair,despair,false,7,m,random
B-ecstasy-d1-v3,ecstasy,relief,relief,false,7,m,random
B-ecstasy-d1-v4,ecstasy,pride,pride,false,7,m,random
B-ecstasy-d2-v1,ecstasy,anticipation,anticipation,false,7,m,random
B-ecstasy-d2-v2,ecstasy,relief,relief,false,7,m,random
B-ecstasy-d2-v3,ecstasy,complex,complex,false,7,m,random
B-ecstasy-d2-v4,ecstasy,loneliness,loneliness,false,7,m,random
B-ecstasy-d3-v1,ecstasy,el,el,false,7,m,random
B-ecstasy-d3-v2,ecstasy,awe,awe,false,7,m,random
B-ecstasy-d3-v3,ecstasy,excitement,excitement,false,7,m,random
B-ecstasy-d3-v4,ecstasy,excitement,excitement,false,7,m,random
B-grief-d1-v1,grief,grief,grief,false,7,m,random
B-grief-d1-v2,grief,loneliness,loneliness,false,7,m,random
B-grief-d1-v3,grief,worry,worry,false,7,m,random
B-grief-d1-v4,grief,grief,grief,false,7,m,random
B-grief-d2-v1,grief,grief,grief,false,7,m,random
B-grief-d2-v2,grief,sadness,sadness,false,7,m,random
B-grief-d2-v3,grief,sadness,sadness,false,7,m,random
B-grief-d2-v4,grief,sadness,sadness,false,7,m,random
B-grief-d3-v1,grief,anxiety,anxiety,false,7,m,random
B-grief-d3-v2,grief,grief,grief,false,7,m,random
B-grief-d3-v3,grief,sadness,sadness,false,7,m,random
B-grief-d3-v4,grief,grief,grief,false,7,m,random
B-loathing-d1-v1,loathing,anger,anger,false,7,m,random
B-loathing-d1-v2,loathing,anger,anger,false,7,m,random
B-loathing-d1-v3,loathing,anger,anger,false,7,m,random
B-loathing-d1-v4,loathing,anger,anger,false,7,m,random
B-loathing-d2-v1,loathing,disgust,disgust,false,7,m,random
B-loathing-d2-v2,loathing,disgust,disgust,false,7,m,random
B-loathing-d2-v3,loathing,fear,fear,false,7,m,random
B-loathing-d2-v4,loathing,disgust,disgust,false,7,m,random
B-loathing-d3-v1,loathing,betrayal,betrayal,false,7,m,random
B-loathing-d3-v2,loathing,anger,anger,false,7,m,random
B-loathing-d3-v3,loathing,anger,anger,false,7,m,random
B-loathing-d3-v4,loathing,anger,anger,false,7,m,random
B-rage-d1-v1,rage,anger,anger,false,7,m,random
B-rage-d1-v2,rage,anger,anger,false,7,m,random
B-rage-d1-v3,rage,anger,anger,false,7,m,random
B-rage-d1-v4,rage,anger,anger,false,7,m,random
B-rage-d2-v1,rage,anger,anger,false,7,m,random
B-rage-d2-v2,rage,anger,anger,false,7,m,random
B-rage-d2-v3,rage,anger,anger,false,7,m,random
B-rage-d2-v4,rage,fear,fear,false,7,m,random
B-rage-d3-v1,rage,betrayal,betrayal,false,7,m,random
B-rage-d3-v2,rage,anger,anger,false,7,m,random
B-rage-d3-v3,rage,anger,anger,false,7,m,random
B-rage-d3-v4,rage,fear,fear,false,7,m,random
B-terror-d1-v1,terror,fear,fear,false,7,m,random
B-terror-d1-v2,terror,fear,fear,false,7,m,random
B-terror-d1-v3,terror,fear,fear,false,7,m,random
B-terror-d1-v4,terror,fear,fear,false,7,m,random
B-terror-d2-v1,terror,anxiety,anxiety,false,7,m,random
B-terror-d2-v2,terror,anxiety,anxiety,false,7,m,random
B-terror-d2-v3,terror,fear,fear,false,7,m,random
B-terror-d2-v4,terror,fear,fear,false,7,m,random
B-terror-d3-v1,terror,fear,fear,false,7,m,random
B-terror-d3-v2,terror,fear,fear,false,7,m,random
B-terror-d3-v3,terror,fear,fear,false,7,m,random
B-terror-d3-v4,terror,fear,fear,false,7,m,random
B-vigilance-d1-v1,vigilance,anxiety,anxiety,false,7,m,random
B-vigilance-d1-v2,vigilance,anxiety,anxiety,false,7,m,random
B-vigilance-d1-v3,vigilance,anxiety,anxiety,false,7,m,random
B-vigilance-d1-v4,vigilance,concern,concern,false,7,m,random
B-vigilance-d2-v1,vigilance,anxiety,anxiety,false,7,m,random
B-vigilance-d2-v2,vigilance,anticipation,anticipation,false,7,m,random
B-vigilance-d2-v3,vigilance,anticipation,anticipation,false,7,m,random
B-vigilance-d2-v4,vigilance,tension,tension,false,7,m,random
B-vigilance-d3-v1,vigilance,anticipation,anticipation,false,7,m,random
B-vigilance-d3-v2,vigilance,tension,tension,false,7,m,random
B-vigilance-d3-v3,vigilance,fear,fear,false,7,m,random
B-vigilance-d3-v4,vigilance,anxiety,anxiety,false,7,m,random
B-admiration-d1-v1,admiration,frustration,awe,true,8,m,random
B-admiration-d1-v2,admiration,pride,pride,false,8,m,random
B-admiration-d1-v3,admiration,admiration,admiration,false,8,m,random
B-admiration-d1-v4,admiration,awe,awe,false,8,m,random
B-admiration-d2-v1,admiration,"",moral,true,8,m,random
B-admiration-d2-v2,admiration,sadness,sadness,false,8,m,random
B-admiration-d2-v3,admiration,"","",false,8,m,random
B-admiration-d2-v4,admiration,contentment,contentment,false,8,m,random
B-admiration-d3-v1,admiration,pride,pride,false,8,m,random
B-admiration-d3-v2,admiration,perseverance,perseverance,false,8,m,random
B-admiration-d3-v3,admiration,determination,determination,false,8,m,random
B-admiration-d3-v4,admiration,"","",false,8,m,random
B-amazement-d1-v1,amazement,awe,awe,false,8,m,random
B-amazement-d1-v2,amazement,awe,awe,false,8,m,random
B-amazement-d1-v3,amazement,awe,awe,false,8,m,random
B-amazement-d1-v4,amazement,fear,fear,false,8,m,random
B-amazement-d2-v1,amazement,relief,relief,false,8,m,random
B-amazement-d2-v2,amazement,awe,awe,false,8,m,random
B-amazement-d2-v3,amazement,relief,relief,false,8,m,random
B-amazement-d2-v4,amazement,relief,relief,false,8,m,random
B-amazement-d3-v1,amazement,pride,pride,false,8,m,random
B-amazement-d3-v2,amazement,awe,excitement,true,8,m,random
B-amazement-d3-v3,amazement,relief,relief,false,8,m,random
B-amazement-d3-v4,amazement,"","",false,8,m,random
B-ecstasy-d1-v1,ecstasy,overwhelming,overwhelming,false,8,m,random
B-ecstasy-d1-v2,ecstasy,despair,despair,false,8,m,random
B-ecstasy-d1-v3,ecstasy,relief,relief,false,8,m,random
B-ecstasy-d1-v4,ecstasy,pride,pride,false,8,m,random
B-ecstasy-d2-v1,ecstasy,anticipation,anticipation,false,8,m,random
B-ecstasy-d2-v2,ecstasy,relief,relief,false,8,m,random
B-ecstasy-d2-v3,ecstasy,complex,complex,false,8,m,random
B-ecstasy-d2-v4,ecstasy,loneliness,loneliness,false,8,m,random
B-ecstasy-d3-v1,ecstasy,el,el,false,8,m,random
B-ecstasy-d3-v2,ecstasy,awe,awe,false,8,m,random
B-ecstasy-d3-v3,ecstasy,excitement,excitement,false,8,m,random
B-ecstasy-d3-v4,ecstasy,excitement,excitement,false,8,m,random
B-grief-d1-v1,grief,grief,grief,false,8,m,random
B-grief-d1-v2,grief,loneliness,loneliness,false,8,m,random
B-grief-d1-v3,grief,worry,worry,false,8,m,random
B-grief-d1-v4,grief,grief,grief,false,8,m,random
B-grief-d2-v1,grief,grief,grief,false,8,m,random
B-grief-d2-v2,grief,sadness,sadness,false,8,m,random
B-grief-d2-v3,grief,sadness,sadness,false,8,m,random
B-grief-d2-v4,grief,sadness,sadness,false,8,m,random
B-grief-d3-v1,grief,anxiety,anxiety,false,8,m,random
B-grief-d3-v2,grief,grief,grief,false,8,m,random
B-grief-d3-v3,grief,sadness,sadness,false,8,m,random
B-grief-d3-v4,grief,grief,grief,false,8,m,random
B-loathing-d1-v1,loathing,anger,anger,false,8,m,random
B-loathing-d1-v2,loathing,anger,anger,false,8,m,random
B-loathing-d1-v3,loathing,anger,anger,false,8,m,random
B-loathing-d1-v4,loathing,anger,anger,false,8,m,random
B-loathing-d2-v1,loathing,disgust,disgust,false,8,m,random
B-loathing-d2-v2,loathing,disgust,disgust,false,8,m,random
B-loathing-d2-v3,loathing,fear,fear,false,8,m,random
B-loathing-d2-v4,loathing,disgust,disgust,false,8,m,random
B-loathing-d3-v1,loathing,betrayal,betrayal,false,8,m,random
B-loathing-d3-v2,loathing,anger,anger,false,8,m,random
B-loathing-d3-v3,loathing,anger,anger,false,8,m,random
B-loathing-d3-v4,loathing,anger,anger,false,8,m,random
B-rage-d1-v1,rage,anger,anger,false,8,m,random
B-rage-d1-v2,rage,anger,anger,false,8,m,random
B-rage-d1-v3,rage,anger,anger,false,8,m,random
B-rage-d1-v4,rage,anger,anger,false,8,m,random
B-rage-d2-v1,rage,anger,anger,false,8,m,random
B-rage-d2-v2,rage,anger,anger,false,8,m,random
B-rage-d2-v3,rage,anger,anger,false,8,m,random
B-rage-d2-v4,rage,fear,fear,false,8,m,random
B-rage-d3-v1,rage,betrayal,betrayal,false,8,m,random
B-rage-d3-v2,rage,anger,anger,false,8,m,random
B-rage-d3-v3,rage,anger,anger,false,8,m,random
B-rage-d3-v4,rage,fear,fear,false,8,m,random
B-terror-d1-v1,terror,fear,fear,false,8,m,random
B-terror-d1-v2,terror,fear,fear,false,8,m,random
B-terror-d1-v3,terror,fear,fear,false,8,m,random
B-terror-d1-v4,terror,fear,fear,false,8,m,random
B-terror-d2-v1,terror,anxiety,anxiety,false,8,m,random
B-terror-d2-v2,terror,anxiety,anxiety,false,8,m,random
B-terror-d2-v3,terror,fear,fear,false,8,m,random
B-terror-d2-v4,terror,fear,fear,false,8,m,random
B-terror-d3-v1,terror,fear,fear,false,8,m,random
B-terror-d3-v2,terror,fear,fear,false,8,m,random
B-terror-d3-v3,terror,fear,fear,false,8,m,random
B-terror-d3-v4,terror,fear,fear,false,8,m,random
B-vigilance-d1-v1,vigilance,anxiety,anxiety,false,8,m,random
B-vigilance-d1-v2,vigilance,anxiety,anxiety,false,8,m,random
B-vigilance-d1-v3,vigilance,anxiety,anxiety,false,8,m,random
B-vigilance-d1-v4,vigilance,concern,concern,false,8,m,random
B-vigilance-d2-v1,vigilance,anxiety,anxiety,false,8,m,random
B-vigilance-d2-v2,vigilance,anticipation,anticipation,false,8,m,random
B-vigilance-d2-v3,vigilance,anticipation,anticipation,false,8,m,random
B-vigilance-d2-v4,vigilance,tension,tension,false,8,m,random
B-vigilance-d3-v1,vigilance,anticipation,anticipation,false,8,m,random
B-vigilance-d3-v2,vigilance,tension,tension,false,8,m,random
B-vigilance-d3-v3,vigilance,fear,fear,false,8,m,random
B-vigilance-d3-v4,vigilance,anxiety,anxiety,false,8,m,random
B-admiration-d1-v1,admiration,frustration,frustration,false,9,m,random
B-admiration-d1-v2,admiration,pride,pride,false,9,m,random
B-admiration-d1-v3,admiration,admiration,admiration,false,9,m,random
B-admiration-d1-v4,admiration,awe,awe,false,9,m,random
B-admiration-d2-v1,admiration,"","",false,9,m,random
B-admiration-d2-v2,admiration,sadness,sadness,false,9,m,random
B-admiration-d2-v3,admiration,"","",false,9,m,random
B-admiration-d2-v4,admiration,contentment,contentment,false,9,m,random
B-admiration-d3-v1,admiration,pride,pride,false,9,m,random
B-admiration-d3-v2,admiration,perseverance,perseverance,false,9,m,random
B-admiration-d3-v3,admiration,determination,determination,false,9,m,random
B-admiration-d3-v4,admiration,"","",false,9,m,random
B-amazement-d1-v1,amazement,awe,awe,false,9,m,random
B-amazement-d1-v2,amazement,awe,awe,false,9,m,random
B-amazement-d1-v3,amazement,awe,awe,false,9,m,random
B-amazement-d1-v4,amazement,fear,fear,false,9,m,random
B-amazement-d2-v1,amazement,relief,relief,false,9,m,random
B-amazement-d2-v2,amazement,awe,awe,false,9,m,random
B-amazement-d2-v3,amazement,relief,relief,false,9,m,random
B-amazement-d2-v4,amazement,relief,relief,false,9,m,random
B-amazement-d3-v1,amazement,pride,pride,false,9,m,random
B-amazement-d3-v2,amazement,awe,excitement,true,9,m,random
B-amazement-d3-v3,amazement,relief,relief,false,9,m,random
B-amazement-d3-v4,amazement,"","",false,9,m,random
B-ecstasy-d1-v1,ecstasy,overwhelming,overwhelming,false,9,m,random
B-ecstasy-d1-v2,ecstasy,despair,despair,false,9,m,random
B-ecstasy-d1-v3,ecstasy,relief,relief,false,9,m,random
B-ecstasy-d1-v4,ecstasy,pride,pride,false,9,m,random
B-ecstasy-d2-v1,ecstasy,anticipation,anticipation,false,9,m,random
B-ecstasy-d2-v2,ecstasy,relief,relief,false,9,m,random
B-ecstasy-d2-v3,ecstasy,complex,complex,false,9,m,random
B-ecstasy-d2-v4,ecstasy,loneliness,loneliness,false,9,m,random
B-ecstasy-d3-v1,ecstasy,el,excitement,true,9,m,random
B-ecstasy-d3-v2,ecstasy,awe,awe,false,9,m,random
B-ecstasy-d3-v3,ecstasy,excitement,excitement,false,9,m,random
B-ecstasy-d3-v4,ecstasy,excitement,excitement,false,9,m,random
B-grief-d1-v1,grief,grief,grief,false,9,m,random
B-grief-d1-v2,grief,loneliness,loneliness,false,9,m,random
B-grief-d1-v3,grief,worry,worry,false,9,m,random
B-grief-d1-v4,grief,grief,grief,false,9,m,random
B-grief-d2-v1,grief,grief,grief,false,9,m,random
B-grief-d2-v2,grief,sadness,sadness,false,9,m,random
B-grief-d2-v3,grief,sadness,sadness,false,9,m,random
B-grief-d2-v4,grief,sadness,sadness,false,9,m,random
B-grief-d3-v1,grief,anxiety,anxiety,false,9,m,random
B-grief-d3-v2,grief,grief,grief,false,9,m,random
B-grief-d3-v3,grief,sadness,sadness,false,9,m,random
B-grief-d3-v4,grief,grief,grief,false,9,m,random
B-loathing-d1-v1,loathing,anger,anger,false,9,m,random
B-loathing-d1-v2,loathing,anger,anger,false,9,m,random
B-loathing-d1-v3,loathing,anger,anger,false,9,m,random
B-loathing-d1-v4,loathing,anger,anger,false,9,m,random
B-loathing-d2-v1,loathing,disgust,disgust,false,9,m,random
B-loathing-d2-v2,loathing,disgust,disgust,false,9,m,random
B-loathing-d2-v3,loathing,fear,fear,false,9,m,random
B-loathing-d2-v4,loathing,disgust,disgust,false,9,m,random
B-loathing-d3-v1,loathing,betrayal,betrayal,false,9,m,random
B-loathing-d3-v2,loathing,anger,anger,false,9,m,random
B-loathing-d3-v3,loathing,anger,anger,false,9,m,random
B-loathing-d3-v4,loathing,anger,anger,false,9,m,random
B-rage-d1-v1,rage,anger,anger,false,9,m,random
B-rage-d1-v2,rage,anger,anger,false,9,m,random
B-rage-d1-v3,rage,anger,anger,false,9,m,random
B-rage-d1-v4,rage,anger,anger,false,9,m,random
B-rage-d2-v1,rage,anger,anger,false,9,m,random
B-rage-d2-v2,rage,anger,anger,false,9,m,random
B-rage-d2-v3,rage,anger,anger,false,9,m,random
B-rage-d2-v4,rage,fear,fear,false,9,m,random
B-rage-d3-v1,rage,betrayal,betrayal,false,9,m,random
B-rage-d3-v2,rage,anger,anger,false,9,m,random
B-rage-d3-v3,rage,anger,anger,false,9,m,random
B-rage-d3-v4,rage,fear,fear,false,9,m,random
B-terror-d1-v1,terror,fear,fear,false,9,m,random
B-terror-d1-v2,terror,fear,fear,false,9,m,random
B-terror-d1-v3,terror,fear,fear,false,9,m,random
B-terror-d1-v4,terror,fear,fear,false,9,m,random
B-terror-d2-v1,terror,anxiety,anxiety,false,9,m,random
B-terror-d2-v2,terror,anxiety,anxiety,false,9,m,random
B-terror-d2-v3,terror,fear,fear,false,9,m,random
B-terror-d2-v4,terror,fear,fear,false,9,m,random
B-terror-d3-v1,terror,fear,fear,false,9,m,random
B-terror-d3-v2,terror,fear,fear,false,9,m,random
B-terror-d3-v3,terror,fear,fear,false,9,m,random
B-terror-d3-v4,terror,fear,fear,false,9,m,random
B-vigilance-d1-v1,vigilance,anxiety,anxiety,false,9,m,random
B-vigilance-d1-v2,vigilance,anxiety,anxiety,false,9,m,random
B-vigilance-d1-v3,vigilance,anxiety,anxiety,false,9,m,random
B-vigilance-d1-v4,vigilance,concern,anxiety,true,9,m,random
B-vigilance-d2-v1,vigilance,anxiety,anxiety,false,9,m,random
B-vigilance-d2-v2,vigilance,anticipation,anticipation,false,9,m,random
B-vigilance-d2-v3,vigilance,anticipation,anticipation,false,9,m,random
B-vigilance-d2-v4,vigilance,tension,tension,false,9,m,random
B-vigilance-d3-v1,vigilance,anticipation,anticipation,false,9,m,random
B-vigilance-d3-v2,vigilance,tension,tension,false,9,m,random
B-vigilance-d3-v3,vigilance,fear,fear,false,9,m,random
B-vigilance-d3-v4,vigilance,anxiety,anxiety,false,9,m,random
B-admiration-d1-v1,admiration,frustration,awe,true,10,m,random
B-admiration-d1-v2,admiration,pride,pride,false,10,m,random
B-admiration-d1-v3,admiration,admiration,admiration,false,10,m,random
B-admiration-d1-v4,admiration,awe,awe,false,10,m,random
B-admiration-d2-v1,admiration,"",moral,true,10,m,random
B-admiration-d2-v2,admiration,sadness,sadness,false,10,m,random
B-admiration-d2-v3,admiration,"","",false,10,m,random
B-admiration-d2-v4,admiration,contentment,contentment,false,10,m,random
B-admiration-d3-v1,admiration,pride,pride,false,10,m,random
B-admiration-d3-v2,admiration,perseverance,perseverance,false,10,m,random
B-admiration-d3-v3,admiration,determination,determination,false,10,m,random
B-admiration-d3-v4,admiration,"","",false,10,m,random
B-amazement-d1-v1,amazement,awe,awe,false,10,m,random
B-amazement-d1-v2,amazement,awe,awe,false,10,m,random
B-amazement-d1-v3,amazement,awe,awe,false,10,m,random
B-amazement-d1-v4,amazement,fear,fear,false,10,m,random
B-amazement-d2-v1,amazement,relief,relief,false,10,m,random
B-amazement-d2-v2,amazement,awe,awe,false,10,m,random
B-amazement-d2-v3,amazement,relief,relief,false,10,m,random
B-amazement-d2-v4,amazement,relief,relief,false,10,m,random
B-amazement-d3-v1,amazement,pride,pride,false,10,m,random
B-amazement-d3-v2,amazement,awe,awe,false,10,m,random
B-amazement-d3-v3,amazement,relief,relief,false,10,m,random
B-amazement-d3-v4,amazement,"","",false,10,m,random
B-ecstasy-d1-v1,ecstasy,overwhelming,overwhelming,false,10,m,random
B-ecstasy-d1-v2,ecstasy,despair,despair,false,10,m,random
B-ecstasy-d1-v3,ecstasy,relief,relief,false,10,m,random
B-ecstasy-d1-v4,ecstasy,pride,pride,false,10,m,random
B-ecstasy-d2-v1,ecstasy,anticipation,anticipation,false,10,m,random
B-ecstasy-d2-v2,ecstasy,relief,relief,false,10,m,random
B-ecstasy-d2-v3,ecstasy,complex,A,true,10,m,random
B-ecstasy-d2-v4,ecstasy,loneliness,loneliness,false,10,m,random
B-ecstasy-d3-v1,ecstasy,el,el,false,10,m,random
B-ecstasy-d3-v2,ecstasy,awe,awe,false,10,m,random
B-ecstasy-d3-v3,ecstasy,excitement,excitement,false,10,m,random
B-ecstasy-d3-v4,ecstasy,excitement,excitement,false,10,m,random
B-grief-d1-v1,grief,grief,grief,false,10,m,random
B-grief-d1-v2,grief,loneliness,loneliness,false,10,m,random
B-grief-d1-v3,grief,worry,worry,false,10,m,random
B-grief-d1-v4,grief,grief,grief,false,10,m,random
B-grief-d2-v1,grief,grief,grief,false,10,m,random
B-grief-d2-v2,grief,sadness,sadness,false,10,m,random
B-grief-d2-v3,grief,sadness,sadness,false,10,m,random
B-grief-d2-v4,grief,sadness,sadness,false,10,m,random
B-grief-d3-v1,grief,anxiety,anxiety,false,10,m,random
B-grief-d3-v2,grief,grief,grief,false,10,m,random
B-grief-d3-v3,grief,sadness,sadness,false,10,m,random
B-grief-d3-v4,grief,grief,grief,false,10,m,random
B-loathing-d1-v1,loathing,anger,anger,false,10,m,random
B-loathing-d1-v2,loathing,anger,anger,false,10,m,random
B-loathing-d1-v3,loathing,anger,anger,false,10,m,random
B-loathing-d1-v4,loathing,anger,anger,false,10,m,random
B-loathing-d2-v1,loathing,disgust,disgust,false,10,m,random
B-loathing-d2-v2,loathing,disgust,disgust,false,10,m,random
B-loathing-d2-v3,loathing,fear,fear,false,10,m,random
B-loathing-d2-v4,loathing,disgust,disgust,false,10,m,random
B-loathing-d3-v1,loathing,betrayal,betrayal,false,10,m,random
B-loathing-d3-v2,loathing,anger,anger,false,10,m,random
B-loathing-d3-v3,loathing,anger,anger,false,10,m,random
B-loathing-d3-v4,loathing,anger,anger,false,10,m,random
B-rage-d1-v1,rage,anger,anger,false,10,m,random
B-rage-d1-v2,rage,anger,anger,false,10,m,random
B-rage-d1-v3,rage,anger,anger,false,10,m,random
B-rage-d1-v4,rage,anger,anger,false,10,m,random
B-rage-d2-v1,rage,anger,anger,false,10,m,random
B-rage-d2-v2,rage,anger,anger,false,10,m,random
B-rage-d2-v3,rage,anger,anger,false,10,m,random
B-rage-d2-v4,rage,fear,fear,false,10,m,random
B-rage-d3-v1,rage,betrayal,betrayal,false,10,m,random
B-rage-d3-v2,rage,anger,anger,false,10,m,random
B-rage-d3-v3,rage,anger,anger,false,10,m,random
B-rage-d3-v4,rage,fear,fear,false,10,m,random
B-terror-d1-v1,terror,fear,fear,false,10,m,random
B-terror-d1-v2,terror,fear,fear,false,10,m,random
B-terror-d1-v3,terror,fear,fear,false,10,m,random
B-terror-d1-v4,terror,fear,fear,false,10,m,random
B-terror-d2-v1,terror,anxiety,anxiety,false,10,m,random
B-terror-d2-v2,terror,anxiety,anxiety,false,10,m,random
B-terror-d2-v3,terror,fear,fear,false,10,m,random
B-terror-d2-v4,terror,fear,fear,false,10,m,random
B-terror-d3-v1,terror,fear,fear,false,10,m,random
B-terror-d3-v2,terror,fear,fear,false,10,m,random
B-terror-d3-v3,terror,fear,fear,false,10,m,random
B-terror-d3-v4,terror,fear,fear,false,10,m,random
B-vigilance-d1-v1,vigilance,anxiety,anxiety,false,10,m,random
B-vigilance-d1-v2,vigilance,anxiety,anxiety,false,10,m,random
B-vigilance-d1-v3,vigilance,anxiety,anxiety,false,10,m,random
B-vigilance-d1-v4,vigilance,concern,concern,false,10,m,random
B-vigilance-d2-v1,vigilance,anxiety,anxiety,false,10,m,random
B-vigilance-d2-v2,vigilance,anticipation,anticipation,false,10,m,random
B-vigilance-d2-v3,vigilance,anticipation,anticipation,false,10,m,random
B-vigilance-d2-v4,vigilance,tension,tension,false,10,m,random
B-vigilance-d3-v1,vigilance,anticipation,anticipation,false,10,m,random
B-vigilance-d3-v2,vigilance,tension,tension,false,10,m,random
B-vigilance-d3-v3,vigilance,fear,fear,false,10,m,random
B-vigilance-d3-v4,vigilance,anxiety,anxiety,false,10,m,random
B-admiration-d1-v1,admiration,frustration,awe,true,11,m,random
B-admiration-d1-v2,admiration,pride,pride,false,11,m,random
B-admiration-d1-v3,admiration,admiration,admiration,false,11,m,random
B-admiration-d1-v4,admiration,awe,awe,false,11,m,random
B-admiration-d2-v1,admiration,"",moral,true,11,m,random
B-admiration-d2-v2,admiration,sadness,sadness,false,11,m,random
B-admiration-d2-v3,admiration,"","",false,11,m,random
B-admiration-d2-v4,admiration,contentment,contentment,false,11,m,random
B-admiration-d3-v1,admiration,pride,pride,false,11,m,random
B-admiration-d3-v2,admiration,perseverance,perseverance,false,11,m,random
B-admiration-d3-v3,admiration,determination,determination,false,11,m,random
B-admiration-d3-v4,admiration,"","",false,11,m,random
B-amazement-d1-v1,amazement,awe,awe,false,11,m,random
B-amazement-d1-v2,amazement,awe,awe,false,11,m,random
B-amazement-d1-v3,amazement,awe,awe,false,11,m,random
B-amazement-d1-v4,amazement,fear,fear,false,11,m,random
B-amazement-d2-v1,amazement,relief,relief,false,11,m,random
B-amazement-d2-v2,amazement,awe,awe,false,11,m,random
B-amazement-d2-v3,amazement,relief,relief,false,11,m,random
B-amazement-d2-v4,amazement,relief,relief,false,11,m,random
B-amazement-d3-v1,amazement,pride,pride,false,11,m,random
B-amazement-d3-v2,amazement,awe,excitement,true,11,m,random
B-amazement-d3-v3,amazement,relief,relief,false,11,m,random
B-amazement-d3-v4,amazement,"","",false,11,m,random
B-ecstasy-d1-v1,ecstasy,overwhelming,overwhelming,false,11,m,random
B-ecstasy-d1-v2,ecstasy,despair,despair,false,11,m,random
B-ecstasy-d1-v3,ecstasy,relief,relief,false,11,m,random
B-ecstasy-d1-v4,ecstasy,pride,pride,false,11,m,random
B-ecstasy-d2-v1,ecstasy,anticipation,anticipation,false,11,m,random
B-ecstasy-d2-v2,ecstasy,relief,relief,false,11,m,random
B-ecstasy-d2-v3,ecstasy,complex,complex,false,11,m,random
B-ecstasy-d2-v4,ecstasy,loneliness,loneliness,false,11,m,random
B-ecstasy-d3-v1,ecstasy,el,el,false,11,m,random
B-ecstasy-d3-v2,ecstasy,awe,awe,false,11,m,random
B-ecstasy-d3-v3,ecstasy,excitement,excitement,false,11,m,random
B-ecstasy-d3-v4,ecstasy,excitement,excitement,false,11,m,random
B-grief-d1-v1,grief,grief,grief,false,11,m,random
B-grief-d1-v2,grief,loneliness,loneliness,false,11,m,random
B-grief-d1-v3,grief,worry,worry,false,11,m,random
B-grief-d1-v4,grief,grief,grief,false,11,m,random
B-grief-d2-v1,grief,grief,grief,false,11,m,random
B-grief-d2-v2,grief,sadness,sadness,false,11,m,random
B-grief-d2-v3,grief,sadness,sadness,false,11,m,random
B-grief-d2-v4,grief,sadness,sadness,false,11,m,random
B-grief-d3-v1,grief,anxiety,anxiety,false,11,m,random
B-grief-d3-v2,grief,grief,grief,false,11,m,random
B-grief-d3-v3,grief,sadness,sadness,false,11,m,random
B-grief-d3-v4,grief,grief,grief,false,11,m,random
B-loathing-d1-v1,loathing,anger,anger,false,11,m,random
B-loathing-d1-v2,loathing,anger,anger,false,11,m,random
B-loathing-d1-v3,loathing,anger,anger,false,11,m,random
B-loathing-d1-v4,loathing,anger,anger,false,11,m,random
B-loathing-d2-v1,loathing,disgust,disgust,false,11,m,random
B-loathing-d2-v2,loathing,disgust,disgust,false,11,m,random
B-loathing-d2-v3,loathing,fear,fear,false,11,m,random
B-loathing-d2-v4,loathing,disgust,disgust,false,11,m,random
B-loathing-d3-v1,loathing,betrayal,betrayal,false,11,m,random
B-loathing-d3-v2,loathing,anger,anger,false,11,m,random
B-loathing-d3-v3,loathing,anger,anger,false,11,m,random
B-loathing-d3-v4,loathing,anger,anger,false,11,m,random
B-rage-d1-v1,rage,anger,anger,false,11,m,random
B-rage-d1-v2,rage,anger,anger,false,11,m,random
B-rage-d1-v3,rage,anger,anger,false,11,m,random
B-rage-d1-v4,rage,anger,anger,false,11,m,random
B-rage-d2-v1,rage,anger,anger,false,11,m,random
B-rage-d2-v2,rage,anger,anger,false,11,m,random
B-rage-d2-v3,rage,anger,anger,false,11,m,random
B-rage-d2-v4,rage,fear,fear,false,11,m,random
B-rage-d3-v1,rage,betrayal,betrayal,false,11,m,random
B-rage-d3-v2,rage,anger,anger,false,11,m,random
B-rage-d3-v3,rage,anger,anger,false,11,m,random
B-rage-d3-v4,rage,fear,fear,false,11,m,random
B-terror-d1-v1,terror,fear,fear,false,11,m,random
B-terror-d1-v2,terror,fear,fear,false,11,m,random
B-terror-d1-v3,terror,fear,fear,false,11,m,random
B-terror-d1-v4,terror,fear,fear,false,11,m,random
B-terror-d2-v1,terror,anxiety,anxiety,false,11,m,random
B-terror-d2-v2,terror,anxiety,anxiety,false,11,m,random
B-terror-d2-v3,terror,fear,fear,false,11,m,random
B-terror-d2-v4,terror,fear,fear,false,11,m,random
B-terror-d3-v1,terror,fear,fear,false,11,m,random
B-terror-d3-v2,terror,fear,fear,false,11,m,random
B-terror-d3-v3,terror,fear,fear,false,11,m,random
B-terror-d3-v4,terror,fear,fear,false,11,m,random
B-vigilance-d1-v1,vigilance,anxiety,anxiety,false,11,m,random
B-vigilance-d1-v2,vigilance,anxiety,anxiety,false,11,m,random
B-vigilance-d1-v3,vigilance,anxiety,anxiety,false,11,m,random
B-vigilance-d1-v4,vigilance,concern,concern,false,11,m,random
B-vigilance-d2-v1,vigilance,anxiety,anxiety,false,11,m,random
B-vigilance-d2-v2,vigilance,anticipation,anticipation,false,11,m,random
B-vigilance-d2-v3,vigilance,anticipation,anticipation,false,11,m,random
B-vigilance-d2-v4,vigilance,tension,tension,false,11,m,random
B-vigilance-d3-v1,vigilance,anticipation,anticipation,false,11,m,random
B-vigilance-d3-v2,vigilance,tension,tension,false,11,m,random
B-vigilance-d3-v3,vigilance,fear,fear,false,11,m,random
B-vigilance-d3-v4,vigilance,anxiety,anxiety,false,11,m,random
B-admiration-d1-v1,admiration,frustration,awe,true,12,m,random
B-admiration-d1-v2,admiration,pride,pride,false,12,m,random
B-admiration-d1-v3,admiration,admiration,admiration,false,12,m,random
B-admiration-d1-v4,admiration,awe,awe,false,12,m,random
B-admiration-d2-v1,admiration,"",moral,true,12,m,random
B-admiration-d2-v2,admiration,sadness,sadness,false,12,m,random
B-admiration-d2-v3,admiration,"","",false,12,m,random
B-admiration-d2-v4,admiration,contentment,contentment,false,12,m,random
B-admiration-d3-v1,admiration,pride,pride,false,12,m,random
B-admiration-d3-v2,admiration,perseverance,perseverance,false,12,m,random
B-admiration-d3-v3,admiration,determination,determination,false,12,m,random
B-admiration-d3-v4,admiration,"",admiration,true,12,m,random
B-amazement-d1-v1,amazement,awe,awe,false,12,m,random
B-amazement-d1-v2,amazement,awe,awe,false,12,m,random
B-amazement-d1-v3,amazement,awe,awe,false,12,m,random
B-amazement-d1-v4,amazement,fear,fear,false,12,m,random
B-amazement-d2-v1,amazement,relief,relief,false,12,m,random
B-amazement-d2-v2,amazement,awe,awe,false,12,m,random
B-amazement-d2-v3,amazement,relief,relief,false,12,m,random
B-amazement-d2-v4,amazement,relief,relief,false,12,m,random
B-amazement-d3-v1,amazement,pride,pride,false,12,m,random
B-amazement-d3-v2,amazement,awe,awe,false,12,m,random
B-amazement-d3-v3,amazement,relief,relief,false,12,m,random
B-amazement-d3-v4,amazement,"","",false,12,m,random
B-ecstasy-d1-v1,ecstasy,overwhelming,overwhelming,false,12,m,random
B-ecstasy-d1-v2,ecstasy,despair,despair,false,12,m,random
B-ecstasy-d1-v3,ecstasy,relief,relief,false,12,m,random
B-ecstasy-d1-v4,ecstasy,pride,pride,false,12,m,random
B-ecstasy-d2-v1,ecstasy,anticipation,joy,true,12,m,random
B-ecstasy-d2-v2,ecstasy,relief,relief,false,12,m,random
B-ecstasy-d2-v3,ecstasy,complex,complex,false,12,m,random
B-ecstasy-d2-v4,ecstasy,loneliness,loneliness,false,12,m,random
B-ecstasy-d3-v1,ecstasy,el,el,false,12,m,random
B-ecstasy-d3-v2,ecstasy,awe,awe,false,12,m,random
B-ecstasy-d3-v3,ecstasy,excitement,excitement,false,12,m,random
B-ecstasy-d3-v4,ecstasy,excitement,excitement,false,12,m,random
B-grief-d1-v1,grief,grief,grief,false,12,m,random
B-grief-d1-v2,grief,loneliness,loneliness,false,12,m,random
B-grief-d1-v3,grief,worry,worry,false,12,m,random
B-grief-d1-v4,grief,grief,grief,false,12,m,random
B-grief-d2-v1,grief,grief,grief,false,12,m,random
B-grief-d2-v2,grief,sadness,sadness,false,12,m,random
B-grief-d2-v3,grief,sadness,sadness,false,12,m,random
B-grief-d2-v4,grief,sadness,sadness,false,12,m,random
B-grief-d3-v1,grief,anxiety,anxiety,false,12,m,random
B-grief-d3-v2,grief,grief,grief,false,12,m,random
B-grief-d3-v3,grief,sadness,sadness,false,12,m,random
B-grief-d3-v4,grief,grief,grief,false,12,m,random
B-loathing-d1-v1,loathing,anger,anger,false,12,m,random
B-loathing-d1-v2,loathing,anger,anger,false,12,m,random
B-loathing-d1-v3,loathing,anger,anger,false,12,m,random
B-loathing-d1-v4,loathing,anger,anger,false,12,m,random
B-loathing-d2-v1,loathing,disgust,disgust,false,12,m,random
B-loathing-d2-v2,loathing,disgust,disgust,false,12,m,random
B-loathing-d2-v3,loathing,fear,fear,false,12,m,random
B-loathing-d2-v4,loathing,disgust,disgust,false,12,m,random
B-loathing-d3-v1,loathing,betrayal,betrayal,false,12,m,random
B-loathing-d3-v2,loathing,anger,anger,false,12,m,random
B-loathing-d3-v3,loathing,anger,anger,false,12,m,random
B-loathing-d3-v4,loathing,anger,anger,false,12,m,random
B-rage-d1-v1,rage,anger,anger,false,12,m,random
B-rage-d1-v2,rage,anger,anger,false,12,m,random
B-rage-d1-v3,rage,anger,anger,false,12,m,random
B-rage-d1-v4,rage,anger,anger,false,12,m,random
B-rage-d2-v1,rage,anger,anger,false,12,m,random
B-rage-d2-v2,rage,anger,anger,false,12,m,random
B-rage-d2-v3,rage,anger,anger,false,12,m,random
B-rage-d2-v4,rage,fear,fear,false,12,m,random
B-rage-d3-v1,rage,betrayal,betrayal,false,12,m,random
B-rage-d3-v2,rage,anger,anger,false,12,m,random
B-rage-d3-v3,rage,anger,anger,false,12,m,random
B-rage-d3-v4,rage,fear,fear,false,12,m,random
B-terror-d1-v1,terror,fear,fear,false,12,m,random
B-terror-d1-v2,terror,fear,fear,false,12,m,random
B-terror-d1-v3,terror,fear,fear,false,12,m,random
B-terror-d1-v4,terror,fear,fear,false,12,m,random
B-terror-d2-v1,terror,anxiety,anxiety,false,12,m,random
B-terror-d2-v2,terror,anxiety,anxiety,false,12,m,random
B-terror-d2-v3,terror,fear,fear,false,12,m,random
B-terror-d2-v4,terror,fear,fear,false,12,m,random
B-terror-d3-v1,terror,fear,fear,false,12,m,random
B-terror-d3-v2,terror,fear,fear,false,12,m,random
B-terror-d3-v3,terror,fear,fear,false,12,m,random
B-terror-d3-v4,terror,fear,fear,false,12,m,random
B-vigilance-d1-v1,vigilance,anxiety,anxiety,false,12,m,random
B-vigilance-d1-v2,vigilance,anxiety,anxiety,false,12,m,random
B-vigilance-d1-v3,vigilance,anxiety,anxiety,false,12,m,random
B-vigilance-d1-v4,vigilance,concern,concern,false,12,m,random
B-vigilance-d2-v1,vigilance,anxiety,anxiety,false,12,m,random
B-vigilance-d2-v2,vigilance,anticipation,anticipation,false,12,m,random
B-vigilance-d2-v3,vigilance,anticipation,anticipation,false,12,m,random
B-vigilance-d2-v4,vigilance,tension,tension,false,12,m,random
B-vigilance-d3-v1,vigilance,anticipation,anticipation,false,12,m,random
B-vigilance-d3-v2,vigilance,tension,tension,false,12,m,random
B-vigilance-d3-v3,vigilance,fear,fear,false,12,m,random
B-vigilance-d3-v4,vigilance,anxiety,anxiety,false,12,m,random
B-admiration-d1-v1,admiration,frustration,awe,true,13,m,random
B-admiration-d1-v2,admiration,pride,"",true,13,m,random
B-admiration-d1-v3,admiration,admiration,admiration,false,13,m,random
B-admiration-d1-v4,admiration,awe,awe,false,13,m,random
B-admiration-d2-v1,admiration,"",moral,true,13,m,random
B-admiration-d2-v2,admiration,sadness,sadness,false,13,m,random
B-admiration-d2-v3,admiration,"",guilt,true,13,m,random
B-admiration-d2-v4,admiration,contentment,contentment,false,13,m,random
B-admiration-d3-v1,admiration,pride,pride,false,13,m,random
B-admiration-d3-v2,admiration,perseverance,perseverance,false,13,m,random
B-admiration-d3-v3,admiration,determination,determination,false,13,m,random
B-admiration-d3-v4,admiration,"",resilience,true,13,m,random
B-amazement-d1-v1,amazement,awe,awe,false,13,m,random
B-amazement-d1-v2,amazement,awe,awe,false,13,m,random
B-amazement-d1-v3,amazement,awe,awe,false,13,m,random
B-amazement-d1-v4,amazement,fear,fear,false,13,m,random
B-amazement-d2-v1,amazement,relief,relief,false,13,m,random
B-amazement-d2-v2,amazement,awe,awe,false,13,m,random
B-amazement-d2-v3,amazement,relief,relief,false,13,m,random
B-amazement-d2-v4,amazement,relief,relief,false,13,m,random
B-amazement-d3-v1,amazement,pride,pride,false,13,m,random
B-amazement-d3-v2,amazement,awe,excitement,true,13,m,random
B-amazement-d3-v3,amazement,relief,relief,false,13,m,random
B-amazement-d3-v4,amazement,"","",false,13,m,random
B-ecstasy-d1-v1,ecstasy,overwhelming,overwhelming,false,13,m,random
B-ecstasy-d1-v2,ecstasy,despair,relief,true,13,m,random
B-ecstasy-d1-v3,ecstasy,relief,relief,false,13,m,random
B-ecstasy-d1-v4,ecstasy,pride,pride,false,13,m,random
B-ecstasy-d2-v1,ecstasy,anticipation,joy,true,13,m,random
B-ecstasy-d2-v2,ecstasy,relief,relief,false,13,m,random
B-ecstasy-d2-v3,ecstasy,complex,"",true,13,m,random
B-ecstasy-d2-v4,ecstasy,loneliness,loneliness,false,13,m,random
B-ecstasy-d3-v1,ecstasy,el,el,false,13,m,random
B-ecstasy-d3-v2,ecstasy,awe,awe,false,13,m,random
B-ecstasy-d3-v3,ecstasy,excitement,excitement,false,13,m,random
B-ecstasy-d3-v4,ecstasy,excitement,excitement,false,13,m,random
B-grief-d1-v1,grief,grief,grief,false,13,m,random
B-grief-d1-v2,grief,loneliness,loneliness,false,13,m,random
B-grief-d1-v3,grief,worry,worry,false,13,m,random
B-grief-d1-v4,grief,grief,grief,false,13,m,random
B-grief-d2-v1,grief,grief,grief,false,13,m,random
B-grief-d2-v2,grief,sadness,sadness,false,13,m,random
B-grief-d2-v3,grief,sadness,sadness,false,13,m,random
B-grief-d2-v4,grief,sadness,sadness,false,13,m,random
B-grief-d3-v1,grief,anxiety,anxiety,false,13,m,random
B-grief-d3-v2,grief,grief,grief,false,13,m,random
B-grief-d3-v3,grief,sadness,sadness,false,13,m,random
B-grief-d3-v4,grief,grief,grief,false,13,m,random
B-loathing-d1-v1,loathing,anger,anger,false,13,m,random
B-loathing-d1-v2,loathing,anger,anger,false,13,m,random
B-loathing-d1-v3,loathing,anger,anger,false,13,m,random
B-loathing-d1-v4,loathing,anger,anger,false,13,m,random
B-loathing-d2-v1,loathing,disgust,disgust,false,13,m,random
B-loathing-d2-v2,loathing,disgust,disgust,false,13,m,random
B-loathing-d2-v3,loathing,fear,fear,false,13,m,random
B-loathing-d2-v4,loathing,disgust,disgust,false,13,m,random
B-loathing-d3-v1,loathing,betrayal,betrayal,false,13,m,random
B-loathing-d3-v2,loathing,anger,anger,false,13,m,random
B-loathing-d3-v3,loathing,anger,anger,false,13,m,random
B-loathing-d3-v4,loathing,anger,anger,false,13,m,random
B-rage-d1-v1,rage,anger,anger,false,13,m,random
B-rage-d1-v2,rage,anger,anger,false,13,m,random
B-rage-d1-v3,rage,anger,anger,false,13,m,random
B-rage-d1-v4,rage,anger,anger,false,13,m,random
B-rage-d2-v1,rage,anger,anger,false,13,m,random
B-rage-d2-v2,rage,anger,anger,false,13,m,random
B-rage-d2-v3,rage,anger,anger,false,13,m,random
B-rage-d2-v4,rage,fear,fear,false,13,m,random
B-rage-d3-v1,rage,betrayal,betrayal,false,13,m,random
B-rage-d3-v2,rage,anger,anger,false,13,m,random
B-rage-d3-v3,rage,anger,anger,false,13,m,random
B-rage-d3-v4,rage,fear,fear,false,13,m,random
B-terror-d1-v1,terror,fear,fear,false,13,m,random
B-terror-d1-v2,terror,fear,fear,false,13,m,random
B-terror-d1-v3,terror,fear,fear,false,13,m,random
B-terror-d1-v4,terror,fear,fear,false,13,m,random
B-terror-d2-v1,terror,anxiety,fear,true,13,m,random
B-terror-d2-v2,terror,anxiety,anxiety,false,13,m,random
B-terror-d2-v3,terror,fear,fear,false,13,m,random
B-terror-d2-v4,terror,fear,fear,false,13,m,random
B-terror-d3-v1,terror,fear,fear,false,13,m,random
B-terror-d3-v2,terror,fear,fear,false,13,m,random
B-terror-d3-v3,terror,fear,fear,false,13,m,random
B-terror-d3-v4,terror,fear,fear,false,13,m,random
B-vigilance-d1-v1,vigilance,anxiety,anxiety,false,13,m,random
B-vigilance-d1-v2,vigilance,anxiety,anxiety,false,13,m,random
B-vigilance-d1-v3,vigilance,anxiety,anxiety,false,13,m,random
B-vigilance-d1-v4,vigilance,concern,concern,false,13,m,random
B-vigilance-d2-v1,vigilance,anxiety,anxiety,false,13,m,random
B-vigilance-d2-v2,vigilance,anticipation,anticipation,false,13,m,random
B-vigilance-d2-v3,vigilance,anticipation,anticipation,false,13,m,random
B-vigilance-d2-v4,vigilance,tension,tension,false,13,m,random
B-vigilance-d3-v1,vigilance,anticipation,anticipation,false,13,m,random
B-vigilance-d3-v2,vigilance,tension,tension,false,13,m,random
B-vigilance-d3-v3,vigilance,fear,fear,false,13,m,random
B-vigilance-d3-v4,vigilance,anxiety,anxiety,false,13,m,random
B-admiration-d1-v1,admiration,frustration,frustration,false,14,m,random
B-admiration-d1-v2,admiration,pride,pride,false,14,m,random
B-admiration-d1-v3,admiration,admiration,admiration,false,14,m,random
B-admiration-d1-v4,admiration,awe,awe,false,14,m,random
B-admiration-d2-v1,admiration,"",moral,true,14,m,random
B-admiration-d2-v2,admiration,sadness,sadness,false,14,m,random
B-admiration-d2-v3,admiration,"",guilt,true,14,m,random
B-admiration-d2-v4,admiration,contentment,contentment,false,14,m,random
B-admiration-d3-v1,admiration,pride,pride,false,14,m,random
B-admiration-d3-v2,admiration,perseverance,perseverance,false,14,m,random
B-admiration-d3-v3,admiration,determination,determination,false,14,m,random
B-admiration-d3-v4,admiration,"","",false,14,m,random
B-amazement-d1-v1,amazement,awe,awe,false,14,m,random
B-amazement-d1-v2,amazement,awe,awe,false,14,m,random
B-amazement-d1-v3,amazement,awe,awe,false,14,m,random
B-amazement-d1-v4,amazement,fear,fear,false,14,m,random
B-amazement-d2-v1,amazement,relief,relief,false,14,m,random
B-amazement-d2-v2,amazement,awe,awe,false,14,m,random
B-amazement-d2-v3,amazement,relief,relief,false,14,m,random
B-amazement-d2-v4,amazement,relief,relief,false,14,m,random
B-amazement-d3-v1,amazement,pride,pride,false,14,m,random
B-amazement-d3-v2,amazement,awe,awe,false,14,m,random
B-amazement-d3-v3,amazement,relief,relief,false,14,m,random
B-amazement-d3-v4,amazement,"","",false,14,m,random
B-ecstasy-d1-v1,ecstasy,overwhelming,overwhelming,false,14,m,random
B-ecstasy-d1-v2,ecstasy,despair,despair,false,14,m,random
B-ecstasy-d1-v3,ecstasy,relief,relief,false,14,m,random
B-ecstasy-d1-v4,ecstasy,pride,pride,false,14,m,random
B-ecstasy-d2-v1,ecstasy,anticipation,joy,true,14,m,random
B-ecstasy-d2-v2,ecstasy,relief,relief,false,14,m,random
B-ecstasy-d2-v3,ecstasy,complex,complex,false,14,m,random
B-ecstasy-d2-v4,ecstasy,loneliness,loneliness,false,14,m,random
B-ecstasy-d3-v1,ecstasy,el,el,false,14,m,random
B-ecstasy-d3-v2,ecstasy,awe,awe,false,14,m,random
B-ecstasy-d3-v3,ecstasy,excitement,excitement,false,14,m,random
B-ecstasy-d3-v4,ecstasy,excitement,excitement,false,14,m,random
B-grief-d1-v1,grief,grief,grief,false,14,m,random
B-grief-d1-v2,grief,loneliness,loneliness,false,14,m,random
B-grief-d1-v3,grief,worry,worry,false,14,m,random
B-grief-d1-v4,grief,grief,grief,false,14,m,random
B-grief-d2-v1,grief,grief,grief,false,14,m,random
B-grief-d2-v2,grief,sadness,sadness,false,14,m,random
B-grief-d2-v3,grief,sadness,sadness,false,14,m,random
B-grief-d2-v4,grief,sadness,sadness,false,14,m,random
B-grief-d3-v1,grief,anxiety,anxiety,false,14,m,random
B-grief-d3-v2,grief,grief,grief,false,14,m,random
B-grief-d3-v3,grief,sadness,sadness,false,14,m,random
B-grief-d3-v4,grief,grief,grief,false,14,m,random
B-loathing-d1-v1,loathing,anger,anger,false,14,m,random
B-loathing-d1-v2,loathing,anger,anger,false,14,m,random
B-loathing-d1-v3,loathing,anger,anger,false,14,m,random
B-loathing-d1-v4,loathing,anger,anger,false,14,m,random
B-loathing-d2-v1,loathing,disgust,disgust,false,14,m,random
B-loathing-d2-v2,loathing,disgust,disgust,false,14,m,random
B-loathing-d2-v3,loathing,fear,fear,false,14,m,random
B-loathing-d2-v4,loathing,disgust,disgust,false,14,m,random
B-loathing-d3-v1,loathing,betrayal,betrayal,false,14,m,random
B-loathing-d3-v2,loathing,anger,anger,false,14,m,random
B-loathing-d3-v3,loathing,anger,anger,false,14,m,random
B-loathing-d3-v4,loathing,anger,anger,false,14,m,random
B-rage-d1-v1,rage,anger,anger,false,14,m,random
B-rage-d1-v2,rage,anger,anger,false,14,m,random
B-rage-d1-v3,rage,anger,anger,false,14,m,random
B-rage-d1-v4,rage,anger,anger,false,14,m,random
B-rage-d2-v1,rage,anger,anger,false,14,m,random
B-rage-d2-v2,rage,anger,anger,false,14,m,random
B-rage-d2-v3,rage,anger,anger,false,14,m,random
B-rage-d2-v4,rage,fear,fear,false,14,m,random
B-rage-d3-v1,rage,betrayal,betrayal,false,14,m,random
B-rage-d3-v2,rage,anger,anger,false,14,m,random
B-rage-d3-v3,rage,anger,anger,false,14,m,random
B-rage-d3-v4,rage,fear,fear,false,14,m,random
B-terror-d1-v1,terror,fear,fear,false,14,m,random
B-terror-d1-v2,terror,fear,fear,false,14,m,random
B-terror-d1-v3,terror,fear,fear,false,14,m,random
B-terror-d1-v4,terror,fear,fear,false,14,m,random
B-terror-d2-v1,terror,anxiety,anxiety,false,14,m,random
B-terror-d2-v2,terror,anxiety,anxiety,false,14,m,random
B-terror-d2-v3,terror,fear,fear,false,14,m,random
B-terror-d2-v4,terror,fear,fear,false,14,m,random
B-terror-d3-v1,terror,fear,fear,false,14,m,random
B-terror-d3-v2,terror,fear,fear,false,14,m,random
B-terror-d3-v3,terror,fear,fear,false,14,m,random
B-terror-d3-v4,terror,fear,fear,false,14,m,random
B-vigilance-d1-v1,vigilance,anxiety,anxiety,false,14,m,random
B-vigilance-d1-v2,vigilance,anxiety,anxiety,false,14,m,random
B-vigilance-d1-v3,vigilance,anxiety,anxiety,false,14,m,random
B-vigilance-d1-v4,vigilance,concern,concern,false,14,m,random
B-vigilance-d2-v1,vigilance,anxiety,anxiety,false,14,m,random
B-vigilance-d2-v2,vigilance,anticipation,anticipation,false,14,m,random
B-vigilance-d2-v3,vigilance,anticipation,anticipation,false,14,m,random
B-vigilance-d2-v4,vigilance,tension,tension,false,14,m,random
B-vigilance-d3-v1,vigilance,anticipation,anticipation,false,14,m,random
B-vigilance-d3-v2,vigilance,tension,tension,false,14,m,random
B-vigilance-d3-v3,vigilance,fear,fear,false,14,m,random
B-vigilance-d3-v4,vigilance,anxiety,anxiety,false,14,m,random
B-admiration-d1-v1,admiration,frustration,frustration,false,15,m,random
B-admiration-d1-v2,admiration,pride,gratitude,true,15,m,random
B-admiration-d1-v3,admiration,admiration,admiration,false,15,m,random
B-admiration-d1-v4,admiration,awe,awe,false,15,m,random
B-admiration-d2-v1,admiration,"",moral,true,15,m,random
B-admiration-d2-v2,admiration,sadness,sadness,false,15,m,random
B-admiration-d2-v3,admiration,"","",false,15,m,random
B-admiration-d2-v4,admiration,contentment,contentment,false,15,m,random
B-admiration-d3-v1,admiration,pride,pride,false,15,m,random
B-admiration-d3-v2,admiration,perseverance,relief,true,15,m,random
B-admiration-d3-v3,admiration,determination,determination,false,15,m,random
B-admiration-d3-v4,admiration,"","",false,15,m,random
B-amazement-d1-v1,amazement,awe,awe,false,15,m,random
B-amazement-d1-v2,amazement,awe,awe,false,15,m,random
B-amazement-d1-v3,amazement,awe,awe,false,15,m,random
B-amazement-d1-v4,amazement,fear,fear,false,15,m,random
B-amazement-d2-v1,amazement,relief,relief,false,15,m,random
B-amazement-d2-v2,amazement,awe,awe,false,15,m,random
B-amazement-d2-v3,amazement,relief,relief,false,15,m,random
B-amazement-d2-v4,amazement,relief,relief,false,15,m,random
B-amazement-d3-v1,amazement,pride,pride,false,15,m,random
B-amazement-d3-v2,amazement,awe,excitement,true,15,m,random
B-amazement-d3-v3,amazement,relief,relief,false,15,m,random
B-amazement-d3-v4,amazement,"","",false,15,m,random
B-ecstasy-d1-v1,ecstasy,overwhelming,overwhelming,false,15,m,random
B-ecstasy-d1-v2,ecstasy,despair,relief,true,15,m,random
B-ecstasy-d1-v3,ecstasy,relief,relief,false,15,m,random
B-ecstasy-d1-v4,ecstasy,pride,pride,false,15,m,random
B-ecstasy-d2-v1,ecstasy,anticipation,joy,true,15,m,random
B-ecstasy-d2-v2,ecstasy,relief,relief,false,15,m,random
B-ecstasy-d2-v3,ecstasy,complex,complex,false,15,m,random
B-ecstasy-d2-v4,ecstasy,loneliness,loneliness,false,15,m,random
B-ecstasy-d3-v1,ecstasy,el,el,false,15,m,random
B-ecstasy-d3-v2,ecstasy,awe,awe,false,15,m,random
B-ecstasy-d3-v3,ecstasy,excitement,excitement,false,15,m,random
B-ecstasy-d3-v4,ecstasy,excitement,excitement,false,15,m,random
B-grief-d1-v1,grief,grief,grief,false,15,m,random
B-grief-d1-v2,grief,loneliness,loneliness,false,15,m,random
B-grief-d1-v3,grief,worry,worry,false,15,m,random
B-grief-d1-v4,grief,grief,grief,false,15,m,random
B-grief-d2-v1,grief,grief,grief,false,15,m,random
B-grief-d2-v2,grief,sadness,sadness,false,15,m,random
B-grief-d2-v3,grief,sadness,sadness,false,15,m,random
B-grief-d2-v4,grief,sadness,sadness,false,15,m,random
B-grief-d3-v1,grief,anxiety,anxiety,false,15,m,random
B-grief-d3-v2,grief,grief,grief,false,15,m,random
B-grief-d3-v3,grief,sadness,sadness,false,15,m,random
B-grief-d3-v4,grief,grief,grief,false,15,m,random
B-loathing-d1-v1,loathing,anger,anger,false,15,m,random
B-loathing-d1-v2,loathing,anger,anger,false,15,m,random
B-loathing-d1-v3,loathing,anger,anger,false,15,m,random
B-loathing-d1-v4,loathing,anger,anger,false,15,m,random
B-loathing-d2-v1,loathing,disgust,disgust,false,15,m,random
B-loathing-d2-v2,loathing,disgust,disgust,false,15,m,random
B-loathing-d2-v3,loathing,fear,fear,false,15,m,random
B-loathing-d2-v4,loathing,disgust,disgust,false,15,m,random
B-loathing-d3-v1,loathing,betrayal,betrayal,false,15,m,random
B-loathing-d3-v2,loathing,anger,anger,false,15,m,random
B-loathing-d3-v3,loathing,anger,anger,false,15,m,random
B-loathing-d3-v4,loathing,anger,anger,false,15,m,random
B-rage-d1-v1,rage,anger,anger,false,15,m,random
B-rage-d1-v2,rage,anger,anger,false,15,m,random
B-rage-d1-v3,rage,anger,anger,false,15,m,random
B-rage-d1-v4,rage,anger,anger,false,15,m,random
B-rage-d2-v1,rage,anger,anger,false,15,m,random
B-rage-d2-v2,rage,anger,anger,false,15,m,random
B-rage-d2-v3,rage,anger,anger,false,15,m,random
B-rage-d2-v4,rage,fear,fear,false,15,m,random
B-rage-d3-v1,rage,betrayal,betrayal,false,15,m,random
B-rage-d3-v2,rage,anger,anger,false,15,m,random
B-rage-d3-v3,rage,anger,anger,false,15,m,random
B-rage-d3-v4,rage,fear,fear,false,15,m,random
B-terror-d1-v1,terror,fear,fear,false,15,m,random
B-terror-d1-v2,terror,fear,fear,false,15,m,random
B-terror-d1-v3,terror,fear,fear,false,15,m,random
B-terror-d1-v4,terror,fear,fear,false,15,m,random
B-terror-d2-v1,terror,anxiety,anxiety,false,15,m,random
B-terror-d2-v2,terror,anxiety,anxiety,false,15,m,random
B-terror-d2-v3,terror,fear,fear,false,15,m,random
B-terror-d2-v4,terror,fear,fear,false,15,m,random
B-terror-d3-v1,terror,fear,fear,false,15,m,random
B-terror-d3-v2,terror,fear,fear,false,15,m,random
B-terror-d3-v3,terror,fear,fear,false,15,m,random
B-terror-d3-v4,terror,fear,fear,false,15,m,random
B-vigilance-d1-v1,vigilance,anxiety,anxiety,false,15,m,random
B-vigilance-d1-v2,vigilance,anxiety,anxiety,false,15,m,random
B-vigilance-d1-v3,vigilance,anxiety,anxiety,false,15,m,random
B-vigilance-d1-v4,vigilance,concern,concern,false,15,m,random
B-vigilance-d2-v1,vigilance,anxiety,anxiety,false,15,m,random
B-vigilance-d2-v2,vigilance,anticipation,anticipation,false,15,m,random
B-vigilance-d2-v3,vigilance,anticipation,anticipation,false,15,m,random
B-vigilance-d2-v4,vigilance,tension,tension,false,15,m,random
B-vigilance-d3-v1,vigilance,anticipation,anticipation,false,15,m,random
B-vigilance-d3-v2,vigilance,tension,tension,false,15,m,random
B-vigilance-d3-v3,vigilance,fear,fear,false,15,m,random
B-vigilance-d3-v4,vigilance,anxiety,suspicion,true,15,m,random
B-admiration-d1-v1,admiration,frustration,frustration,false,16,m,random
B-admiration-d1-v2,admiration,pride,pride,false,16,m,random
B-admiration-d1-v3,admiration,admiration,admiration,false,16,m,random
B-admiration-d1-v4,admiration,awe,admiration,true,16,m,random
B-admiration-d2-v1,admiration,"",moral,true,16,m,random
B-admiration-d2-v2,admiration,sadness,sadness,false,16,m,random
B-admiration-d2-v3,admiration,"",guilt,true,16,m,random
B-admiration-d2-v4,admiration,contentment,contentment,false,16,m,random
B-admiration-d3-v1,admiration,pride,pride,false,16,m,random
B-admiration-d3-v2,admiration,perseverance,perseverance,false,16,m,random
B-admiration-d3-v3,admiration,determination,determination,false,16,m,random
B-admiration-d3-v4,admiration,"",resilience,true,16,m,random
B-amazement-d1-v1,amazement,awe,awe,false,16,m,random
B-amazement-d1-v2,amazement,awe,awe,false,16,m,random
B-amazement-d1-v3,amazement,awe,awe,false,16,m,random
B-amazement-d1-v4,amazement,fear,fear,false,16,m,random
B-amazement-d2-v1,amazement,relief,relief,false,16,m,random
B-amazement-d2-v2,amazement,awe,awe,false,16,m,random
B-amazement-d2-v3,amazement,relief,relief,false,16,m,random
B-amazement-d2-v4,amazement,relief,relief,false,16,m,random
B-amazement-d3-v1,amazement,pride,pride,false,16,m,random
B-amazement-d3-v2,amazement,awe,awe,false,16,m,random
B-amazement-d3-v3,amazement,relief,relief,false,16,m,random
B-amazement-d3-v4,amazement,"","",false,16,m,random
B-ecstasy-d1-v1,ecstasy,overwhelming,overwhelming,false,16,m,random
B-ecstasy-d1-v2,ecstasy,despair,despair,false,16,m,random
B-ecstasy-d1-v3,ecstasy,relief,relief,false,16,m,random
B-ecstasy-d1-v4,ecstasy,pride,pride,false,16,m,random
B-ecstasy-d2-v1,ecstasy,anticipation,joy,true,16,m,random
B-ecstasy-d2-v2,ecstasy,relief,relief,false,16,m,random
B-ecstasy-d2-v3,ecstasy,complex,complex,false,16,m,random
B-ecstasy-d2-v4,ecstasy,loneliness,loneliness,false,16,m,random
B-ecstasy-d3-v1,ecstasy,el,el,false,16,m,random
B-ecstasy-d3-v2,ecstasy,awe,awe,false,16,m,random
B-ecstasy-d3-v3,ecstasy,excitement,excitement,false,16,m,random
B-ecstasy-d3-v4,ecstasy,excitement,excitement,false,16,m,random
B-grief-d1-v1,grief,grief,grief,false,16,m,random
B-grief-d1-v2,grief,loneliness,loneliness,false,16,m,random
B-grief-d1-v3,grief,worry,worry,false,16,m,random
B-grief-d1-v4,grief,grief,grief,false,16,m,random
B-grief-d2-v1,grief,grief,grief,false,16,m,random
B-grief-d2-v2,grief,sadness,sadness,false,16,m,random
B-grief-d2-v3,grief,sadness,grief,true,16,m,random
B-grief-d2-v4,grief,sadness,sadness,false,16,m,random
B-grief-d3-v1,grief,anxiety,anxiety,false,16,m,random
B-grief-d3-v2,grief,grief,grief,false,16,m,random
B-grief-d3-v3,grief,sadness,sadness,false,16,m,random
B-grief-d3-v4,grief,grief,grief,false,16,m,random
B-loathing-d1-v1,loathing,anger,anger,false,16,m,random
B-loathing-d1-v2,loathing,anger,anger,false,16,m,random
B-loathing-d1-v3,loathing,anger,anger,false,16,m,random
B-loathing-d1-v4,loathing,anger,anger,false,16,m,random
B-loathing-d2-v1,loathing,disgust,disgust,false,16,m,random
B-loathing-d2-v2,loathing,disgust,disgust,false,16,m,random
B-loathing-d2-v3,loathing,fear,fear,false,16,m,random
B-loathing-d2-v4,loathing,disgust,disgust,false,16,m,random
B-loathing-d3-v1,loathing,betrayal,betrayal,false,16,m,random
B-loathing-d3-v2,loathing,anger,anger,false,16,m,random
B-loathing-d3-v3,loathing,anger,anger,false,16,m,random
B-loathing-d3-v4,loathing,anger,anger,false,16,m,random
B-rage-d1-v1,rage,anger,anger,false,16,m,random
B-rage-d1-v2,rage,anger,anger,false,16,m,random
B-rage-d1-v3,rage,anger,anger,false,16,m,random
B-rage-d1-v4,rage,anger,anger,false,16,m,random
B-rage-d2-v1,rage,anger,anger,false,16,m,random
B-rage-d2-v2,rage,anger,anger,false,16,m,random
B-rage-d2-v3,rage,anger,anger,false,16,m,random
B-rage-d2-v4,rage,fear,fear,false,16,m,random
B-rage-d3-v1,rage,betrayal,betrayal,false,16,m,random
B-rage-d3-v2,rage,anger,anger,false,16,m,random
B-rage-d3-v3,rage,anger,anger,false,16,m,random
B-rage-d3-v4,rage,fear,fear,false,16,m,random
B-terror-d1-v1,terror,fear,fear,false,16,m,random
B-terror-d1-v2,terror,fear,fear,false,16,m,random
B-terror-d1-v3,terror,fear,fear,false,16,m,random
B-terror-d1-v4,terror,fear,fear,false,16,m,random
B-terror-d2-v1,terror,anxiety,anxiety,false,16,m,random
B-terror-d2-v2,terror,anxiety,anxiety,false,16,m,random
B-terror-d2-v3,terror,fear,fear,false,16,m,random
B-terror-d2-v4,terror,fear,fear,false,16,m,random
B-terror-d3-v1,terror,fear,fear,false,16,m,random
B-terror-d3-v2,terror,fear,fear,false,16,m,random
B-terror-d3-v3,terror,fear,fear,false,16,m,random
B-terror-d3-v4,terror,fear,fear,false,16,m,random
B-vigilance-d1-v1,vigilance,anxiety,anxiety,false,16,m,random
B-vigilance-d1-v2,vigilance,anxiety,anxiety,false,16,m,random
B-vigilance-d1-v3,vigilance,anxiety,anxiety,false,16,m,random
B-vigilance-d1-v4,vigilance,concern,concern,false,16,m,random
B-vigilance-d2-v1,vigilance,anxiety,anxiety,false,16,m,random
B-vigilance-d2-v2,vigilance,anticipation,anticipation,false,16,m,random
B-vigilance-d2-v3,vigilance,anticipation,anticipation,false,16,m,random
B-vigilance-d2-v4,vigilance,tension,tension,false,16,m,random
B-vigilance-d3-v1,vigilance,anticipation,anticipation,false,16,m,random
B-vigilance-d3-v2,vigilance,tension,tension,false,16,m,random
B-vigilance-d3-v3,vigilance,fear,fear,false,16,m,random
B-vigilance-d3-v4,vigilance,anxiety,anxiety,false,16,m,random
B-admiration-d1-v1,admiration,frustration,frustration,false,17,m,random
B-admiration-d1-v2,admiration,pride,pride,false,17,m,random
B-admiration-d1-v3,admiration,admiration,admiration,false,17,m,random
B-admiration-d1-v4,admiration,awe,awe,false,17,m,random
B-admiration-d2-v1,admiration,"",moral,true,17,m,random
B-admiration-d2-v2,admiration,sadness,sadness,false,17,m,random
B-admiration-d2-v3,admiration,"","",false,17,m,random
B-admiration-d2-v4,admiration,contentment,contentment,false,17,m,random
B-admiration-d3-v1,admiration,pride,pride,false,17,m,random
B-admiration-d3-v2,admiration,perseverance,relief,true,17,m,random
B-admiration-d3-v3,admiration,determination,determination,false,17,m,random
B-admiration-d3-v4,admiration,"","",false,17,m,random
B-amazement-d1-v1,amazement,awe,awe,false,17,m,random
B-amazement-d1-v2,amazement,awe,awe,false,17,m,random
B-amazement-d1-v3,amazement,awe,awe,false,17,m,random
B-amazement-d1-v4,amazement,fear,fear,false,17,m,random
B-amazement-d2-v1,amazement,relief,relief,false,17,m,random
B-amazement-d2-v2,amazement,awe,awe,false,17,m,random
B-amazement-d2-v3,amazement,relief,relief,false,17,m,random
B-amazement-d2-v4,amazement,relief,relief,false,17,m,random
B-amazement-d3-v1,amazement,pride,pride,false,17,m,random
B-amazement-d3-v2,amazement,awe,awe,false,17,m,random
B-amazement-d3-v3,amazement,relief,relief,false,17,m,random
B-amazement-d3-v4,amazement,"","",false,17,m,random
B-ecstasy-d1-v1,ecstasy,overwhelming,overwhelming,false,17,m,random
B-ecstasy-d1-v2,ecstasy,despair,relief,true,17,m,random
B-ecstasy-d1-v3,ecstasy,relief,relief,false,17,m,random
B-ecstasy-d1-v4,ecstasy,pride,pride,false,17,m,random
B-ecstasy-d2-v1,ecstasy,anticipation,joy,true,17,m,random
B-ecstasy-d2-v2,ecstasy,relief,relief,false,17,m,random
B-ecstasy-d2-v3,ecstasy,complex,"",true,17,m,random
B-ecstasy-d2-v4,ecstasy,loneliness,loneliness,false,17,m,random
B-ecstasy-d3-v1,ecstasy,el,el,false,17,m,random
B-ecstasy-d3-v2,ecstasy,awe,awe,false,17,m,random
B-ecstasy-d3-v3,ecstasy,excitement,excitement,false,17,m,random
B-ecstasy-d3-v4,ecstasy,excitement,excitement,false,17,m,random
B-grief-d1-v1,grief,grief,grief,false,17,m,random
B-grief-d1-v2,grief,loneliness,loneliness,false,17,m,random
B-grief-d1-v3,grief,worry,worry,false,17,m,random
B-grief-d1-v4,grief,grief,grief,false,17,m,random
B-grief-d2-v1,grief,grief,despair,true,17,m,random
B-grief-d2-v2,grief,sadness,sadness,false,17,m,random
B-grief-d2-v3,grief,sadness,melancholy,true,17,m,random
B-grief-d2-v4,grief,sadness,sadness,false,17,m,random
B-grief-d3-v1,grief,anxiety,anxiety,false,17,m,random
B-grief-d3-v2,grief,grief,grief,false,17,m,random
B-grief-d3-v3,grief,sadness,sadness,false,17,m,random
B-grief-d3-v4,grief,grief,grief,false,17,m,random
B-loathing-d1-v1,loathing,anger,anger,false,17,m,random
B-loathing-d1-v2,loathing,anger,anger,false,17,m,random
B-loathing-d1-v3,loathing,anger,anger,false,17,m,random
B-loathing-d1-v4,loathing,anger,anger,false,17,m,random
B-loathing-d2-v1,loathing,disgust,fear,true,17,m,random
B-loathing-d2-v2,loathing,disgust,disgust,false,17,m,random
B-loathing-d2-v3,loathing,fear,fear,false,17,m,random
B-loathing-d2-v4,loathing,disgust,disgust,false,17,m,random
B-loathing-d3-v1,loathing,betrayal,betrayal,false,17,m,random
B-loathing-d3-v2,loathing,anger,anger,false,17,m,random
B-loathing-d3-v3,loathing,anger,disgust,true,17,m,random
B-loathing-d3-v4,loathing,anger,anger,false,17,m,random
B-rage-d1-v1,rage,anger,anger,false,17,m,random
B-rage-d1-v2,rage,anger,anger,false,17,m,random
B-rage-d1-v3,rage,anger,anger,false,17,m,random
B-rage-d1-v4,rage,anger,anger,false,17,m,random
B-rage-d2-v1,rage,anger,anger,false,17,m,random
B-rage-d2-v2,rage,anger,anger,false,17,m,random
B-rage-d2-v3,rage,anger,anger,false,17,m,random
B-rage-d2-v4,rage,fear,fear,false,17,m,random
B-rage-d3-v1,rage,betrayal,betrayal,false,17,m,random
B-rage-d3-v2,rage,anger,anger,false,17,m,random
B-rage-d3-v3,rage,anger,anger,false,17,m,random
B-rage-d3-v4,rage,fear,fear,false,17,m,random
B-terror-d1-v1,terror,fear,fear,false,17,m,random
B-terror-d1-v2,terror,fear,fear,false,17,m,random
B-terror-d1-v3,terror,fear,fear,false,17,m,random
B-terror-d1-v4,terror,fear,fear,false,17,m,random
B-terror-d2-v1,terror,anxiety,anxiety,false,17,m,random
B-terror-d2-v2,terror,anxiety,anxiety,false,17,m,random
B-terror-d2-v3,terror,fear,fear,false,17,m,random
B-terror-d2-v4,terror,fear,fear,false,17,m,random
B-terror-d3-v1,terror,fear,fear,false,17,m,random
B-terror-d3-v2,terror,fear,fear,false,17,m,random
B-terror-d3-v3,terror,fear,fear,false,17,m,random
B-terror-d3-v4,terror,fear,fear,false,17,m,random
B-vigilance-d1-v1,vigilance,anxiety,anxiety,false,17,m,random
B-vigilance-d1-v2,vigilance,anxiety,anxiety,false,17,m,random
B-vigilance-d1-v3,vigilance,anxiety,anxiety,false,17,m,random
B-vigilance-d1-v4,vigilance,concern,concern,false,17,m,random
B-vigilance-d2-v1,vigilance,anxiety,anxiety,false,17,m,random
B-vigilance-d2-v2,vigilance,anticipation,anticipation,false,17,m,random
B-vigilance-d2-v3,vigilance,anticipation,anticipation,false,17,m,random
B-vigilance-d2-v4,vigilance,tension,tension,false,17,m,random
B-vigilance-d3-v1,vigilance,anticipation,anticipation,false,17,m,random
B-vigilance-d3-v2,vigilance,tension,tension,false,17,m,random
B-vigilance-d3-v3,vigilance,fear,fear,false,17,m,random
B-vigilance-d3-v4,vigilance,anxiety,anxiety,false,17,m,random
B-admiration-d1-v1,admiration,frustration,awe,true,18,m,random
B-admiration-d1-v2,admiration,pride,pride,false,18,m,random
B-admiration-d1-v3,admiration,admiration,admiration,false,18,m,random
B-admiration-d1-v4,admiration,awe,awe,false,18,m,random
B-admiration-d2-v1,admiration,"","",false,18,m,random
B-admiration-d2-v2,admiration,sadness,sadness,false,18,m,random
B-admiration-d2-v3,admiration,"","",false,18,m,random
B-admiration-d2-v4,admiration,contentment,contentment,false,18,m,random
B-admiration-d3-v1,admiration,pride,pride,false,18,m,random
B-admiration-d3-v2,admiration,perseverance,perseverance,false,18,m,random
B-admiration-d3-v3,admiration,determination,determination,false,18,m,random
B-admiration-d3-v4,admiration,"","",false,18,m,random
B-amazement-d1-v1,amazement,awe,awe,false,18,m,random
B-amazement-d1-v2,amazement,awe,awe,false,18,m,random
B-amazement-d1-v3,amazement,awe,awe,false,18,m,random
B-amazement-d1-v4,amazement,fear,fear,false,18,m,random
B-amazement-d2-v1,amazement,relief,relief,false,18,m,random
B-amazement-d2-v2,amazement,awe,awe,false,18,m,random
B-amazement-d2-v3,amazement,relief,relief,false,18,m,random
B-amazement-d2-v4,amazement,relief,relief,false,18,m,random
B-amazement-d3-v1,amazement,pride,pride,false,18,m,random
B-amazement-d3-v2,amazement,awe,excitement,true,18,m,random
B-amazement-d3-v3,amazement,relief,relief,false,18,m,random
B-amazement-d3-v4,amazement,"",surprise,true,18,m,random
B-ecstasy-d1-v1,ecstasy,overwhelming,overwhelming,false,18,m,random
B-ecstasy-d1-v2,ecstasy,despair,relief,true,18,m,random
B-ecstasy-d1-v3,ecstasy,relief,relief,false,18,m,random
B-ecstasy-d1-v4,ecstasy,pride,pride,false,18,m,random
B-ecstasy-d2-v1,ecstasy,anticipation,happiness,true,18,m,random
B-ecstasy-d2-v2,ecstasy,relief,relief,false,18,m,random
B-ecstasy-d2-v3,ecstasy,complex,complex,false,18,m,random
B-ecstasy-d2-v4,ecstasy,loneliness,loneliness,false,18,m,random
B-ecstasy-d3-v1,ecstasy,el,excitement,true,18,m,random
B-ecstasy-d3-v2,ecstasy,awe,awe,false,18,m,random
B-ecstasy-d3-v3,ecstasy,excitement,excitement,false,18,m,random
B-ecstasy-d3-v4,ecstasy,excitement,excitement,false,18,m,random
B-grief-d1-v1,grief,grief,grief,false,18,m,random
B-grief-d1-v2,grief,loneliness,loneliness,false,18,m,random
B-grief-d1-v3,grief,worry,despair,true,18,m,random
B-grief-d1-v4,grief,grief,grief,false,18,m,random
B-grief-d2-v1,grief,grief,despair,true,18,m,random
B-grief-d2-v2,grief,sadness,melancholy,true,18,m,random
B-grief-d2-v3,grief,sadness,sadness,false,18,m,random
B-grief-d2-v4,grief,sadness,sadness,false,18,m,random
B-grief-d3-v1,grief,anxiety,anxiety,false,18,m,random
B-grief-d3-v2,grief,grief,grief,false,18,m,random
B-grief-d3-v3,grief,sadness,sadness,false,18,m,random
B-grief-d3-v4,grief,grief,grief,false,18,m,random
B-loathing-d1-v1,loathing,anger,anger,false,18,m,random
B-loathing-d1-v2,loathing,anger,anger,false,18,m,random
B-loathing-d1-v3,loathing,anger,anger,false,18,m,random
B-loathing-d1-v4,loathing,anger,anger,false,18,m,random
B-loathing-d2-v1,loathing,disgust,fear,true,18,m,random
B-loathing-d2-v2,loathing,disgust,disgust,false,18,m,random
B-loathing-d2-v3,loathing,fear,fear,false,18,m,random
B-loathing-d2-v4,loathing,disgust,disgust,false,18,m,random
B-loathing-d3-v1,loathing,betrayal,betrayal,false,18,m,random
B-loathing-d3-v2,loathing,anger,anger,false,18,m,random
B-loathing-d3-v3,loathing,anger,anger,false,18,m,random
B-loathing-d3-v4,loathing,anger,anger,false,18,m,random
B-rage-d1-v1,rage,anger,anger,false,18,m,random
B-rage-d1-v2,rage,anger,anger,false,18,m,random
B-rage-d1-v3,rage,anger,anger,false,18,m,random
B-rage-d1-v4,rage,anger,anger,false,18,m,random
B-rage-d2-v1,rage,anger,anger,false,18,m,random
B-rage-d2-v2,rage,anger,anger,false,18,m,random
B-rage-d2-v3,rage,anger,anger,false,18,m,random
B-rage-d2-v4,rage,fear,fear,false,18,m,random
B-rage-d3-v1,rage,betrayal,betrayal,false,18,m,random
B-rage-d3-v2,rage,anger,fear,true,18,m,random
B-rage-d3-v3,rage,anger,anger,false,18,m,random
B-rage-d3-v4,rage,fear,fear,false,18,m,random
B-terror-d1-v1,terror,fear,fear,false,18,m,random
B-terror-d1-v2,terror,fear,fear,false,18,m,random
B-terror-d1-v3,terror,fear,fear,false,18,m,random
B-terror-d1-v4,terror,fear,fear,false,18,m,random
B-terror-d2-v1,terror,anxiety,fear,true,18,m,random
B-terror-d2-v2,terror,anxiety,anxiety,false,18,m,random
B-terror-d2-v3,terror,fear,fear,false,18,m,random
B-terror-d2-v4,terror,fear,fear,false,18,m,random
B-terror-d3-v1,terror,fear,fear,false,18,m,random
B-terror-d3-v2,terror,fear,fear,false,18,m,random
B-terror-d3-v3,terror,fear,fear,false,18,m,random
B-terror-d3-v4,terror,fear,fear,false,18,m,random
B-vigilance-d1-v1,vigilance,anxiety,anxiety,false,18,m,random
B-vigilance-d1-v2,vigilance,anxiety,anxiety,false,18,m,random
B-vigilance-d1-v3,vigilance,anxiety,anxiety,false,18,m,random
B-vigilance-d1-v4,vigilance,concern,anxiety,true,18,m,random
B-vigilance-d2-v1,vigilance,anxiety,anxiety,false,18,m,random
B-vigilance-d2-v2,vigilance,anticipation,anticipation,false,18,m,random
B-vigilance-d2-v3,vigilance,anticipation,anticipation,false,18,m,random
B-vigilance-d2-v4,vigilance,tension,tension,false,18,m,random
B-vigilance-d3-v1,vigilance,anticipation,anticipation,false,18,m,random
B-vigilance-d3-v2,vigilance,tension,tension,false,18,m,random
B-vigilance-d3-v3,vigilance,fear,fear,false,18,m,random
B-vigilance-d3-v4,vigilance,anxiety,anxiety,false,18,m,random
B-admiration-d1-v1,admiration,frustration,frustration,false,19,m,random
B-admiration-d1-v2,admiration,pride,pride,false,19,m,random
B-admiration-d1-v3,admiration,admiration,admiration,false,19,m,random
B-admiration-d1-v4,admiration,awe,awe,false,19,m,random
B-admiration-d2-v1,admiration,"",moral,true,19,m,random
B-admiration-d2-v2,admiration,sadness,sadness,false,19,m,random
B-admiration-d2-v3,admiration,"","",false,19,m,random
B-admiration-d2-v4,admiration,contentment,contentment,false,19,m,random
B-admiration-d3-v1,admiration,pride,pride,false,19,m,random
B-admiration-d3-v2,admiration,perseverance,perseverance,false,19,m,random
B-admiration-d3-v3,admiration,determination,determination,false,19,m,random
B-admiration-d3-v4,admiration,"",admiration,true,19,m,random
B-amazement-d1-v1,amazement,awe,awe,false,19,m,random
B-amazement-d1-v2,amazement,awe,awe,false,19,m,random
B-amazement-d1-v3,amazement,awe,awe,false,19,m,random
B-amazement-d1-v4,amazement,fear,fear,false,19,m,random
B-amazement-d2-v1,amazement,relief,relief,false,19,m,random
B-amazement-d2-v2,amazement,awe,awe,false,19,m,random
B-amazement-d2-v3,amazement,relief,relief,false,19,m,random
B-amazement-d2-v4,amazement,relief,relief,false,19,m,random
B-amazement-d3-v1,amazement,pride,pride,false,19,m,random
B-amazement-d3-v2,amazement,awe,awe,false,19,m,random
B-amazement-d3-v3,amazement,relief,relief,false,19,m,random
B-amazement-d3-v4,amazement,"","",false,19,m,random
B-ecstasy-d1-v1,ecstasy,overwhelming,overwhelming,false,19,m,random
B-ecstasy-d1-v2,ecstasy,despair,despair,false,19,m,random
B-ecstasy-d1-v3,ecstasy,relief,relief,false,19,m,random
B-ecstasy-d1-v4,ecstasy,pride,pride,false,19,m,random
B-ecstasy-d2-v1,ecstasy,anticipation,anticipation,false,19,m,random
B-ecstasy-d2-v2,ecstasy,relief,relief,false,19,m,random
B-ecstasy-d2-v3,ecstasy,complex,complex,false,19,m,random
B-ecstasy-d2-v4,ecstasy,loneliness,loneliness,false,19,m,random
B-ecstasy-d3-v1,ecstasy,el,el,false,19,m,random
B-ecstasy-d3-v2,ecstasy,awe,awe,false,19,m,random
B-ecstasy-d3-v3,ecstasy,excitement,excitement,false,19,m,random
B-ecstasy-d3-v4,ecstasy,excitement,excitement,false,19,m,random
B-grief-d1-v1,grief,grief,grief,false,19,m,random
B-grief-d1-v2,grief,loneliness,loneliness,false,19,m,random
B-grief-d1-v3,grief,worry,despair,true,19,m,random
B-grief-d1-v4,grief,grief,grief,false,19,m,random
B-grief-d2-v1,grief,grief,despair,true,19,m,random
B-grief-d2-v2,grief,sadness,sadness,false,19,m,random
B-grief-d2-v3,grief,sadness,grief,true,19,m,random
B-grief-d2-v4,grief,sadness,sadness,false,19,m,random
B-grief-d3-v1,grief,anxiety,anxiety,false,19,m,random
B-grief-d3-v2,grief,grief,grief,false,19,m,random
B-grief-d3-v3,grief,sadness,sadness,false,19,m,random
B-grief-d3-v4,grief,grief,grief,false,19,m,random
B-loathing-d1-v1,loathing,anger,anger,false,19,m,random
B-loathing-d1-v2,loathing,anger,anger,false,19,m,random
B-loathing-d1-v3,loathing,anger,anger,false,19,m,random
B-loathing-d1-v4,loathing,anger,anger,false,19,m,random
B-loathing-d2-v1,loathing,disgust,fear,true,19,m,random
B-loathing-d2-v2,loathing,disgust,disgust,false,19,m,random
B-loathing-d2-v3,loathing,fear,fear,false,19,m,random
B-loathing-d2-v4,loathing,disgust,disgust,false,19,m,random
B-loathing-d3-v1,loathing,betrayal,betrayal,false,19,m,random
B-loathing-d3-v2,loathing,anger,anger,false,19,m,random
B-loathing-d3-v3,loathing,anger,anger,false,19,m,random
B-loathing-d3-v4,loathing,anger,anger,false,19,m,random
B-rage-d1-v1,rage,anger,anger,false,19,m,random
B-rage-d1-v2,rage,anger,anger,false,19,m,random
B-rage-d1-v3,rage,anger,anger,false,19,m,random
B-rage-d1-v4,rage,anger,anger,false,19,m,random
B-rage-d2-v1,rage,anger,anger,false,19,m,random
B-rage-d2-v2,rage,anger,anger,false,19,m,random
B-rage-d2-v3,rage,anger,anger,false,19,m,random
B-rage-d2-v4,rage,fear,fear,false,19,m,random
B-rage-d3-v1,rage,betrayal,betrayal,false,19,m,random
B-rage-d3-v2,rage,anger,fear,true,19,m,random
B-rage-d3-v3,rage,anger,anger,false,19,m,random
B-rage-d3-v4,rage,fear,fear,false,19,m,random
B-terror-d1-v1,terror,fear,fear,false,19,m,random
B-terror-d1-v2,terror,fear,fear,false,19,m,random
B-terror-d1-v3,terror,fear,fear,false,19,m,random
B-terror-d1-v4,terror,fear,fear,false,19,m,random
B-terror-d2-v1,terror,anxiety,fear,true,19,m,random
B-terror-d2-v2,terror,anxiety,anxiety,false,19,m,random
B-terror-d2-v3,terror,fear,fear,false,19,m,random
B-terror-d2-v4,terror,fear,fear,false,19,m,random
B-terror-d3-v1,terror,fear,fear,false,19,m,random
B-terror-d3-v2,terror,fear,fear,false,19,m,random
B-terror-d3-v3,terror,fear,fear,false,19,m,random
B-terror-d3-v4,terror,fear,fear,false,19,m,random
B-vigilance-d1-v1,vigilance,anxiety,anxiety,false,19,m,random
B-vigilance-d1-v2,vigilance,anxiety,anxiety,false,19,m,random
B-vigilance-d1-v3,vigilance,anxiety,anxiety,false,19,m,random
B-vigilance-d1-v4,vigilance,concern,concern,false,19,m,random
B-vigilance-d2-v1,vigilance,anxiety,anxiety,false,19,m,random
B-vigilance-d2-v2,vigilance,anticipation,anticipation,false,19,m,random
B-vigilance-d2-v3,vigilance,anticipation,anticipation,false,19,m,random
B-vigilance-d2-v4,vigilance,tension,tension,false,19,m,random
B-vigilance-d3-v1,vigilance,anticipation,anticipation,false,19,m,random
B-vigilance-d3-v2,vigilance,tension,tension,false,19,m,random
B-vigilance-d3-v3,vigilance,fear,fear,false,19,m,random
B-vigilance-d3-v4,vigilance,anxiety,anxiety,false,19,m,random
B-admiration-d1-v1,admiration,frustration,frustration,false,20,m,random
B-admiration-d1-v2,admiration,pride,pride,false,20,m,random
B-admiration-d1-v3,admiration,admiration,admiration,false,20,m,random
B-admiration-d1-v4,admiration,awe,awe,false,20,m,random
B-admiration-d2-v1,admiration,"","",false,20,m,random
B-admiration-d2-v2,admiration,sadness,sadness,false,20,m,random
B-admiration-d2-v3,admiration,"",guilt,true,20,m,random
B-admiration-d2-v4,admiration,contentment,contentment,false,20,m,random
B-admiration-d3-v1,admiration,pride,pride,false,20,m,random
B-admiration-d3-v2,admiration,perseverance,perseverance,false,20,m,random
B-admiration-d3-v3,admiration,determination,determination,false,20,m,random
B-admiration-d3-v4,admiration,"",admiration,true,20,m,random
B-amazement-d1-v1,amazement,awe,awe,false,20,m,random
B-amazement-d1-v2,amazement,awe,awe,false,20,m,random
B-amazement-d1-v3,amazement,awe,awe,false,20,m,random
B-amazement-d1-v4,amazement,fear,fear,false,20,m,random
B-amazement-d2-v1,amazement,relief,relief,false,20,m,random
B-amazement-d2-v2,amazement,awe,awe,false,20,m,random
B-amazement-d2-v3,amazement,relief,relief,false,20,m,random
B-amazement-d2-v4,amazement,relief,relief,false,20,m,random
B-amazement-d3-v1,amazement,pride,pride,false,20,m,random
B-amazement-d3-v2,amazement,awe,awe,false,20,m,random
B-amazement-d3-v3,amazement,relief,relief,false,20,m,random
B-amazement-d3-v4,amazement,"","",false,20,m,random
B-ecstasy-d1-v1,ecstasy,overwhelming,relief,true,20,m,random
B-ecstasy-d1-v2,ecstasy,despair,despair,false,20,m,random
B-ecstasy-d1-v3,ecstasy,relief,relief,false,20,m,random
B-ecstasy-d1-v4,ecstasy,pride,pride,false,20,m,random
B-ecstasy-d2-v1,ecstasy,anticipation,joy,true,20,m,random
B-ecstasy-d2-v2,ecstasy,relief,relief,false,20,m,random
B-ecstasy-d2-v3,ecstasy,complex,complex,false,20,m,random
B-ecstasy-d2-v4,ecstasy,loneliness,loneliness,false,20,m,random
B-ecstasy-d3-v1,ecstasy,el,excitement,true,20,m,random
B-ecstasy-d3-v2,ecstasy,awe,awe,false,20,m,random
B-ecstasy-d3-v3,ecstasy,excitement,excitement,false,20,m,random
B-ecstasy-d3-v4,ecstasy,excitement,excitement,false,20,m,random
B-grief-d1-v1,grief,grief,grief,false,20,m,random
B-grief-d1-v2,grief,loneliness,loneliness,false,20,m,random
B-grief-d1-v3,grief,worry,worry,false,20,m,random
B-grief-d1-v4,grief,grief,grief,false,20,m,random
B-grief-d2-v1,grief,grief,grief,false,20,m,random
B-grief-d2-v2,grief,sadness,melancholy,true,20,m,random
B-grief-d2-v3,grief,sadness,sadness,false,20,m,random
B-grief-d2-v4,grief,sadness,sadness,false,20,m,random
B-grief-d3-v1,grief,anxiety,anxiety,false,20,m,random
B-grief-d3-v2,grief,grief,grief,false,20,m,random
B-grief-d3-v3,grief,sadness,sadness,false,20,m,random
B-grief-d3-v4,grief,grief,grief,false,20,m,random
B-loathing-d1-v1,loathing,anger,anger,false,20,m,random
B-loathing-d1-v2,loathing,anger,anger,false,20,m,random
B-loathing-d1-v3,loathing,anger,anger,false,20,m,random
B-loathing-d1-v4,loathing,anger,anger,false,20,m,random
B-loathing-d2-v1,loathing,disgust,fear,true,20,m,random
B-loathing-d2-v2,loathing,disgust,disgust,false,20,m,random
B-loathing-d2-v3,loathing,fear,fear,false,20,m,random
B-loathing-d2-v4,loathing,disgust,disgust,false,20,m,random
B-loathing-d3-v1,loathing,betrayal,betrayal,false,20,m,random
B-loathing-d3-v2,loathing,anger,anger,false,20,m,random
B-loathing-d3-v3,loathing,anger,disgust,true,20,m,random
B-loathing-d3-v4,loathing,anger,anger,false,20,m,random
B-rage-d1-v1,rage,anger,anger,false,20,m,random
B-rage-d1-v2,rage,anger,anger,false,20,m,random
B-rage-d1-v3,rage,anger,anger,false,20,m,random
B-rage-d1-v4,rage,anger,anger,false,20,m,random
B-rage-d2-v1,rage,anger,anger,false,20,m,random
B-rage-d2-v2,rage,anger,anger,false,20,m,random
B-rage-d2-v3,rage,anger,anger,false,20,m,random
B-rage-d2-v4,rage,fear,fear,false,20,m,random
B-rage-d3-v1,rage,betrayal,betrayal,false,20,m,random
B-rage-d3-v2,rage,anger,anger,false,20,m,random
B-rage-d3-v3,rage,anger,anger,false,20,m,random
B-rage-d3-v4,rage,fear,fear,false,20,m,random
B-terror-d1-v1,terror,fear,fear,false,20,m,random
B-terror-d1-v2,terror,fear,fear,false,20,m,random
B-terror-d1-v3,terror,fear,fear,false,20,m,random
B-terror-d1-v4,terror,fear,fear,false,20,m,random
B-terror-d2-v1,terror,anxiety,anxiety,false,20,m,random
B-terror-d2-v2,terror,anxiety,anxiety,false,20,m,random
B-terror-d2-v3,terror,fear,fear,false,20,m,random
B-terror-d2-v4,terror,fear,fear,false,20,m,random
B-terror-d3-v1,terror,fear,fear,false,20,m,random
B-terror-d3-v2,terror,fear,fear,false,20,m,random
B-terror-d3-v3,terror,fear,fear,false,20,m,random
B-terror-d3-v4,terror,fear,fear,false,20,m,random
B-vigilance-d1-v1,vigilance,anxiety,anxiety,false,20,m,random
B-vigilance-d1-v2,vigilance,anxiety,anxiety,false,20,m,random
B-vigilance-d1-v3,vigilance,anxiety,anxiety,false,20,m,random
B-vigilance-d1-v4,vigilance,concern,concern,false,20,m,random
B-vigilance-d2-v1,vigilance,anxiety,anxiety,false,20,m,random
B-vigilance-d2-v2,vigilance,anticipation,anticipation,false,20,m,random
B-vigilance-d2-v3,vigilance,anticipation,anticipation,false,20,m,random
B-vigilance-d2-v4,vigilance,tension,tension,false,20,m,random
B-vigilance-d3-v1,vigilance,anticipation,anticipation,false,20,m,random
B-vigilance-d3-v2,vigilance,tension,tension,false,20,m,random
B-vigilance-d3-v3,vigilance,fear,fear,false,20,m,random
B-vigilance-d3-v4,vigilance,anxiety,anxiety,false,20,m,random
B-admiration-d1-v1,admiration,frustration,awe,true,21,m,random
B-admiration-d1-v2,admiration,pride,pride,false,21,m,random
B-admiration-d1-v3,admiration,admiration,respect,true,21,m,random
B-admiration-d1-v4,admiration,awe,awe,false,21,m,random
B-admiration-d2-v1,admiration,"","",false,21,m,random
B-admiration-d2-v2,admiration,sadness,sadness,false,21,m,random
B-admiration-d2-v3,admiration,"","",false,21,m,random
B-admiration-d2-v4,admiration,contentment,contentment,false,21,m,random
B-admiration-d3-v1,admiration,pride,pride,false,21,m,random
B-admiration-d3-v2,admiration,perseverance,perseverance,false,21,m,random
B-admiration-d3-v3,admiration,determination,determination,false,21,m,random
B-admiration-d3-v4,admiration,"","",false,21,m,random
B-amazement-d1-v1,amazement,awe,awe,false,21,m,random
B-amazement-d1-v2,amazement,awe,awe,false,21,m,random
B-amazement-d1-v3,amazement,awe,awe,false,21,m,random
B-amazement-d1-v4,amazement,fear,fear,false,21,m,random
B-amazement-d2-v1,amazement,relief,relief,false,21,m,random
B-amazement-d2-v2,amazement,awe,awe,false,21,m,random
B-amazement-d2-v3,amazement,relief,relief,false,21,m,random
B-amazement-d2-v4,amazement,relief,relief,false,21,m,random
B-amazement-d3-v1,amazement,pride,pride,false,21,m,random
B-amazement-d3-v2,amazement,awe,awe,false,21,m,random
B-amazement-d3-v3,amazement,relief,relief,false,21,m,random
B-amazement-d3-v4,amazement,"","",false,21,m,random
B-ecstasy-d1-v1,ecstasy,overwhelming,overwhelming,false,21,m,random
B-ecstasy-d1-v2,ecstasy,despair,despair,false,21,m,random
B-ecstasy-d1-v3,ecstasy,relief,relief,false,21,m,random
B-ecstasy-d1-v4,ecstasy,pride,pride,false,21,m,random
B-ecstasy-d2-v1,ecstasy,anticipation,joy,true,21,m,random
B-ecstasy-d2-v2,ecstasy,relief,relief,false,21,m,random
B-ecstasy-d2-v3,ecstasy,complex,A,true,21,m,random
B-ecstasy-d2-v4,ecstasy,loneliness,loneliness,false,21,m,random
B-ecstasy-d3-v1,ecstasy,el,el,false,21,m,random
B-ecstasy-d3-v2,ecstasy,awe,awe,false,21,m,random
B-ecstasy-d3-v3,ecstasy,excitement,excitement,false,21,m,random
B-ecstasy-d3-v4,ecstasy,excitement,excitement,false,21,m,random
B-grief-d1-v1,grief,grief,grief,false,21,m,random
B-grief-d1-v2,grief,loneliness,apathy,true,21,m,random
B-grief-d1-v3,grief,worry,worry,false,21,m,random
B-grief-d1-v4,grief,grief,grief,false,21,m,random
B-grief-d2-v1,grief,grief,grief,false,21,m,random
B-grief-d2-v2,grief,sadness,melancholy,true,21,m,random
B-grief-d2-v3,grief,sadness,sadness,false,21,m,random
B-grief-d2-v4,grief,sadness,sadness,false,21,m,random
B-grief-d3-v1,grief,anxiety,anxiety,false,21,m,random
B-grief-d3-v2,grief,grief,grief,false,21,m,random
B-grief-d3-v3,grief,sadness,sadness,false,21,m,random
B-grief-d3-v4,grief,grief,grief,false,21,m,random
B-loathing-d1-v1,loathing,anger,anger,false,21,m,random
B-loathing-d1-v2,loathing,anger,anger,false,21,m,random
B-loathing-d1-v3,loathing,anger,anger,false,21,m,random
B-loathing-d1-v4,loathing,anger,anger,false,21,m,random
B-loathing-d2-v1,loathing,disgust,disgust,false,21,m,random
B-loathing-d2-v2,loathing,disgust,disgust,false,21,m,random
B-loathing-d2-v3,loathing,fear,fear,false,21,m,random
B-loathing-d2-v4,loathing,disgust,disgust,false,21,m,random
B-loathing-d3-v1,loathing,betrayal,betrayal,false,21,m,random
B-loathing-d3-v2,loathing,anger,anger,false,21,m,random
B-loathing-d3-v3,loathing,anger,anger,false,21,m,random
B-loathing-d3-v4,loathing,anger,anger,false,21,m,random
B-rage-d1-v1,rage,anger,anger,false,21,m,random
B-rage-d1-v2,rage,anger,anger,false,21,m,random
B-rage-d1-v3,rage,anger,anger,false,21,m,random
B-rage-d1-v4,rage,anger,anger,false,21,m,random
B-rage-d2-v1,rage,anger,anger,false,21,m,random
B-rage-d2-v2,rage,anger,anger,false,21,m,random
B-rage-d2-v3,rage,anger,anger,false,21,m,random
B-rage-d2-v4,rage,fear,fear,false,21,m,random
B-rage-d3-v1,rage,betrayal,anger,true,21,m,random
B-rage-d3-v2,rage,anger,anger,false,21,m,random
B-rage-d3-v3,rage,anger,anger,false,21,m,random
B-rage-d3-v4,rage,fear,anger,true,21,m,random
B-terror-d1-v1,terror,fear,fear,false,21,m,random
B-terror-d1-v2,terror,fear,fear,false,21,m,random
B-terror-d1-v3,terror,fear,fear,false,21,m,random
B-terror-d1-v4,terror,fear,fear,false,21,m,random
B-terror-d2-v1,terror,anxiety,anxiety,false,21,m,random
B-terror-d2-v2,terror,anxiety,anxiety,false,21,m,random
B-terror-d2-v3,terror,fear,fear,false,21,m,random
B-terror-d2-v4,terror,fear,fear,false,21,m,random
B-terror-d3-v1,terror,fear,fear,false,21,m,random
B-terror-d3-v2,terror,fear,fear,false,21,m,random
B-terror-d3-v3,terror,fear,fear,false,21,m,random
B-terror-d3-v4,terror,fear,fear,false,21,m,random
B-vigilance-d1-v1,vigilance,anxiety,anxiety,false,21,m,random
B-vigilance-d1-v2,vigilance,anxiety,anxiety,false,21,m,random
B-vigilance-d1-v3,vigilance,anxiety,anxiety,false,21,m,random
B-vigilance-d1-v4,vigilance,concern,concern,false,21,m,random
B-vigilance-d2-v1,vigilance,anxiety,anxiety,false,21,m,random
B-vigilance-d2-v2,vigilance,anticipation,anticipation,false,21,m,random
B-vigilance-d2-v3,vigilance,anticipation,anticipation,false,21,m,random
B-vigilance-d2-v4,vigilance,tension,tension,false,21,m,random
B-vigilance-d3-v1,vigilance,anticipation,anticipation,false,21,m,random
B-vigilance-d3-v2,vigilance,tension,tension,false,21,m,random
B-vigilance-d3-v3,vigilance,fear,fear,false,21,m,random
B-vigilance-d3-v4,vigilance,anxiety,anxiety,false,21,m,random
B-admiration-d1-v1,admiration,frustration,awe,true,22,m,random
B-admiration-d1-v2,admiration,pride,pride,false,22,m,random
B-admiration-d1-v3,admiration,admiration,admiration,false,22,m,random
B-admiration-d1-v4,admiration,awe,awe,false,22,m,random
B-admiration-d2-v1,admiration,"","",false,22,m,random
B-admiration-d2-v2,admiration,sadness,sadness,false,22,m,random
B-admiration-d2-v3,admiration,"",guilt,true,22,m,random
B-admiration-d2-v4,admiration,contentment,contentment,false,22,m,random
B-admiration-d3-v1,admiration,pride,pride,false,22,m,random
B-admiration-d3-v2,admiration,perseverance,relief,true,22,m,random
B-admiration-d3-v3,admiration,determination,determination,false,22,m,random
B-admiration-d3-v4,admiration,"","",false,22,m,random
B-amazement-d1-v1,amazement,awe,awe,false,22,m,random
B-amazement-d1-v2,amazement,awe,awe,false,22,m,random
B-amazement-d1-v3,amazement,awe,awe,false,22,m,random
B-amazement-d1-v4,amazement,fear,fear,false,22,m,random
B-amazement-d2-v1,amazement,relief,relief,false,22,m,random
B-amazement-d2-v2,amazement,awe,awe,false,22,m,random
B-amazement-d2-v3,amazement,relief,relief,false,22,m,random
B-amazement-d2-v4,amazement,relief,relief,false,22,m,random
B-amazement-d3-v1,amazement,pride,pride,false,22,m,random
B-amazement-d3-v2,amazement,awe,awe,false,22,m,random
B-amazement-d3-v3,amazement,relief,relief,false,22,m,random
B-amazement-d3-v4,amazement,"","",false,22,m,random
B-ecstasy-d1-v1,ecstasy,overwhelming,overwhelming,false,22,m,random
B-ecstasy-d1-v2,ecstasy,despair,despair,false,22,m,random
B-ecstasy-d1-v3,ecstasy,relief,relief,false,22,m,random
B-ecstasy-d1-v4,ecstasy,pride,pride,false,22,m,random
B-ecstasy-d2-v1,ecstasy,anticipation,joy,true,22,m,random
B-ecstasy-d2-v2,ecstasy,relief,relief,false,22,m,random
B-ecstasy-d2-v3,ecstasy,complex,"",true,22,m,random
B-ecstasy-d2-v4,ecstasy,loneliness,loneliness,false,22,m,random
B-ecstasy-d3-v1,ecstasy,el,el,false,22,m,random
B-ecstasy-d3-v2,ecstasy,awe,awe,false,22,m,random
B-ecstasy-d3-v3,ecstasy,excitement,excitement,false,22,m,random
B-ecstasy-d3-v4,ecstasy,excitement,excitement,false,22,m,random
B-grief-d1-v1,grief,grief,grief,false,22,m,random
B-grief-d1-v2,grief,loneliness,loneliness,false,22,m,random
B-grief-d1-v3,grief,worry,worry,false,22,m,random
B-grief-d1-v4,grief,grief,grief,false,22,m,random
B-grief-d2-v1,grief,grief,despair,true,22,m,random
B-grief-d2-v2,grief,sadness,sadness,false,22,m,random
B-grief-d2-v3,grief,sadness,sadness,false,22,m,random
B-grief-d2-v4,grief,sadness,sadness,false,22,m,random
B-grief-d3-v1,grief,anxiety,anxiety,false,22,m,random
B-grief-d3-v2,grief,grief,grief,false,22,m,random
B-grief-d3-v3,grief,sadness,sadness,false,22,m,random
B-grief-d3-v4,grief,grief,grief,false,22,m,random
B-loathing-d1-v1,loathing,anger,anger,false,22,m,random
B-loathing-d1-v2,loathing,anger,anger,false,22,m,random
B-loathing-d1-v3,loathing,anger,anger,false,22,m,random
B-loathing-d1-v4,loathing,anger,anger,false,22,m,random
B-loathing-d2-v1,loathing,disgust,fear,true,22,m,random
B-loathing-d2-v2,loathing,disgust,disgust,false,22,m,random
B-loathing-d2-v3,loathing,fear,fear,false,22,m,random
B-loathing-d2-v4,loathing,disgust,disgust,false,22,m,random
B-loathing-d3-v1,loathing,betrayal,betrayal,false,22,m,random
B-loathing-d3-v2,loathing,anger,anger,false,22,m,random
B-loathing-d3-v3,loathing,anger,disgust,true,22,m,random
B-loathing-d3-v4,loathing,anger,anger,false,22,m,random
B-rage-d1-v1,rage,anger,anger,false,22,m,random
B-rage-d1-v2,rage,anger,anger,false,22,m,random
B-rage-d1-v3,rage,anger,anger,false,22,m,random
B-rage-d1-v4,rage,anger,anger,false,22,m,random
B-rage-d2-v1,rage,anger,anger,false,22,m,random
B-rage-d2-v2,rage,anger,anger,false,22,m,random
B-rage-d2-v3,rage,anger,anger,false,22,m,random
B-rage-d2-v4,rage,fear,fear,false,22,m,random
B-rage-d3-v1,rage,betrayal,betrayal,false,22,m,random
B-rage-d3-v2,rage,anger,anger,false,22,m,random
B-rage-d3-v3,rage,anger,anger,false,22,m,random
B-rage-d3-v4,rage,fear,fear,false,22,m,random
B-terror-d1-v1,terror,fear,fear,false,22,m,random
B-terror-d1-v2,terror,fear,fear,false,22,m,random
B-terror-d1-v3,terror,fear,fear,false,22,m,random
B-terror-d1-v4,terror,fear,fear,false,22,m,random
B-terror-d2-v1,terror,anxiety,anxiety,false,22,m,random
B-terror-d2-v2,terror,anxiety,anxiety,false,22,m,random
B-terror-d2-v3,terror,fear,fear,false,22,m,random
B-terror-d2-v4,terror,fear,fear,false,22,m,random
B-terror-d3-v1,terror,fear,fear,false,22,m,random
B-terror-d3-v2,terror,fear,fear,false,22,m,random
B-terror-d3-v3,terror,fear,fear,false,22,m,random
B-terror-d3-v4,terror,fear,fear,false,22,m,random
B-vigilance-d1-v1,vigilance,anxiety,anxiety,false,22,m,random
B-vigilance-d1-v2,vigilance,anxiety,anxiety,false,22,m,random
B-vigilance-d1-v3,vigilance,anxiety,anxiety,false,22,m,random
B-vigilance-d1-v4,vigilance,concern,concern,false,22,m,random
B-vigilance-d2-v1,vigilance,anxiety,anxiety,false,22,m,random
B-vigilance-d2-v2,vigilance,anticipation,anticipation,false,22,m,random
B-vigilance-d2-v3,vigilance,anticipation,anticipation,false,22,m,random
B-vigilance-d2-v4,vigilance,tension,tension,false,22,m,random
B-vigilance-d3-v1,vigilance,anticipation,tension,true,22,m,random
B-vigilance-d3-v2,vigilance,tension,tension,false,22,m,random
B-vigilance-d3-v3,vigilance,fear,fear,false,22,m,random
B-vigilance-d3-v4,vigilance,anxiety,anxiety,false,22,m,random
B-admiration-d1-v1,admiration,frustration,frustration,false,23,m,random
B-admiration-d1-v2,admiration,pride,"",true,23,m,random
B-admiration-d1-v3,admiration,admiration,admiration,false,23,m,random
B-admiration-d1-v4,admiration,awe,awe,false,23,m,random
B-admiration-d2-v1,admiration,"","",false,23,m,random
B-admiration-d2-v2,admiration,sadness,sadness,false,23,m,random
B-admiration-d2-v3,admiration,"","",false,23,m,random
B-admiration-d2-v4,admiration,contentment,contentment,false,23,m,random
B-admiration-d3-v1,admiration,pride,pride,false,23,m,random
B-admiration-d3-v2,admiration,perseverance,perseverance,false,23,m,random
B-admiration-d3-v3,admiration,determination,determination,false,23,m,random
B-admiration-d3-v4,admiration,"",empathy,true,23,m,random
B-amazement-d1-v1,amazement,awe,awe,false,23,m,random
B-amazement-d1-v2,amazement,awe,awe,false,23,m,random
B-amazement-d1-v3,amazement,awe,awe,false,23,m,random
B-amazement-d1-v4,amazement,fear,fear,false,23,m,random
B-amazement-d2-v1,amazement,relief,relief,false,23,m,random
B-amazement-d2-v2,amazement,awe,awe,false,23,m,random
B-amazement-d2-v3,amazement,relief,relief,false,23,m,random
B-amazement-d2-v4,amazement,relief,relief,false,23,m,random
B-amazement-d3-v1,amazement,pride,pride,false,23,m,random
B-amazement-d3-v2,amazement,awe,awe,false,23,m,random
B-amazement-d3-v3,amazement,relief,relief,false,23,m,random
B-amazement-d3-v4,amazement,"","",false,23,m,random
B-ecstasy-d1-v1,ecstasy,overwhelming,overwhelming,false,23,m,random
B-ecstasy-d1-v2,ecstasy,despair,despair,false,23,m,random
B-ecstasy-d1-v3,ecstasy,relief,pride,true,23,m,random
B-ecstasy-d1-v4,ecstasy,pride,pride,false,23,m,random
B-ecstasy-d2-v1,ecstasy,anticipation,joy,true,23,m,random
B-ecstasy-d2-v2,ecstasy,relief,relief,false,23,m,random
B-ecstasy-d2-v3,ecstasy,complex,complex,false,23,m,random
B-ecstasy-d2-v4,ecstasy,loneliness,relief,true,23,m,random
B-ecstasy-d3-v1,ecstasy,el,excitement,true,23,m,random
B-ecstasy-d3-v2,ecstasy,awe,awe,false,23,m,random
B-ecstasy-d3-v3,ecstasy,excitement,excitement,false,23,m,random
B-ecstasy-d3-v4,ecstasy,excitement,excitement,false,23,m,random
B-grief-d1-v1,grief,grief,grief,false,23,m,random
B-grief-d1-v2,grief,loneliness,loneliness,false,23,m,random
B-grief-d1-v3,grief,worry,worry,false,23,m,random
B-grief-d1-v4,grief,grief,grief,false,23,m,random
B-grief-d2-v1,grief,grief,grief,false,23,m,random
B-grief-d2-v2,grief,sadness,sadness,false,23,m,random
B-grief-d2-v3,grief,sadness,melancholy,true,23,m,random
B-grief-d2-v4,grief,sadness,sadness,false,23,m,random
B-grief-d3-v1,grief,anxiety,anxiety,false,23,m,random
B-grief-d3-v2,grief,grief,grief,false,23,m,random
B-grief-d3-v3,grief,sadness,sadness,false,23,m,random
B-grief-d3-v4,grief,grief,grief,false,23,m,random
B-loathing-d1-v1,loathing,anger,anger,false,23,m,random
B-loathing-d1-v2,loathing,anger,anger,false,23,m,random
B-loathing-d1-v3,loathing,anger,anger,false,23,m,random
B-loathing-d1-v4,loathing,anger,anger,false,23,m,random
B-loathing-d2-v1,loathing,disgust,fear,true,23,m,random
B-loathing-d2-v2,loathing,disgust,disgust,false,23,m,random
B-loathing-d2-v3,loathing,fear,fear,false,23,m,random
B-loathing-d2-v4,loathing,disgust,disgust,false,23,m,random
B-loathing-d3-v1,loathing,betrayal,anger,true,23,m,random
B-loathing-d3-v2,loathing,anger,anger,false,23,m,random
B-loathing-d3-v3,loathing,anger,disgust,true,23,m,random
B-loathing-d3-v4,loathing,anger,anger,false,23,m,random
B-rage-d1-v1,rage,anger,anger,false,23,m,random
B-rage-d1-v2,rage,anger,anger,false,23,m,random
B-rage-d1-v3,rage,anger,anger,false,23,m,random
B-rage-d1-v4,rage,anger,anger,false,23,m,random
B-rage-d2-v1,rage,anger,anger,false,23,m,random
B-rage-d2-v2,rage,anger,anger,false,23,m,random
B-rage-d2-v3,rage,anger,anger,false,23,m,random
B-rage-d2-v4,rage,fear,fear,false,23,m,random
B-rage-d3-v1,rage,betrayal,betrayal,false,23,m,random
B-rage-d3-v2,rage,anger,anger,false,23,m,random
B-rage-d3-v3,rage,anger,anger,false,23,m,random
B-rage-d3-v4,rage,fear,anger,true,23,m,random
B-terror-d1-v1,terror,fear,fear,false,23,m,random
B-terror-d1-v2,terror,fear,fear,false,23,m,random
B-terror-d1-v3,terror,fear,fear,false,23,m,random
B-terror-d1-v4,terror,fear,fear,false,23,m,random
B-terror-d2-v1,terror,anxiety,anxiety,false,23,m,random
B-terror-d2-v2,terror,anxiety,anxiety,false,23,m,random
B-terror-d2-v3,terror,fear,fear,false,23,m,random
B-terror-d2-v4,terror,fear,fear,false,23,m,random
B-terror-d3-v1,terror,fear,fear,false,23,m,random
B-terror-d3-v2,terror,fear,anxiety,true,23,m,random
B-terror-d3-v3,terror,fear,fear,false,23,m,random
B-terror-d3-v4,terror,fear,fear,false,23,m,random
B-vigilance-d1-v1,vigilance,anxiety,anxiety,false,23,m,random
B-vigilance-d1-v2,vigilance,anxiety,anxiety,false,23,m,random
B-vigilance-d1-v3,vigilance,anxiety,anxiety,false,23,m,random
B-vigilance-d1-v4,vigilance,concern,anxiety,true,23,m,random
B-vigilance-d2-v1,vigilance,anxiety,anxiety,false,23,m,random
B-vigilance-d2-v2,vigilance,anticipation,anticipation,false,23,m,random
B-vigilance-d2-v3,vigilance,anticipation,anticipation,false,23,m,random
B-vigilance-d2-v4,vigilance,tension,tension,false,23,m,random
B-vigilance-d3-v1,vigilance,anticipation,anticipation,false,23,m,random
B-vigilance-d3-v2,vigilance,tension,tension,false,23,m,random
B-vigilance-d3-v3,vigilance,fear,fear,false,23,m,random
B-vigilance-d3-v4,vigilance,anxiety,anxiety,false,23,m,random
B-admiration-d1-v1,admiration,frustration,frustration,false,24,m,random
B-admiration-d1-v2,admiration,pride,pride,false,24,m,random
B-admiration-d1-v3,admiration,admiration,admiration,false,24,m,random
B-admiration-d1-v4,admiration,awe,awe,false,24,m,random
B-admiration-d2-v1,admiration,"","",false,24,m,random
B-admiration-d2-v2,admiration,sadness,sadness,false,24,m,random
B-admiration-d2-v3,admiration,"",guilt,true,24,m,random
B-admiration-d2-v4,admiration,contentment,contentment,false,24,m,random
B-admiration-d3-v1,admiration,pride,pride,false,24,m,random
B-admiration-d3-v2,admiration,perseverance,perseverance,false,24,m,random
B-admiration-d3-v3,admiration,determination,determination,false,24,m,random
B-admiration-d3-v4,admiration,"",empathy,true,24,m,random
B-amazement-d1-v1,amazement,awe,awe,false,24,m,random
B-amazement-d1-v2,amazement,awe,awe,false,24,m,random
B-amazement-d1-v3,amazement,awe,awe,false,24,m,random
B-amazement-d1-v4,amazement,fear,fear,false,24,m,random
B-amazement-d2-v1,amazement,relief,relief,false,24,m,random
B-amazement-d2-v2,amazement,awe,awe,false,24,m,random
B-amazement-d2-v3,amazement,relief,relief,false,24,m,random
B-amazement-d2-v4,amazement,relief,relief,false,24,m,random
B-amazement-d3-v1,amazement,pride,pride,false,24,m,random
B-amazement-d3-v2,amazement,awe,awe,false,24,m,random
B-amazement-d3-v3,amazement,relief,relief,false,24,m,random
B-amazement-d3-v4,amazement,"","",false,24,m,random
B-ecstasy-d1-v1,ecstasy,overwhelming,relief,true,24,m,random
B-ecstasy-d1-v2,ecstasy,despair,shock,true,24,m,random
B-ecstasy-d1-v3,ecstasy,relief,pride,true,24,m,random
B-ecstasy-d1-v4,ecstasy,pride,pride,false,24,m,random
B-ecstasy-d2-v1,ecstasy,anticipation,joy,true,24,m,random
B-ecstasy-d2-v2,ecstasy,relief,relief,false,24,m,random
B-ecstasy-d2-v3,ecstasy,complex,complex,false,24,m,random
B-ecstasy-d2-v4,ecstasy,loneliness,loneliness,false,24,m,random
B-ecstasy-d3-v1,ecstasy,el,el,false,24,m,random
B-ecstasy-d3-v2,ecstasy,awe,awe,false,24,m,random
B-ecstasy-d3-v3,ecstasy,excitement,excitement,false,24,m,random
B-ecstasy-d3-v4,ecstasy,excitement,excitement,false,24,m,random
B-grief-d1-v1,grief,grief,grief,false,24,m,random
B-grief-d1-v2,grief,loneliness,loneliness,false,24,m,random
B-grief-d1-v3,grief,worry,worry,false,24,m,random
B-grief-d1-v4,grief,grief,grief,false,24,m,random
B-grief-d2-v1,grief,grief,grief,false,24,m,random
B-grief-d2-v2,grief,sadness,sadness,false,24,m,random
B-grief-d2-v3,grief,sadness,melancholy,true,24,m,random
B-grief-d2-v4,grief,sadness,sadness,false,24,m,random
B-grief-d3-v1,grief,anxiety,anxiety,false,24,m,random
B-grief-d3-v2,grief,grief,grief,false,24,m,random
B-grief-d3-v3,grief,sadness,sadness,false,24,m,random
B-grief-d3-v4,grief,grief,grief,false,24,m,random
B-loathing-d1-v1,loathing,anger,anger,false,24,m,random
B-loathing-d1-v2,loathing,anger,anger,false,24,m,random
B-loathing-d1-v3,loathing,anger,anger,false,24,m,random
B-loathing-d1-v4,loathing,anger,anger,false,24,m,random
B-loathing-d2-v1,loathing,disgust,disgust,false,24,m,random
B-loathing-d2-v2,loathing,disgust,disgust,false,24,m,random
B-loathing-d2-v3,loathing,fear,fear,false,24,m,random
B-loathing-d2-v4,loathing,disgust,disgust,false,24,m,random
B-loathing-d3-v1,loathing,betrayal,betrayal,false,24,m,random
B-loathing-d3-v2,loathing,anger,anger,false,24,m,random
B-loathing-d3-v3,loathing,anger,anger,false,24,m,random
B-loathing-d3-v4,loathing,anger,anger,false,24,m,random
B-rage-d1-v1,rage,anger,anger,false,24,m,random
B-rage-d1-v2,rage,anger,anger,false,24,m,random
B-rage-d1-v3,rage,anger,anger,false,24,m,random
B-rage-d1-v4,rage,anger,anger,false,24,m,random
B-rage-d2-v1,rage,anger,anger,false,24,m,random
B-rage-d2-v2,rage,anger,anger,false,24,m,random
B-rage-d2-v3,rage,anger,anger,false,24,m,random
B-rage-d2-v4,rage,fear,fear,false,24,m,random
B-rage-d3-v1,rage,betrayal,betrayal,false,24,m,random
B-rage-d3-v2,rage,anger,anger,false,24,m,random
B-rage-d3-v3,rage,anger,anger,false,24,m,random
B-rage-d3-v4,rage,fear,anger,true,24,m,random
B-terror-d1-v1,terror,fear,fear,false,24,m,random
B-terror-d1-v2,terror,fear,fear,false,24,m,random
B-terror-d1-v3,terror,fear,fear,false,24,m,random
B-terror-d1-v4,terror,fear,fear,false,24,m,random
B-terror-d2-v1,terror,anxiety,fear,true,24,m,random
B-terror-d2-v2,terror,anxiety,anxiety,false,24,m,random
B-terror-d2-v3,terror,fear,fear,false,24,m,random
B-terror-d2-v4,terror,fear,fear,false,24,m,random
B-terror-d3-v1,terror,fear,fear,false,24,m,random
B-terror-d3-v2,terror,fear,fear,false,24,m,random
B-terror-d3-v3,terror,fear,fear,false,24,m,random
B-terror-d3-v4,terror,fear,fear,false,24,m,random
B-vigilance-d1-v1,vigilance,anxiety,anxiety,false,24,m,random
B-vigilance-d1-v2,vigilance,anxiety,anxiety,false,24,m,random
B-vigilance-d1-v3,vigilance,anxiety,anxiety,false,24,m,random
B-vigilance-d1-v4,vigilance,concern,concern,false,24,m,random
B-vigilance-d2-v1,vigilance,anxiety,anxiety,false,24,m,random
B-vigilance-d2-v2,vigilance,anticipation,anticipation,false,24,m,random
B-vigilance-d2-v3,vigilance,anticipation,anticipation,false,24,m,random
B-vigilance-d2-v4,vigilance,tension,tension,false,24,m,random
B-vigilance-d3-v1,vigilance,anticipation,anticipation,false,24,m,random
B-vigilance-d3-v2,vigilance,tension,tension,false,24,m,random
B-vigilance-d3-v3,vigilance,fear,fear,false,24,m,random
B-vigilance-d3-v4,vigilance,anxiety,anxiety,false,24,m,random
B-admiration-d1-v1,admiration,frustration,awe,true,25,m,random
B-admiration-d1-v2,admiration,pride,"",true,25,m,random
B-admiration-d1-v3,admiration,admiration,admiration,false,25,m,random
B-admiration-d1-v4,admiration,awe,awe,false,25,m,random
B-admiration-d2-v1,admiration,"","",false,25,m,random
B-admiration-d2-v2,admiration,sadness,sadness,false,25,m,random
B-admiration-d2-v3,admiration,"","",false,25,m,random
B-admiration-d2-v4,admiration,contentment,contentment,false,25,m,random
B-admiration-d3-v1,admiration,pride,pride,false,25,m,random
B-admiration-d3-v2,admiration,perseverance,relief,true,25,m,random
B-admiration-d3-v3,admiration,determination,determination,false,25,m,random
B-admiration-d3-v4,admiration,"","",false,25,m,random
B-amazement-d1-v1,amazement,awe,awe,false,25,m,random
B-amazement-d1-v2,amazement,awe,awe,false,25,m,random
B-amazement-d1-v3,amazement,awe,awe,false,25,m,random
B-amazement-d1-v4,amazement,fear,fear,false,25,m,random
B-amazement-d2-v1,amazement,relief,relief,false,25,m,random
B-amazement-d2-v2,amazement,awe,awe,false,25,m,random
B-amazement-d2-v3,amazement,relief,relief,false,25,m,random
B-amazement-d2-v4,amazement,relief,relief,false,25,m,random
B-amazement-d3-v1,amazement,pride,pride,false,25,m,random
B-amazement-d3-v2,amazement,awe,awe,false,25,m,random
B-amazement-d3-v3,amazement,relief,relief,false,25,m,random
B-amazement-d3-v4,amazement,"","",false,25,m,random
B-ecstasy-d1-v1,ecstasy,overwhelming,relief,true,25,m,random
B-ecstasy-d1-v2,ecstasy,despair,relief,true,25,m,random
B-ecstasy-d1-v3,ecstasy,relief,relief,false,25,m,random
B-ecstasy-d1-v4,ecstasy,pride,pride,false,25,m,random
B-ecstasy-d2-v1,ecstasy,anticipation,joy,true,25,m,random
B-ecstasy-d2-v2,ecstasy,relief,relief,false,25,m,random
B-ecstasy-d2-v3,ecstasy,complex,complex,false,25,m,random
B-ecstasy-d2-v4,ecstasy,loneliness,loneliness,false,25,m,random
B-ecstasy-d3-v1,ecstasy,el,el,false,25,m,random
B-ecstasy-d3-v2,ecstasy,awe,awe,false,25,m,random
B-ecstasy-d3-v3,ecstasy,excitement,excitement,false,25,m,random
B-ecstasy-d3-v4,ecstasy,excitement,excitement,false,25,m,random
B-grief-d1-v1,grief,grief,grief,false,25,m,random
B-grief-d1-v2,grief,loneliness,loneliness,false,25,m,random
B-grief-d1-v3,grief,worry,worry,false,25,m,random
B-grief-d1-v4,grief,grief,grief,false,25,m,random
B-grief-d2-v1,grief,grief,grief,false,25,m,random
B-grief-d2-v2,grief,sadness,sadness,false,25,m,random
B-grief-d2-v3,grief,sadness,sadness,false,25,m,random
B-grief-d2-v4,grief,sadness,sadness,false,25,m,random
B-grief-d3-v1,grief,anxiety,anxiety,false,25,m,random
B-grief-d3-v2,grief,grief,grief,false,25,m,random
B-grief-d3-v3,grief,sadness,sadness,false,25,m,random
B-grief-d3-v4,grief,grief,grief,false,25,m,random
B-loathing-d1-v1,loathing,anger,anger,false,25,m,random
B-loathing-d1-v2,loathing,anger,anger,false,25,m,random
B-loathing-d1-v3,loathing,anger,anger,false,25,m,random
B-loathing-d1-v4,loathing,anger,anger,false,25,m,random
B-loathing-d2-v1,loathing,disgust,disgust,false,25,m,random
B-loathing-d2-v2,loathing,disgust,disgust,false,25,m,random
B-loathing-d2-v3,loathing,fear,fear,false,25,m,random
B-loathing-d2-v4,loathing,disgust,disgust,false,25,m,random
B-loathing-d3-v1,loathing,betrayal,betrayal,false,25,m,random
B-loathing-d3-v2,loathing,anger,anger,false,25,m,random
B-loathing-d3-v3,loathing,anger,anger,false,25,m,random
B-loathing-d3-v4,loathing,anger,anger,false,25,m,random
B-rage-d1-v1,rage,anger,anger,false,25,m,random
B-rage-d1-v2,rage,anger,anger,false,25,m,random
B-rage-d1-v3,rage,anger,anger,false,25,m,random
B-rage-d1-v4,rage,anger,anger,false,25,m,random
B-rage-d2-v1,rage,anger,anger,false,25,m,random
B-rage-d2-v2,rage,anger,anger,false,25,m,random
B-rage-d2-v3,rage,anger,anger,false,25,m,random
B-rage-d2-v4,rage,fear,anger,true,25,m,random
B-rage-d3-v1,rage,betrayal,anger,true,25,m,random
B-rage-d3-v2,rage,anger,anger,false,25,m,random
B-rage-d3-v3,rage,anger,anger,false,25,m,random
B-rage-d3-v4,rage,fear,anger,true,25,m,random
B-terror-d1-v1,terror,fear,fear,false,25,m,random
B-terror-d1-v2,terror,fear,fear,false,25,m,random
B-terror-d1-v3,terror,fear,fear,false,25,m,random
B-terror-d1-v4,terror,fear,fear,false,25,m,random
B-terror-d2-v1,terror,anxiety,fear,true,25,m,random
B-terror-d2-v2,terror,anxiety,fear,true,25,m,random
B-terror-d2-v3,terror,fear,fear,false,25,m,random
B-terror-d2-v4,terror,fear,fear,false,25,m,random
B-terror-d3-v1,terror,fear,fear,false,25,m,random
B-terror-d3-v2,terror,fear,fear,false,25,m,random
B-terror-d3-v3,terror,fear,fear,false,25,m,random
B-terror-d3-v4,terror,fear,fear,false,25,m,random
B-vigilance-d1-v1,vigilance,anxiety,anxiety,false,25,m,random
B-vigilance-d1-v2,vigilance,anxiety,anxiety,false,25,m,random
B-vigilance-d1-v3,vigilance,anxiety,anxiety,false,25,m,random
B-vigilance-d1-v4,vigilance,concern,concern,false,25,m,random
B-vigilance-d2-v1,vigilance,anxiety,anxiety,false,25,m,random
B-vigilance-d2-v2,vigilance,anticipation,anticipation,false,25,m,random
B-vigilance-d2-v3,vigilance,anticipation,tension,true,25,m,random
B-vigilance-d2-v4,vigilance,tension,tension,false,25,m,random
B-vigilance-d3-v1,vigilance,anticipation,anticipation,false,25,m,random
B-vigilance-d3-v2,vigilance,tension,tension,false,25,m,random
B-vigilance-d3-v3,vigilance,fear,fear,false,25,m,random
B-vigilance-d3-v4,vigilance,anxiety,suspicion,true,25,m,random
B-admiration-d1-v1,admiration,frustration,frustration,false,26,m,random
B-admiration-d1-v2,admiration,pride,pride,false,26,m,random
B-admiration-d1-v3,admiration,admiration,admiration,false,26,m,random
B-admiration-d1-v4,admiration,awe,awe,false,26,m,random
B-admiration-d2-v1,admiration,"","",false,26,m,random
B-admiration-d2-v2,admiration,sadness,sadness,false,26,m,random
B-admiration-d2-v3,admiration,"",guilt,true,26,m,random
B-admiration-d2-v4,admiration,contentment,contentment,false,26,m,random
B-admiration-d3-v1,admiration,pride,pride,false,26,m,random
B-admiration-d3-v2,admiration,perseverance,perseverance,false,26,m,random
B-admiration-d3-v3,admiration,determination,determination,false,26,m,random
B-admiration-d3-v4,admiration,"",resilience,true,26,m,random
B-amazement-d1-v1,amazement,awe,awe,false,26,m,random
B-amazement-d1-v2,amazement,awe,awe,false,26,m,random
B-amazement-d1-v3,amazement,awe,awe,false,26,m,random
B-amazement-d1-v4,amazement,fear,fear,false,26,m,random
B-amazement-d2-v1,amazement,relief,relief,false,26,m,random
B-amazement-d2-v2,amazement,awe,awe,false,26,m,random
B-amazement-d2-v3,amazement,relief,relief,false,26,m,random
B-amazement-d2-v4,amazement,relief,relief,false,26,m,random
B-amazement-d3-v1,amazement,pride,pride,false,26,m,random
B-amazement-d3-v2,amazement,awe,awe,false,26,m,random
B-amazement-d3-v3,amazement,relief,relief,false,26,m,random
B-amazement-d3-v4,amazement,"","",false,26,m,random
B-ecstasy-d1-v1,ecstasy,overwhelming,relief,true,26,m,random
B-ecstasy-d1-v2,ecstasy,despair,despair,false,26,m,random
B-ecstasy-d1-v3,ecstasy,relief,relief,false,26,m,random
B-ecstasy-d1-v4,ecstasy,pride,pride,false,26,m,random
B-ecstasy-d2-v1,ecstasy,anticipation,anticipation,false,26,m,random
B-ecstasy-d2-v2,ecstasy,relief,relief,false,26,m,random
B-ecstasy-d2-v3,ecstasy,complex,complex,false,26,m,random
B-ecstasy-d2-v4,ecstasy,loneliness,loneliness,false,26,m,random
B-ecstasy-d3-v1,ecstasy,el,excitement,true,26,m,random
B-ecstasy-d3-v2,ecstasy,awe,awe,false,26,m,random
B-ecstasy-d3-v3,ecstasy,excitement,excitement,false,26,m,random
B-ecstasy-d3-v4,ecstasy,excitement,excitement,false,26,m,random
B-grief-d1-v1,grief,grief,grief,false,26,m,random
B-grief-d1-v2,grief,loneliness,loneliness,false,26,m,random
B-grief-d1-v3,grief,worry,worry,false,26,m,random
B-grief-d1-v4,grief,grief,grief,false,26,m,random
B-grief-d2-v1,grief,grief,grief,false,26,m,random
B-grief-d2-v2,grief,sadness,sadness,false,26,m,random
B-grief-d2-v3,grief,sadness,sadness,false,26,m,random
B-grief-d2-v4,grief,sadness,sadness,false,26,m,random
B-grief-d3-v1,grief,anxiety,anxiety,false,26,m,random
B-grief-d3-v2,grief,grief,grief,false,26,m,random
B-grief-d3-v3,grief,sadness,sadness,false,26,m,random
B-grief-d3-v4,grief,grief,grief,false,26,m,random
B-loathing-d1-v1,loathing,anger,anger,false,26,m,random
B-loathing-d1-v2,loathing,anger,anger,false,26,m,random
B-loathing-d1-v3,loathing,anger,anger,false,26,m,random
B-loathing-d1-v4,loathing,anger,anger,false,26,m,random
B-loathing-d2-v1,loathing,disgust,fear,true,26,m,random
B-loathing-d2-v2,loathing,disgust,disgust,false,26,m,random
B-loathing-d2-v3,loathing,fear,fear,false,26,m,random
B-loathing-d2-v4,loathing,disgust,disgust,false,26,m,random
B-loathing-d3-v1,loathing,betrayal,betrayal,false,26,m,random
B-loathing-d3-v2,loathing,anger,anger,false,26,m,random
B-loathing-d3-v3,loathing,anger,anger,false,26,m,random
B-loathing-d3-v4,loathing,anger,anger,false,26,m,random
B-rage-d1-v1,rage,anger,anger,false,26,m,random
B-rage-d1-v2,rage,anger,anger,false,26,m,random
B-rage-d1-v3,rage,anger,anger,false,26,m,random
B-rage-d1-v4,rage,anger,anger,false,26,m,random
B-rage-d2-v1,rage,anger,anger,false,26,m,random
B-rage-d2-v2,rage,anger,anger,false,26,m,random
B-rage-d2-v3,rage,anger,anger,false,26,m,random
B-rage-d2-v4,rage,fear,fear,false,26,m,random
B-rage-d3-v1,rage,betrayal,anger,true,26,m,random
B-rage-d3-v2,rage,anger,anger,false,26,m,random
B-rage-d3-v3,rage,anger,anger,false,26,m,random
B-rage-d3-v4,rage,fear,fear,false,26,m,random
B-terror-d1-v1,terror,fear,fear,false,26,m,random
B-terror-d1-v2,terror,fear,fear,false,26,m,random
B-terror-d1-v3,terror,fear,fear,false,26,m,random
B-terror-d1-v4,terror,fear,fear,false,26,m,random
B-terror-d2-v1,terror,anxiety,anxiety,false,26,m,random
B-terror-d2-v2,terror,anxiety,anxiety,false,26,m,random
B-terror-d2-v3,terror,fear,fear,false,26,m,random
B-terror-d2-v4,terror,fear,fear,false,26,m,random
B-terror-d3-v1,terror,fear,fear,false,26,m,random
B-terror-d3-v2,terror,fear,anxiety,true,26,m,random
B-terror-d3-v3,terror,fear,fear,false,26,m,random
B-terror-d3-v4,terror,fear,fear,false,26,m,random
B-vigilance-d1-v1,vigilance,anxiety,anxiety,false,26,m,random
B-vigilance-d1-v2,vigilance,anxiety,anxiety,false,26,m,random
B-vigilance-d1-v3,vigilance,anxiety,anxiety,false,26,m,random
B-vigilance-d1-v4,vigilance,concern,concern,false,26,m,random
B-vigilance-d2-v1,vigilance,anxiety,anxiety,false,26,m,random
B-vigilance-d2-v2,vigilance,anticipation,anticipation,false,26,m,random
B-vigilance-d2-v3,vigilance,anticipation,anticipation,false,26,m,random
B-vigilance-d2-v4,vigilance,tension,concentration,true,26,m,random
B-vigilance-d3-v1,vigilance,anticipation,tension,true,26,m,random
B-vigilance-d3-v2,vigilance,tension,anxiety,true,26,m,random
B-vigilance-d3-v3,vigilance,fear,fear,false,26,m,random
B-vigilance-d3-v4,vigilance,anxiety,anxiety,false,26,m,random
B-admiration-d1-v1,admiration,frustration,frustration,false,27,m,random
B-admiration-d1-v2,admiration,pride,"",true,27,m,random
B-admiration-d1-v3,admiration,admiration,admiration,false,27,m,random
B-admiration-d1-v4,admiration,awe,admiration,true,27,m,random
B-admiration-d2-v1,admiration,"","",false,27,m,random
B-admiration-d2-v2,admiration,sadness,sadness,false,27,m,random
B-admiration-d2-v3,admiration,"",guilt,true,27,m,random
B-admiration-d2-v4,admiration,contentment,contentment,false,27,m,random
B-admiration-d3-v1,admiration,pride,pride,false,27,m,random
B-admiration-d3-v2,admiration,perseverance,perseverance,false,27,m,random
B-admiration-d3-v3,admiration,determination,determination,false,27,m,random
B-admiration-d3-v4,admiration,"",empathy,true,27,m,random
B-amazement-d1-v1,amazement,awe,awe,false,27,m,random
B-amazement-d1-v2,amazement,awe,awe,false,27,m,random
B-amazement-d1-v3,amazement,awe,awe,false,27,m,random
B-amazement-d1-v4,amazement,fear,fear,false,27,m,random
B-amazement-d2-v1,amazement,relief,relief,false,27,m,random
B-amazement-d2-v2,amazement,awe,awe,false,27,m,random
B-amazement-d2-v3,amazement,relief,relief,false,27,m,random
B-amazement-d2-v4,amazement,relief,relief,false,27,m,random
B-amazement-d3-v1,amazement,pride,pride,false,27,m,random
B-amazement-d3-v2,amazement,awe,excitement,true,27,m,random
B-amazement-d3-v3,amazement,relief,relief,false,27,m,random
B-amazement-d3-v4,amazement,"",**,true,27,m,random
B-ecstasy-d1-v1,ecstasy,overwhelming,overwhelming,false,27,m,random
B-ecstasy-d1-v2,ecstasy,despair,despair,false,27,m,random
B-ecstasy-d1-v3,ecstasy,relief,relief,false,27,m,random
B-ecstasy-d1-v4,ecstasy,pride,pride,false,27,m,random
B-ecstasy-d2-v1,ecstasy,anticipation,anticipation,false,27,m,random
B-ecstasy-d2-v2,ecstasy,relief,relief,false,27,m,random
B-ecstasy-d2-v3,ecstasy,complex,"",true,27,m,random
B-ecstasy-d2-v4,ecstasy,loneliness,loneliness,false,27,m,random
B-ecstasy-d3-v1,ecstasy,el,excitement,true,27,m,random
B-ecstasy-d3-v2,ecstasy,awe,awe,false,27,m,random
B-ecstasy-d3-v3,ecstasy,excitement,excitement,false,27,m,random
B-ecstasy-d3-v4,ecstasy,excitement,excitement,false,27,m,random
B-grief-d1-v1,grief,grief,grief,false,27,m,random
B-grief-d1-v2,grief,loneliness,loneliness,false,27,m,random
B-grief-d1-v3,grief,worry,sadness,true,27,m,random
B-grief-d1-v4,grief,grief,grief,false,27,m,random
B-grief-d2-v1,grief,grief,grief,false,27,m,random
B-grief-d2-v2,grief,sadness,sadness,false,27,m,random
B-grief-d2-v3,grief,sadness,sadness,false,27,m,random
B-grief-d2-v4,grief,sadness,sadness,false,27,m,random
B-grief-d3-v1,grief,anxiety,anxiety,false,27,m,random
B-grief-d3-v2,grief,grief,grief,false,27,m,random
B-grief-d3-v3,grief,sadness,sadness,false,27,m,random
B-grief-d3-v4,grief,grief,grief,false,27,m,random
B-loathing-d1-v1,loathing,anger,anger,false,27,m,random
B-loathing-d1-v2,loathing,anger,anger,false,27,m,random
B-loathing-d1-v3,loathing,anger,anger,false,27,m,random
B-loathing-d1-v4,loathing,anger,anger,false,27,m,random
B-loathing-d2-v1,loathing,disgust,fear,true,27,m,random
B-loathing-d2-v2,loathing,disgust,disgust,false,27,m,random
B-loathing-d2-v3,loathing,fear,fear,false,27,m,random
B-loathing-d2-v4,loathing,disgust,disgust,false,27,m,random
B-loathing-d3-v1,loathing,betrayal,anger,true,27,m,random
B-loathing-d3-v2,loathing,anger,anger,false,27,m,random
B-loathing-d3-v3,loathing,anger,anger,false,27,m,random
B-loathing-d3-v4,loathing,anger,anger,false,27,m,random
B-rage-d1-v1,rage,anger,anger,false,27,m,random
B-rage-d1-v2,rage,anger,anger,false,27,m,random
B-rage-d1-v3,rage,anger,anger,false,27,m,random
B-rage-d1-v4,rage,anger,anger,false,27,m,random
B-rage-d2-v1,rage,anger,anger,false,27,m,random
B-rage-d2-v2,rage,anger,anger,false,27,m,random
B-rage-d2-v3,rage,anger,anger,false,27,m,random
B-rage-d2-v4,rage,fear,fear,false,27,m,random
B-rage-d3-v1,rage,betrayal,anger,true,27,m,random
B-rage-d3-v2,rage,anger,anger,false,27,m,random
B-rage-d3-v3,rage,anger,anger,false,27,m,random
B-rage-d3-v4,rage,fear,anxiety,true,27,m,random
B-terror-d1-v1,terror,fear,fear,false,27,m,random
B-terror-d1-v2,terror,fear,fear,false,27,m,random
B-terror-d1-v3,terror,fear,fear,false,27,m,random
B-terror-d1-v4,terror,fear,fear,false,27,m,random
B-terror-d2-v1,terror,anxiety,fear,true,27,m,random
B-terror-d2-v2,terror,anxiety,anxiety,false,27,m,random
B-terror-d2-v3,terror,fear,fear,false,27,m,random
B-terror-d2-v4,terror,fear,fear,false,27,m,random
B-terror-d3-v1,terror,fear,fear,false,27,m,random
B-terror-d3-v2,terror,fear,fear,false,27,m,random
B-terror-d3-v3,terror,fear,fear,false,27,m,random
B-terror-d3-v4,terror,fear,fear,false,27,m,random
B-vigilance-d1-v1,vigilance,anxiety,anxiety,false,27,m,random
B-vigilance-d1-v2,vigilance,anxiety,anxiety,false,27,m,random
B-vigilance-d1-v3,vigilance,anxiety,anxiety,false,27,m,random
B-vigilance-d1-v4,vigilance,concern,anxiety,true,27,m,random
B-vigilance-d2-v1,vigilance,anxiety,anxiety,false,27,m,random
B-vigilance-d2-v2,vigilance,anticipation,anticipation,false,27,m,random
B-vigilance-d2-v3,vigilance,anticipation,anxiety,true,27,m,random
B-vigilance-d2-v4,vigilance,tension,"",true,27,m,random
B-vigilance-d3-v1,vigilance,anticipation,anticipation,false,27,m,random
B-vigilance-d3-v2,vigilance,tension,anxiety,true,27,m,random
B-vigilance-d3-v3,vigilance,fear,fear,false,27,m,random
B-vigilance-d3-v4,vigilance,anxiety,anxiety,false,27,m,random
B-admiration-d1-v1,admiration,frustration,frustration,false,28,m,random
B-admiration-d1-v2,admiration,pride,pride,false,28,m,random
B-admiration-d1-v3,admiration,admiration,warmth,true,28,m,random
B-admiration-d1-v4,admiration,awe,awe,false,28,m,random
B-admiration-d2-v1,admiration,"","",false,28,m,random
B-admiration-d2-v2,admiration,sadness,"",true,28,m,random
B-admiration-d2-v3,admiration,"",guilt,true,28,m,random
B-admiration-d2-v4,admiration,contentment,contentment,false,28,m,random
B-admiration-d3-v1,admiration,pride,pride,false,28,m,random
B-admiration-d3-v2,admiration,perseverance,perseverance,false,28,m,random
B-admiration-d3-v3,admiration,determination,determination,false,28,m,random
B-admiration-d3-v4,admiration,"",empathy,true,28,m,random
B-amazement-d1-v1,amazement,awe,awe,false,28,m,random
B-amazement-d1-v2,amazement,awe,awe,false,28,m,random
B-amazement-d1-v3,amazement,awe,awe,false,28,m,random
B-amazement-d1-v4,amazement,fear,fear,false,28,m,random
B-amazement-d2-v1,amazement,relief,relief,false,28,m,random
B-amazement-d2-v2,amazement,awe,awe,false,28,m,random
B-amazement-d2-v3,amazement,relief,relief,false,28,m,random
B-amazement-d2-v4,amazement,relief,relief,false,28,m,random
B-amazement-d3-v1,amazement,pride,pride,false,28,m,random
B-amazement-d3-v2,amazement,awe,excitement,true,28,m,random
B-amazement-d3-v3,amazement,relief,relief,false,28,m,random
B-amazement-d3-v4,amazement,"","",false,28,m,random
B-ecstasy-d1-v1,ecstasy,overwhelming,overwhelming,false,28,m,random
B-ecstasy-d1-v2,ecstasy,despair,relief,true,28,m,random
B-ecstasy-d1-v3,ecstasy,relief,el,true,28,m,random
B-ecstasy-d1-v4,ecstasy,pride,pride,false,28,m,random
B-ecstasy-d2-v1,ecstasy,anticipation,anticipation,false,28,m,random
B-ecstasy-d2-v2,ecstasy,relief,relief,false,28,m,random
B-ecstasy-d2-v3,ecstasy,complex,A,true,28,m,random
B-ecstasy-d2-v4,ecstasy,loneliness,loneliness,false,28,m,random
B-ecstasy-d3-v1,ecstasy,el,excitement,true,28,m,random
B-ecstasy-d3-v2,ecstasy,awe,awe,false,28,m,random
B-ecstasy-d3-v3,ecstasy,excitement,excitement,false,28,m,random
B-ecstasy-d3-v4,ecstasy,excitement,excitement,false,28,m,random
B-grief-d1-v1,grief,grief,grief,false,28,m,random
B-grief-d1-v2,grief,loneliness,loneliness,false,28,m,random
B-grief-d1-v3,grief,worry,worry,false,28,m,random
B-grief-d1-v4,grief,grief,grief,false,28,m,random
B-grief-d2-v1,grief,grief,despair,true,28,m,random
B-grief-d2-v2,grief,sadness,melancholy,true,28,m,random
B-grief-d2-v3,grief,sadness,sadness,false,28,m,random
B-grief-d2-v4,grief,sadness,sadness,false,28,m,random
B-grief-d3-v1,grief,anxiety,anxiety,false,28,m,random
B-grief-d3-v2,grief,grief,grief,false,28,m,random
B-grief-d3-v3,grief,sadness,sadness,false,28,m,random
B-grief-d3-v4,grief,grief,grief,false,28,m,random
B-loathing-d1-v1,loathing,anger,anger,false,28,m,random
B-loathing-d1-v2,loathing,anger,anger,false,28,m,random
B-loathing-d1-v3,loathing,anger,anger,false,28,m,random
B-loathing-d1-v4,loathing,anger,anger,false,28,m,random
B-loathing-d2-v1,loathing,disgust,disgust,false,28,m,random
B-loathing-d2-v2,loathing,disgust,disgust,false,28,m,random
B-loathing-d2-v3,loathing,fear,fear,false,28,m,random
B-loathing-d2-v4,loathing,disgust,disgust,false,28,m,random
B-loathing-d3-v1,loathing,betrayal,betrayal,false,28,m,random
B-loathing-d3-v2,loathing,anger,anger,false,28,m,random
B-loathing-d3-v3,loathing,anger,disgust,true,28,m,random
B-loathing-d3-v4,loathing,anger,anger,false,28,m,random
B-rage-d1-v1,rage,anger,anger,false,28,m,random
B-rage-d1-v2,rage,anger,anger,false,28,m,random
B-rage-d1-v3,rage,anger,anger,false,28,m,random
B-rage-d1-v4,rage,anger,anger,false,28,m,random
B-rage-d2-v1,rage,anger,anger,false,28,m,random
B-rage-d2-v2,rage,anger,anger,false,28,m,random
B-rage-d2-v3,rage,anger,anger,false,28,m,random
B-rage-d2-v4,rage,fear,fear,false,28,m,random
B-rage-d3-v1,rage,betrayal,shock,true,28,m,random
B-rage-d3-v2,rage,anger,anger,false,28,m,random
B-rage-d3-v3,rage,anger,anger,false,28,m,random
B-rage-d3-v4,rage,fear,anxiety,true,28,m,random
B-terror-d1-v1,terror,fear,fear,false,28,m,random
B-terror-d1-v2,terror,fear,anxiety,true,28,m,random
B-terror-d1-v3,terror,fear,fear,false,28,m,random
B-terror-d1-v4,terror,fear,fear,false,28,m,random
B-terror-d2-v1,terror,anxiety,fear,true,28,m,random
B-terror-d2-v2,terror,anxiety,anxiety,false,28,m,random
B-terror-d2-v3,terror,fear,anxiety,true,28,m,random
B-terror-d2-v4,terror,fear,fear,false,28,m,random
B-terror-d3-v1,terror,fear,fear,false,28,m,random
B-terror-d3-v2,terror,fear,anxiety,true,28,m,random
B-terror-d3-v3,terror,fear,fear,false,28,m,random
B-terror-d3-v4,terror,fear,fear,false,28,m,random
B-vigilance-d1-v1,vigilance,anxiety,anxiety,false,28,m,random
B-vigilance-d1-v2,vigilance,anxiety,anxiety,false,28,m,random
B-vigilance-d1-v3,vigilance,anxiety,anxiety,false,28,m,random
B-vigilance-d1-v4,vigilance,concern,anxiety,true,28,m,random
B-vigilance-d2-v1,vigilance,anxiety,anxiety,false,28,m,random
B-vigilance-d2-v2,vigilance,anticipation,anticipation,false,28,m,random
B-vigilance-d2-v3,vigilance,anticipation,anticipation,false,28,m,random
B-vigilance-d2-v4,vigilance,tension,tension,false,28,m,random
B-vigilance-d3-v1,vigilance,anticipation,anticipation,false,28,m,random
B-vigilance-d3-v2,vigilance,tension,tension,false,28,m,random
B-vigilance-d3-v3,vigilance,fear,fear,false,28,m,random
B-vigilance-d3-v4,vigilance,anxiety,suspicion,true,28,m,random
B-admiration-d1-v1,admiration,frustration,awe,true,29,m,random
B-admiration-d1-v2,admiration,pride,pride,false,29,m,random
B-admiration-d1-v3,admiration,admiration,admiration,false,29,m,random
B-admiration-d1-v4,admiration,awe,awe,false,29,m,random
B-admiration-d2-v1,admiration,"","",false,29,m,random
B-admiration-d2-v2,admiration,sadness,sadness,false,29,m,random
B-admiration-d2-v3,admiration,"","",false,29,m,random
B-admiration-d2-v4,admiration,contentment,contentment,false,29,m,random
B-admiration-d3-v1,admiration,pride,pride,false,29,m,random
B-admiration-d3-v2,admiration,perseverance,perseverance,false,29,m,random
B-admiration-d3-v3,admiration,determination,determination,false,29,m,random
B-admiration-d3-v4,admiration,"","",false,29,m,random
B-amazement-d1-v1,amazement,awe,awe,false,29,m,random
B-amazement-d1-v2,amazement,awe,awe,false,29,m,random
B-amazement-d1-v3,amazement,awe,awe,false,29,m,random
B-amazement-d1-v4,amazement,fear,fear,false,29,m,random
B-amazement-d2-v1,amazement,relief,fear,true,29,m,random
B-amazement-d2-v2,amazement,awe,awe,false,29,m,random
B-amazement-d2-v3,amazement,relief,relief,false,29,m,random
B-amazement-d2-v4,amazement,relief,relief,false,29,m,random
B-amazement-d3-v1,amazement,pride,pride,false,29,m,random
B-amazement-d3-v2,amazement,awe,excitement,true,29,m,random
B-amazement-d3-v3,amazement,relief,relief,false,29,m,random
B-amazement-d3-v4,amazement,"","",false,29,m,random
B-ecstasy-d1-v1,ecstasy,overwhelming,overwhelming,false,29,m,random
B-ecstasy-d1-v2,ecstasy,despair,despair,false,29,m,random
B-ecstasy-d1-v3,ecstasy,relief,el,true,29,m,random
B-ecstasy-d1-v4,ecstasy,pride,pride,false,29,m,random
B-ecstasy-d2-v1,ecstasy,anticipation,anticipation,false,29,m,random
B-ecstasy-d2-v2,ecstasy,relief,relief,false,29,m,random
B-ecstasy-d2-v3,ecstasy,complex,complex,false,29,m,random
B-ecstasy-d2-v4,ecstasy,loneliness,loneliness,false,29,m,random
B-ecstasy-d3-v1,ecstasy,el,el,false,29,m,random
B-ecstasy-d3-v2,ecstasy,awe,awe,false,29,m,random
B-ecstasy-d3-v3,ecstasy,excitement,excitement,false,29,m,random
B-ecstasy-d3-v4,ecstasy,excitement,excitement,false,29,m,random
B-grief-d1-v1,grief,grief,grief,false,29,m,random
B-grief-d1-v2,grief,loneliness,loneliness,false,29,m,random
B-grief-d1-v3,grief,worry,sadness,true,29,m,random
B-grief-d1-v4,grief,grief,grief,false,29,m,random
B-grief-d2-v1,grief,grief,grief,false,29,m,random
B-grief-d2-v2,grief,sadness,sadness,false,29,m,random
B-grief-d2-v3,grief,sadness,despair,true,29,m,random
B-grief-d2-v4,grief,sadness,sadness,false,29,m,random
B-grief-d3-v1,grief,anxiety,fear,true,29,m,random
B-grief-d3-v2,grief,grief,sadness,true,29,m,random
B-grief-d3-v3,grief,sadness,sadness,false,29,m,random
B-grief-d3-v4,grief,grief,sadness,true,29,m,random
B-loathing-d1-v1,loathing,anger,anger,false,29,m,random
B-loathing-d1-v2,loathing,anger,anger,false,29,m,random
B-loathing-d1-v3,loathing,anger,anger,false,29,m,random
B-loathing-d1-v4,loathing,anger,anger,false,29,m,random
B-loathing-d2-v1,loathing,disgust,disgust,false,29,m,random
B-loathing-d2-v2,loathing,disgust,disgust,false,29,m,random
B-loathing-d2-v3,loathing,fear,fear,false,29,m,random
B-loathing-d2-v4,loathing,disgust,disgust,false,29,m,random
B-loathing-d3-v1,loathing,betrayal,betrayal,false,29,m,random
B-loathing-d3-v2,loathing,anger,anger,false,29,m,random
B-loathing-d3-v3,loathing,anger,disgust,true,29,m,random
B-loathing-d3-v4,loathing,anger,anger,false,29,m,random
B-rage-d1-v1,rage,anger,anger,false,29,m,random
B-rage-d1-v2,rage,anger,anger,false,29,m,random
B-rage-d1-v3,rage,anger,anger,false,29,m,random
B-rage-d1-v4,rage,anger,anger,false,29,m,random
B-rage-d2-v1,rage,anger,anger,false,29,m,random
B-rage-d2-v2,rage,anger,anger,false,29,m,random
B-rage-d2-v3,rage,anger,anger,false,29,m,random
B-rage-d2-v4,rage,fear,fear,false,29,m,random
B-rage-d3-v1,rage,betrayal,betrayal,false,29,m,random
B-rage-d3-v2,rage,anger,fear,true,29,m,random
B-rage-d3-v3,rage,anger,anger,false,29,m,random
B-rage-d3-v4,rage,fear,fear,false,29,m,random
B-terror-d1-v1,terror,fear,fear,false,29,m,random
B-terror-d1-v2,terror,fear,fear,false,29,m,random
B-terror-d1-v3,terror,fear,fear,false,29,m,random
B-terror-d1-v4,terror,fear,fear,false,29,m,random
B-terror-d2-v1,terror,anxiety,fear,true,29,m,random
B-terror-d2-v2,terror,anxiety,anxiety,false,29,m,random
B-terror-d2-v3,terror,fear,fear,false,29,m,random
B-terror-d2-v4,terror,fear,fear,false,29,m,random
B-terror-d3-v1,terror,fear,fear,false,29,m,random
B-terror-d3-v2,terror,fear,fear,false,29,m,random
B-terror-d3-v3,terror,fear,fear,false,29,m,random
B-terror-d3-v4,terror,fear,fear,false,29,m,random
B-vigilance-d1-v1,vigilance,anxiety,anxiety,false,29,m,random
B-vigilance-d1-v2,vigilance,anxiety,anxiety,false,29,m,random
B-vigilance-d1-v3,vigilance,anxiety,anxiety,false,29,m,random
B-vigilance-d1-v4,vigilance,concern,concern,false,29,m,random
B-vigilance-d2-v1,vigilance,anxiety,anxiety,false,29,m,random
B-vigilance-d2-v2,vigilance,anticipation,anticipation,false,29,m,random
B-vigilance-d2-v3,vigilance,anticipation,anticipation,false,29,m,random
B-vigilance-d2-v4,vigilance,tension,tension,false,29,m,random
B-vigilance-d3-v1,vigilance,anticipation,anticipation,false,29,m,random
B-vigilance-d3-v2,vigilance,tension,anxiety,true,29,m,random
B-vigilance-d3-v3,vigilance,fear,fear,false,29,m,random
B-vigilance-d3-v4,vigilance,anxiety,suspicion,true,29,m,random
B-admiration-d1-v1,admiration,frustration,awe,true,30,m,random
B-admiration-d1-v2,admiration,pride,"",true,30,m,random
B-admiration-d1-v3,admiration,admiration,admiration,false,30,m,random
B-admiration-d1-v4,admiration,awe,admiration,true,30,m,random
B-admiration-d2-v1,admiration,"","",false,30,m,random
B-admiration-d2-v2,admiration,sadness,sadness,false,30,m,random
B-admiration-d2-v3,admiration,"",guilt,true,30,m,random
B-admiration-d2-v4,admiration,contentment,contentment,false,30,m,random
B-admiration-d3-v1,admiration,pride,pride,false,30,m,random
B-admiration-d3-v2,admiration,perseverance,perseverance,false,30,m,random
B-admiration-d3-v3,admiration,determination,determination,false,30,m,random
B-admiration-d3-v4,admiration,"","",false,30,m,random
B-amazement-d1-v1,amazement,awe,awe,false,30,m,random
B-amazement-d1-v2,amazement,awe,awe,false,30,m,random
B-amazement-d1-v3,amazement,awe,awe,false,30,m,random
B-amazement-d1-v4,amazement,fear,fear,false,30,m,random
B-amazement-d2-v1,amazement,relief,awe,true,30,m,random
B-amazement-d2-v2,amazement,awe,awe,false,30,m,random
B-amazement-d2-v3,amazement,relief,relief,false,30,m,random
B-amazement-d2-v4,amazement,relief,relief,false,30,m,random
B-amazement-d3-v1,amazement,pride,pride,false,30,m,random
B-amazement-d3-v2,amazement,awe,excitement,true,30,m,random
B-amazement-d3-v3,amazement,relief,relief,false,30,m,random
B-amazement-d3-v4,amazement,"","",false,30,m,random
B-ecstasy-d1-v1,ecstasy,overwhelming,overwhelming,false,30,m,random
B-ecstasy-d1-v2,ecstasy,despair,despair,false,30,m,random
B-ecstasy-d1-v3,ecstasy,relief,"",true,30,m,random
B-ecstasy-d1-v4,ecstasy,pride,pride,false,30,m,random
B-ecstasy-d2-v1,ecstasy,anticipation,joy,true,30,m,random
B-ecstasy-d2-v2,ecstasy,relief,relief,false,30,m,random
B-ecstasy-d2-v3,ecstasy,complex,**,true,30,m,random
B-ecstasy-d2-v4,ecstasy,loneliness,loneliness,false,30,m,random
B-ecstasy-d3-v1,ecstasy,el,excitement,true,30,m,random
B-ecstasy-d3-v2,ecstasy,awe,awe,false,30,m,random
B-ecstasy-d3-v3,ecstasy,excitement,excitement,false,30,m,random
B-ecstasy-d3-v4,ecstasy,excitement,excitement,false,30,m,random
B-grief-d1-v1,grief,grief,grief,false,30,m,random
B-grief-d1-v2,grief,loneliness,loneliness,false,30,m,random
B-grief-d1-v3,grief,worry,worry,false,30,m,random
B-grief-d1-v4,grief,grief,grief,false,30,m,random
B-grief-d2-v1,grief,grief,grief,false,30,m,random
B-grief-d2-v2,grief,sadness,sadness,false,30,m,random
B-grief-d2-v3,grief,sadness,sadness,false,30,m,random
B-grief-d2-v4,grief,sadness,sadness,false,30,m,random
B-grief-d3-v1,grief,anxiety,anxiety,false,30,m,random
B-grief-d3-v2,grief,grief,grief,false,30,m,random
B-grief-d3-v3,grief,sadness,sadness,false,30,m,random
B-grief-d3-v4,grief,grief,grief,false,30,m,random
B-loathing-d1-v1,loathing,anger,anger,false,30,m,random
B-loathing-d1-v2,loathing,anger,anger,false,30,m,random
B-loathing-d1-v3,loathing,anger,anger,false,30,m,random
B-loathing-d1-v4,loathing,anger,anger,false,30,m,random
B-loathing-d2-v1,loathing,disgust,disgust,false,30,m,random
B-loathing-d2-v2,loathing,disgust,disgust,false,30,m,random
B-loathing-d2-v3,loathing,fear,fear,false,30,m,random
B-loathing-d2-v4,loathing,disgust,disgust,false,30,m,random
B-loathing-d3-v1,loathing,betrayal,betrayal,false,30,m,random
B-loathing-d3-v2,loathing,anger,anger,false,30,m,random
B-loathing-d3-v3,loathing,anger,disgust,true,30,m,random
B-loathing-d3-v4,loathing,anger,anger,false,30,m,random
B-rage-d1-v1,rage,anger,anger,false,30,m,random
B-rage-d1-v2,rage,anger,anger,false,30,m,random
B-rage-d1-v3,rage,anger,anger,false,30,m,random
B-rage-d1-v4,rage,anger,suspicion,true,30,m,random
B-rage-d2-v1,rage,anger,anger,false,30,m,random
B-rage-d2-v2,rage,anger,anger,false,30,m,random
B-rage-d2-v3,rage,anger,anger,false,30,m,random
B-rage-d2-v4,rage,fear,anxiety,true,30,m,random
B-rage-d3-v1,rage,betrayal,anger,true,30,m,random
B-rage-d3-v2,rage,anger,anger,false,30,m,random
B-rage-d3-v3,rage,anger,anger,false,30,m,random
B-rage-d3-v4,rage,fear,anxiety,true,30,m,random
B-terror-d1-v1,terror,fear,fear,false,30,m,random
B-terror-d1-v2,terror,fear,anxiety,true,30,m,random
B-terror-d1-v3,terror,fear,fear,false,30,m,random
B-terror-d1-v4,terror,fear,fear,false,30,m,random
B-terror-d2-v1,terror,anxiety,anxiety,false,30,m,random
B-terror-d2-v2,terror,anxiety,anxiety,false,30,m,random
B-terror-d2-v3,terror,fear,fear,false,30,m,random
B-terror-d2-v4,terror,fear,anxiety,true,30,m,random
B-terror-d3-v1,terror,fear,fear,false,30,m,random
B-terror-d3-v2,terror,fear,fear,false,30,m,random
B-terror-d3-v3,terror,fear,fear,false,30,m,random
B-terror-d3-v4,terror,fear,fear,false,30,m,random
B-vigilance-d1-v1,vigilance,anxiety,anxiety,false,30,m,random
B-vigilance-d1-v2,vigilance,anxiety,anxiety,false,30,m,random
B-vigilance-d1-v3,vigilance,anxiety,anxiety,false,30,m,random
B-vigilance-d1-v4,vigilance,concern,anxiety,true,30,m,random
B-vigilance-d2-v1,vigilance,anxiety,anxiety,false,30,m,random
B-vigilance-d2-v2,vigilance,anticipation,anticipation,false,30,m,random
B-vigilance-d2-v3,vigilance,anticipation,anticipation,false,30,m,random
B-vigilance-d2-v4,vigilance,tension,tension,false,30,m,random
B-vigilance-d3-v1,vigilance,anticipation,anticipation,false,30,m,random
B-vigilance-d3-v2,vigilance,tension,anxiety,true,30,m,random
B-vigilance-d3-v3,vigilance,fear,fear,false,30,m,random
B-vigilance-d3-v4,vigilance,anxiety,anxiety,false,30,m,random
B-admiration-d1-v1,admiration,frustration,frustration,false,31,m,random
B-admiration-d1-v2,admiration,pride,pride,false,31,m,random
B-admiration-d1-v3,admiration,admiration,admiration,false,31,m,random
B-admiration-d1-v4,admiration,awe,awe,false,31,m,random
B-admiration-d2-v1,admiration,"","",false,31,m,random
B-admiration-d2-v2,admiration,sadness,sadness,false,31,m,random
B-admiration-d2-v3,admiration,"","",false,31,m,random
B-admiration-d2-v4,admiration,contentment,contentment,false,31,m,random
B-admiration-d3-v1,admiration,pride,pride,false,31,m,random
B-admiration-d3-v2,admiration,perseverance,perseverance,false,31,m,random
B-admiration-d3-v3,admiration,determination,determination,false,31,m,random
B-admiration-d3-v4,admiration,"","",false,31,m,random
B-amazement-d1-v1,amazement,awe,awe,false,31,m,random
B-amazement-d1-v2,amazement,awe,awe,false,31,m,random
B-amazement-d1-v3,amazement,awe,awe,false,31,m,random
B-amazement-d1-v4,amazement,fear,fear,false,31,m,random
B-amazement-d2-v1,amazement,relief,fear,true,31,m,random
B-amazement-d2-v2,amazement,awe,awe,false,31,m,random
B-amazement-d2-v3,amazement,relief,relief,false,31,m,random
B-amazement-d2-v4,amazement,relief,relief,false,31,m,random
B-amazement-d3-v1,amazement,pride,pride,false,31,m,random
B-amazement-d3-v2,amazement,awe,excitement,true,31,m,random
B-amazement-d3-v3,amazement,relief,relief,false,31,m,random
B-amazement-d3-v4,amazement,"","",false,31,m,random
B-ecstasy-d1-v1,ecstasy,overwhelming,el,true,31,m,random
B-ecstasy-d1-v2,ecstasy,despair,despair,false,31,m,random
B-ecstasy-d1-v3,ecstasy,relief,el,true,31,m,random
B-ecstasy-d1-v4,ecstasy,pride,pride,false,31,m,random
B-ecstasy-d2-v1,ecstasy,anticipation,happiness,true,31,m,random
B-ecstasy-d2-v2,ecstasy,relief,relief,false,31,m,random
B-ecstasy-d2-v3,ecstasy,complex,"",true,31,m,random
B-ecstasy-d2-v4,ecstasy,loneliness,relief,true,31,m,random
B-ecstasy-d3-v1,ecstasy,el,el,false,31,m,random
B-ecstasy-d3-v2,ecstasy,awe,awe,false,31,m,random
B-ecstasy-d3-v3,ecstasy,excitement,excitement,false,31,m,random
B-ecstasy-d3-v4,ecstasy,excitement,excitement,false,31,m,random
B-grief-d1-v1,grief,grief,grief,false,31,m,random
B-grief-d1-v2,grief,loneliness,loneliness,false,31,m,random
B-grief-d1-v3,grief,worry,worry,false,31,m,random
B-grief-d1-v4,grief,grief,grief,false,31,m,random
B-grief-d2-v1,grief,grief,despair,true,31,m,random
B-grief-d2-v2,grief,sadness,sadness,false,31,m,random
B-grief-d2-v3,grief,sadness,grief,true,31,m,random
B-grief-d2-v4,grief,sadness,sadness,false,31,m,random
B-grief-d3-v1,grief,anxiety,anxiety,false,31,m,random
B-grief-d3-v2,grief,grief,grief,false,31,m,random
B-grief-d3-v3,grief,sadness,sadness,false,31,m,random
B-grief-d3-v4,grief,grief,grief,false,31,m,random
B-loathing-d1-v1,loathing,anger,anger,false,31,m,random
B-loathing-d1-v2,loathing,anger,anger,false,31,m,random
B-loathing-d1-v3,loathing,anger,anger,false,31,m,random
B-loathing-d1-v4,loathing,anger,anger,false,31,m,random
B-loathing-d2-v1,loathing,disgust,fear,true,31,m,random
B-loathing-d2-v2,loathing,disgust,disgust,false,31,m,random
B-loathing-d2-v3,loathing,fear,fear,false,31,m,random
B-loathing-d2-v4,loathing,disgust,disgust,false,31,m,random
B-loathing-d3-v1,loathing,betrayal,betrayal,false,31,m,random
B-loathing-d3-v2,loathing,anger,anger,false,31,m,random
B-loathing-d3-v3,loathing,anger,anger,false,31,m,random
B-loathing-d3-v4,loathing,anger,anger,false,31,m,random
B-rage-d1-v1,rage,anger,anger,false,31,m,random
B-rage-d1-v2,rage,anger,anger,false,31,m,random
B-rage-d1-v3,rage,anger,anger,false,31,m,random
B-rage-d1-v4,rage,anger,anger,false,31,m,random
B-rage-d2-v1,rage,anger,anger,false,31,m,random
B-rage-d2-v2,rage,anger,anger,false,31,m,random
B-rage-d2-v3,rage,anger,anger,false,31,m,random
B-rage-d2-v4,rage,fear,fear,false,31,m,random
B-rage-d3-v1,rage,betrayal,Bet,true,31,m,random
B-rage-d3-v2,rage,anger,anger,false,31,m,random
B-rage-d3-v3,rage,anger,anger,false,31,m,random
B-rage-d3-v4,rage,fear,fear,false,31,m,random
B-terror-d1-v1,terror,fear,fear,false,31,m,random
B-terror-d1-v2,terror,fear,fear,false,31,m,random
B-terror-d1-v3,terror,fear,fear,false,31,m,random
B-terror-d1-v4,terror,fear,fear,false,31,m,random
B-terror-d2-v1,terror,anxiety,fear,true,31,m,random
B-terror-d2-v2,terror,anxiety,anxiety,false,31,m,random
B-terror-d2-v3,terror,fear,fear,false,31,m,random
B-terror-d2-v4,terror,fear,anxiety,true,31,m,random
B-terror-d3-v1,terror,fear,fear,false,31,m,random
B-terror-d3-v2,terror,fear,fear,false,31,m,random
B-terror-d3-v3,terror,fear,fear,false,31,m,random
B-terror-d3-v4,terror,fear,fear,false,31,m,random
B-vigilance-d1-v1,vigilance,anxiety,anxiety,false,31,m,random
B-vigilance-d1-v2,vigilance,anxiety,anxiety,false,31,m,random
B-vigilance-d1-v3,vigilance,anxiety,anxiety,false,31,m,random
B-vigilance-d1-v4,vigilance,concern,anxiety,true,31,m,random
B-vigilance-d2-v1,vigilance,anxiety,anxiety,false,31,m,random
B-vigilance-d2-v2,vigilance,anticipation,anticipation,false,31,m,random
B-vigilance-d2-v3,vigilance,anticipation,anticipation,false,31,m,random
B-vigilance-d2-v4,vigilance,tension,tension,false,31,m,random
B-vigilance-d3-v1,vigilance,anticipation,tension,true,31,m,random
B-vigilance-d3-v2,vigilance,tension,anxiety,true,31,m,random
B-vigilance-d3-v3,vigilance,fear,fear,false,31,m,random
B-vigilance-d3-v4,vigilance,anxiety,anxiety,false,31,m,random
B-admiration-d1-v1,admiration,frustration,frustration,false,32,m,random
B-admiration-d1-v2,admiration,pride,pride,false,32,m,random
B-admiration-d1-v3,admiration,admiration,admiration,false,32,m,random
B-admiration-d1-v4,admiration,awe,awe,false,32,m,random
B-admiration-d2-v1,admiration,"","",false,32,m,random
B-admiration-d2-v2,admiration,sadness,sadness,false,32,m,random
B-admiration-d2-v3,admiration,"",**,true,32,m,random
B-admiration-d2-v4,admiration,contentment,contentment,false,32,m,random
B-admiration-d3-v1,admiration,pride,pride,false,32,m,random
B-admiration-d3-v2,admiration,perseverance,relief,true,32,m,random
B-admiration-d3-v3,admiration,determination,determination,false,32,m,random
B-admiration-d3-v4,admiration,"",empathy,true,32,m,random
B-amazement-d1-v1,amazement,awe,awe,false,32,m,random
B-amazement-d1-v2,amazement,awe,awe,false,32,m,random
B-amazement-d1-v3,amazement,awe,awe,false,32,m,random
B-amazement-d1-v4,amazement,fear,fear,false,32,m,random
B-amazement-d2-v1,amazement,relief,relief,false,32,m,random
B-amazement-d2-v2,amazement,awe,awe,false,32,m,random
B-amazement-d2-v3,amazement,relief,relief,false,32,m,random
B-amazement-d2-v4,amazement,relief,relief,false,32,m,random
B-amazement-d3-v1,amazement,pride,pride,false,32,m,random
B-amazement-d3-v2,amazement,awe,excitement,true,32,m,random
B-amazement-d3-v3,amazement,relief,relief,false,32,m,random
B-amazement-d3-v4,amazement,"","",false,32,m,random
B-ecstasy-d1-v1,ecstasy,overwhelming,overwhelming,false,32,m,random
B-ecstasy-d1-v2,ecstasy,despair,despair,false,32,m,random
B-ecstasy-d1-v3,ecstasy,relief,relief,false,32,m,random
B-ecstasy-d1-v4,ecstasy,pride,pride,false,32,m,random
B-ecstasy-d2-v1,ecstasy,anticipation,anticipation,false,32,m,random
B-ecstasy-d2-v2,ecstasy,relief,relief,false,32,m,random
B-ecstasy-d2-v3,ecstasy,complex,"",true,32,m,random
B-ecstasy-d2-v4,ecstasy,loneliness,loneliness,false,32,m,random
B-ecstasy-d3-v1,ecstasy,el,excitement,true,32,m,random
B-ecstasy-d3-v2,ecstasy,awe,wonder,true,32,m,random
B-ecstasy-d3-v3,ecstasy,excitement,excitement,false,32,m,random
B-ecstasy-d3-v4,ecstasy,excitement,excitement,false,32,m,random
B-grief-d1-v1,grief,grief,grief,false,32,m,random
B-grief-d1-v2,grief,loneliness,loneliness,false,32,m,random
B-grief-d1-v3,grief,worry,despair,true,32,m,random
B-grief-d1-v4,grief,grief,grief,false,32,m,random
B-grief-d2-v1,grief,grief,despair,true,32,m,random
B-grief-d2-v2,grief,sadness,sadness,false,32,m,random
B-grief-d2-v3,grief,sadness,sadness,false,32,m,random
B-grief-d2-v4,grief,sadness,sadness,false,32,m,random
B-grief-d3-v1,grief,anxiety,anxiety,false,32,m,random
B-grief-d3-v2,grief,grief,grief,false,32,m,random
B-grief-d3-v3,grief,sadness,sadness,false,32,m,random
B-grief-d3-v4,grief,grief,grief,false,32,m,random
B-loathing-d1-v1,loathing,anger,anger,false,32,m,random
B-loathing-d1-v2,loathing,anger,anger,false,32,m,random
B-loathing-d1-v3,loathing,anger,anger,false,32,m,random
B-loathing-d1-v4,loathing,anger,anger,false,32,m,random
B-loathing-d2-v1,loathing,disgust,disgust,false,32,m,random
B-loathing-d2-v2,loathing,disgust,disgust,false,32,m,random
B-loathing-d2-v3,loathing,fear,fear,false,32,m,random
B-loathing-d2-v4,loathing,disgust,disgust,false,32,m,random
B-loathing-d3-v1,loathing,betrayal,betrayal,false,32,m,random
B-loathing-d3-v2,loathing,anger,anger,false,32,m,random
B-loathing-d3-v3,loathing,anger,anger,false,32,m,random
B-loathing-d3-v4,loathing,anger,anger,false,32,m,random
B-rage-d1-v1,rage,anger,anger,false,32,m,random
B-rage-d1-v2,rage,anger,anger,false,32,m,random
B-rage-d1-v3,rage,anger,anger,false,32,m,random
B-rage-d1-v4,rage,anger,anger,false,32,m,random
B-rage-d2-v1,rage,anger,anger,false,32,m,random
B-rage-d2-v2,rage,anger,anger,false,32,m,random
B-rage-d2-v3,rage,anger,anger,false,32,m,random
B-rage-d2-v4,rage,fear,fear,false,32,m,random
B-rage-d3-v1,rage,betrayal,Bet,true,32,m,random
B-rage-d3-v2,rage,anger,anger,false,32,m,random
B-rage-d3-v3,rage,anger,anger,false,32,m,random
B-rage-d3-v4,rage,fear,anger,true,32,m,random
B-terror-d1-v1,terror,fear,fear,false,32,m,random
B-terror-d1-v2,terror,fear,fear,false,32,m,random
B-terror-d1-v3,terror,fear,fear,false,32,m,random
B-terror-d1-v4,terror,fear,fear,false,32,m,random
B-terror-d2-v1,terror,anxiety,anxiety,false,32,m,random
B-terror-d2-v2,terror,anxiety,anxiety,false,32,m,random
B-terror-d2-v3,terror,fear,fear,false,32,m,random
B-terror-d2-v4,terror,fear,fear,false,32,m,random
B-terror-d3-v1,terror,fear,fear,false,32,m,random
B-terror-d3-v2,terror,fear,fear,false,32,m,random
B-terror-d3-v3,terror,fear,fear,false,32,m,random
B-terror-d3-v4,terror,fear,fear,false,32,m,random
B-vigilance-d1-v1,vigilance,anxiety,anxiety,false,32,m,random
B-vigilance-d1-v2,vigilance,anxiety,anxiety,false,32,m,random
B-vigilance-d1-v3,vigilance,anxiety,anxiety,false,32,m,random
B-vigilance-d1-v4,vigilance,concern,anxiety,true,32,m,random
B-vigilance-d2-v1,vigilance,anxiety,anxiety,false,32,m,random
B-vigilance-d2-v2,vigilance,anticipation,anticipation,false,32,m,random
B-vigilance-d2-v3,vigilance,anticipation,anticipation,false,32,m,random
B-vigilance-d2-v4,vigilance,tension,tension,false,32,m,random
B-vigilance-d3-v1,vigilance,anticipation,tension,true,32,m,random
B-vigilance-d3-v2,vigilance,tension,anxiety,true,32,m,random
B-vigilance-d3-v3,vigilance,fear,fear,false,32,m,random
B-vigilance-d3-v4,vigilance,anxiety,anxiety,false,32,m,random
B-admiration-d1-v1,admiration,frustration,awe,true,33,m,random
B-admiration-d1-v2,admiration,pride,pride,false,33,m,random
B-admiration-d1-v3,admiration,admiration,admiration,false,33,m,random
B-admiration-d1-v4,admiration,awe,admiration,true,33,m,random
B-admiration-d2-v1,admiration,"","",false,33,m,random
B-admiration-d2-v2,admiration,sadness,sadness,false,33,m,random
B-admiration-d2-v3,admiration,"",guilt,true,33,m,random
B-admiration-d2-v4,admiration,contentment,contentment,false,33,m,random
B-admiration-d3-v1,admiration,pride,pride,false,33,m,random
B-admiration-d3-v2,admiration,perseverance,perseverance,false,33,m,random
B-admiration-d3-v3,admiration,determination,determination,false,33,m,random
B-admiration-d3-v4,admiration,"","",false,33,m,random
B-amazement-d1-v1,amazement,awe,awe,false,33,m,random
B-amazement-d1-v2,amazement,awe,awe,false,33,m,random
B-amazement-d1-v3,amazement,awe,awe,false,33,m,random
B-amazement-d1-v4,amazement,fear,fear,false,33,m,random
B-amazement-d2-v1,amazement,relief,relief,false,33,m,random
B-amazement-d2-v2,amazement,awe,awe,false,33,m,random
B-amazement-d2-v3,amazement,relief,relief,false,33,m,random
B-amazement-d2-v4,amazement,relief,relief,false,33,m,random
B-amazement-d3-v1,amazement,pride,pride,false,33,m,random
B-amazement-d3-v2,amazement,awe,awe,false,33,m,random
B-amazement-d3-v3,amazement,relief,relief,false,33,m,random
B-amazement-d3-v4,amazement,"","",false,33,m,random
B-ecstasy-d1-v1,ecstasy,overwhelming,relief,true,33,m,random
B-ecstasy-d1-v2,ecstasy,despair,relief,true,33,m,random
B-ecstasy-d1-v3,ecstasy,relief,pride,true,33,m,random
B-ecstasy-d1-v4,ecstasy,pride,pride,false,33,m,random
B-ecstasy-d2-v1,ecstasy,anticipation,happiness,true,33,m,random
B-ecstasy-d2-v2,ecstasy,relief,relief,false,33,m,random
B-ecstasy-d2-v3,ecstasy,complex,"",true,33,m,random
B-ecstasy-d2-v4,ecstasy,loneliness,loneliness,false,33,m,random
B-ecstasy-d3-v1,ecstasy,el,excitement,true,33,m,random
B-ecstasy-d3-v2,ecstasy,awe,awe,false,33,m,random
B-ecstasy-d3-v3,ecstasy,excitement,excitement,false,33,m,random
B-ecstasy-d3-v4,ecstasy,excitement,excitement,false,33,m,random
B-grief-d1-v1,grief,grief,grief,false,33,m,random
B-grief-d1-v2,grief,loneliness,loneliness,false,33,m,random
B-grief-d1-v3,grief,worry,sadness,true,33,m,random
B-grief-d1-v4,grief,grief,grief,false,33,m,random
B-grief-d2-v1,grief,grief,grief,false,33,m,random
B-grief-d2-v2,grief,sadness,melancholy,true,33,m,random
B-grief-d2-v3,grief,sadness,sadness,false,33,m,random
B-grief-d2-v4,grief,sadness,sadness,false,33,m,random
B-grief-d3-v1,grief,anxiety,anxiety,false,33,m,random
B-grief-d3-v2,grief,grief,grief,false,33,m,random
B-grief-d3-v3,grief,sadness,sadness,false,33,m,random
B-grief-d3-v4,grief,grief,grief,false,33,m,random
B-loathing-d1-v1,loathing,anger,disgust,true,33,m,random
B-loathing-d1-v2,loathing,anger,anger,false,33,m,random
B-loathing-d1-v3,loathing,anger,anger,false,33,m,random
B-loathing-d1-v4,loathing,anger,anger,false,33,m,random
B-loathing-d2-v1,loathing,disgust,disgust,false,33,m,random
B-loathing-d2-v2,loathing,disgust,disgust,false,33,m,random
B-loathing-d2-v3,loathing,fear,fear,false,33,m,random
B-loathing-d2-v4,loathing,disgust,disgust,false,33,m,random
B-loathing-d3-v1,loathing,betrayal,betrayal,false,33,m,random
B-loathing-d3-v2,loathing,anger,anger,false,33,m,random
B-loathing-d3-v3,loathing,anger,disgust,true,33,m,random
B-loathing-d3-v4,loathing,anger,anger,false,33,m,random
B-rage-d1-v1,rage,anger,anger,false,33,m,random
B-rage-d1-v2,rage,anger,anger,false,33,m,random
B-rage-d1-v3,rage,anger,Bet,true,33,m,random
B-rage-d1-v4,rage,anger,betrayal,true,33,m,random
B-rage-d2-v1,rage,anger,"",true,33,m,random
B-rage-d2-v2,rage,anger,anger,false,33,m,random
B-rage-d2-v3,rage,anger,anger,false,33,m,random
B-rage-d2-v4,rage,fear,fear,false,33,m,random
B-rage-d3-v1,rage,betrayal,betrayal,false,33,m,random
B-rage-d3-v2,rage,anger,fear,true,33,m,random
B-rage-d3-v3,rage,anger,anger,false,33,m,random
B-rage-d3-v4,rage,fear,fear,false,33,m,random
B-terror-d1-v1,terror,fear,fear,false,33,m,random
B-terror-d1-v2,terror,fear,fear,false,33,m,random
B-terror-d1-v3,terror,fear,fear,false,33,m,random
B-terror-d1-v4,terror,fear,fear,false,33,m,random
B-terror-d2-v1,terror,anxiety,anxiety,false,33,m,random
B-terror-d2-v2,terror,anxiety,anxiety,false,33,m,random
B-terror-d2-v3,terror,fear,fear,false,33,m,random
B-terror-d2-v4,terror,fear,fear,false,33,m,random
B-terror-d3-v1,terror,fear,fear,false,33,m,random
B-terror-d3-v2,terror,fear,fear,false,33,m,random
B-terror-d3-v3,terror,fear,fear,false,33,m,random
B-terror-d3-v4,terror,fear,fear,false,33,m,random
B-vigilance-d1-v1,vigilance,anxiety,anxiety,false,33,m,random
B-vigilance-d1-v2,vigilance,anxiety,anxiety,false,33,m,random
B-vigilance-d1-v3,vigilance,anxiety,anxiety,false,33,m,random
B-vigilance-d1-v4,vigilance,concern,anxiety,true,33,m,random
B-vigilance-d2-v1,vigilance,anxiety,anxiety,false,33,m,random
B-vigilance-d2-v2,vigilance,anticipation,anticipation,false,33,m,random
B-vigilance-d2-v3,vigilance,anticipation,tension,true,33,m,random
B-vigilance-d2-v4,vigilance,tension,tension,false,33,m,random
B-vigilance-d3-v1,vigilance,anticipation,tension,true,33,m,random
B-vigilance-d3-v2,vigilance,tension,tension,false,33,m,random
B-vigilance-d3-v3,vigilance,fear,fear,false,33,m,random
B-vigilance-d3-v4,vigilance,anxiety,anxiety,false,33,m,random
B-admiration-d1-v1,admiration,frustration,frustration,false,34,m,random
B-admiration-d1-v2,admiration,pride,"",true,34,m,random
B-admiration-d1-v3,admiration,admiration,admiration,false,34,m,random
B-admiration-d1-v4,admiration,awe,awe,false,34,m,random
B-admiration-d2-v1,admiration,"","",false,34,m,random
B-admiration-d2-v2,admiration,sadness,sadness,false,34,m,random
B-admiration-d2-v3,admiration,"","",false,34,m,random
B-admiration-d2-v4,admiration,contentment,contentment,false,34,m,random
B-admiration-d3-v1,admiration,pride,pride,false,34,m,random
B-admiration-d3-v2,admiration,perseverance,perseverance,false,34,m,random
B-admiration-d3-v3,admiration,determination,perseverance,true,34,m,random
B-admiration-d3-v4,admiration,"","",false,34,m,random
B-amazement-d1-v1,amazement,awe,awe,false,34,m,random
B-amazement-d1-v2,amazement,awe,awe,false,34,m,random
B-amazement-d1-v3,amazement,awe,awe,false,34,m,random
B-amazement-d1-v4,amazement,fear,fear,false,34,m,random
B-amazement-d2-v1,amazement,relief,relief,false,34,m,random
B-amazement-d2-v2,amazement,awe,awe,false,34,m,random
B-amazement-d2-v3,amazement,relief,relief,false,34,m,random
B-amazement-d2-v4,amazement,relief,relief,false,34,m,random
B-amazement-d3-v1,amazement,pride,pride,false,34,m,random
B-amazement-d3-v2,amazement,awe,awe,false,34,m,random
B-amazement-d3-v3,amazement,relief,relief,false,34,m,random
B-amazement-d3-v4,amazement,"","",false,34,m,random
B-ecstasy-d1-v1,ecstasy,overwhelming,overwhelming,false,34,m,random
B-ecstasy-d1-v2,ecstasy,despair,despair,false,34,m,random
B-ecstasy-d1-v3,ecstasy,relief,relief,false,34,m,random
B-ecstasy-d1-v4,ecstasy,pride,pride,false,34,m,random
B-ecstasy-d2-v1,ecstasy,anticipation,anticipation,false,34,m,random
B-ecstasy-d2-v2,ecstasy,relief,relief,false,34,m,random
B-ecstasy-d2-v3,ecstasy,complex,"",true,34,m,random
B-ecstasy-d2-v4,ecstasy,loneliness,loneliness,false,34,m,random
B-ecstasy-d3-v1,ecstasy,el,excitement,true,34,m,random
B-ecstasy-d3-v2,ecstasy,awe,wonder,true,34,m,random
B-ecstasy-d3-v3,ecstasy,excitement,excitement,false,34,m,random
B-ecstasy-d3-v4,ecstasy,excitement,excitement,false,34,m,random
B-grief-d1-v1,grief,grief,grief,false,34,m,random
B-grief-d1-v2,grief,loneliness,loneliness,false,34,m,random
B-grief-d1-v3,grief,worry,loneliness,true,34,m,random
B-grief-d1-v4,grief,grief,grief,false,34,m,random
B-grief-d2-v1,grief,grief,grief,false,34,m,random
B-grief-d2-v2,grief,sadness,sadness,false,34,m,random
B-grief-d2-v3,grief,sadness,sadness,false,34,m,random
B-grief-d2-v4,grief,sadness,sadness,false,34,m,random
B-grief-d3-v1,grief,anxiety,"",true,34,m,random
B-grief-d3-v2,grief,grief,grief,false,34,m,random
B-grief-d3-v3,grief,sadness,sadness,false,34,m,random
B-grief-d3-v4,grief,grief,grief,false,34,m,random
B-loathing-d1-v1,loathing,anger,anger,false,34,m,random
B-loathing-d1-v2,loathing,anger,anger,false,34,m,random
B-loathing-d1-v3,loathing,anger,anger,false,34,m,random
B-loathing-d1-v4,loathing,anger,anger,false,34,m,random
B-loathing-d2-v1,loathing,disgust,fear,true,34,m,random
B-loathing-d2-v2,loathing,disgust,disgust,false,34,m,random
B-loathing-d2-v3,loathing,fear,fear,false,34,m,random
B-loathing-d2-v4,loathing,disgust,disgust,false,34,m,random
B-loathing-d3-v1,loathing,betrayal,betrayal,false,34,m,random
B-loathing-d3-v2,loathing,anger,anger,false,34,m,random
B-loathing-d3-v3,loathing,anger,anger,false,34,m,random
B-loathing-d3-v4,loathing,anger,anger,false,34,m,random
B-rage-d1-v1,rage,anger,anger,false,34,m,random
B-rage-d1-v2,rage,anger,anger,false,34,m,random
B-rage-d1-v3,rage,anger,anger,false,34,m,random
B-rage-d1-v4,rage,anger,anger,false,34,m,random
B-rage-d2-v1,rage,anger,anger,false,34,m,random
B-rage-d2-v2,rage,anger,anger,false,34,m,random
B-rage-d2-v3,rage,anger,anger,false,34,m,random
B-rage-d2-v4,rage,fear,fear,false,34,m,random
B-rage-d3-v1,rage,betrayal,betrayal,false,34,m,random
B-rage-d3-v2,rage,anger,anger,false,34,m,random
B-rage-d3-v3,rage,anger,anger,false,34,m,random
B-rage-d3-v4,rage,fear,fear,false,34,m,random
B-terror-d1-v1,terror,fear,fear,false,34,m,random
B-terror-d1-v2,terror,fear,fear,false,34,m,random
B-terror-d1-v3,terror,fear,fear,false,34,m,random
B-terror-d1-v4,terror,fear,fear,false,34,m,random
B-terror-d2-v1,terror,anxiety,anxiety,false,34,m,random
B-terror-d2-v2,terror,anxiety,anxiety,false,34,m,random
B-terror-d2-v3,terror,fear,fear,false,34,m,random
B-terror-d2-v4,terror,fear,fear,false,34,m,random
B-terror-d3-v1,terror,fear,fear,false,34,m,random
B-terror-d3-v2,terror,fear,fear,false,34,m,random
B-terror-d3-v3,terror,fear,fear,false,34,m,random
B-terror-d3-v4,terror,fear,fear,false,34,m,random
B-vigilance-d1-v1,vigilance,anxiety,anxiety,false,34,m,random
B-vigilance-d1-v2,vigilance,anxiety,anxiety,false,34,m,random
B-vigilance-d1-v3,vigilance,anxiety,anxiety,false,34,m,random
B-vigilance-d1-v4,vigilance,concern,anxiety,true,34,m,random
B-vigilance-d2-v1,vigilance,anxiety,anxiety,false,34,m,random
B-vigilance-d2-v2,vigilance,anticipation,anticipation,false,34,m,random
B-vigilance-d2-v3,vigilance,anticipation,anticipation,false,34,m,random
B-vigilance-d2-v4,vigilance,tension,tension,false,34,m,random
B-vigilance-d3-v1,vigilance,anticipation,anticipation,false,34,m,random
B-vigilance-d3-v2,vigilance,tension,tension,false,34,m,random
B-vigilance-d3-v3,vigilance,fear,fear,false,34,m,random
B-vigilance-d3-v4,vigilance,anxiety,apprehension,true,34,m,random
B-admiration-d1-v1,admiration,frustration,admiration,true,35,m,random
B-admiration-d1-v2,admiration,pride,"",true,35,m,random
B-admiration-d1-v3,admiration,admiration,**,true,35,m,random
B-admiration-d1-v4,admiration,awe,awe,false,35,m,random
B-admiration-d2-v1,admiration,"","",false,35,m,random
B-admiration-d2-v2,admiration,sadness,"",true,35,m,random
B-admiration-d2-v3,admiration,"",guilt,true,35,m,random
B-admiration-d2-v4,admiration,contentment,contentment,false,35,m,random
B-admiration-d3-v1,admiration,pride,pride,false,35,m,random
B-admiration-d3-v2,admiration,perseverance,perseverance,false,35,m,random
B-admiration-d3-v3,admiration,determination,determination,false,35,m,random
B-admiration-d3-v4,admiration,"","",false,35,m,random
B-amazement-d1-v1,amazement,awe,awe,false,35,m,random
B-amazement-d1-v2,amazement,awe,awe,false,35,m,random
B-amazement-d1-v3,amazement,awe,awe,false,35,m,random
B-amazement-d1-v4,amazement,fear,fear,false,35,m,random
B-amazement-d2-v1,amazement,relief,relief,false,35,m,random
B-amazement-d2-v2,amazement,awe,awe,false,35,m,random
B-amazement-d2-v3,amazement,relief,relief,false,35,m,random
B-amazement-d2-v4,amazement,relief,relief,false,35,m,random
B-amazement-d3-v1,amazement,pride,pride,false,35,m,random
B-amazement-d3-v2,amazement,awe,excitement,true,35,m,random
B-amazement-d3-v3,amazement,relief,relief,false,35,m,random
B-amazement-d3-v4,amazement,"","",false,35,m,random
B-ecstasy-d1-v1,ecstasy,overwhelming,overwhelming,false,35,m,random
B-ecstasy-d1-v2,ecstasy,despair,despair,false,35,m,random
B-ecstasy-d1-v3,ecstasy,relief,relief,false,35,m,random
B-ecstasy-d1-v4,ecstasy,pride,pride,false,35,m,random
B-ecstasy-d2-v1,ecstasy,anticipation,anticipation,false,35,m,random
B-ecstasy-d2-v2,ecstasy,relief,relief,false,35,m,random
B-ecstasy-d2-v3,ecstasy,complex,"",true,35,m,random
B-ecstasy-d2-v4,ecstasy,loneliness,loneliness,false,35,m,random
B-ecstasy-d3-v1,ecstasy,el,excitement,true,35,m,random
B-ecstasy-d3-v2,ecstasy,awe,wonder,true,35,m,random
B-ecstasy-d3-v3,ecstasy,excitement,excitement,false,35,m,random
B-ecstasy-d3-v4,ecstasy,excitement,excitement,false,35,m,random
B-grief-d1-v1,grief,grief,grief,false,35,m,random
B-grief-d1-v2,grief,loneliness,**,true,35,m,random
B-grief-d1-v3,grief,worry,despair,true,35,m,random
B-grief-d1-v4,grief,grief,grief,false,35,m,random
B-grief-d2-v1,grief,grief,grief,false,35,m,random
B-grief-d2-v2,grief,sadness,melancholy,true,35,m,random
B-grief-d2-v3,grief,sadness,grief,true,35,m,random
B-grief-d2-v4,grief,sadness,sadness,false,35,m,random
B-grief-d3-v1,grief,anxiety,anxiety,false,35,m,random
B-grief-d3-v2,grief,grief,grief,false,35,m,random
B-grief-d3-v3,grief,sadness,sadness,false,35,m,random
B-grief-d3-v4,grief,grief,grief,false,35,m,random
B-loathing-d1-v1,loathing,anger,anger,false,35,m,random
B-loathing-d1-v2,loathing,anger,anger,false,35,m,random
B-loathing-d1-v3,loathing,anger,anger,false,35,m,random
B-loathing-d1-v4,loathing,anger,anger,false,35,m,random
B-loathing-d2-v1,loathing,disgust,disgust,false,35,m,random
B-loathing-d2-v2,loathing,disgust,disgust,false,35,m,random
B-loathing-d2-v3,loathing,fear,fear,false,35,m,random
B-loathing-d2-v4,loathing,disgust,disgust,false,35,m,random
B-loathing-d3-v1,loathing,betrayal,betrayal,false,35,m,random
B-loathing-d3-v2,loathing,anger,anger,false,35,m,random
B-loathing-d3-v3,loathing,anger,anger,false,35,m,random
B-loathing-d3-v4,loathing,anger,anger,false,35,m,random
B-rage-d1-v1,rage,anger,anger,false,35,m,random
B-rage-d1-v2,rage,anger,anger,false,35,m,random
B-rage-d1-v3,rage,anger,anger,false,35,m,random
B-rage-d1-v4,rage,anger,anger,false,35,m,random
B-rage-d2-v1,rage,anger,"",true,35,m,random
B-rage-d2-v2,rage,anger,anger,false,35,m,random
B-rage-d2-v3,rage,anger,anger,false,35,m,random
B-rage-d2-v4,rage,fear,fear,false,35,m,random
B-rage-d3-v1,rage,betrayal,anger,true,35,m,random
B-rage-d3-v2,rage,anger,anger,false,35,m,random
B-rage-d3-v3,rage,anger,anger,false,35,m,random
B-rage-d3-v4,rage,fear,anger,true,35,m,random
B-terror-d1-v1,terror,fear,fear,false,35,m,random
B-terror-d1-v2,terror,fear,fear,false,35,m,random
B-terror-d1-v3,terror,fear,fear,false,35,m,random
B-terror-d1-v4,terror,fear,fear,false,35,m,random
B-terror-d2-v1,terror,anxiety,anxiety,false,35,m,random
B-terror-d2-v2,terror,anxiety,anxiety,false,35,m,random
B-terror-d2-v3,terror,fear,fear,false,35,m,random
B-terror-d2-v4,terror,fear,fear,false,35,m,random
B-terror-d3-v1,terror,fear,fear,false,35,m,random
B-terror-d3-v2,terror,fear,fear,false,35,m,random
B-terror-d3-v3,terror,fear,fear,false,35,m,random
B-terror-d3-v4,terror,fear,fear,false,35,m,random
B-vigilance-d1-v1,vigilance,anxiety,anxiety,false,35,m,random
B-vigilance-d1-v2,vigilance,anxiety,anxiety,false,35,m,random
B-vigilance-d1-v3,vigilance,anxiety,anxiety,false,35,m,random
B-vigilance-d1-v4,vigilance,concern,anxiety,true,35,m,random
B-vigilance-d2-v1,vigilance,anxiety,anxiety,false,35,m,random
B-vigilance-d2-v2,vigilance,anticipation,anticipation,false,35,m,random
B-vigilance-d2-v3,vigilance,anticipation,anticipation,false,35,m,random
B-vigilance-d2-v4,vigilance,tension,tension,false,35,m,random
B-vigilance-d3-v1,vigilance,anticipation,anticipation,false,35,m,random
B-vigilance-d3-v2,vigilance,tension,tension,false,35,m,random
B-vigilance-d3-v3,vigilance,fear,fear,false,35,m,random
B-vigilance-d3-v4,vigilance,anxiety,anxiety,false,35,m,random
B-admiration-d1-v1,admiration,frustration,admiration,true,36,m,random
B-admiration-d1-v2,admiration,pride,**,true,36,m,random
B-admiration-d1-v3,admiration,admiration,"",true,36,m,random
B-admiration-d1-v4,admiration,awe,awe,false,36,m,random
B-admiration-d2-v1,admiration,"",**,true,36,m,random
B-admiration-d2-v2,admiration,sadness,sadness,false,36,m,random
B-admiration-d2-v3,admiration,"",**,true,36,m,random
B-admiration-d2-v4,admiration,contentment,contentment,false,36,m,random
B-admiration-d3-v1,admiration,pride,pride,false,36,m,random
B-admiration-d3-v2,admiration,perseverance,perseverance,false,36,m,random
B-admiration-d3-v3,admiration,determination,**,true,36,m,random
B-admiration-d3-v4,admiration,"","",false,36,m,random
B-amazement-d1-v1,amazement,awe,awe,false,36,m,random
B-amazement-d1-v2,amazement,awe,awe,false,36,m,random
B-amazement-d1-v3,amazement,awe,awe,false,36,m,random
B-amazement-d1-v4,amazement,fear,fear,false,36,m,random
B-amazement-d2-v1,amazement,relief,relief,false,36,m,random
B-amazement-d2-v2,amazement,awe,awe,false,36,m,random
B-amazement-d2-v3,amazement,relief,relief,false,36,m,random
B-amazement-d2-v4,amazement,relief,relief,false,36,m,random
B-amazement-d3-v1,amazement,pride,pride,false,36,m,random
B-amazement-d3-v2,amazement,awe,"",true,36,m,random
B-amazement-d3-v3,amazement,relief,relief,false,36,m,random
B-amazement-d3-v4,amazement,"",**,true,36,m,random
B-ecstasy-d1-v1,ecstasy,overwhelming,relief,true,36,m,random
B-ecstasy-d1-v2,ecstasy,despair,"",true,36,m,random
B-ecstasy-d1-v3,ecstasy,relief,relief,false,36,m,random
B-ecstasy-d1-v4,ecstasy,pride,pride,false,36,m,random
B-ecstasy-d2-v1,ecstasy,anticipation,"",true,36,m,random
B-ecstasy-d2-v2,ecstasy,relief,relief,false,36,m,random
B-ecstasy-d2-v3,ecstasy,complex,"",true,36,m,random
B-ecstasy-d2-v4,ecstasy,loneliness,loneliness,false,36,m,random
B-ecstasy-d3-v1,ecstasy,el,el,false,36,m,random
B-ecstasy-d3-v2,ecstasy,awe,awe,false,36,m,random
B-ecstasy-d3-v3,ecstasy,excitement,excitement,false,36,m,random
B-ecstasy-d3-v4,ecstasy,excitement,excitement,false,36,m,random
B-grief-d1-v1,grief,grief,grief,false,36,m,random
B-grief-d1-v2,grief,loneliness,**,true,36,m,random
B-grief-d1-v3,grief,worry,worry,false,36,m,random
B-grief-d1-v4,grief,grief,grief,false,36,m,random
B-grief-d2-v1,grief,grief,"",true,36,m,random
B-grief-d2-v2,grief,sadness,sadness,false,36,m,random
B-grief-d2-v3,grief,sadness,melancholy,true,36,m,random
B-grief-d2-v4,grief,sadness,sadness,false,36,m,random
B-grief-d3-v1,grief,anxiety,"",true,36,m,random
B-grief-d3-v2,grief,grief,grief,false,36,m,random
B-grief-d3-v3,grief,sadness,"",true,36,m,random
B-grief-d3-v4,grief,grief,grief,false,36,m,random
B-loathing-d1-v1,loathing,anger,anger,false,36,m,random
B-loathing-d1-v2,loathing,anger,anger,false,36,m,random
B-loathing-d1-v3,loathing,anger,anger,false,36,m,random
B-loathing-d1-v4,loathing,anger,anger,false,36,m,random
B-loathing-d2-v1,loathing,disgust,disgust,false,36,m,random
B-loathing-d2-v2,loathing,disgust,disgust,false,36,m,random
B-loathing-d2-v3,loathing,fear,fear,false,36,m,random
B-loathing-d2-v4,loathing,disgust,disgust,false,36,m,random
B-loathing-d3-v1,loathing,betrayal,betrayal,false,36,m,random
B-loathing-d3-v2,loathing,anger,anger,false,36,m,random
B-loathing-d3-v3,loathing,anger,"",true,36,m,random
B-loathing-d3-v4,loathing,anger,anger,false,36,m,random
B-rage-d1-v1,rage,anger,anger,false,36,m,random
B-rage-d1-v2,rage,anger,anger,false,36,m,random
B-rage-d1-v3,rage,anger,anger,false,36,m,random
B-rage-d1-v4,rage,anger,betrayal,true,36,m,random
B-rage-d2-v1,rage,anger,"",true,36,m,random
B-rage-d2-v2,rage,anger,anger,false,36,m,random
B-rage-d2-v3,rage,anger,anger,false,36,m,random
B-rage-d2-v4,rage,fear,"",true,36,m,random
B-rage-d3-v1,rage,betrayal,betrayal,false,36,m,random
B-rage-d3-v2,rage,anger,anger,false,36,m,random
B-rage-d3-v3,rage,anger,anger,false,36,m,random
B-rage-d3-v4,rage,fear,"",true,36,m,random
B-terror-d1-v1,terror,fear,fear,false,36,m,random
B-terror-d1-v2,terror,fear,fear,false,36,m,random
B-terror-d1-v3,terror,fear,fear,false,36,m,random
B-terror-d1-v4,terror,fear,fear,false,36,m,random
B-terror-d2-v1,terror,anxiety,anxiety,false,36,m,random
B-terror-d2-v2,terror,anxiety,anxiety,false,36,m,random
B-terror-d2-v3,terror,fear,fear,false,36,m,random
B-terror-d2-v4,terror,fear,fear,false,36,m,random
B-terror-d3-v1,terror,fear,fear,false,36,m,random
B-terror-d3-v2,terror,fear,fear,false,36,m,random
B-terror-d3-v3,terror,fear,fear,false,36,m,random
B-terror-d3-v4,terror,fear,fear,false,36,m,random
B-vigilance-d1-v1,vigilance,anxiety,anxiety,false,36,m,random
B-vigilance-d1-v2,vigilance,anxiety,anxiety,false,36,m,random
B-vigilance-d1-v3,vigilance,anxiety,anxiety,false,36,m,random
B-vigilance-d1-v4,vigilance,concern,**,true,36,m,random
B-vigilance-d2-v1,vigilance,anxiety,anxiety,false,36,m,random
B-vigilance-d2-v2,vigilance,anticipation,anticipation,false,36,m,random
B-vigilance-d2-v3,vigilance,anticipation,anticipation,false,36,m,random
B-vigilance-d2-v4,vigilance,tension,"",true,36,m,random
B-vigilance-d3-v1,vigilance,anticipation,anticipation,false,36,m,random
B-vigilance-d3-v2,vigilance,tension,tension,false,36,m,random
B-vigilance-d3-v3,vigilance,fear,fear,false,36,m,random
B-vigilance-d3-v4,vigilance,anxiety,anxiety,false,36,m,random
B-admiration-d1-v1,admiration,frustration,frustration,false,37,m,random
B-admiration-d1-v2,admiration,pride,"",true,37,m,random
B-admiration-d1-v3,admiration,admiration,"",true,37,m,random
B-admiration-d1-v4,admiration,awe,awe,false,37,m,random
B-admiration-d2-v1,admiration,"","",false,37,m,random
B-admiration-d2-v2,admiration,sadness,"",true,37,m,random
B-admiration-d2-v3,admiration,"","",false,37,m,random
B-admiration-d2-v4,admiration,contentment,contentment,false,37,m,random
B-admiration-d3-v1,admiration,pride,pride,false,37,m,random
B-admiration-d3-v2,admiration,perseverance,perseverance,false,37,m,random
B-admiration-d3-v3,admiration,determination,perseverance,true,37,m,random
B-admiration-d3-v4,admiration,"","",false,37,m,random
B-amazement-d1-v1,amazement,awe,awe,false,37,m,random
B-amazement-d1-v2,amazement,awe,awe,false,37,m,random
B-amazement-d1-v3,amazement,awe,awe,false,37,m,random
B-amazement-d1-v4,amazement,fear,fear,false,37,m,random
B-amazement-d2-v1,amazement,relief,relief,false,37,m,random
B-amazement-d2-v2,amazement,awe,awe,false,37,m,random
B-amazement-d2-v3,amazement,relief,relief,false,37,m,random
B-amazement-d2-v4,amazement,relief,relief,false,37,m,random
B-amazement-d3-v1,amazement,pride,pride,false,37,m,random
B-amazement-d3-v2,amazement,awe,awe,false,37,m,random
B-amazement-d3-v3,amazement,relief,relief,false,37,m,random
B-amazement-d3-v4,amazement,"","",false,37,m,random
B-ecstasy-d1-v1,ecstasy,overwhelming,relief,true,37,m,random
B-ecstasy-d1-v2,ecstasy,despair,despair,false,37,m,random
B-ecstasy-d1-v3,ecstasy,relief,relief,false,37,m,random
B-ecstasy-d1-v4,ecstasy,pride,pride,false,37,m,random
B-ecstasy-d2-v1,ecstasy,anticipation,joy,true,37,m,random
B-ecstasy-d2-v2,ecstasy,relief,relief,false,37,m,random
B-ecstasy-d2-v3,ecstasy,complex,"",true,37,m,random
B-ecstasy-d2-v4,ecstasy,loneliness,loneliness,false,37,m,random
B-ecstasy-d3-v1,ecstasy,el,el,false,37,m,random
B-ecstasy-d3-v2,ecstasy,awe,wonder,true,37,m,random
B-ecstasy-d3-v3,ecstasy,excitement,excitement,false,37,m,random
B-ecstasy-d3-v4,ecstasy,excitement,excitement,false,37,m,random
B-grief-d1-v1,grief,grief,grief,false,37,m,random
B-grief-d1-v2,grief,loneliness,loneliness,false,37,m,random
B-grief-d1-v3,grief,worry,worry,false,37,m,random
B-grief-d1-v4,grief,grief,grief,false,37,m,random
B-grief-d2-v1,grief,grief,despair,true,37,m,random
B-grief-d2-v2,grief,sadness,sadness,false,37,m,random
B-grief-d2-v3,grief,sadness,sadness,false,37,m,random
B-grief-d2-v4,grief,sadness,sadness,false,37,m,random
B-grief-d3-v1,grief,anxiety,anxiety,false,37,m,random
B-grief-d3-v2,grief,grief,grief,false,37,m,random
B-grief-d3-v3,grief,sadness,bittersweet,true,37,m,random
B-grief-d3-v4,grief,grief,grief,false,37,m,random
B-loathing-d1-v1,loathing,anger,anger,false,37,m,random
B-loathing-d1-v2,loathing,anger,anger,false,37,m,random
B-loathing-d1-v3,loathing,anger,anger,false,37,m,random
B-loathing-d1-v4,loathing,anger,anger,false,37,m,random
B-loathing-d2-v1,loathing,disgust,fear,true,37,m,random
B-loathing-d2-v2,loathing,disgust,disgust,false,37,m,random
B-loathing-d2-v3,loathing,fear,fear,false,37,m,random
B-loathing-d2-v4,loathing,disgust,disgust,false,37,m,random
B-loathing-d3-v1,loathing,betrayal,betrayal,false,37,m,random
B-loathing-d3-v2,loathing,anger,anger,false,37,m,random
B-loathing-d3-v3,loathing,anger,anger,false,37,m,random
B-loathing-d3-v4,loathing,anger,anger,false,37,m,random
B-rage-d1-v1,rage,anger,anger,false,37,m,random
B-rage-d1-v2,rage,anger,anger,false,37,m,random
B-rage-d1-v3,rage,anger,anger,false,37,m,random
B-rage-d1-v4,rage,anger,anger,false,37,m,random
B-rage-d2-v1,rage,anger,anger,false,37,m,random
B-rage-d2-v2,rage,anger,anger,false,37,m,random
B-rage-d2-v3,rage,anger,anger,false,37,m,random
B-rage-d2-v4,rage,fear,fear,false,37,m,random
B-rage-d3-v1,rage,betrayal,betrayal,false,37,m,random
B-rage-d3-v2,rage,anger,fear,true,37,m,random
B-rage-d3-v3,rage,anger,anger,false,37,m,random
B-rage-d3-v4,rage,fear,fear,false,37,m,random
B-terror-d1-v1,terror,fear,fear,false,37,m,random
B-terror-d1-v2,terror,fear,fear,false,37,m,random
B-terror-d1-v3,terror,fear,fear,false,37,m,random
B-terror-d1-v4,terror,fear,fear,false,37,m,random
B-terror-d2-v1,terror,anxiety,anxiety,false,37,m,random
B-terror-d2-v2,terror,anxiety,anxiety,false,37,m,random
B-terror-d2-v3,terror,fear,fear,false,37,m,random
B-terror-d2-v4,terror,fear,fear,false,37,m,random
B-terror-d3-v1,terror,fear,fear,false,37,m,random
B-terror-d3-v2,terror,fear,fear,false,37,m,random
B-terror-d3-v3,terror,fear,fear,false,37,m,random
B-terror-d3-v4,terror,fear,fear,false,37,m,random
B-vigilance-d1-v1,vigilance,anxiety,anxiety,false,37,m,random
B-vigilance-d1-v2,vigilance,anxiety,**,true,37,m,random
B-vigilance-d1-v3,vigilance,anxiety,anxiety,false,37,m,random
B-vigilance-d1-v4,vigilance,concern,anxiety,true,37,m,random
B-vigilance-d2-v1,vigilance,anxiety,anxiety,false,37,m,random
B-vigilance-d2-v2,vigilance,anticipation,anticipation,false,37,m,random
B-vigilance-d2-v3,vigilance,anticipation,anticipation,false,37,m,random
B-vigilance-d2-v4,vigilance,tension,tension,false,37,m,random
B-vigilance-d3-v1,vigilance,anticipation,anticipation,false,37,m,random
B-vigilance-d3-v2,vigilance,tension,anxiety,true,37,m,random
B-vigilance-d3-v3,vigilance,fear,fear,false,37,m,random
B-vigilance-d3-v4,vigilance,anxiety,anxiety,false,37,m,random
B-admiration-d1-v1,admiration,frustration,"",true,38,m,random
B-admiration-d1-v2,admiration,pride,"",true,38,m,random
B-admiration-d1-v3,admiration,admiration,"",true,38,m,random
B-admiration-d1-v4,admiration,awe,awe,false,38,m,random
B-admiration-d2-v1,admiration,"","",false,38,m,random
B-admiration-d2-v2,admiration,sadness,"",true,38,m,random
B-admiration-d2-v3,admiration,"","",false,38,m,random
B-admiration-d2-v4,admiration,contentment,contentment,false,38,m,random
B-admiration-d3-v1,admiration,pride,pride,false,38,m,random
B-admiration-d3-v2,admiration,perseverance,perseverance,false,38,m,random
B-admiration-d3-v3,admiration,determination,determination,false,38,m,random
B-admiration-d3-v4,admiration,"","",false,38,m,random
B-amazement-d1-v1,amazement,awe,awe,false,38,m,random
B-amazement-d1-v2,amazement,awe,awe,false,38,m,random
B-amazement-d1-v3,amazement,awe,awe,false,38,m,random
B-amazement-d1-v4,amazement,fear,fear,false,38,m,random
B-amazement-d2-v1,amazement,relief,relief,false,38,m,random
B-amazement-d2-v2,amazement,awe,awe,false,38,m,random
B-amazement-d2-v3,amazement,relief,relief,false,38,m,random
B-amazement-d2-v4,amazement,relief,relief,false,38,m,random
B-amazement-d3-v1,amazement,pride,"",true,38,m,random
B-amazement-d3-v2,amazement,awe,awe,false,38,m,random
B-amazement-d3-v3,amazement,relief,relief,false,38,m,random
B-amazement-d3-v4,amazement,"","",false,38,m,random
B-ecstasy-d1-v1,ecstasy,overwhelming,overwhelming,false,38,m,random
B-ecstasy-d1-v2,ecstasy,despair,"",true,38,m,random
B-ecstasy-d1-v3,ecstasy,relief,relief,false,38,m,random
B-ecstasy-d1-v4,ecstasy,pride,pride,false,38,m,random
B-ecstasy-d2-v1,ecstasy,anticipation,anticipation,false,38,m,random
B-ecstasy-d2-v2,ecstasy,relief,relief,false,38,m,random
B-ecstasy-d2-v3,ecstasy,complex,A,true,38,m,random
B-ecstasy-d2-v4,ecstasy,loneliness,loneliness,false,38,m,random
B-ecstasy-d3-v1,ecstasy,el,el,false,38,m,random
B-ecstasy-d3-v2,ecstasy,awe,awe,false,38,m,random
B-ecstasy-d3-v3,ecstasy,excitement,excitement,false,38,m,random
B-ecstasy-d3-v4,ecstasy,excitement,excitement,false,38,m,random
B-grief-d1-v1,grief,grief,grief,false,38,m,random
B-grief-d1-v2,grief,loneliness,"",true,38,m,random
B-grief-d1-v3,grief,worry,"",true,38,m,random
B-grief-d1-v4,grief,grief,grief,false,38,m,random
B-grief-d2-v1,grief,grief,"",true,38,m,random
B-grief-d2-v2,grief,sadness,melancholy,true,38,m,random
B-grief-d2-v3,grief,sadness,melancholy,true,38,m,random
B-grief-d2-v4,grief,sadness,sadness,false,38,m,random
B-grief-d3-v1,grief,anxiety,"",true,38,m,random
B-grief-d3-v2,grief,grief,grief,false,38,m,random
B-grief-d3-v3,grief,sadness,sadness,false,38,m,random
B-grief-d3-v4,grief,grief,grief,false,38,m,random
B-loathing-d1-v1,loathing,anger,anger,false,38,m,random
B-loathing-d1-v2,loathing,anger,anger,false,38,m,random
B-loathing-d1-v3,loathing,anger,anger,false,38,m,random
B-loathing-d1-v4,loathing,anger,anger,false,38,m,random
B-loathing-d2-v1,loathing,disgust,disgust,false,38,m,random
B-loathing-d2-v2,loathing,disgust,disgust,false,38,m,random
B-loathing-d2-v3,loathing,fear,fear,false,38,m,random
B-loathing-d2-v4,loathing,disgust,disgust,false,38,m,random
B-loathing-d3-v1,loathing,betrayal,anger,true,38,m,random
B-loathing-d3-v2,loathing,anger,anger,false,38,m,random
B-loathing-d3-v3,loathing,anger,anger,false,38,m,random
B-loathing-d3-v4,loathing,anger,anger,false,38,m,random
B-rage-d1-v1,rage,anger,anger,false,38,m,random
B-rage-d1-v2,rage,anger,anger,false,38,m,random
B-rage-d1-v3,rage,anger,anger,false,38,m,random
B-rage-d1-v4,rage,anger,anger,false,38,m,random
B-rage-d2-v1,rage,anger,"",true,38,m,random
B-rage-d2-v2,rage,anger,anger,false,38,m,random
B-rage-d2-v3,rage,anger,anger,false,38,m,random
B-rage-d2-v4,rage,fear,"",true,38,m,random
B-rage-d3-v1,rage,betrayal,anger,true,38,m,random
B-rage-d3-v2,rage,anger,anger,false,38,m,random
B-rage-d3-v3,rage,anger,anger,false,38,m,random
B-rage-d3-v4,rage,fear,"",true,38,m,random
B-terror-d1-v1,terror,fear,fear,false,38,m,random
B-terror-d1-v2,terror,fear,fear,false,38,m,random
B-terror-d1-v3,terror,fear,fear,false,38,m,random
B-terror-d1-v4,terror,fear,fear,false,38,m,random
B-terror-d2-v1,terror,anxiety,fear,true,38,m,random
B-terror-d2-v2,terror,anxiety,fear,true,38,m,random
B-terror-d2-v3,terror,fear,fear,false,38,m,random
B-terror-d2-v4,terror,fear,fear,false,38,m,random
B-terror-d3-v1,terror,fear,fear,false,38,m,random
B-terror-d3-v2,terror,fear,fear,false,38,m,random
B-terror-d3-v3,terror,fear,fear,false,38,m,random
B-terror-d3-v4,terror,fear,fear,false,38,m,random
B-vigilance-d1-v1,vigilance,anxiety,**,true,38,m,random
B-vigilance-d1-v2,vigilance,anxiety,**,true,38,m,random
B-vigilance-d1-v3,vigilance,anxiety,anxiety,false,38,m,random
B-vigilance-d1-v4,vigilance,concern,"",true,38,m,random
B-vigilance-d2-v1,vigilance,anxiety,anxiety,false,38,m,random
B-vigilance-d2-v2,vigilance,anticipation,anticipation,false,38,m,random
B-vigilance-d2-v3,vigilance,anticipation,tension,true,38,m,random
B-vigilance-d2-v4,vigilance,tension,"",true,38,m,random
B-vigilance-d3-v1,vigilance,anticipation,anticipation,false,38,m,random
B-vigilance-d3-v2,vigilance,tension,**,true,38,m,random
B-vigilance-d3-v3,vigilance,fear,fear,false,38,m,random
B-vigilance-d3-v4,vigilance,anxiety,**,true,38,m,random
B-admiration-d1-v1,admiration,frustration,frustration,false,39,m,random
B-admiration-d1-v2,admiration,pride,"",true,39,m,random
B-admiration-d1-v3,admiration,admiration,admiration,false,39,m,random
B-admiration-d1-v4,admiration,awe,admiration,true,39,m,random
B-admiration-d2-v1,admiration,"","",false,39,m,random
B-admiration-d2-v2,admiration,sadness,sadness,false,39,m,random
B-admiration-d2-v3,admiration,"",regret,true,39,m,random
B-admiration-d2-v4,admiration,contentment,contentment,false,39,m,random
B-admiration-d3-v1,admiration,pride,pride,false,39,m,random
B-admiration-d3-v2,admiration,perseverance,perseverance,false,39,m,random
B-admiration-d3-v3,admiration,determination,determination,false,39,m,random
B-admiration-d3-v4,admiration,"","",false,39,m,random
B-amazement-d1-v1,amazement,awe,awe,false,39,m,random
B-amazement-d1-v2,amazement,awe,awe,false,39,m,random
B-amazement-d1-v3,amazement,awe,awe,false,39,m,random
B-amazement-d1-v4,amazement,fear,fear,false,39,m,random
B-amazement-d2-v1,amazement,relief,relief,false,39,m,random
B-amazement-d2-v2,amazement,awe,awe,false,39,m,random
B-amazement-d2-v3,amazement,relief,relief,false,39,m,random
B-amazement-d2-v4,amazement,relief,relief,false,39,m,random
B-amazement-d3-v1,amazement,pride,pride,false,39,m,random
B-amazement-d3-v2,amazement,awe,excitement,true,39,m,random
B-amazement-d3-v3,amazement,relief,relief,false,39,m,random
B-amazement-d3-v4,amazement,"",surprise,true,39,m,random
B-ecstasy-d1-v1,ecstasy,overwhelming,overwhelming,false,39,m,random
B-ecstasy-d1-v2,ecstasy,despair,"",true,39,m,random
B-ecstasy-d1-v3,ecstasy,relief,pride,true,39,m,random
B-ecstasy-d1-v4,ecstasy,pride,pride,false,39,m,random
B-ecstasy-d2-v1,ecstasy,anticipation,anticipation,false,39,m,random
B-ecstasy-d2-v2,ecstasy,relief,relief,false,39,m,random
B-ecstasy-d2-v3,ecstasy,complex,"",true,39,m,random
B-ecstasy-d2-v4,ecstasy,loneliness,loneliness,false,39,m,random
B-ecstasy-d3-v1,ecstasy,el,excitement,true,39,m,random
B-ecstasy-d3-v2,ecstasy,awe,wonder,true,39,m,random
B-ecstasy-d3-v3,ecstasy,excitement,excitement,false,39,m,random
B-ecstasy-d3-v4,ecstasy,excitement,excitement,false,39,m,random
B-grief-d1-v1,grief,grief,grief,false,39,m,random
B-grief-d1-v2,grief,loneliness,**,true,39,m,random
B-grief-d1-v3,grief,worry,despair,true,39,m,random
B-grief-d1-v4,grief,grief,grief,false,39,m,random
B-grief-d2-v1,grief,grief,despair,true,39,m,random
B-grief-d2-v2,grief,sadness,sadness,false,39,m,random
B-grief-d2-v3,grief,sadness,sadness,false,39,m,random
B-grief-d2-v4,grief,sadness,sadness,false,39,m,random
B-grief-d3-v1,grief,anxiety,anxiety,false,39,m,random
B-grief-d3-v2,grief,grief,grief,false,39,m,random
B-grief-d3-v3,grief,sadness,sadness,false,39,m,random
B-grief-d3-v4,grief,grief,grief,false,39,m,random
B-loathing-d1-v1,loathing,anger,anger,false,39,m,random
B-loathing-d1-v2,loathing,anger,anger,false,39,m,random
B-loathing-d1-v3,loathing,anger,anger,false,39,m,random
B-loathing-d1-v4,loathing,anger,anger,false,39,m,random
B-loathing-d2-v1,loathing,disgust,disgust,false,39,m,random
B-loathing-d2-v2,loathing,disgust,disgust,false,39,m,random
B-loathing-d2-v3,loathing,fear,fear,false,39,m,random
B-loathing-d2-v4,loathing,disgust,disgust,false,39,m,random
B-loathing-d3-v1,loathing,betrayal,betrayal,false,39,m,random
B-loathing-d3-v2,loathing,anger,anger,false,39,m,random
B-loathing-d3-v3,loathing,anger,anger,false,39,m,random
B-loathing-d3-v4,loathing,anger,anger,false,39,m,random
B-rage-d1-v1,rage,anger,anger,false,39,m,random
B-rage-d1-v2,rage,anger,anger,false,39,m,random
B-rage-d1-v3,rage,anger,anger,false,39,m,random
B-rage-d1-v4,rage,anger,anger,false,39,m,random
B-rage-d2-v1,rage,anger,anger,false,39,m,random
B-rage-d2-v2,rage,anger,anger,false,39,m,random
B-rage-d2-v3,rage,anger,anger,false,39,m,random
B-rage-d2-v4,rage,fear,fear,false,39,m,random
B-rage-d3-v1,rage,betrayal,betrayal,false,39,m,random
B-rage-d3-v2,rage,anger,anger,false,39,m,random
B-rage-d3-v3,rage,anger,anger,false,39,m,random
B-rage-d3-v4,rage,fear,fear,false,39,m,random
B-terror-d1-v1,terror,fear,fear,false,39,m,random
B-terror-d1-v2,terror,fear,fear,false,39,m,random
B-terror-d1-v3,terror,fear,fear,false,39,m,random
B-terror-d1-v4,terror,fear,fear,false,39,m,random
B-terror-d2-v1,terror,anxiety,fear,true,39,m,random
B-terror-d2-v2,terror,anxiety,anxiety,false,39,m,random
B-terror-d2-v3,terror,fear,fear,false,39,m,random
B-terror-d2-v4,terror,fear,fear,false,39,m,random
B-terror-d3-v1,terror,fear,fear,false,39,m,random
B-terror-d3-v2,terror,fear,fear,false,39,m,random
B-terror-d3-v3,terror,fear,fear,false,39,m,random
B-terror-d3-v4,terror,fear,fear,false,39,m,random
B-vigilance-d1-v1,vigilance,anxiety,anxiety,false,39,m,random
B-vigilance-d1-v2,vigilance,anxiety,anxiety,false,39,m,random
B-vigilance-d1-v3,vigilance,anxiety,anxiety,false,39,m,random
B-vigilance-d1-v4,vigilance,concern,**,true,39,m,random
B-vigilance-d2-v1,vigilance,anxiety,anxiety,false,39,m,random
B-vigilance-d2-v2,vigilance,anticipation,anticipation,false,39,m,random
B-vigilance-d2-v3,vigilance,anticipation,anticipation,false,39,m,random
B-vigilance-d2-v4,vigilance,tension,tension,false,39,m,random
B-vigilance-d3-v1,vigilance,anticipation,anticipation,false,39,m,random
B-vigilance-d3-v2,vigilance,tension,tension,false,39,m,random
B-vigilance-d3-v3,vigilance,fear,fear,false,39,m,random
B-vigilance-d3-v4,vigilance,anxiety,suspicion,true,39,m,random
B-admiration-d1-v1,admiration,frustration,awe,true,40,m,random
B-admiration-d1-v2,admiration,pride,"",true,40,m,random
B-admiration-d1-v3,admiration,admiration,admiration,false,40,m,random
B-admiration-d1-v4,admiration,awe,awe,false,40,m,random
B-admiration-d2-v1,admiration,"",moral,true,40,m,random
B-admiration-d2-v2,admiration,sadness,sadness,false,40,m,random
B-admiration-d2-v3,admiration,"",moral,true,40,m,random
B-admiration-d2-v4,admiration,contentment,contentment,false,40,m,random
B-admiration-d3-v1,admiration,pride,pride,false,40,m,random
B-admiration-d3-v2,admiration,perseverance,perseverance,false,40,m,random
B-admiration-d3-v3,admiration,determination,determination,false,40,m,random
B-admiration-d3-v4,admiration,"","",false,40,m,random
B-amazement-d1-v1,amazement,awe,awe,false,40,m,random
B-amazement-d1-v2,amazement,awe,awe,false,40,m,random
B-amazement-d1-v3,amazement,awe,awe,false,40,m,random
B-amazement-d1-v4,amazement,fear,fear,false,40,m,random
B-amazement-d2-v1,amazement,relief,awe,true,40,m,random
B-amazement-d2-v2,amazement,awe,awe,false,40,m,random
B-amazement-d2-v3,amazement,relief,relief,false,40,m,random
B-amazement-d2-v4,amazement,relief,relief,false,40,m,random
B-amazement-d3-v1,amazement,pride,pride,false,40,m,random
B-amazement-d3-v2,amazement,awe,awe,false,40,m,random
B-amazement-d3-v3,amazement,relief,relief,false,40,m,random
B-amazement-d3-v4,amazement,"","",false,40,m,random
B-ecstasy-d1-v1,ecstasy,overwhelming,overwhelming,false,40,m,random
B-ecstasy-d1-v2,ecstasy,despair,despair,false,40,m,random
B-ecstasy-d1-v3,ecstasy,relief,relief,false,40,m,random
B-ecstasy-d1-v4,ecstasy,pride,pride,false,40,m,random
B-ecstasy-d2-v1,ecstasy,anticipation,joy,true,40,m,random
B-ecstasy-d2-v2,ecstasy,relief,joy,true,40,m,random
B-ecstasy-d2-v3,ecstasy,complex,a,true,40,m,random
B-ecstasy-d2-v4,ecstasy,loneliness,loneliness,false,40,m,random
B-ecstasy-d3-v1,ecstasy,el,el,false,40,m,random
B-ecstasy-d3-v2,ecstasy,awe,awe,false,40,m,random
B-ecstasy-d3-v3,ecstasy,excitement,excitement,false,40,m,random
B-ecstasy-d3-v4,ecstasy,excitement,excitement,false,40,m,random
B-grief-d1-v1,grief,grief,grief,false,40,m,random
B-grief-d1-v2,grief,loneliness,loneliness,false,40,m,random
B-grief-d1-v3,grief,worry,despair,true,40,m,random
B-grief-d1-v4,grief,grief,grief,false,40,m,random
B-grief-d2-v1,grief,grief,despair,true,40,m,random
B-grief-d2-v2,grief,sadness,sadness,false,40,m,random
B-grief-d2-v3,grief,sadness,sadness,false,40,m,random
B-grief-d2-v4,grief,sadness,sadness,false,40,m,random
B-grief-d3-v1,grief,anxiety,anxiety,false,40,m,random
B-grief-d3-v2,grief,grief,grief,false,40,m,random
B-grief-d3-v3,grief,sadness,sadness,false,40,m,random
B-grief-d3-v4,grief,grief,grief,false,40,m,random
B-loathing-d1-v1,loathing,anger,anger,false,40,m,random
B-loathing-d1-v2,loathing,anger,anger,false,40,m,random
B-loathing-d1-v3,loathing,anger,anger,false,40,m,random
B-loathing-d1-v4,loathing,anger,anger,false,40,m,random
B-loathing-d2-v1,loathing,disgust,fear,true,40,m,random
B-loathing-d2-v2,loathing,disgust,disgust,false,40,m,random
B-loathing-d2-v3,loathing,fear,fear,false,40,m,random
B-loathing-d2-v4,loathing,disgust,disgust,false,40,m,random
B-loathing-d3-v1,loathing,betrayal,anger,true,40,m,random
B-loathing-d3-v2,loathing,anger,anger,false,40,m,random
B-loathing-d3-v3,loathing,anger,disgust,true,40,m,random
B-loathing-d3-v4,loathing,anger,anger,false,40,m,random
B-rage-d1-v1,rage,anger,anger,false,40,m,random
B-rage-d1-v2,rage,anger,anger,false,40,m,random
B-rage-d1-v3,rage,anger,anger,false,40,m,random
B-rage-d1-v4,rage,anger,anger,false,40,m,random
B-rage-d2-v1,rage,anger,anger,false,40,m,random
B-rage-d2-v2,rage,anger,anger,false,40,m,random
B-rage-d2-v3,rage,anger,anger,false,40,m,random
B-rage-d2-v4,rage,fear,fear,false,40,m,random
B-rage-d3-v1,rage,betrayal,betrayal,false,40,m,random
B-rage-d3-v2,rage,anger,fear,true,40,m,random
B-rage-d3-v3,rage,anger,anger,false,40,m,random
B-rage-d3-v4,rage,fear,anxiety,true,40,m,random
B-terror-d1-v1,terror,fear,fear,false,40,m,random
B-terror-d1-v2,terror,fear,fear,false,40,m,random
B-terror-d1-v3,terror,fear,fear,false,40,m,random
B-terror-d1-v4,terror,fear,fear,false,40,m,random
B-terror-d2-v1,terror,anxiety,fear,true,40,m,random
B-terror-d2-v2,terror,anxiety,anxiety,false,40,m,random
B-terror-d2-v3,terror,fear,fear,false,40,m,random
B-terror-d2-v4,terror,fear,fear,false,40,m,random
B-terror-d3-v1,terror,fear,fear,false,40,m,random
B-terror-d3-v2,terror,fear,fear,false,40,m,random
B-terror-d3-v3,terror,fear,fear,false,40,m,random
B-terror-d3-v4,terror,fear,fear,false,40,m,random
B-vigilance-d1-v1,vigilance,anxiety,anxiety,false,40,m,random
B-vigilance-d1-v2,vigilance,anxiety,anxiety,false,40,m,random
B-vigilance-d1-v3,vigilance,anxiety,anxiety,false,40,m,random
B-vigilance-d1-v4,vigilance,concern,**,true,40,m,random
B-vigilance-d2-v1,vigilance,anxiety,anxiety,false,40,m,random
B-vigilance-d2-v2,vigilance,anticipation,tension,true,40,m,random
B-vigilance-d2-v3,vigilance,anticipation,tension,true,40,m,random
B-vigilance-d2-v4,vigilance,tension,tension,false,40,m,random
B-vigilance-d3-v1,vigilance,anticipation,tension,true,40,m,random
B-vigilance-d3-v2,vigilance,tension,tension,false,40,m,random
B-vigilance-d3-v3,vigilance,fear,fear,false,40,m,random
B-vigilance-d3-v4,vigilance,anxiety,tension,true,40,m,random
B-admiration-d1-v1,admiration,frustration,frustration,false,41,m,random
B-admiration-d1-v2,admiration,pride,pride,false,41,m,random
B-admiration-d1-v3,admiration,admiration,admiration,false,41,m,random
B-admiration-d1-v4,admiration,awe,admiration,true,41,m,random
B-admiration-d2-v1,admiration,"","",false,41,m,random
B-admiration-d2-v2,admiration,sadness,sadness,false,41,m,random
B-admiration-d2-v3,admiration,"",guilt,true,41,m,random
B-admiration-d2-v4,admiration,contentment,contentment,false,41,m,random
B-admiration-d3-v1,admiration,pride,pride,false,41,m,random
B-admiration-d3-v2,admiration,perseverance,perseverance,false,41,m,random
B-admiration-d3-v3,admiration,determination,determination,false,41,m,random
B-admiration-d3-v4,admiration,"",hope,true,41,m,random
B-amazement-d1-v1,amazement,awe,awe,false,41,m,random
B-amazement-d1-v2,amazement,awe,awe,false,41,m,random
B-amazement-d1-v3,amazement,awe,awe,false,41,m,random
B-amazement-d1-v4,amazement,fear,fear,false,41,m,random
B-amazement-d2-v1,amazement,relief,relief,false,41,m,random
B-amazement-d2-v2,amazement,awe,awe,false,41,m,random
B-amazement-d2-v3,amazement,relief,relief,false,41,m,random
B-amazement-d2-v4,amazement,relief,relief,false,41,m,random
B-amazement-d3-v1,amazement,pride,pride,false,41,m,random
B-amazement-d3-v2,amazement,awe,awe,false,41,m,random
B-amazement-d3-v3,amazement,relief,relief,false,41,m,random
B-amazement-d3-v4,amazement,"","",false,41,m,random
B-ecstasy-d1-v1,ecstasy,overwhelming,relief,true,41,m,random
B-ecstasy-d1-v2,ecstasy,despair,despair,false,41,m,random
B-ecstasy-d1-v3,ecstasy,relief,relief,false,41,m,random
B-ecstasy-d1-v4,ecstasy,pride,pride,false,41,m,random
B-ecstasy-d2-v1,ecstasy,anticipation,anticipation,false,41,m,random
B-ecstasy-d2-v2,ecstasy,relief,relief,false,41,m,random
B-ecstasy-d2-v3,ecstasy,complex,a,true,41,m,random
B-ecstasy-d2-v4,ecstasy,loneliness,loneliness,false,41,m,random
B-ecstasy-d3-v1,ecstasy,el,excitement,true,41,m,random
B-ecstasy-d3-v2,ecstasy,awe,awe,false,41,m,random
B-ecstasy-d3-v3,ecstasy,excitement,excitement,false,41,m,random
B-ecstasy-d3-v4,ecstasy,excitement,excitement,false,41,m,random
B-grief-d1-v1,grief,grief,grief,false,41,m,random
B-grief-d1-v2,grief,loneliness,loneliness,false,41,m,random
B-grief-d1-v3,grief,worry,despair,true,41,m,random
B-grief-d1-v4,grief,grief,grief,false,41,m,random
B-grief-d2-v1,grief,grief,despair,true,41,m,random
B-grief-d2-v2,grief,sadness,sadness,false,41,m,random
B-grief-d2-v3,grief,sadness,sadness,false,41,m,random
B-grief-d2-v4,grief,sadness,sadness,false,41,m,random
B-grief-d3-v1,grief,anxiety,anxiety,false,41,m,random
B-grief-d3-v2,grief,grief,grief,false,41,m,random
B-grief-d3-v3,grief,sadness,sadness,false,41,m,random
B-grief-d3-v4,grief,grief,grief,false,41,m,random
B-loathing-d1-v1,loathing,anger,anger,false,41,m,random
B-loathing-d1-v2,loathing,anger,anger,false,41,m,random
B-loathing-d1-v3,loathing,anger,anger,false,41,m,random
B-loathing-d1-v4,loathing,anger,anger,false,41,m,random
B-loathing-d2-v1,loathing,disgust,fear,true,41,m,random
B-loathing-d2-v2,loathing,disgust,disgust,false,41,m,random
B-loathing-d2-v3,loathing,fear,fear,false,41,m,random
B-loathing-d2-v4,loathing,disgust,disgust,false,41,m,random
B-loathing-d3-v1,loathing,betrayal,anger,true,41,m,random
B-loathing-d3-v2,loathing,anger,anger,false,41,m,random
B-loathing-d3-v3,loathing,anger,anger,false,41,m,random
B-loathing-d3-v4,loathing,anger,anger,false,41,m,random
B-rage-d1-v1,rage,anger,anger,false,41,m,random
B-rage-d1-v2,rage,anger,anger,false,41,m,random
B-rage-d1-v3,rage,anger,anger,false,41,m,random
B-rage-d1-v4,rage,anger,anger,false,41,m,random
B-rage-d2-v1,rage,anger,anger,false,41,m,random
B-rage-d2-v2,rage,anger,anger,false,41,m,random
B-rage-d2-v3,rage,anger,anger,false,41,m,random
B-rage-d2-v4,rage,fear,fear,false,41,m,random
B-rage-d3-v1,rage,betrayal,anger,true,41,m,random
B-rage-d3-v2,rage,anger,anger,false,41,m,random
B-rage-d3-v3,rage,anger,anger,false,41,m,random
B-rage-d3-v4,rage,fear,anxiety,true,41,m,random
B-terror-d1-v1,terror,fear,fear,false,41,m,random
B-terror-d1-v2,terror,fear,fear,false,41,m,random
B-terror-d1-v3,terror,fear,fear,false,41,m,random
B-terror-d1-v4,terror,fear,fear,false,41,m,random
B-terror-d2-v1,terror,anxiety,anxiety,false,41,m,random
B-terror-d2-v2,terror,anxiety,anxiety,false,41,m,random
B-terror-d2-v3,terror,fear,fear,false,41,m,random
B-terror-d2-v4,terror,fear,fear,false,41,m,random
B-terror-d3-v1,terror,fear,fear,false,41,m,random
B-terror-d3-v2,terror,fear,fear,false,41,m,random
B-terror-d3-v3,terror,fear,fear,false,41,m,random
B-terror-d3-v4,terror,fear,fear,false,41,m,random
B-vigilance-d1-v1,vigilance,anxiety,anxiety,false,41,m,random
B-vigilance-d1-v2,vigilance,anxiety,anxiety,false,41,m,random
B-vigilance-d1-v3,vigilance,anxiety,anxiety,false,41,m,random
B-vigilance-d1-v4,vigilance,concern,concern,false,41,m,random
B-vigilance-d2-v1,vigilance,anxiety,anxiety,false,41,m,random
B-vigilance-d2-v2,vigilance,anticipation,anticipation,false,41,m,random
B-vigilance-d2-v3,vigilance,anticipation,anticipation,false,41,m,random
B-vigilance-d2-v4,vigilance,tension,"",true,41,m,random
B-vigilance-d3-v1,vigilance,anticipation,anticipation,false,41,m,random
B-vigilance-d3-v2,vigilance,tension,anxiety,true,41,m,random
B-vigilance-d3-v3,vigilance,fear,fear,false,41,m,random
B-vigilance-d3-v4,vigilance,anxiety,anxiety,false,41,m,random
