id,emotion,original_pred,ko_pred,changed,layer,act_type,knockout_type
A-admiration-01,admiration,surprise,surprise,false,0,m,zero
A-admiration-02,admiration,relief,relief,false,0,m,zero
A-admiration-03,admiration,relief,relief,false,0,m,zero
A-admiration-04,admiration,gratitude,gratitude,false,0,m,zero
A-admiration-05,admiration,relief,relief,false,0,m,zero
A-admiration-06,admiration,relief,relief,false,0,m,zero
A-admiration-07,admiration,relief,relief,false,0,m,zero
A-admiration-08,admiration,trust,trust,false,0,m,zero
A-admiration-09,admiration,shock,shock,false,0,m,zero
A-admiration-10,admiration,relief,relief,false,0,m,zero
A-amazement-01,amazement,gratitude,gratitude,false,0,m,zero
A-amazement-02,amazement,surprise,surprise,false,0,m,zero
A-amazement-03,amazement,surprise,surprise,false,0,m,zero
A-amazement-04,amazement,surprise,surprise,false,0,m,zero
A-amazement-05,amazement,surprise,surprise,false,0,m,zero
A-amazement-06,amazement,surprise,surprise,false,0,m,zero
A-amazement-07,amazement,surprise,surprise,false,0,m,zero
A-amazement-08,amazement,happiness,happiness,false,0,m,zero
A-amazement-09,amazement,surprise,surprise,false,0,m,zero
A-amazement-10,amazement,relief,relief,false,0,m,zero
A-ecstasy-01,ecstasy,relief,relief,false,0,m,zero
A-ecstasy-02,ecstasy,relief,relief,false,0,m,zero
A-ecstasy-03,ecstasy,relief,relief,false,0,m,zero
A-ecstasy-04,ecstasy,joy,joy,false,0,m,zero
A-ecstasy-05,ecstasy,joy,joy,false,0,m,zero
A-ecstasy-06,ecstasy,joy,joy,false,0,m,zero
A-ecstasy-07,ecstasy,joy,joy,false,0,m,zero
A-ecstasy-08,ecstasy,happiness,happiness,false,0,m,zero
A-ecstasy-09,ecstasy,wonder,wonder,false,0,m,zero
A-ecstasy-10,ecstasy,joy,joy,false,0,m,zero
A-grief-01,grief,shame,shame,false,0,m,zero
A-grief-02,grief,anger,anger,false,0,m,zero
A-grief-03,grief,grief,grief,false,0,m,zero
A-grief-04,grief,sadness,sadness,false,0,m,zero
A-grief-05,grief,sadness,sadness,false,0,m,zero
A-grief-06,grief,concern,concern,false,0,m,zero
A-grief-07,grief,grief,grief,false,0,m,zero
A-grief-08,grief,sadness,sadness,false,0,m,zero
A-grief-09,grief,sadness,sadness,false,0,m,zero
A-grief-10,grief,longing,longing,false,0,m,zero
A-loathing-01,loathing,disgust,disgust,false,0,m,zero
A-loathing-02,loathing,disappointment,frustration,true,0,m,zero
A-loathing-03,loathing,anger,anger,false,0,m,zero
A-loathing-04,loathing,disgust,disgust,false,0,m,zero
A-loathing-05,loathing,disgust,disgust,false,0,m,zero
A-loathing-06,loathing,disgust,disgust,false,0,m,zero
A-loathing-07,loathing,anger,anger,false,0,m,zero
A-loathing-08,loathing,disgust,disgust,false,0,m,zero
A-loathing-09,loathing,disgust,disgust,false,0,m,zero
A-loathing-10,loathing,frustration,frustration,false,0,m,zero
A-rage-01,rage,anger,anger,false,0,m,zero
A-rage-02,rage,anger,anger,false,0,m,zero
A-rage-03,rage,anger,anger,false,0,m,zero
A-rage-04,rage,anger,anger,false,0,m,zero
A-rage-05,rage,anger,anger,false,0,m,zero
A-rage-06,rage,anger,anger,false,0,m,zero
A-rage-07,rage,anger,anger,false,0,m,zero
A-rage-08,rage,anger,anger,false,0,m,zero
A-rage-09,rage,frustration,frustration,false,0,m,zero
A-rage-10,rage,anger,anger,false,0,m,zero
A-terror-01,terror,fear,fear,false,0,m,zero
A-terror-02,terror,shock,shock,false,0,m,zero
A-terror-03,terror,fear,fear,false,0,m,zero
A-terror-04,terror,relief,relief,false,0,m,zero
A-terror-05,terror,fear,fear,false,0,m,zero
A-terror-06,terror,fear,fear,false,0,m,zero
A-terror-07,terror,fear,fear,false,0,m,zero
A-terror-08,terror,fear,fear,false,0,m,zero
A-terror-09,terror,anxiety,anxiety,false,0,m,zero
A-terror-10,terror,fear,fear,false,0,m,zero
A-vigilance-01,vigilance,fear,fear,false,0,m,zero
A-vigilance-02,vigilance,anxiety,anxiety,false,0,m,zero
A-vigilance-03,vigilance,anxiety,anxiety,false,0,m,zero
A-vigilance-04,vigilance,anxiety,anxiety,false,0,m,zero
A-vigilance-05,vigilance,anxiety,anxiety,false,0,m,zero
A-vigilance-06,vigilance,anxiety,anxiety,false,0,m,zero
A-vigilance-07,vigilance,anxiety,anxiety,false,0,m,zero
A-vigilance-08,vigilance,anxiety,anxiety,false,0,m,zero
A-vigilance-09,vigilance,anxiety,anxiety,false,0,m,zero
A-vigilance-10,vigilance,anxiety,anxiety,false,0,m,zero
A-admiration-01,admiration,surprise,surprise,false,1,m,zero
A-admiration-02,admiration,relief,relief,false,1,m,zero
A-admiration-03,admiration,relief,relief,false,1,m,zero
A-admiration-04,admiration,gratitude,gratitude,false,1,m,zero
A-admiration-05,admiration,relief,relief,false,1,m,zero
A-admiration-06,admiration,relief,relief,false,1,m,zero
A-admiration-07,admiration,relief,relief,false,1,m,zero
A-admiration-08,admiration,trust,trust,false,1,m,zero
A-admiration-09,admiration,shock,shock,false,1,m,zero
A-admiration-10,admiration,relief,relief,false,1,m,zero
A-amazement-01,amazement,gratitude,gratitude,false,1,m,zero
A-amazement-02,amazement,surprise,surprise,false,1,m,zero
A-amazement-03,amazement,surprise,surprise,false,1,m,zero
A-amazement-04,amazement,surprise,surprise,false,1,m,zero
A-amazement-05,amazement,surprise,surprise,false,1,m,zero
A-amazement-06,amazement,surprise,surprise,false,1,m,zero
A-amazement-07,amazement,surprise,surprise,false,1,m,zero
A-amazement-08,amazement,happiness,happiness,false,1,m,zero
A-amazement-09,amazement,surprise,surprise,false,1,m,zero
A-amazement-10,amazement,relief,relief,false,1,m,zero
A-ecstasy-01,ecstasy,relief,relief,false,1,m,zero
A-ecstasy-02,ecstasy,relief,relief,false,1,m,zero
A-ecstasy-03,ecstasy,relief,relief,false,1,m,zero
A-ecstasy-04,ecstasy,joy,joy,false,1,m,zero
A-ecstasy-05,ecstasy,joy,joy,false,1,m,zero
A-ecstasy-06,ecstasy,joy,joy,false,1,m,zero
A-ecstasy-07,ecstasy,joy,joy,false,1,m,zero
A-ecstasy-08,ecstasy,happiness,happiness,false,1,m,zero
A-ecstasy-09,ecstasy,wonder,wonder,false,1,m,zero
A-ecstasy-10,ecstasy,joy,joy,false,1,m,zero
A-grief-01,grief,shame,shame,false,1,m,zero
A-grief-02,grief,anger,sadness,true,1,m,zero
A-grief-03,grief,grief,grief,false,1,m,zero
A-grief-04,grief,sadness,sadness,false,1,m,zero
A-grief-05,grief,sadness,sadness,false,1,m,zero
A-grief-06,grief,concern,concern,false,1,m,zero
A-grief-07,grief,grief,grief,false,1,m,zero
A-grief-08,grief,sadness,sadness,false,1,m,zero
A-grief-09,grief,sadness,sadness,false,1,m,zero
A-grief-10,grief,longing,longing,false,1,m,zero
A-loathing-01,loathing,disgust,disgust,false,1,m,zero
A-loathing-02,loathing,disappointment,disappointment,false,1,m,zero
A-loathing-03,loathing,anger,anger,false,1,m,zero
A-loathing-04,loathing,disgust,disgust,false,1,m,zero
A-loathing-05,loathing,disgust,disgust,false,1,m,zero
A-loathing-06,loathing,disgust,disgust,false,1,m,zero
A-loathing-07,loathing,anger,anger,false,1,m,zero
A-loathing-08,loathing,disgust,disgust,false,1,m,zero
A-loathing-09,loathing,disgust,disgust,false,1,m,zero
A-loathing-10,loathing,frustration,frustration,false,1,m,zero
A-rage-01,rage,anger,anger,false,1,m,zero
A-rage-02,rage,anger,anger,false,1,m,zero
A-rage-03,rage,anger,anger,false,1,m,zero
A-rage-04,rage,anger,anger,false,1,m,zero
A-rage-05,rage,anger,anger,false,1,m,zero
A-rage-06,rage,anger,anger,false,1,m,zero
A-rage-07,rage,anger,anger,false,1,m,zero
A-rage-08,rage,anger,anger,false,1,m,zero
A-rage-09,rage,frustration,frustration,false,1,m,zero
A-rage-10,rage,anger,frustration,true,1,m,zero
A-terror-01,terror,fear,fear,false,1,m,zero
A-terror-02,terror,shock,shock,false,1,m,zero
A-terror-03,terror,fear,fear,false,1,m,zero
A-terror-04,terror,relief,relief,false,1,m,zero
A-terror-05,terror,fear,fear,false,1,m,zero
A-terror-06,terror,fear,fear,false,1,m,zero
A-terror-07,terror,fear,fear,false,1,m,zero
A-terror-08,terror,fear,fear,false,1,m,zero
A-terror-09,terror,anxiety,anxiety,false,1,m,zero
A-terror-10,terror,fear,fear,false,1,m,zero
A-vigilance-01,vigilance,fear,fear,false,1,m,zero
A-vigilance-02,vigilance,anxiety,anxiety,false,1,m,zero
A-vigilance-03,vigilance,anxiety,anxiety,false,1,m,zero
A-vigilance-04,vigilance,anxiety,anxiety,false,1,m,zero
A-vigilance-05,vigilance,anxiety,anxiety,false,1,m,zero
A-vigilance-06,vigilance,anxiety,anxiety,false,1,m,zero
A-vigilance-07,vigilance,anxiety,anxiety,false,1,m,zero
A-vigilance-08,vigilance,anxiety,anxiety,false,1,m,zero
A-vigilance-09,vigilance,anxiety,anxiety,false,1,m,zero
A-vigilance-10,vigilance,anxiety,anxiety,false,1,m,zero
A-admiration-01,admiration,surprise,surprise,false,2,m,zero
A-admiration-02,admiration,relief,relief,false,2,m,zero
A-admiration-03,admiration,relief,relief,false,2,m,zero
A-admiration-04,admiration,gratitude,gratitude,false,2,m,zero
A-admiration-05,admiration,relief,relief,false,2,m,zero
A-admiration-06,admiration,relief,relief,false,2,m,zero
A-admiration-07,admiration,relief,relief,false,2,m,zero
A-admiration-08,admiration,trust,trust,false,2,m,zero
A-admiration-09,admiration,shock,shock,false,2,m,zero
A-admiration-10,admiration,relief,relief,false,2,m,zero
A-amazement-01,amazement,gratitude,gratitude,false,2,m,zero
A-amazement-02,amazement,surprise,surprise,false,2,m,zero
A-amazement-03,amazement,surprise,surprise,false,2,m,zero
A-amazement-04,amazement,surprise,surprise,false,2,m,zero
A-amazement-05,amazement,surprise,surprise,false,2,m,zero
A-amazement-06,amazement,surprise,surprise,false,2,m,zero
A-amazement-07,amazement,surprise,surprise,false,2,m,zero
A-amazement-08,amazement,happiness,happiness,false,2,m,zero
A-amazement-09,amazement,surprise,surprise,false,2,m,zero
A-amazement-10,amazement,relief,relief,false,2,m,zero
A-ecstasy-01,ecstasy,relief,relief,false,2,m,zero
A-ecstasy-02,ecstasy,relief,relief,false,2,m,zero
A-ecstasy-03,ecstasy,relief,relief,false,2,m,zero
A-ecstasy-04,ecstasy,joy,joy,false,2,m,zero
A-ecstasy-05,ecstasy,joy,joy,false,2,m,zero
A-ecstasy-06,ecstasy,joy,joy,false,2,m,zero
A-ecstasy-07,ecstasy,joy,joy,false,2,m,zero
A-ecstasy-08,ecstasy,happiness,happiness,false,2,m,zero
A-ecstasy-09,ecstasy,wonder,wonder,false,2,m,zero
A-ecstasy-10,ecstasy,joy,joy,false,2,m,zero
A-grief-01,grief,shame,shame,false,2,m,zero
A-grief-02,grief,anger,sadness,true,2,m,zero
A-grief-03,grief,grief,grief,false,2,m,zero
A-grief-04,grief,sadness,sadness,false,2,m,zero
A-grief-05,grief,sadness,sadness,false,2,m,zero
A-grief-06,grief,concern,concern,false,2,m,zero
A-grief-07,grief,grief,grief,false,2,m,zero
A-grief-08,grief,sadness,sadness,false,2,m,zero
A-grief-09,grief,sadness,sadness,false,2,m,zero
A-grief-10,grief,longing,longing,false,2,m,zero
A-loathing-01,loathing,disgust,disgust,false,2,m,zero
A-loathing-02,loathing,disappointment,disappointment,false,2,m,zero
A-loathing-03,loathing,anger,anger,false,2,m,zero
A-loathing-04,loathing,disgust,disgust,false,2,m,zero
A-loathing-05,loathing,disgust,disgust,false,2,m,zero
A-loathing-06,loathing,disgust,disgust,false,2,m,zero
A-loathing-07,loathing,anger,anger,false,2,m,zero
A-loathing-08,loathing,disgust,disgust,false,2,m,zero
A-loathing-09,loathing,disgust,disgust,false,2,m,zero
A-loathing-10,loathing,frustration,frustration,false,2,m,zero
A-rage-01,rage,anger,anger,false,2,m,zero
A-rage-02,rage,anger,anger,false,2,m,zero
A-rage-03,rage,anger,anger,false,2,m,zero
A-rage-04,rage,anger,anger,false,2,m,zero
A-rage-05,rage,anger,anger,false,2,m,zero
A-rage-06,rage,anger,anger,false,2,m,zero
A-rage-07,rage,anger,anger,false,2,m,zero
A-rage-08,rage,anger,anger,false,2,m,zero
A-rage-09,rage,frustration,frustration,false,2,m,zero
A-rage-10,rage,anger,anger,false,2,m,zero
A-terror-01,terror,fear,fear,false,2,m,zero
A-terror-02,terror,shock,shock,false,2,m,zero
A-terror-03,terror,fear,fear,false,2,m,zero
A-terror-04,terror,relief,relief,false,2,m,zero
A-terror-05,terror,fear,fear,false,2,m,zero
A-terror-06,terror,fear,fear,false,2,m,zero
A-terror-07,terror,fear,fear,false,2,m,zero
A-terror-08,terror,fear,fear,false,2,m,zero
A-terror-09,terror,anxiety,anxiety,false,2,m,zero
A-terror-10,terror,fear,fear,false,2,m,zero
A-vigilance-01,vigilance,fear,fear,false,2,m,zero
A-vigilance-02,vigilance,anxiety,anxiety,false,2,m,zero
A-vigilance-03,vigilance,anxiety,anxiety,false,2,m,zero
A-vigilance-04,vigilance,anxiety,anxiety,false,2,m,zero
A-vigilance-05,vigilance,anxiety,anxiety,false,2,m,zero
A-vigilance-06,vigilance,anxiety,anxiety,false,2,m,zero
A-vigilance-07,vigilance,anxiety,anxiety,false,2,m,zero
A-vigilance-08,vigilance,anxiety,anxiety,false,2,m,zero
A-vigilance-09,vigilance,anxiety,anxiety,false,2,m,zero
A-vigilance-10,vigilance,anxiety,anxiety,false,2,m,zero
A-admiration-01,admiration,surprise,surprise,false,3,m,zero
A-admiration-02,admiration,relief,relief,false,3,m,zero
A-admiration-03,admiration,relief,relief,false,3,m,zero
A-admiration-04,admiration,gratitude,gratitude,false,3,m,zero
A-admiration-05,admiration,relief,relief,false,3,m,zero
A-admiration-06,admiration,relief,relief,false,3,m,zero
A-admiration-07,admiration,relief,relief,false,3,m,zero
A-admiration-08,admiration,trust,trust,false,3,m,zero
A-admiration-09,admiration,shock,shock,false,3,m,zero
A-admiration-10,admiration,relief,relief,false,3,m,zero
A-amazement-01,amazement,gratitude,gratitude,false,3,m,zero
A-amazement-02,amazement,surprise,surprise,false,3,m,zero
A-amazement-03,amazement,surprise,surprise,false,3,m,zero
A-amazement-04,amazement,surprise,surprise,false,3,m,zero
A-amazement-05,amazement,surprise,surprise,false,3,m,zero
A-amazement-06,amazement,surprise,surprise,false,3,m,zero
A-amazement-07,amazement,surprise,surprise,false,3,m,zero
A-amazement-08,amazement,happiness,happiness,false,3,m,zero
A-amazement-09,amazement,surprise,surprise,false,3,m,zero
A-amazement-10,amazement,relief,relief,false,3,m,zero
A-ecstasy-01,ecstasy,relief,relief,false,3,m,zero
A-ecstasy-02,ecstasy,relief,relief,false,3,m,zero
A-ecstasy-03,ecstasy,relief,relief,false,3,m,zero
A-ecstasy-04,ecstasy,joy,joy,false,3,m,zero
A-ecstasy-05,ecstasy,joy,joy,false,3,m,zero
A-ecstasy-06,ecstasy,joy,joy,false,3,m,zero
A-ecstasy-07,ecstasy,joy,joy,false,3,m,zero
A-ecstasy-08,ecstasy,happiness,happiness,false,3,m,zero
A-ecstasy-09,ecstasy,wonder,wonder,false,3,m,zero
A-ecstasy-10,ecstasy,joy,joy,false,3,m,zero
A-grief-01,grief,shame,shame,false,3,m,zero
A-grief-02,grief,anger,anger,false,3,m,zero
A-grief-03,grief,grief,grief,false,3,m,zero
A-grief-04,grief,sadness,sadness,false,3,m,zero
A-grief-05,grief,sadness,grief,true,3,m,zero
A-grief-06,grief,concern,concern,false,3,m,zero
A-grief-07,grief,grief,grief,false,3,m,zero
A-grief-08,grief,sadness,sadness,false,3,m,zero
A-grief-09,grief,sadness,sadness,false,3,m,zero
A-grief-10,grief,longing,longing,false,3,m,zero
A-loathing-01,loathing,disgust,disgust,false,3,m,zero
A-loathing-02,loathing,disappointment,frustration,true,3,m,zero
A-loathing-03,loathing,anger,anger,false,3,m,zero
A-loathing-04,loathing,disgust,disgust,false,3,m,zero
A-loathing-05,loathing,disgust,disgust,false,3,m,zero
A-loathing-06,loathing,disgust,disgust,false,3,m,zero
A-loathing-07,loathing,anger,anger,false,3,m,zero
A-loathing-08,loathing,disgust,disgust,false,3,m,zero
A-loathing-09,loathing,disgust,disgust,false,3,m,zero
A-loathing-10,loathing,frustration,frustration,false,3,m,zero
A-rage-01,rage,anger,anger,false,3,m,zero
A-rage-02,rage,anger,anger,false,3,m,zero
A-rage-03,rage,anger,anger,false,3,m,zero
A-rage-04,rage,anger,anger,false,3,m,zero
A-rage-05,rage,anger,anger,false,3,m,zero
A-rage-06,rage,anger,anger,false,3,m,zero
A-rage-07,rage,anger,anger,false,3,m,zero
A-rage-08,rage,anger,anger,false,3,m,zero
A-rage-09,rage,frustration,frustration,false,3,m,zero
A-rage-10,rage,anger,frustration,true,3,m,zero
A-terror-01,terror,fear,fear,false,3,m,zero
A-terror-02,terror,shock,shock,false,3,m,zero
A-terror-03,terror,fear,fear,false,3,m,zero
A-terror-04,terror,relief,relief,false,3,m,zero
A-terror-05,terror,fear,fear,false,3,m,zero
A-terror-06,terror,fear,fear,false,3,m,zero
A-terror-07,terror,fear,fear,false,3,m,zero
A-terror-08,terror,fear,fear,false,3,m,zero
A-terror-09,terror,anxiety,anxiety,false,3,m,zero
A-terror-10,terror,fear,fear,false,3,m,zero
A-vigilance-01,vigilance,fear,fear,false,3,m,zero
A-vigilance-02,vigilance,anxiety,anxiety,false,3,m,zero
A-vigilance-03,vigilance,anxiety,anxiety,false,3,m,zero
A-vigilance-04,vigilance,anxiety,anxiety,false,3,m,zero
A-vigilance-05,vigilance,anxiety,anxiety,false,3,m,zero
A-vigilance-06,vigilance,anxiety,anxiety,false,3,m,zero
A-vigilance-07,vigilance,anxiety,anxiety,false,3,m,zero
A-vigilance-08,vigilance,anxiety,anxiety,false,3,m,zero
A-vigilance-09,vigilance,anxiety,anxiety,false,3,m,zero
A-vigilance-10,vigilance,anxiety,anxiety,false,3,m,zero
A-admiration-01,admiration,surprise,relief,true,4,m,zero
A-admiration-02,admiration,relief,relief,false,4,m,zero
A-admiration-03,admiration,relief,relief,false,4,m,zero
A-admiration-04,admiration,gratitude,gratitude,false,4,m,zero
A-admiration-05,admiration,relief,relief,false,4,m,zero
A-admiration-06,admiration,relief,relief,false,4,m,zero
A-admiration-07,admiration,relief,relief,false,4,m,zero
A-admiration-08,admiration,trust,trust,false,4,m,zero
A-admiration-09,admiration,shock,shock,false,4,m,zero
A-admiration-10,admiration,relief,relief,false,4,m,zero
A-amazement-01,amazement,gratitude,gratitude,false,4,m,zero
A-amazement-02,amazement,surprise,surprise,false,4,m,zero
A-amazement-03,amazement,surprise,surprise,false,4,m,zero
A-amazement-04,amazement,surprise,surprise,false,4,m,zero
A-amazement-05,amazement,surprise,shock,true,4,m,zero
A-amazement-06,amazement,surprise,surprise,false,4,m,zero
A-amazement-07,amazement,surprise,surprise,false,4,m,zero
A-amazement-08,amazement,happiness,happiness,false,4,m,zero
A-amazement-09,amazement,surprise,surprise,false,4,m,zero
A-amazement-10,amazement,relief,relief,false,4,m,zero
A-ecstasy-01,ecstasy,relief,relief,false,4,m,zero
A-ecstasy-02,ecstasy,relief,relief,false,4,m,zero
A-ecstasy-03,ecstasy,relief,relief,false,4,m,zero
A-ecstasy-04,ecstasy,joy,joy,false,4,m,zero
A-ecstasy-05,ecstasy,joy,joy,false,4,m,zero
A-ecstasy-06,ecstasy,joy,joy,false,4,m,zero
A-ecstasy-07,ecstasy,joy,joy,false,4,m,zero
A-ecstasy-08,ecstasy,happiness,happiness,false,4,m,zero
A-ecstasy-09,ecstasy,wonder,wonder,false,4,m,zero
A-ecstasy-10,ecstasy,joy,joy,false,4,m,zero
A-grief-01,grief,shame,shame,false,4,m,zero
A-grief-02,grief,anger,anger,false,4,m,zero
A-grief-03,grief,grief,grief,false,4,m,zero
A-grief-04,grief,sadness,sadness,false,4,m,zero
A-grief-05,grief,sadness,sadness,false,4,m,zero
A-grief-06,grief,concern,concern,false,4,m,zero
A-grief-07,grief,grief,grief,false,4,m,zero
A-grief-08,grief,sadness,sadness,false,4,m,zero
A-grief-09,grief,sadness,sadness,false,4,m,zero
A-grief-10,grief,longing,longing,false,4,m,zero
A-loathing-01,loathing,disgust,disgust,false,4,m,zero
A-loathing-02,loathing,disappointment,frustration,true,4,m,zero
A-loathing-03,loathing,anger,anger,false,4,m,zero
A-loathing-04,loathing,disgust,disgust,false,4,m,zero
A-loathing-05,loathing,disgust,disgust,false,4,m,zero
A-loathing-06,loathing,disgust,disgust,false,4,m,zero
A-loathing-07,loathing,anger,anger,false,4,m,zero
A-loathing-08,loathing,disgust,disgust,false,4,m,zero
A-loathing-09,loathing,disgust,disgust,false,4,m,zero
A-loathing-10,loathing,frustration,frustration,false,4,m,zero
A-rage-01,rage,anger,anger,false,4,m,zero
A-rage-02,rage,anger,anger,false,4,m,zero
A-rage-03,rage,anger,anger,false,4,m,zero
A-rage-04,rage,anger,anger,false,4,m,zero
A-rage-05,rage,anger,anger,false,4,m,zero
A-rage-06,rage,anger,anger,false,4,m,zero
A-rage-07,rage,anger,anger,false,4,m,zero
A-rage-08,rage,anger,anger,false,4,m,zero
A-rage-09,rage,frustration,frustration,false,4,m,zero
A-rage-10,rage,anger,anger,false,4,m,zero
A-terror-01,terror,fear,fear,false,4,m,zero
A-terror-02,terror,shock,shock,false,4,m,zero
A-terror-03,terror,fear,fear,false,4,m,zero
A-terror-04,terror,relief,relief,false,4,m,zero
A-terror-05,terror,fear,fear,false,4,m,zero
A-terror-06,terror,fear,fear,false,4,m,zero
A-terror-07,terror,fear,fear,false,4,m,zero
A-terror-08,terror,fear,fear,false,4,m,zero
A-terror-09,terror,anxiety,anxiety,false,4,m,zero
A-terror-10,terror,fear,fear,false,4,m,zero
A-vigilance-01,vigilance,fear,fear,false,4,m,zero
A-vigilance-02,vigilance,anxiety,anxiety,false,4,m,zero
A-vigilance-03,vigilance,anxiety,anxiety,false,4,m,zero
A-vigilance-04,vigilance,anxiety,anxiety,false,4,m,zero
A-vigilance-05,vigilance,anxiety,anxiety,false,4,m,zero
A-vigilance-06,vigilance,anxiety,anxiety,false,4,m,zero
A-vigilance-07,vigilance,anxiety,anxiety,false,4,m,zero
A-vigilance-08,vigilance,anxiety,anxiety,false,4,m,zero
A-vigilance-09,vigilance,anxiety,anxiety,false,4,m,zero
A-vigilance-10,vigilance,anxiety,anxiety,false,4,m,zero
A-admiration-01,admiration,surprise,happiness,true,5,m,zero
A-admiration-02,admiration,relief,relief,false,5,m,zero
A-admiration-03,admiration,relief,relief,false,5,m,zero
A-admiration-04,admiration,gratitude,gratitude,false,5,m,zero
A-admiration-05,admiration,relief,relief,false,5,m,zero
A-admiration-06,admiration,relief,relief,false,5,m,zero
A-admiration-07,admiration,relief,relief,false,5,m,zero
A-admiration-08,admiration,trust,trust,false,5,m,zero
A-admiration-09,admiration,shock,shock,false,5,m,zero
A-admiration-10,admiration,relief,relief,false,5,m,zero
A-amazement-01,amazement,gratitude,gratitude,false,5,m,zero
A-amazement-02,amazement,surprise,happiness,true,5,m,zero
A-amazement-03,amazement,surprise,surprise,false,5,m,zero
A-amazement-04,amazement,surprise,shock,true,5,m,zero
A-amazement-05,amazement,surprise,embarrassment,true,5,m,zero
A-amazement-06,amazement,surprise,surprise,false,5,m,zero
A-amazement-07,amazement,surprise,surprise,false,5,m,zero
A-amazement-08,amazement,happiness,happiness,false,5,m,zero
A-amazement-09,amazement,surprise,surprise,false,5,m,zero
A-amazement-10,amazement,relief,relief,false,5,m,zero
A-ecstasy-01,ecstasy,relief,relief,false,5,m,zero
A-ecstasy-02,ecstasy,relief,relief,false,5,m,zero
A-ecstasy-03,ecstasy,relief,relief,false,5,m,zero
A-ecstasy-04,ecstasy,joy,joy,false,5,m,zero
A-ecstasy-05,ecstasy,joy,joy,false,5,m,zero
A-ecstasy-06,ecstasy,joy,joy,false,5,m,zero
A-ecstasy-07,ecstasy,joy,joy,false,5,m,zero
A-ecstasy-08,ecstasy,happiness,happiness,false,5,m,zero
A-ecstasy-09,ecstasy,wonder,wonder,false,5,m,zero
A-ecstasy-10,ecstasy,joy,joy,false,5,m,zero
A-grief-01,grief,shame,shame,false,5,m,zero
A-grief-02,grief,anger,anger,false,5,m,zero
A-grief-03,grief,grief,grief,false,5,m,zero
A-grief-04,grief,sadness,sadness,false,5,m,zero
A-grief-05,grief,sadness,grief,true,5,m,zero
A-grief-06,grief,concern,concern,false,5,m,zero
A-grief-07,grief,grief,grief,false,5,m,zero
A-grief-08,grief,sadness,sadness,false,5,m,zero
A-grief-09,grief,sadness,sadness,false,5,m,zero
A-grief-10,grief,longing,longing,false,5,m,zero
A-loathing-01,loathing,disgust,disgust,false,5,m,zero
A-loathing-02,loathing,disappointment,disappointment,false,5,m,zero
A-loathing-03,loathing,anger,anger,false,5,m,zero
A-loathing-04,loathing,disgust,disgust,false,5,m,zero
A-loathing-05,loathing,disgust,disgust,false,5,m,zero
A-loathing-06,loathing,disgust,disgust,false,5,m,zero
A-loathing-07,loathing,anger,anger,false,5,m,zero
A-loathing-08,loathing,disgust,disgust,false,5,m,zero
A-loathing-09,loathing,disgust,disgust,false,5,m,zero
A-loathing-10,loathing,frustration,frustration,false,5,m,zero
A-rage-01,rage,anger,anger,false,5,m,zero
A-rage-02,rage,anger,anger,false,5,m,zero
A-rage-03,rage,anger,anger,false,5,m,zero
A-rage-04,rage,anger,anger,false,5,m,zero
A-rage-05,rage,anger,anger,false,5,m,zero
A-rage-06,rage,anger,anger,false,5,m,zero
A-rage-07,rage,anger,anger,false,5,m,zero
A-rage-08,rage,anger,anger,false,5,m,zero
A-rage-09,rage,frustration,frustration,false,5,m,zero
A-rage-10,rage,anger,frustration,true,5,m,zero
A-terror-01,terror,fear,fear,false,5,m,zero
A-terror-02,terror,shock,shock,false,5,m,zero
A-terror-03,terror,fear,fear,false,5,m,zero
A-terror-04,terror,relief,relief,false,5,m,zero
A-terror-05,terror,fear,fear,false,5,m,zero
A-terror-06,terror,fear,fear,false,5,m,zero
A-terror-07,terror,fear,fear,false,5,m,zero
A-terror-08,terror,fear,fear,false,5,m,zero
A-terror-09,terror,anxiety,anxiety,false,5,m,zero
A-terror-10,terror,fear,fear,false,5,m,zero
A-vigilance-01,vigilance,fear,fear,false,5,m,zero
A-vigilance-02,vigilance,anxiety,anxiety,false,5,m,zero
A-vigilance-03,vigilance,anxiety,anxiety,false,5,m,zero
A-vigilance-04,vigilance,anxiety,anxiety,false,5,m,zero
A-vigilance-05,vigilance,anxiety,anxiety,false,5,m,zero
A-vigilance-06,vigilance,anxiety,anxiety,false,5,m,zero
A-vigilance-07,vigilance,anxiety,anxiety,false,5,m,zero
A-vigilance-08,vigilance,anxiety,anxiety,false,5,m,zero
A-vigilance-09,vigilance,anxiety,anxiety,false,5,m,zero
A-vigilance-10,vigilance,anxiety,anxiety,false,5,m,zero
A-admiration-01,admiration,surprise,surprise,false,6,m,zero
A-admiration-02,admiration,relief,relief,false,6,m,zero
A-admiration-03,admiration,relief,relief,false,6,m,zero
A-admiration-04,admiration,gratitude,gratitude,false,6,m,zero
A-admiration-05,admiration,relief,relief,false,6,m,zero
A-admiration-06,admiration,relief,relief,false,6,m,zero
A-admiration-07,admiration,relief,relief,false,6,m,zero
A-admiration-08,admiration,trust,trust,false,6,m,zero
A-admiration-09,admiration,shock,shock,false,6,m,zero
A-admiration-10,admiration,relief,relief,false,6,m,zero
A-amazement-01,amazement,gratitude,gratitude,false,6,m,zero
A-amazement-02,amazement,surprise,surprise,false,6,m,zero
A-amazement-03,amazement,surprise,surprise,false,6,m,zero
A-amazement-04,amazement,surprise,surprise,false,6,m,zero
A-amazement-05,amazement,surprise,shock,true,6,m,zero
A-amazement-06,amazement,surprise,surprise,false,6,m,zero
A-amazement-07,amazement,surprise,surprise,false,6,m,zero
A-amazement-08,amazement,happiness,surprise,true,6,m,zero
A-amazement-09,amazement,surprise,surprise,false,6,m,zero
A-amazement-10,amazement,relief,surprise,true,6,m,zero
A-ecstasy-01,ecstasy,relief,relief,false,6,m,zero
A-ecstasy-02,ecstasy,relief,relief,false,6,m,zero
A-ecstasy-03,ecstasy,relief,relief,false,6,m,zero
A-ecstasy-04,ecstasy,joy,joy,false,6,m,zero
A-ecstasy-05,ecstasy,joy,joy,false,6,m,zero
A-ecstasy-06,ecstasy,joy,joy,false,6,m,zero
A-ecstasy-07,ecstasy,joy,joy,false,6,m,zero
A-ecstasy-08,ecstasy,happiness,happiness,false,6,m,zero
A-ecstasy-09,ecstasy,wonder,wonder,false,6,m,zero
A-ecstasy-10,ecstasy,joy,joy,false,6,m,zero
A-grief-01,grief,shame,shame,false,6,m,zero
A-grief-02,grief,anger,anger,false,6,m,zero
A-grief-03,grief,grief,grief,false,6,m,zero
A-grief-04,grief,sadness,sadness,false,6,m,zero
A-grief-05,grief,sadness,sadness,false,6,m,zero
A-grief-06,grief,concern,concern,false,6,m,zero
A-grief-07,grief,grief,grief,false,6,m,zero
A-grief-08,grief,sadness,sadness,false,6,m,zero
A-grief-09,grief,sadness,sadness,false,6,m,zero
A-grief-10,grief,longing,longing,false,6,m,zero
A-loathing-01,loathing,disgust,disgust,false,6,m,zero
A-loathing-02,loathing,disappointment,disappointment,false,6,m,zero
A-loathing-03,loathing,anger,anger,false,6,m,zero
A-loathing-04,loathing,disgust,disgust,false,6,m,zero
A-loathing-05,loathing,disgust,disgust,false,6,m,zero
A-loathing-06,loathing,disgust,disgust,false,6,m,zero
A-loathing-07,loathing,anger,anger,false,6,m,zero
A-loathing-08,loathing,disgust,disgust,false,6,m,zero
A-loathing-09,loathing,disgust,disgust,false,6,m,zero
A-loathing-10,loathing,frustration,frustration,false,6,m,zero
A-rage-01,rage,anger,anger,false,6,m,zero
A-rage-02,rage,anger,anger,false,6,m,zero
A-rage-03,rage,anger,anger,false,6,m,zero
A-rage-04,rage,anger,anger,false,6,m,zero
A-rage-05,rage,anger,anger,false,6,m,zero
A-rage-06,rage,anger,anger,false,6,m,zero
A-rage-07,rage,anger,anger,false,6,m,zero
A-rage-08,rage,anger,anger,false,6,m,zero
A-rage-09,rage,frustration,frustration,false,6,m,zero
A-rage-10,rage,anger,frustration,true,6,m,zero
A-terror-01,terror,fear,fear,false,6,m,zero
A-terror-02,terror,shock,shock,false,6,m,zero
A-terror-03,terror,fear,fear,false,6,m,zero
A-terror-04,terror,relief,relief,false,6,m,zero
A-terror-05,terror,fear,fear,false,6,m,zero
A-terror-06,terror,fear,fear,false,6,m,zero
A-terror-07,terror,fear,fear,false,6,m,zero
A-terror-08,terror,fear,fear,false,6,m,zero
A-terror-09,terror,anxiety,anxiety,false,6,m,zero
A-terror-10,terror,fear,fear,false,6,m,zero
A-vigilance-01,vigilance,fear,fear,false,6,m,zero
A-vigilance-02,vigilance,anxiety,anxiety,false,6,m,zero
A-vigilance-03,vigilance,anxiety,anxiety,false,6,m,zero
A-vigilance-04,vigilance,anxiety,anxiety,false,6,m,zero
A-vigilance-05,vigilance,anxiety,anxiety,false,6,m,zero
A-vigilance-06,vigilance,anxiety,anxiety,false,6,m,zero
A-vigilance-07,vigilance,anxiety,anxiety,false,6,m,zero
A-vigilance-08,vigilance,anxiety,anxiety,false,6,m,zero
A-vigilance-09,vigilance,anxiety,anxiety,false,6,m,zero
A-vigilance-10,vigilance,anxiety,anxiety,false,6,m,zero
A-admiration-01,admiration,surprise,relief,true,7,m,zero
A-admiration-02,admiration,relief,relief,false,7,m,zero
A-admiration-03,admiration,relief,relief,false,7,m,zero
A-admiration-04,admiration,gratitude,gratitude,false,7,m,zero
A-admiration-05,admiration,relief,relief,false,7,m,zero
A-admiration-06,admiration,relief,relief,false,7,m,zero
A-admiration-07,admiration,relief,relief,false,7,m,zero
A-admiration-08,admiration,trust,trust,false,7,m,zero
A-admiration-09,admiration,shock,shock,false,7,m,zero
A-admiration-10,admiration,relief,relief,false,7,m,zero
A-amazement-01,amazement,gratitude,gratitude,false,7,m,zero
A-amazement-02,amazement,surprise,surprise,false,7,m,zero
A-amazement-03,amazement,surprise,surprise,false,7,m,zero
A-amazement-04,amazement,surprise,surprise,false,7,m,zero
A-amazement-05,amazement,surprise,surprise,false,7,m,zero
A-amazement-06,amazement,surprise,surprise,false,7,m,zero
A-amazement-07,amazement,surprise,surprise,false,7,m,zero
A-amazement-08,amazement,happiness,happiness,false,7,m,zero
A-amazement-09,amazement,surprise,surprise,false,7,m,zero
A-amazement-10,amazement,relief,relief,false,7,m,zero
A-ecstasy-01,ecstasy,relief,relief,false,7,m,zero
A-ecstasy-02,ecstasy,relief,relief,false,7,m,zero
A-ecstasy-03,ecstasy,relief,relief,false,7,m,zero
A-ecstasy-04,ecstasy,joy,joy,false,7,m,zero
A-ecstasy-05,ecstasy,joy,joy,false,7,m,zero
A-ecstasy-06,ecstasy,joy,joy,false,7,m,zero
A-ecstasy-07,ecstasy,joy,joy,false,7,m,zero
A-ecstasy-08,ecstasy,happiness,happiness,false,7,m,zero
A-ecstasy-09,ecstasy,wonder,wonder,false,7,m,zero
A-ecstasy-10,ecstasy,joy,happiness,true,7,m,zero
A-grief-01,grief,shame,shame,false,7,m,zero
A-grief-02,grief,anger,anger,false,7,m,zero
A-grief-03,grief,grief,grief,false,7,m,zero
A-grief-04,grief,sadness,sadness,false,7,m,zero
A-grief-05,grief,sadness,sadness,false,7,m,zero
A-grief-06,grief,concern,concern,false,7,m,zero
A-grief-07,grief,grief,sadness,true,7,m,zero
A-grief-08,grief,sadness,sadness,false,7,m,zero
A-grief-09,grief,sadness,sadness,false,7,m,zero
A-grief-10,grief,longing,longing,false,7,m,zero
A-loathing-01,loathing,disgust,disgust,false,7,m,zero
A-loathing-02,loathing,disappointment,anger,true,7,m,zero
A-loathing-03,loathing,anger,anger,false,7,m,zero
A-loathing-04,loathing,disgust,disgust,false,7,m,zero
A-loathing-05,loathing,disgust,disgust,false,7,m,zero
A-loathing-06,loathing,disgust,disgust,false,7,m,zero
A-loathing-07,loathing,anger,anger,false,7,m,zero
A-loathing-08,loathing,disgust,disgust,false,7,m,zero
A-loathing-09,loathing,disgust,disgust,false,7,m,zero
A-loathing-10,loathing,frustration,disgust,true,7,m,zero
A-rage-01,rage,anger,anger,false,7,m,zero
A-rage-02,rage,anger,anger,false,7,m,zero
A-rage-03,rage,anger,anger,false,7,m,zero
A-rage-04,rage,anger,anger,false,7,m,zero
A-rage-05,rage,anger,anger,false,7,m,zero
A-rage-06,rage,anger,anger,false,7,m,zero
A-rage-07,rage,anger,anger,false,7,m,zero
A-rage-08,rage,anger,anger,false,7,m,zero
A-rage-09,rage,frustration,frustration,false,7,m,zero
A-rage-10,rage,anger,frustration,true,7,m,zero
A-terror-01,terror,fear,fear,false,7,m,zero
A-terror-02,terror,shock,shock,false,7,m,zero
A-terror-03,terror,fear,fear,false,7,m,zero
A-terror-04,terror,relief,relief,false,7,m,zero
A-terror-05,terror,fear,fear,false,7,m,zero
A-terror-06,terror,fear,fear,false,7,m,zero
A-terror-07,terror,fear,fear,false,7,m,zero
A-terror-08,terror,fear,fear,false,7,m,zero
A-terror-09,terror,anxiety,anxiety,false,7,m,zero
A-terror-10,terror,fear,fear,false,7,m,zero
A-vigilance-01,vigilance,fear,fear,false,7,m,zero
A-vigilance-02,vigilance,anxiety,anxiety,false,7,m,zero
A-vigilance-03,vigilance,anxiety,anxiety,false,7,m,zero
A-vigilance-04,vigilance,anxiety,anxiety,false,7,m,zero
A-vigilance-05,vigilance,anxiety,anxiety,false,7,m,zero
A-vigilance-06,vigilance,anxiety,anxiety,false,7,m,zero
A-vigilance-07,vigilance,anxiety,anxiety,false,7,m,zero
A-vigilance-08,vigilance,anxiety,anxiety,false,7,m,zero
A-vigilance-09,vigilance,anxiety,anxiety,false,7,m,zero
A-vigilance-10,vigilance,anxiety,anxiety,false,7,m,zero
A-admiration-01,admiration,surprise,relief,true,8,m,zero
A-admiration-02,admiration,relief,relief,false,8,m,zero
A-admiration-03,admiration,relief,relief,false,8,m,zero
A-admiration-04,admiration,gratitude,gratitude,false,8,m,zero
A-admiration-05,admiration,relief,relief,false,8,m,zero
A-admiration-06,admiration,relief,relief,false,8,m,zero
A-admiration-07,admiration,relief,relief,false,8,m,zero
A-admiration-08,admiration,trust,trust,false,8,m,zero
A-admiration-09,admiration,shock,shock,false,8,m,zero
A-admiration-10,admiration,relief,relief,false,8,m,zero
A-amazement-01,amazement,gratitude,gratitude,false,8,m,zero
A-amazement-02,amazement,surprise,surprise,false,8,m,zero
A-amazement-03,amazement,surprise,surprise,false,8,m,zero
A-amazement-04,amazement,surprise,surprise,false,8,m,zero
A-amazement-05,amazement,surprise,surprise,false,8,m,zero
A-amazement-06,amazement,surprise,surprise,false,8,m,zero
A-amazement-07,amazement,surprise,surprise,false,8,m,zero
A-amazement-08,amazement,happiness,surprise,true,8,m,zero
A-amazement-09,amazement,surprise,surprise,false,8,m,zero
A-amazement-10,amazement,relief,relief,false,8,m,zero
A-ecstasy-01,ecstasy,relief,relief,false,8,m,zero
A-ecstasy-02,ecstasy,relief,relief,false,8,m,zero
A-ecstasy-03,ecstasy,relief,relief,false,8,m,zero
A-ecstasy-04,ecstasy,joy,joy,false,8,m,zero
A-ecstasy-05,ecstasy,joy,joy,false,8,m,zero
A-ecstasy-06,ecstasy,joy,joy,false,8,m,zero
A-ecstasy-07,ecstasy,joy,joy,false,8,m,zero
A-ecstasy-08,ecstasy,happiness,happiness,false,8,m,zero
A-ecstasy-09,ecstasy,wonder,wonder,false,8,m,zero
A-ecstasy-10,ecstasy,joy,joy,false,8,m,zero
A-grief-01,grief,shame,shame,false,8,m,zero
A-grief-02,grief,anger,anger,false,8,m,zero
A-grief-03,grief,grief,grief,false,8,m,zero
A-grief-04,grief,sadness,sadness,false,8,m,zero
A-grief-05,grief,sadness,sadness,false,8,m,zero
A-grief-06,grief,concern,empathy,true,8,m,zero
A-grief-07,grief,grief,grief,false,8,m,zero
A-grief-08,grief,sadness,sadness,false,8,m,zero
A-grief-09,grief,sadness,sadness,false,8,m,zero
A-grief-10,grief,longing,longing,false,8,m,zero
A-loathing-01,loathing,disgust,disgust,false,8,m,zero
A-loathing-02,loathing,disappointment,frustration,true,8,m,zero
A-loathing-03,loathing,anger,anger,false,8,m,zero
A-loathing-04,loathing,disgust,disgust,false,8,m,zero
A-loathing-05,loathing,disgust,disgust,false,8,m,zero
A-loathing-06,loathing,disgust,disgust,false,8,m,zero
A-loathing-07,loathing,anger,anger,false,8,m,zero
A-loathing-08,loathing,disgust,disgust,false,8,m,zero
A-loathing-09,loathing,disgust,disgust,false,8,m,zero
A-loathing-10,loathing,frustration,frustration,false,8,m,zero
A-rage-01,rage,anger,anger,false,8,m,zero
A-rage-02,rage,anger,anger,false,8,m,zero
A-rage-03,rage,anger,anger,false,8,m,zero
A-rage-04,rage,anger,anger,false,8,m,zero
A-rage-05,rage,anger,anger,false,8,m,zero
A-rage-06,rage,anger,anger,false,8,m,zero
A-rage-07,rage,anger,anger,false,8,m,zero
A-rage-08,rage,anger,anger,false,8,m,zero
A-rage-09,rage,frustration,frustration,false,8,m,zero
A-rage-10,rage,anger,frustration,true,8,m,zero
A-terror-01,terror,fear,fear,false,8,m,zero
A-terror-02,terror,shock,shock,false,8,m,zero
A-terror-03,terror,fear,fear,false,8,m,zero
A-terror-04,terror,relief,relief,false,8,m,zero
A-terror-05,terror,fear,fear,false,8,m,zero
A-terror-06,terror,fear,fear,false,8,m,zero
A-terror-07,terror,fear,fear,false,8,m,zero
A-terror-08,terror,fear,fear,false,8,m,zero
A-terror-09,terror,anxiety,anxiety,false,8,m,zero
A-terror-10,terror,fear,fear,false,8,m,zero
A-vigilance-01,vigilance,fear,fear,false,8,m,zero
A-vigilance-02,vigilance,anxiety,anxiety,false,8,m,zero
A-vigilance-03,vigilance,anxiety,anxiety,false,8,m,zero
A-vigilance-04,vigilance,anxiety,anxiety,false,8,m,zero
A-vigilance-05,vigilance,anxiety,anxiety,false,8,m,zero
A-vigilance-06,vigilance,anxiety,anxiety,false,8,m,zero
A-vigilance-07,vigilance,anxiety,anxiety,false,8,m,zero
A-vigilance-08,vigilance,anxiety,anxiety,false,8,m,zero
A-vigilance-09,vigilance,anxiety,anxiety,false,8,m,zero
A-vigilance-10,vigilance,anxiety,anxiety,false,8,m,zero
A-admiration-01,admiration,surprise,trust,true,9,m,zero
A-admiration-02,admiration,relief,relief,false,9,m,zero
A-admiration-03,admiration,relief,relief,false,9,m,zero
A-admiration-04,admiration,gratitude,gratitude,false,9,m,zero
A-admiration-05,admiration,relief,relief,false,9,m,zero
A-admiration-06,admiration,relief,relief,false,9,m,zero
A-admiration-07,admiration,relief,relief,false,9,m,zero
A-admiration-08,admiration,trust,trust,false,9,m,zero
A-admiration-09,admiration,shock,shock,false,9,m,zero
A-admiration-10,admiration,relief,relief,false,9,m,zero
A-amazement-01,amazement,gratitude,gratitude,false,9,m,zero
A-amazement-02,amazement,surprise,surprise,false,9,m,zero
A-amazement-03,amazement,surprise,surprise,false,9,m,zero
A-amazement-04,amazement,surprise,surprise,false,9,m,zero
A-amazement-05,amazement,surprise,surprise,false,9,m,zero
A-amazement-06,amazement,surprise,confusion,true,9,m,zero
A-amazement-07,amazement,surprise,surprise,false,9,m,zero
A-amazement-08,amazement,happiness,surprise,true,9,m,zero
A-amazement-09,amazement,surprise,surprise,false,9,m,zero
A-amazement-10,amazement,relief,relief,false,9,m,zero
A-ecstasy-01,ecstasy,relief,relief,false,9,m,zero
A-ecstasy-02,ecstasy,relief,relief,false,9,m,zero
A-ecstasy-03,ecstasy,relief,relief,false,9,m,zero
A-ecstasy-04,ecstasy,joy,joy,false,9,m,zero
A-ecstasy-05,ecstasy,joy,joy,false,9,m,zero
A-ecstasy-06,ecstasy,joy,joy,false,9,m,zero
A-ecstasy-07,ecstasy,joy,joy,false,9,m,zero
A-ecstasy-08,ecstasy,happiness,surprise,true,9,m,zero
A-ecstasy-09,ecstasy,wonder,wonder,false,9,m,zero
A-ecstasy-10,ecstasy,joy,joy,false,9,m,zero
A-grief-01,grief,shame,shame,false,9,m,zero
A-grief-02,grief,anger,anger,false,9,m,zero
A-grief-03,grief,grief,grief,false,9,m,zero
A-grief-04,grief,sadness,sadness,false,9,m,zero
A-grief-05,grief,sadness,sadness,false,9,m,zero
A-grief-06,grief,concern,sadness,true,9,m,zero
A-grief-07,grief,grief,sadness,true,9,m,zero
A-grief-08,grief,sadness,sadness,false,9,m,zero
A-grief-09,grief,sadness,sadness,false,9,m,zero
A-grief-10,grief,longing,longing,false,9,m,zero
A-loathing-01,loathing,disgust,disgust,false,9,m,zero
A-loathing-02,loathing,disappointment,anger,true,9,m,zero
A-loathing-03,loathing,anger,anger,false,9,m,zero
A-loathing-04,loathing,disgust,disgust,false,9,m,zero
A-loathing-05,loathing,disgust,disgust,false,9,m,zero
A-loathing-06,loathing,disgust,disgust,false,9,m,zero
A-loathing-07,loathing,anger,anger,false,9,m,zero
A-loathing-08,loathing,disgust,disgust,false,9,m,zero
A-loathing-09,loathing,disgust,disgust,false,9,m,zero
A-loathing-10,loathing,frustration,disgust,true,9,m,zero
A-rage-01,rage,anger,anger,false,9,m,zero
A-rage-02,rage,anger,anger,false,9,m,zero
A-rage-03,rage,anger,anger,false,9,m,zero
A-rage-04,rage,anger,anger,false,9,m,zero
A-rage-05,rage,anger,anger,false,9,m,zero
A-rage-06,rage,anger,anger,false,9,m,zero
A-rage-07,rage,anger,anger,false,9,m,zero
A-rage-08,rage,anger,anger,false,9,m,zero
A-rage-09,rage,frustration,anger,true,9,m,zero
A-rage-10,rage,anger,frustration,true,9,m,zero
A-terror-01,terror,fear,fear,false,9,m,zero
A-terror-02,terror,shock,shock,false,9,m,zero
A-terror-03,terror,fear,fear,false,9,m,zero
A-terror-04,terror,relief,relief,false,9,m,zero
A-terror-05,terror,fear,fear,false,9,m,zero
A-terror-06,terror,fear,fear,false,9,m,zero
A-terror-07,terror,fear,fear,false,9,m,zero
A-terror-08,terror,fear,fear,false,9,m,zero
A-terror-09,terror,anxiety,anxiety,false,9,m,zero
A-terror-10,terror,fear,fear,false,9,m,zero
A-vigilance-01,vigilance,fear,fear,false,9,m,zero
A-vigilance-02,vigilance,anxiety,anxiety,false,9,m,zero
A-vigilance-03,vigilance,anxiety,anxiety,false,9,m,zero
A-vigilance-04,vigilance,anxiety,anxiety,false,9,m,zero
A-vigilance-05,vigilance,anxiety,anxiety,false,9,m,zero
A-vigilance-06,vigilance,anxiety,anxiety,false,9,m,zero
A-vigilance-07,vigilance,anxiety,anxiety,false,9,m,zero
A-vigilance-08,vigilance,anxiety,anxiety,false,9,m,zero
A-vigilance-09,vigilance,anxiety,anxiety,false,9,m,zero
A-vigilance-10,vigilance,anxiety,anxiety,false,9,m,zero
A-admiration-01,admiration,surprise,relief,true,10,m,zero
A-admiration-02,admiration,relief,relief,false,10,m,zero
A-admiration-03,admiration,relief,relief,false,10,m,zero
A-admiration-04,admiration,gratitude,gratitude,false,10,m,zero
A-admiration-05,admiration,relief,relief,false,10,m,zero
A-admiration-06,admiration,relief,relief,false,10,m,zero
A-admiration-07,admiration,relief,relief,false,10,m,zero
A-admiration-08,admiration,trust,trust,false,10,m,zero
A-admiration-09,admiration,shock,shock,false,10,m,zero
A-admiration-10,admiration,relief,relief,false,10,m,zero
A-amazement-01,amazement,gratitude,gratitude,false,10,m,zero
A-amazement-02,amazement,surprise,happiness,true,10,m,zero
A-amazement-03,amazement,surprise,surprise,false,10,m,zero
A-amazement-04,amazement,surprise,shock,true,10,m,zero
A-amazement-05,amazement,surprise,shock,true,10,m,zero
A-amazement-06,amazement,surprise,fear,true,10,m,zero
A-amazement-07,amazement,surprise,surprise,false,10,m,zero
A-amazement-08,amazement,happiness,happiness,false,10,m,zero
A-amazement-09,amazement,surprise,surprise,false,10,m,zero
A-amazement-10,amazement,relief,relief,false,10,m,zero
A-ecstasy-01,ecstasy,relief,relief,false,10,m,zero
A-ecstasy-02,ecstasy,relief,relief,false,10,m,zero
A-ecstasy-03,ecstasy,relief,relief,false,10,m,zero
A-ecstasy-04,ecstasy,joy,joy,false,10,m,zero
A-ecstasy-05,ecstasy,joy,joy,false,10,m,zero
A-ecstasy-06,ecstasy,joy,joy,false,10,m,zero
A-ecstasy-07,ecstasy,joy,joy,false,10,m,zero
A-ecstasy-08,ecstasy,happiness,happiness,false,10,m,zero
A-ecstasy-09,ecstasy,wonder,wonder,false,10,m,zero
A-ecstasy-10,ecstasy,joy,joy,false,10,m,zero
A-grief-01,grief,shame,shame,false,10,m,zero
A-grief-02,grief,anger,anger,false,10,m,zero
A-grief-03,grief,grief,grief,false,10,m,zero
A-grief-04,grief,sadness,sadness,false,10,m,zero
A-grief-05,grief,sadness,grief,true,10,m,zero
A-grief-06,grief,concern,empathy,true,10,m,zero
A-grief-07,grief,grief,grief,false,10,m,zero
A-grief-08,grief,sadness,sadness,false,10,m,zero
A-grief-09,grief,sadness,sadness,false,10,m,zero
A-grief-10,grief,longing,disappointment,true,10,m,zero
A-loathing-01,loathing,disgust,disgust,false,10,m,zero
A-loathing-02,loathing,disappointment,frustration,true,10,m,zero
A-loathing-03,loathing,anger,anger,false,10,m,zero
A-loathing-04,loathing,disgust,disgust,false,10,m,zero
A-loathing-05,loathing,disgust,disgust,false,10,m,zero
A-loathing-06,loathing,disgust,disgust,false,10,m,zero
A-loathing-07,loathing,anger,anger,false,10,m,zero
A-loathing-08,loathing,disgust,disgust,false,10,m,zero
A-loathing-09,loathing,disgust,disgust,false,10,m,zero
A-loathing-10,loathing,frustration,frustration,false,10,m,zero
A-rage-01,rage,anger,anger,false,10,m,zero
A-rage-02,rage,anger,anger,false,10,m,zero
A-rage-03,rage,anger,hurt,true,10,m,zero
A-rage-04,rage,anger,anger,false,10,m,zero
A-rage-05,rage,anger,anger,false,10,m,zero
A-rage-06,rage,anger,anger,false,10,m,zero
A-rage-07,rage,anger,anger,false,10,m,zero
A-rage-08,rage,anger,anger,false,10,m,zero
A-rage-09,rage,frustration,frustration,false,10,m,zero
A-rage-10,rage,anger,frustration,true,10,m,zero
A-terror-01,terror,fear,fear,false,10,m,zero
A-terror-02,terror,shock,shock,false,10,m,zero
A-terror-03,terror,fear,fear,false,10,m,zero
A-terror-04,terror,relief,fear,true,10,m,zero
A-terror-05,terror,fear,fear,false,10,m,zero
A-terror-06,terror,fear,fear,false,10,m,zero
A-terror-07,terror,fear,fear,false,10,m,zero
A-terror-08,terror,fear,fear,false,10,m,zero
A-terror-09,terror,anxiety,anxiety,false,10,m,zero
A-terror-10,terror,fear,fear,false,10,m,zero
A-vigilance-01,vigilance,fear,fear,false,10,m,zero
A-vigilance-02,vigilance,anxiety,anxiety,false,10,m,zero
A-vigilance-03,vigilance,anxiety,anxiety,false,10,m,zero
A-vigilance-04,vigilance,anxiety,anxiety,false,10,m,zero
A-vigilance-05,vigilance,anxiety,anxiety,false,10,m,zero
A-vigilance-06,vigilance,anxiety,anxiety,false,10,m,zero
A-vigilance-07,vigilance,anxiety,anxiety,false,10,m,zero
A-vigilance-08,vigilance,anxiety,anxiety,false,10,m,zero
A-vigilance-09,vigilance,anxiety,anxiety,false,10,m,zero
A-vigilance-10,vigilance,anxiety,anxiety,false,10,m,zero
A-admiration-01,admiration,surprise,surprise,false,11,m,zero
A-admiration-02,admiration,relief,relief,false,11,m,zero
A-admiration-03,admiration,relief,relief,false,11,m,zero
A-admiration-04,admiration,gratitude,gratitude,false,11,m,zero
A-admiration-05,admiration,relief,relief,false,11,m,zero
A-admiration-06,admiration,relief,relief,false,11,m,zero
A-admiration-07,admiration,relief,relief,false,11,m,zero
A-admiration-08,admiration,trust,trust,false,11,m,zero
A-admiration-09,admiration,shock,shock,false,11,m,zero
A-admiration-10,admiration,relief,relief,false,11,m,zero
A-amazement-01,amazement,gratitude,gratitude,false,11,m,zero
A-amazement-02,amazement,surprise,surprise,false,11,m,zero
A-amazement-03,amazement,surprise,surprise,false,11,m,zero
A-amazement-04,amazement,surprise,surprise,false,11,m,zero
A-amazement-05,amazement,surprise,embarrassment,true,11,m,zero
A-amazement-06,amazement,surprise,fear,true,11,m,zero
A-amazement-07,amazement,surprise,surprise,false,11,m,zero
A-amazement-08,amazement,happiness,surprise,true,11,m,zero
A-amazement-09,amazement,surprise,surprise,false,11,m,zero
A-amazement-10,amazement,relief,relief,false,11,m,zero
A-ecstasy-01,ecstasy,relief,relief,false,11,m,zero
A-ecstasy-02,ecstasy,relief,relief,false,11,m,zero
A-ecstasy-03,ecstasy,relief,gratitude,true,11,m,zero
A-ecstasy-04,ecstasy,joy,joy,false,11,m,zero
A-ecstasy-05,ecstasy,joy,joy,false,11,m,zero
A-ecstasy-06,ecstasy,joy,joy,false,11,m,zero
A-ecstasy-07,ecstasy,joy,joy,false,11,m,zero
A-ecstasy-08,ecstasy,happiness,joy,true,11,m,zero
A-ecstasy-09,ecstasy,wonder,delight,true,11,m,zero
A-ecstasy-10,ecstasy,joy,joy,false,11,m,zero
A-grief-01,grief,shame,shame,false,11,m,zero
A-grief-02,grief,anger,anger,false,11,m,zero
A-grief-03,grief,grief,grief,false,11,m,zero
A-grief-04,grief,sadness,sadness,false,11,m,zero
A-grief-05,grief,sadness,sadness,false,11,m,zero
A-grief-06,grief,concern,sadness,true,11,m,zero
A-grief-07,grief,grief,sadness,true,11,m,zero
A-grief-08,grief,sadness,sadness,false,11,m,zero
A-grief-09,grief,sadness,sadness,false,11,m,zero
A-grief-10,grief,longing,disappointment,true,11,m,zero
A-loathing-01,loathing,disgust,disgust,false,11,m,zero
A-loathing-02,loathing,disappointment,anger,true,11,m,zero
A-loathing-03,loathing,anger,anger,false,11,m,zero
A-loathing-04,loathing,disgust,disgust,false,11,m,zero
A-loathing-05,loathing,disgust,disgust,false,11,m,zero
A-loathing-06,loathing,disgust,disgust,false,11,m,zero
A-loathing-07,loathing,anger,anger,false,11,m,zero
A-loathing-08,loathing,disgust,disgust,false,11,m,zero
A-loathing-09,loathing,disgust,disgust,false,11,m,zero
A-loathing-10,loathing,frustration,disgust,true,11,m,zero
A-rage-01,rage,anger,anger,false,11,m,zero
A-rage-02,rage,anger,anger,false,11,m,zero
A-rage-03,rage,anger,anger,false,11,m,zero
A-rage-04,rage,anger,anger,false,11,m,zero
A-rage-05,rage,anger,anger,false,11,m,zero
A-rage-06,rage,anger,anger,false,11,m,zero
A-rage-07,rage,anger,anger,false,11,m,zero
A-rage-08,rage,anger,anger,false,11,m,zero
A-rage-09,rage,frustration,anger,true,11,m,zero
A-rage-10,rage,anger,frustration,true,11,m,zero
A-terror-01,terror,fear,fear,false,11,m,zero
A-terror-02,terror,shock,shock,false,11,m,zero
A-terror-03,terror,fear,fear,false,11,m,zero
A-terror-04,terror,relief,fear,true,11,m,zero
A-terror-05,terror,fear,fear,false,11,m,zero
A-terror-06,terror,fear,fear,false,11,m,zero
A-terror-07,terror,fear,fear,false,11,m,zero
A-terror-08,terror,fear,fear,false,11,m,zero
A-terror-09,terror,anxiety,anxiety,false,11,m,zero
A-terror-10,terror,fear,fear,false,11,m,zero
A-vigilance-01,vigilance,fear,fear,false,11,m,zero
A-vigilance-02,vigilance,anxiety,anxiety,false,11,m,zero
A-vigilance-03,vigilance,anxiety,anxiety,false,11,m,zero
A-vigilance-04,vigilance,anxiety,anxiety,false,11,m,zero
A-vigilance-05,vigilance,anxiety,anxiety,false,11,m,zero
A-vigilance-06,vigilance,anxiety,anxiety,false,11,m,zero
A-vigilance-07,vigilance,anxiety,anxiety,false,11,m,zero
A-vigilance-08,vigilance,anxiety,anxiety,false,11,m,zero
A-vigilance-09,vigilance,anxiety,anxiety,false,11,m,zero
A-vigilance-10,vigilance,anxiety,anxiety,false,11,m,zero
A-admiration-01,admiration,surprise,relief,true,12,m,zero
A-admiration-02,admiration,relief,relief,false,12,m,zero
A-admiration-03,admiration,relief,relief,false,12,m,zero
A-admiration-04,admiration,gratitude,relief,true,12,m,zero
A-admiration-05,admiration,relief,relief,false,12,m,zero
A-admiration-06,admiration,relief,relief,false,12,m,zero
A-admiration-07,admiration,relief,relief,false,12,m,zero
A-admiration-08,admiration,trust,trust,false,12,m,zero
A-admiration-09,admiration,shock,shock,false,12,m,zero
A-admiration-10,admiration,relief,relief,false,12,m,zero
A-amazement-01,amazement,gratitude,surprise,true,12,m,zero
A-amazement-02,amazement,surprise,surprise,false,12,m,zero
A-amazement-03,amazement,surprise,surprise,false,12,m,zero
A-amazement-04,amazement,surprise,surprise,false,12,m,zero
A-amazement-05,amazement,surprise,shock,true,12,m,zero
A-amazement-06,amazement,surprise,surprise,false,12,m,zero
A-amazement-07,amazement,surprise,surprise,false,12,m,zero
A-amazement-08,amazement,happiness,excitement,true,12,m,zero
A-amazement-09,amazement,surprise,surprise,false,12,m,zero
A-amazement-10,amazement,relief,relief,false,12,m,zero
A-ecstasy-01,ecstasy,relief,relief,false,12,m,zero
A-ecstasy-02,ecstasy,relief,relief,false,12,m,zero
A-ecstasy-03,ecstasy,relief,relief,false,12,m,zero
A-ecstasy-04,ecstasy,joy,joy,false,12,m,zero
A-ecstasy-05,ecstasy,joy,joy,false,12,m,zero
A-ecstasy-06,ecstasy,joy,joy,false,12,m,zero
A-ecstasy-07,ecstasy,joy,joy,false,12,m,zero
A-ecstasy-08,ecstasy,happiness,surprise,true,12,m,zero
A-ecstasy-09,ecstasy,wonder,wonder,false,12,m,zero
A-ecstasy-10,ecstasy,joy,joy,false,12,m,zero
A-grief-01,grief,shame,shame,false,12,m,zero
A-grief-02,grief,anger,anger,false,12,m,zero
A-grief-03,grief,grief,grief,false,12,m,zero
A-grief-04,grief,sadness,sadness,false,12,m,zero
A-grief-05,grief,sadness,grief,true,12,m,zero
A-grief-06,grief,concern,empathy,true,12,m,zero
A-grief-07,grief,grief,grief,false,12,m,zero
A-grief-08,grief,sadness,sadness,false,12,m,zero
A-grief-09,grief,sadness,sadness,false,12,m,zero
A-grief-10,grief,longing,disappointment,true,12,m,zero
A-loathing-01,loathing,disgust,disgust,false,12,m,zero
A-loathing-02,loathing,disappointment,anger,true,12,m,zero
A-loathing-03,loathing,anger,anger,false,12,m,zero
A-loathing-04,loathing,disgust,disgust,false,12,m,zero
A-loathing-05,loathing,disgust,disgust,false,12,m,zero
A-loathing-06,loathing,disgust,disgust,false,12,m,zero
A-loathing-07,loathing,anger,disgust,true,12,m,zero
A-loathing-08,loathing,disgust,disgust,false,12,m,zero
A-loathing-09,loathing,disgust,disgust,false,12,m,zero
A-loathing-10,loathing,frustration,disgust,true,12,m,zero
A-rage-01,rage,anger,anger,false,12,m,zero
A-rage-02,rage,anger,anger,false,12,m,zero
A-rage-03,rage,anger,anger,false,12,m,zero
A-rage-04,rage,anger,anger,false,12,m,zero
A-rage-05,rage,anger,anger,false,12,m,zero
A-rage-06,rage,anger,anger,false,12,m,zero
A-rage-07,rage,anger,anger,false,12,m,zero
A-rage-08,rage,anger,anger,false,12,m,zero
A-rage-09,rage,frustration,frustration,false,12,m,zero
A-rage-10,rage,anger,frustration,true,12,m,zero
A-terror-01,terror,fear,fear,false,12,m,zero
A-terror-02,terror,shock,shock,false,12,m,zero
A-terror-03,terror,fear,fear,false,12,m,zero
A-terror-04,terror,relief,relief,false,12,m,zero
A-terror-05,terror,fear,fear,false,12,m,zero
A-terror-06,terror,fear,fear,false,12,m,zero
A-terror-07,terror,fear,fear,false,12,m,zero
A-terror-08,terror,fear,fear,false,12,m,zero
A-terror-09,terror,anxiety,anxiety,false,12,m,zero
A-terror-10,terror,fear,fear,false,12,m,zero
A-vigilance-01,vigilance,fear,fear,false,12,m,zero
A-vigilance-02,vigilance,anxiety,anxiety,false,12,m,zero
A-vigilance-03,vigilance,anxiety,anxiety,false,12,m,zero
A-vigilance-04,vigilance,anxiety,anxiety,false,12,m,zero
A-vigilance-05,vigilance,anxiety,anxiety,false,12,m,zero
A-vigilance-06,vigilance,anxiety,anxiety,false,12,m,zero
A-vigilance-07,vigilance,anxiety,anxiety,false,12,m,zero
A-vigilance-08,vigilance,anxiety,relief,true,12,m,zero
A-vigilance-09,vigilance,anxiety,anxiety,false,12,m,zero
A-vigilance-10,vigilance,anxiety,anxiety,false,12,m,zero
A-admiration-01,admiration,surprise,surprise,false,13,m,zero
A-admiration-02,admiration,relief,relief,false,13,m,zero
A-admiration-03,admiration,relief,relief,false,13,m,zero
A-admiration-04,admiration,gratitude,gratitude,false,13,m,zero
A-admiration-05,admiration,relief,relief,false,13,m,zero
A-admiration-06,admiration,relief,relief,false,13,m,zero
A-admiration-07,admiration,relief,relief,false,13,m,zero
A-admiration-08,admiration,trust,trust,false,13,m,zero
A-admiration-09,admiration,shock,shock,false,13,m,zero
A-admiration-10,admiration,relief,relief,false,13,m,zero
A-amazement-01,amazement,gratitude,surprise,true,13,m,zero
A-amazement-02,amazement,surprise,delight,true,13,m,zero
A-amazement-03,amazement,surprise,surprise,false,13,m,zero
A-amazement-04,amazement,surprise,shock,true,13,m,zero
A-amazement-05,amazement,surprise,embarrassment,true,13,m,zero
A-amazement-06,amazement,surprise,fear,true,13,m,zero
A-amazement-07,amazement,surprise,surprise,false,13,m,zero
A-amazement-08,amazement,happiness,surprise,true,13,m,zero
A-amazement-09,amazement,surprise,surprise,false,13,m,zero
A-amazement-10,amazement,relief,relief,false,13,m,zero
A-ecstasy-01,ecstasy,relief,relief,false,13,m,zero
A-ecstasy-02,ecstasy,relief,relief,false,13,m,zero
A-ecstasy-03,ecstasy,relief,relief,false,13,m,zero
A-ecstasy-04,ecstasy,joy,happiness,true,13,m,zero
A-ecstasy-05,ecstasy,joy,joy,false,13,m,zero
A-ecstasy-06,ecstasy,joy,joy,false,13,m,zero
A-ecstasy-07,ecstasy,joy,pride,true,13,m,zero
A-ecstasy-08,ecstasy,happiness,happiness,false,13,m,zero
A-ecstasy-09,ecstasy,wonder,wonder,false,13,m,zero
A-ecstasy-10,ecstasy,joy,happiness,true,13,m,zero
A-grief-01,grief,shame,shame,false,13,m,zero
A-grief-02,grief,anger,anger,false,13,m,zero
A-grief-03,grief,grief,grief,false,13,m,zero
A-grief-04,grief,sadness,sadness,false,13,m,zero
A-grief-05,grief,sadness,sadness,false,13,m,zero
A-grief-06,grief,concern,sadness,true,13,m,zero
A-grief-07,grief,grief,grief,false,13,m,zero
A-grief-08,grief,sadness,sadness,false,13,m,zero
A-grief-09,grief,sadness,sadness,false,13,m,zero
A-grief-10,grief,longing,disappointment,true,13,m,zero
A-loathing-01,loathing,disgust,disgust,false,13,m,zero
A-loathing-02,loathing,disappointment,disappointment,false,13,m,zero
A-loathing-03,loathing,anger,anger,false,13,m,zero
A-loathing-04,loathing,disgust,disgust,false,13,m,zero
A-loathing-05,loathing,disgust,disgust,false,13,m,zero
A-loathing-06,loathing,disgust,disgust,false,13,m,zero
A-loathing-07,loathing,anger,anger,false,13,m,zero
A-loathing-08,loathing,disgust,disgust,false,13,m,zero
A-loathing-09,loathing,disgust,disgust,false,13,m,zero
A-loathing-10,loathing,frustration,disgust,true,13,m,zero
A-rage-01,rage,anger,anger,false,13,m,zero
A-rage-02,rage,anger,anger,false,13,m,zero
A-rage-03,rage,anger,anger,false,13,m,zero
A-rage-04,rage,anger,anger,false,13,m,zero
A-rage-05,rage,anger,anger,false,13,m,zero
A-rage-06,rage,anger,anger,false,13,m,zero
A-rage-07,rage,anger,anger,false,13,m,zero
A-rage-08,rage,anger,anger,false,13,m,zero
A-rage-09,rage,frustration,anger,true,13,m,zero
A-rage-10,rage,anger,anger,false,13,m,zero
A-terror-01,terror,fear,fear,false,13,m,zero
A-terror-02,terror,shock,shock,false,13,m,zero
A-terror-03,terror,fear,fear,false,13,m,zero
A-terror-04,terror,relief,relief,false,13,m,zero
A-terror-05,terror,fear,fear,false,13,m,zero
A-terror-06,terror,fear,fear,false,13,m,zero
A-terror-07,terror,fear,fear,false,13,m,zero
A-terror-08,terror,fear,fear,false,13,m,zero
A-terror-09,terror,anxiety,anxiety,false,13,m,zero
A-terror-10,terror,fear,fear,false,13,m,zero
A-vigilance-01,vigilance,fear,fear,false,13,m,zero
A-vigilance-02,vigilance,anxiety,anxiety,false,13,m,zero
A-vigilance-03,vigilance,anxiety,anxiety,false,13,m,zero
A-vigilance-04,vigilance,anxiety,anxiety,false,13,m,zero
A-vigilance-05,vigilance,anxiety,anxiety,false,13,m,zero
A-vigilance-06,vigilance,anxiety,anxiety,false,13,m,zero
A-vigilance-07,vigilance,anxiety,anxiety,false,13,m,zero
A-vigilance-08,vigilance,anxiety,anxiety,false,13,m,zero
A-vigilance-09,vigilance,anxiety,anxiety,false,13,m,zero
A-vigilance-10,vigilance,anxiety,anxiety,false,13,m,zero
A-admiration-01,admiration,surprise,surprise,false,14,m,zero
A-admiration-02,admiration,relief,relief,false,14,m,zero
A-admiration-03,admiration,relief,relief,false,14,m,zero
A-admiration-04,admiration,gratitude,gratitude,false,14,m,zero
A-admiration-05,admiration,relief,relief,false,14,m,zero
A-admiration-06,admiration,relief,relief,false,14,m,zero
A-admiration-07,admiration,relief,relief,false,14,m,zero
A-admiration-08,admiration,trust,trust,false,14,m,zero
A-admiration-09,admiration,shock,shock,false,14,m,zero
A-admiration-10,admiration,relief,relief,false,14,m,zero
A-amazement-01,amazement,gratitude,surprise,true,14,m,zero
A-amazement-02,amazement,surprise,happiness,true,14,m,zero
A-amazement-03,amazement,surprise,surprise,false,14,m,zero
A-amazement-04,amazement,surprise,shock,true,14,m,zero
A-amazement-05,amazement,surprise,embarrassment,true,14,m,zero
A-amazement-06,amazement,surprise,fear,true,14,m,zero
A-amazement-07,amazement,surprise,surprise,false,14,m,zero
A-amazement-08,amazement,happiness,happiness,false,14,m,zero
A-amazement-09,amazement,surprise,surprise,false,14,m,zero
A-amazement-10,amazement,relief,relief,false,14,m,zero
A-ecstasy-01,ecstasy,relief,relief,false,14,m,zero
A-ecstasy-02,ecstasy,relief,relief,false,14,m,zero
A-ecstasy-03,ecstasy,relief,relief,false,14,m,zero
A-ecstasy-04,ecstasy,joy,happiness,true,14,m,zero
A-ecstasy-05,ecstasy,joy,joy,false,14,m,zero
A-ecstasy-06,ecstasy,joy,joy,false,14,m,zero
A-ecstasy-07,ecstasy,joy,joy,false,14,m,zero
A-ecstasy-08,ecstasy,happiness,happiness,false,14,m,zero
A-ecstasy-09,ecstasy,wonder,wonder,false,14,m,zero
A-ecstasy-10,ecstasy,joy,happiness,true,14,m,zero
A-grief-01,grief,shame,shame,false,14,m,zero
A-grief-02,grief,anger,anger,false,14,m,zero
A-grief-03,grief,grief,grief,false,14,m,zero
A-grief-04,grief,sadness,sadness,false,14,m,zero
A-grief-05,grief,sadness,sadness,false,14,m,zero
A-grief-06,grief,concern,sadness,true,14,m,zero
A-grief-07,grief,grief,sadness,true,14,m,zero
A-grief-08,grief,sadness,sadness,false,14,m,zero
A-grief-09,grief,sadness,sadness,false,14,m,zero
A-grief-10,grief,longing,longing,false,14,m,zero
A-loathing-01,loathing,disgust,disgust,false,14,m,zero
A-loathing-02,loathing,disappointment,disappointment,false,14,m,zero
A-loathing-03,loathing,anger,anger,false,14,m,zero
A-loathing-04,loathing,disgust,disgust,false,14,m,zero
A-loathing-05,loathing,disgust,disgust,false,14,m,zero
A-loathing-06,loathing,disgust,disgust,false,14,m,zero
A-loathing-07,loathing,anger,anger,false,14,m,zero
A-loathing-08,loathing,disgust,disgust,false,14,m,zero
A-loathing-09,loathing,disgust,disgust,false,14,m,zero
A-loathing-10,loathing,frustration,disgust,true,14,m,zero
A-rage-01,rage,anger,anger,false,14,m,zero
A-rage-02,rage,anger,anger,false,14,m,zero
A-rage-03,rage,anger,anger,false,14,m,zero
A-rage-04,rage,anger,anger,false,14,m,zero
A-rage-05,rage,anger,anger,false,14,m,zero
A-rage-06,rage,anger,anger,false,14,m,zero
A-rage-07,rage,anger,anger,false,14,m,zero
A-rage-08,rage,anger,anger,false,14,m,zero
A-rage-09,rage,frustration,frustration,false,14,m,zero
A-rage-10,rage,anger,frustration,true,14,m,zero
A-terror-01,terror,fear,fear,false,14,m,zero
A-terror-02,terror,shock,fear,true,14,m,zero
A-terror-03,terror,fear,fear,false,14,m,zero
A-terror-04,terror,relief,relief,false,14,m,zero
A-terror-05,terror,fear,fear,false,14,m,zero
A-terror-06,terror,fear,fear,false,14,m,zero
A-terror-07,terror,fear,fear,false,14,m,zero
A-terror-08,terror,fear,fear,false,14,m,zero
A-terror-09,terror,anxiety,anxiety,false,14,m,zero
A-terror-10,terror,fear,fear,false,14,m,zero
A-vigilance-01,vigilance,fear,fear,false,14,m,zero
A-vigilance-02,vigilance,anxiety,anxiety,false,14,m,zero
A-vigilance-03,vigilance,anxiety,anxiety,false,14,m,zero
A-vigilance-04,vigilance,anxiety,anxiety,false,14,m,zero
A-vigilance-05,vigilance,anxiety,anxiety,false,14,m,zero
A-vigilance-06,vigilance,anxiety,anxiety,false,14,m,zero
A-vigilance-07,vigilance,anxiety,anxiety,false,14,m,zero
A-vigilance-08,vigilance,anxiety,anxiety,false,14,m,zero
A-vigilance-09,vigilance,anxiety,anxiety,false,14,m,zero
A-vigilance-10,vigilance,anxiety,anxiety,false,14,m,zero
A-admiration-01,admiration,surprise,surprise,false,15,m,zero
A-admiration-02,admiration,relief,relief,false,15,m,zero
A-admiration-03,admiration,relief,relief,false,15,m,zero
A-admiration-04,admiration,gratitude,gratitude,false,15,m,zero
A-admiration-05,admiration,relief,relief,false,15,m,zero
A-admiration-06,admiration,relief,relief,false,15,m,zero
A-admiration-07,admiration,relief,relief,false,15,m,zero
A-admiration-08,admiration,trust,trust,false,15,m,zero
A-admiration-09,admiration,shock,shock,false,15,m,zero
A-admiration-10,admiration,relief,relief,false,15,m,zero
A-amazement-01,amazement,gratitude,gratitude,false,15,m,zero
A-amazement-02,amazement,surprise,happiness,true,15,m,zero
A-amazement-03,amazement,surprise,surprise,false,15,m,zero
A-amazement-04,amazement,surprise,shock,true,15,m,zero
A-amazement-05,amazement,surprise,embarrassment,true,15,m,zero
A-amazement-06,amazement,surprise,confusion,true,15,m,zero
A-amazement-07,amazement,surprise,surprise,false,15,m,zero
A-amazement-08,amazement,happiness,happiness,false,15,m,zero
A-amazement-09,amazement,surprise,surprise,false,15,m,zero
A-amazement-10,amazement,relief,relief,false,15,m,zero
A-ecstasy-01,ecstasy,relief,relief,false,15,m,zero
A-ecstasy-02,ecstasy,relief,relief,false,15,m,zero
A-ecstasy-03,ecstasy,relief,relief,false,15,m,zero
A-ecstasy-04,ecstasy,joy,happiness,true,15,m,zero
A-ecstasy-05,ecstasy,joy,joy,false,15,m,zero
A-ecstasy-06,ecstasy,joy,joy,false,15,m,zero
A-ecstasy-07,ecstasy,joy,happiness,true,15,m,zero
A-ecstasy-08,ecstasy,happiness,happiness,false,15,m,zero
A-ecstasy-09,ecstasy,wonder,wonder,false,15,m,zero
A-ecstasy-10,ecstasy,joy,happiness,true,15,m,zero
A-grief-01,grief,shame,shame,false,15,m,zero
A-grief-02,grief,anger,anger,false,15,m,zero
A-grief-03,grief,grief,grief,false,15,m,zero
A-grief-04,grief,sadness,sadness,false,15,m,zero
A-grief-05,grief,sadness,grief,true,15,m,zero
A-grief-06,grief,concern,empathy,true,15,m,zero
A-grief-07,grief,grief,grief,false,15,m,zero
A-grief-08,grief,sadness,grief,true,15,m,zero
A-grief-09,grief,sadness,sadness,false,15,m,zero
A-grief-10,grief,longing,disappointment,true,15,m,zero
A-loathing-01,loathing,disgust,disgust,false,15,m,zero
A-loathing-02,loathing,disappointment,disappointment,false,15,m,zero
A-loathing-03,loathing,anger,anger,false,15,m,zero
A-loathing-04,loathing,disgust,anger,true,15,m,zero
A-loathing-05,loathing,disgust,disgust,false,15,m,zero
A-loathing-06,loathing,disgust,disgust,false,15,m,zero
A-loathing-07,loathing,anger,anger,false,15,m,zero
A-loathing-08,loathing,disgust,disgust,false,15,m,zero
A-loathing-09,loathing,disgust,disgust,false,15,m,zero
A-loathing-10,loathing,frustration,frustration,false,15,m,zero
A-rage-01,rage,anger,anger,false,15,m,zero
A-rage-02,rage,anger,anger,false,15,m,zero
A-rage-03,rage,anger,anger,false,15,m,zero
A-rage-04,rage,anger,anger,false,15,m,zero
A-rage-05,rage,anger,anger,false,15,m,zero
A-rage-06,rage,anger,anger,false,15,m,zero
A-rage-07,rage,anger,anger,false,15,m,zero
A-rage-08,rage,anger,anger,false,15,m,zero
A-rage-09,rage,frustration,anger,true,15,m,zero
A-rage-10,rage,anger,anger,false,15,m,zero
A-terror-01,terror,fear,fear,false,15,m,zero
A-terror-02,terror,shock,shock,false,15,m,zero
A-terror-03,terror,fear,fear,false,15,m,zero
A-terror-04,terror,relief,fear,true,15,m,zero
A-terror-05,terror,fear,fear,false,15,m,zero
A-terror-06,terror,fear,fear,false,15,m,zero
A-terror-07,terror,fear,fear,false,15,m,zero
A-terror-08,terror,fear,fear,false,15,m,zero
A-terror-09,terror,anxiety,anxiety,false,15,m,zero
A-terror-10,terror,fear,fear,false,15,m,zero
A-vigilance-01,vigilance,fear,fear,false,15,m,zero
A-vigilance-02,vigilance,anxiety,anxiety,false,15,m,zero
A-vigilance-03,vigilance,anxiety,anxiety,false,15,m,zero
A-vigilance-04,vigilance,anxiety,anxiety,false,15,m,zero
A-vigilance-05,vigilance,anxiety,anxiety,false,15,m,zero
A-vigilance-06,vigilance,anxiety,anxiety,false,15,m,zero
A-vigilance-07,vigilance,anxiety,anxiety,false,15,m,zero
A-vigilance-08,vigilance,anxiety,anxiety,false,15,m,zero
A-vigilance-09,vigilance,anxiety,anxiety,false,15,m,zero
A-vigilance-10,vigilance,anxiety,anxiety,false,15,m,zero
A-admiration-01,admiration,surprise,relief,true,16,m,zero
A-admiration-02,admiration,relief,relief,false,16,m,zero
A-admiration-03,admiration,relief,relief,false,16,m,zero
A-admiration-04,admiration,gratitude,relief,true,16,m,zero
A-admiration-05,admiration,relief,relief,false,16,m,zero
A-admiration-06,admiration,relief,relief,false,16,m,zero
A-admiration-07,admiration,relief,relief,false,16,m,zero
A-admiration-08,admiration,trust,relief,true,16,m,zero
A-admiration-09,admiration,shock,shock,false,16,m,zero
A-admiration-10,admiration,relief,relief,false,16,m,zero
A-amazement-01,amazement,gratitude,gratitude,false,16,m,zero
A-amazement-02,amazement,surprise,relief,true,16,m,zero
A-amazement-03,amazement,surprise,surprise,false,16,m,zero
A-amazement-04,amazement,surprise,shock,true,16,m,zero
A-amazement-05,amazement,surprise,shock,true,16,m,zero
A-amazement-06,amazement,surprise,surprise,false,16,m,zero
A-amazement-07,amazement,surprise,surprise,false,16,m,zero
A-amazement-08,amazement,happiness,excitement,true,16,m,zero
A-amazement-09,amazement,surprise,surprise,false,16,m,zero
A-amazement-10,amazement,relief,relief,false,16,m,zero
A-ecstasy-01,ecstasy,relief,relief,false,16,m,zero
A-ecstasy-02,ecstasy,relief,relief,false,16,m,zero
A-ecstasy-03,ecstasy,relief,relief,false,16,m,zero
A-ecstasy-04,ecstasy,joy,happiness,true,16,m,zero
A-ecstasy-05,ecstasy,joy,joy,false,16,m,zero
A-ecstasy-06,ecstasy,joy,joy,false,16,m,zero
A-ecstasy-07,ecstasy,joy,pride,true,16,m,zero
A-ecstasy-08,ecstasy,happiness,happiness,false,16,m,zero
A-ecstasy-09,ecstasy,wonder,wonder,false,16,m,zero
A-ecstasy-10,ecstasy,joy,joy,false,16,m,zero
A-grief-01,grief,shame,shame,false,16,m,zero
A-grief-02,grief,anger,sadness,true,16,m,zero
A-grief-03,grief,grief,grief,false,16,m,zero
A-grief-04,grief,sadness,sadness,false,16,m,zero
A-grief-05,grief,sadness,grief,true,16,m,zero
A-grief-06,grief,concern,concern,false,16,m,zero
A-grief-07,grief,grief,grief,false,16,m,zero
A-grief-08,grief,sadness,sadness,false,16,m,zero
A-grief-09,grief,sadness,sadness,false,16,m,zero
A-grief-10,grief,longing,longing,false,16,m,zero
A-loathing-01,loathing,disgust,disgust,false,16,m,zero
A-loathing-02,loathing,disappointment,frustration,true,16,m,zero
A-loathing-03,loathing,anger,anger,false,16,m,zero
A-loathing-04,loathing,disgust,disgust,false,16,m,zero
A-loathing-05,loathing,disgust,disgust,false,16,m,zero
A-loathing-06,loathing,disgust,disgust,false,16,m,zero
A-loathing-07,loathing,anger,disgust,true,16,m,zero
A-loathing-08,loathing,disgust,disgust,false,16,m,zero
A-loathing-09,loathing,disgust,disgust,false,16,m,zero
A-loathing-10,loathing,frustration,frustration,false,16,m,zero
A-rage-01,rage,anger,anger,false,16,m,zero
A-rage-02,rage,anger,anger,false,16,m,zero
A-rage-03,rage,anger,hurt,true,16,m,zero
A-rage-04,rage,anger,anger,false,16,m,zero
A-rage-05,rage,anger,anger,false,16,m,zero
A-rage-06,rage,anger,anger,false,16,m,zero
A-rage-07,rage,anger,anger,false,16,m,zero
A-rage-08,rage,anger,anger,false,16,m,zero
A-rage-09,rage,frustration,frustration,false,16,m,zero
A-rage-10,rage,anger,frustration,true,16,m,zero
A-terror-01,terror,fear,fear,false,16,m,zero
A-terror-02,terror,shock,shock,false,16,m,zero
A-terror-03,terror,fear,fear,false,16,m,zero
A-terror-04,terror,relief,relief,false,16,m,zero
A-terror-05,terror,fear,fear,false,16,m,zero
A-terror-06,terror,fear,fear,false,16,m,zero
A-terror-07,terror,fear,fear,false,16,m,zero
A-terror-08,terror,fear,fear,false,16,m,zero
A-terror-09,terror,anxiety,anxiety,false,16,m,zero
A-terror-10,terror,fear,fear,false,16,m,zero
A-vigilance-01,vigilance,fear,anxiety,true,16,m,zero
A-vigilance-02,vigilance,anxiety,anxiety,false,16,m,zero
A-vigilance-03,vigilance,anxiety,anxiety,false,16,m,zero
A-vigilance-04,vigilance,anxiety,anxiety,false,16,m,zero
A-vigilance-05,vigilance,anxiety,anxiety,false,16,m,zero
A-vigilance-06,vigilance,anxiety,anxiety,false,16,m,zero
A-vigilance-07,vigilance,anxiety,anxiety,false,16,m,zero
A-vigilance-08,vigilance,anxiety,anxiety,false,16,m,zero
A-vigilance-09,vigilance,anxiety,anxiety,false,16,m,zero
A-vigilance-10,vigilance,anxiety,anxiety,false,16,m,zero
A-admiration-01,admiration,surprise,trust,true,17,m,zero
A-admiration-02,admiration,relief,relief,false,17,m,zero
A-admiration-03,admiration,relief,trust,true,17,m,zero
A-admiration-04,admiration,gratitude,gratitude,false,17,m,zero
A-admiration-05,admiration,relief,relief,false,17,m,zero
A-admiration-06,admiration,relief,relief,false,17,m,zero
A-admiration-07,admiration,relief,relief,false,17,m,zero
A-admiration-08,admiration,trust,trust,false,17,m,zero
A-admiration-09,admiration,shock,shock,false,17,m,zero
A-admiration-10,admiration,relief,relief,false,17,m,zero
A-amazement-01,amazement,gratitude,gratitude,false,17,m,zero
A-amazement-02,amazement,surprise,surprise,false,17,m,zero
A-amazement-03,amazement,surprise,surprise,false,17,m,zero
A-amazement-04,amazement,surprise,surprise,false,17,m,zero
A-amazement-05,amazement,surprise,surprise,false,17,m,zero
A-amazement-06,amazement,surprise,fear,true,17,m,zero
A-amazement-07,amazement,surprise,surprise,false,17,m,zero
A-amazement-08,amazement,happiness,joy,true,17,m,zero
A-amazement-09,amazement,surprise,surprise,false,17,m,zero
A-amazement-10,amazement,relief,relief,false,17,m,zero
A-ecstasy-01,ecstasy,relief,joy,true,17,m,zero
A-ecstasy-02,ecstasy,relief,relief,false,17,m,zero
A-ecstasy-03,ecstasy,relief,relief,false,17,m,zero
A-ecstasy-04,ecstasy,joy,joy,false,17,m,zero
A-ecstasy-05,ecstasy,joy,joy,false,17,m,zero
A-ecstasy-06,ecstasy,joy,joy,false,17,m,zero
A-ecstasy-07,ecstasy,joy,joy,false,17,m,zero
A-ecstasy-08,ecstasy,happiness,joy,true,17,m,zero
A-ecstasy-09,ecstasy,wonder,delight,true,17,m,zero
A-ecstasy-10,ecstasy,joy,joy,false,17,m,zero
A-grief-01,grief,shame,shame,false,17,m,zero
A-grief-02,grief,anger,sadness,true,17,m,zero
A-grief-03,grief,grief,sadness,true,17,m,zero
A-grief-04,grief,sadness,sadness,false,17,m,zero
A-grief-05,grief,sadness,sadness,false,17,m,zero
A-grief-06,grief,concern,sadness,true,17,m,zero
A-grief-07,grief,grief,sadness,true,17,m,zero
A-grief-08,grief,sadness,sadness,false,17,m,zero
A-grief-09,grief,sadness,sadness,false,17,m,zero
A-grief-10,grief,longing,longing,false,17,m,zero
A-loathing-01,loathing,disgust,disgust,false,17,m,zero
A-loathing-02,loathing,disappointment,anger,true,17,m,zero
A-loathing-03,loathing,anger,anger,false,17,m,zero
A-loathing-04,loathing,disgust,disgust,false,17,m,zero
A-loathing-05,loathing,disgust,disgust,false,17,m,zero
A-loathing-06,loathing,disgust,disgust,false,17,m,zero
A-loathing-07,loathing,anger,anger,false,17,m,zero
A-loathing-08,loathing,disgust,disgust,false,17,m,zero
A-loathing-09,loathing,disgust,disgust,false,17,m,zero
A-loathing-10,loathing,frustration,disgust,true,17,m,zero
A-rage-01,rage,anger,anger,false,17,m,zero
A-rage-02,rage,anger,anger,false,17,m,zero
A-rage-03,rage,anger,anger,false,17,m,zero
A-rage-04,rage,anger,anger,false,17,m,zero
A-rage-05,rage,anger,anger,false,17,m,zero
A-rage-06,rage,anger,anger,false,17,m,zero
A-rage-07,rage,anger,anger,false,17,m,zero
A-rage-08,rage,anger,anger,false,17,m,zero
A-rage-09,rage,frustration,anger,true,17,m,zero
A-rage-10,rage,anger,anger,false,17,m,zero
A-terror-01,terror,fear,fear,false,17,m,zero
A-terror-02,terror,shock,shock,false,17,m,zero
A-terror-03,terror,fear,fear,false,17,m,zero
A-terror-04,terror,relief,relief,false,17,m,zero
A-terror-05,terror,fear,fear,false,17,m,zero
A-terror-06,terror,fear,fear,false,17,m,zero
A-terror-07,terror,fear,fear,false,17,m,zero
A-terror-08,terror,fear,fear,false,17,m,zero
A-terror-09,terror,anxiety,anxiety,false,17,m,zero
A-terror-10,terror,fear,fear,false,17,m,zero
A-vigilance-01,vigilance,fear,fear,false,17,m,zero
A-vigilance-02,vigilance,anxiety,anxiety,false,17,m,zero
A-vigilance-03,vigilance,anxiety,anxiety,false,17,m,zero
A-vigilance-04,vigilance,anxiety,anxiety,false,17,m,zero
A-vigilance-05,vigilance,anxiety,anxiety,false,17,m,zero
A-vigilance-06,vigilance,anxiety,anxiety,false,17,m,zero
A-vigilance-07,vigilance,anxiety,anxiety,false,17,m,zero
A-vigilance-08,vigilance,anxiety,anxiety,false,17,m,zero
A-vigilance-09,vigilance,anxiety,anxiety,false,17,m,zero
A-vigilance-10,vigilance,anxiety,anxiety,false,17,m,zero
A-admiration-01,admiration,surprise,love,true,18,m,zero
A-admiration-02,admiration,relief,trust,true,18,m,zero
A-admiration-03,admiration,relief,trust,true,18,m,zero
A-admiration-04,admiration,gratitude,trust,true,18,m,zero
A-admiration-05,admiration,relief,relief,false,18,m,zero
A-admiration-06,admiration,relief,trust,true,18,m,zero
A-admiration-07,admiration,relief,relief,false,18,m,zero
A-admiration-08,admiration,trust,trust,false,18,m,zero
A-admiration-09,admiration,shock,shock,false,18,m,zero
A-admiration-10,admiration,relief,trust,true,18,m,zero
A-amazement-01,amazement,gratitude,surprise,true,18,m,zero
A-amazement-02,amazement,surprise,delight,true,18,m,zero
A-amazement-03,amazement,surprise,surprise,false,18,m,zero
A-amazement-04,amazement,surprise,surprise,false,18,m,zero
A-amazement-05,amazement,surprise,surprise,false,18,m,zero
A-amazement-06,amazement,surprise,fear,true,18,m,zero
A-amazement-07,amazement,surprise,surprise,false,18,m,zero
A-amazement-08,amazement,happiness,joy,true,18,m,zero
A-amazement-09,amazement,surprise,surprise,false,18,m,zero
A-amazement-10,amazement,relief,disappointment,true,18,m,zero
A-ecstasy-01,ecstasy,relief,joy,true,18,m,zero
A-ecstasy-02,ecstasy,relief,joy,true,18,m,zero
A-ecstasy-03,ecstasy,relief,happiness,true,18,m,zero
A-ecstasy-04,ecstasy,joy,joy,false,18,m,zero
A-ecstasy-05,ecstasy,joy,joy,false,18,m,zero
A-ecstasy-06,ecstasy,joy,joy,false,18,m,zero
A-ecstasy-07,ecstasy,joy,joy,false,18,m,zero
A-ecstasy-08,ecstasy,happiness,joy,true,18,m,zero
A-ecstasy-09,ecstasy,wonder,wonder,false,18,m,zero
A-ecstasy-10,ecstasy,joy,joy,false,18,m,zero
A-grief-01,grief,shame,shame,false,18,m,zero
A-grief-02,grief,anger,sadness,true,18,m,zero
A-grief-03,grief,grief,grief,false,18,m,zero
A-grief-04,grief,sadness,sadness,false,18,m,zero
A-grief-05,grief,sadness,sadness,false,18,m,zero
A-grief-06,grief,concern,sadness,true,18,m,zero
A-grief-07,grief,grief,sadness,true,18,m,zero
A-grief-08,grief,sadness,sadness,false,18,m,zero
A-grief-09,grief,sadness,sadness,false,18,m,zero
A-grief-10,grief,longing,longing,false,18,m,zero
A-loathing-01,loathing,disgust,disgust,false,18,m,zero
A-loathing-02,loathing,disappointment,disappointment,false,18,m,zero
A-loathing-03,loathing,anger,anger,false,18,m,zero
A-loathing-04,loathing,disgust,disgust,false,18,m,zero
A-loathing-05,loathing,disgust,disgust,false,18,m,zero
A-loathing-06,loathing,disgust,disgust,false,18,m,zero
A-loathing-07,loathing,anger,disgust,true,18,m,zero
A-loathing-08,loathing,disgust,disgust,false,18,m,zero
A-loathing-09,loathing,disgust,disgust,false,18,m,zero
A-loathing-10,loathing,frustration,disgust,true,18,m,zero
A-rage-01,rage,anger,anger,false,18,m,zero
A-rage-02,rage,anger,anger,false,18,m,zero
A-rage-03,rage,anger,anger,false,18,m,zero
A-rage-04,rage,anger,anger,false,18,m,zero
A-rage-05,rage,anger,anger,false,18,m,zero
A-rage-06,rage,anger,anger,false,18,m,zero
A-rage-07,rage,anger,anger,false,18,m,zero
A-rage-08,rage,anger,anger,false,18,m,zero
A-rage-09,rage,frustration,frustration,false,18,m,zero
A-rage-10,rage,anger,anger,false,18,m,zero
A-terror-01,terror,fear,fear,false,18,m,zero
A-terror-02,terror,shock,fear,true,18,m,zero
A-terror-03,terror,fear,fear,false,18,m,zero
A-terror-04,terror,relief,fear,true,18,m,zero
A-terror-05,terror,fear,fear,false,18,m,zero
A-terror-06,terror,fear,fear,false,18,m,zero
A-terror-07,terror,fear,fear,false,18,m,zero
A-terror-08,terror,fear,fear,false,18,m,zero
A-terror-09,terror,anxiety,anxiety,false,18,m,zero
A-terror-10,terror,fear,fear,false,18,m,zero
A-vigilance-01,vigilance,fear,fear,false,18,m,zero
A-vigilance-02,vigilance,anxiety,anxiety,false,18,m,zero
A-vigilance-03,vigilance,anxiety,anxiety,false,18,m,zero
A-vigilance-04,vigilance,anxiety,anxiety,false,18,m,zero
A-vigilance-05,vigilance,anxiety,anxiety,false,18,m,zero
A-vigilance-06,vigilance,anxiety,anxiety,false,18,m,zero
A-vigilance-07,vigilance,anxiety,anxiety,false,18,m,zero
A-vigilance-08,vigilance,anxiety,anxiety,false,18,m,zero
A-vigilance-09,vigilance,anxiety,anxiety,false,18,m,zero
A-vigilance-10,vigilance,anxiety,anxiety,false,18,m,zero
A-admiration-01,admiration,surprise,relief,true,19,m,zero
A-admiration-02,admiration,relief,relief,false,19,m,zero
A-admiration-03,admiration,relief,relief,false,19,m,zero
A-admiration-04,admiration,gratitude,relief,true,19,m,zero
A-admiration-05,admiration,relief,relief,false,19,m,zero
A-admiration-06,admiration,relief,relief,false,19,m,zero
A-admiration-07,admiration,relief,relief,false,19,m,zero
A-admiration-08,admiration,trust,trust,false,19,m,zero
A-admiration-09,admiration,shock,shock,false,19,m,zero
A-admiration-10,admiration,relief,relief,false,19,m,zero
A-amazement-01,amazement,gratitude,gratitude,false,19,m,zero
A-amazement-02,amazement,surprise,happiness,true,19,m,zero
A-amazement-03,amazement,surprise,surprise,false,19,m,zero
A-amazement-04,amazement,surprise,shock,true,19,m,zero
A-amazement-05,amazement,surprise,embarrassment,true,19,m,zero
A-amazement-06,amazement,surprise,anxiety,true,19,m,zero
A-amazement-07,amazement,surprise,surprise,false,19,m,zero
A-amazement-08,amazement,happiness,excitement,true,19,m,zero
A-amazement-09,amazement,surprise,surprise,false,19,m,zero
A-amazement-10,amazement,relief,relief,false,19,m,zero
A-ecstasy-01,ecstasy,relief,relief,false,19,m,zero
A-ecstasy-02,ecstasy,relief,relief,false,19,m,zero
A-ecstasy-03,ecstasy,relief,relief,false,19,m,zero
A-ecstasy-04,ecstasy,joy,joy,false,19,m,zero
A-ecstasy-05,ecstasy,joy,joy,false,19,m,zero
A-ecstasy-06,ecstasy,joy,joy,false,19,m,zero
A-ecstasy-07,ecstasy,joy,joy,false,19,m,zero
A-ecstasy-08,ecstasy,happiness,happiness,false,19,m,zero
A-ecstasy-09,ecstasy,wonder,delight,true,19,m,zero
A-ecstasy-10,ecstasy,joy,joy,false,19,m,zero
A-grief-01,grief,shame,shame,false,19,m,zero
A-grief-02,grief,anger,sadness,true,19,m,zero
A-grief-03,grief,grief,grief,false,19,m,zero
A-grief-04,grief,sadness,sadness,false,19,m,zero
A-grief-05,grief,sadness,sadness,false,19,m,zero
A-grief-06,grief,concern,concern,false,19,m,zero
A-grief-07,grief,grief,grief,false,19,m,zero
A-grief-08,grief,sadness,sadness,false,19,m,zero
A-grief-09,grief,sadness,sadness,false,19,m,zero
A-grief-10,grief,longing,longing,false,19,m,zero
A-loathing-01,loathing,disgust,disgust,false,19,m,zero
A-loathing-02,loathing,disappointment,frustration,true,19,m,zero
A-loathing-03,loathing,anger,anger,false,19,m,zero
A-loathing-04,loathing,disgust,disgust,false,19,m,zero
A-loathing-05,loathing,disgust,disgust,false,19,m,zero
A-loathing-06,loathing,disgust,disgust,false,19,m,zero
A-loathing-07,loathing,anger,anger,false,19,m,zero
A-loathing-08,loathing,disgust,disgust,false,19,m,zero
A-loathing-09,loathing,disgust,disgust,false,19,m,zero
A-loathing-10,loathing,frustration,frustration,false,19,m,zero
A-rage-01,rage,anger,anger,false,19,m,zero
A-rage-02,rage,anger,anger,false,19,m,zero
A-rage-03,rage,anger,anger,false,19,m,zero
A-rage-04,rage,anger,anger,false,19,m,zero
A-rage-05,rage,anger,anger,false,19,m,zero
A-rage-06,rage,anger,anger,false,19,m,zero
A-rage-07,rage,anger,anger,false,19,m,zero
A-rage-08,rage,anger,anger,false,19,m,zero
A-rage-09,rage,frustration,frustration,false,19,m,zero
A-rage-10,rage,anger,frustration,true,19,m,zero
A-terror-01,terror,fear,fear,false,19,m,zero
A-terror-02,terror,shock,shock,false,19,m,zero
A-terror-03,terror,fear,fear,false,19,m,zero
A-terror-04,terror,relief,relief,false,19,m,zero
A-terror-05,terror,fear,fear,false,19,m,zero
A-terror-06,terror,fear,fear,false,19,m,zero
A-terror-07,terror,fear,fear,false,19,m,zero
A-terror-08,terror,fear,fear,false,19,m,zero
A-terror-09,terror,anxiety,anxiety,false,19,m,zero
A-terror-10,terror,fear,fear,false,19,m,zero
A-vigilance-01,vigilance,fear,fear,false,19,m,zero
A-vigilance-02,vigilance,anxiety,anxiety,false,19,m,zero
A-vigilance-03,vigilance,anxiety,anxiety,false,19,m,zero
A-vigilance-04,vigilance,anxiety,anxiety,false,19,m,zero
A-vigilance-05,vigilance,anxiety,anxiety,false,19,m,zero
A-vigilance-06,vigilance,anxiety,anxiety,false,19,m,zero
A-vigilance-07,vigilance,anxiety,anxiety,false,19,m,zero
A-vigilance-08,vigilance,anxiety,anxiety,false,19,m,zero
A-vigilance-09,vigilance,anxiety,anxiety,false,19,m,zero
A-vigilance-10,vigilance,anxiety,anxiety,false,19,m,zero
A-admiration-01,admiration,surprise,relief,true,20,m,zero
A-admiration-02,admiration,relief,relief,false,20,m,zero
A-admiration-03,admiration,relief,relief,false,20,m,zero
A-admiration-04,admiration,gratitude,gratitude,false,20,m,zero
A-admiration-05,admiration,relief,relief,false,20,m,zero
A-admiration-06,admiration,relief,relief,false,20,m,zero
A-admiration-07,admiration,relief,relief,false,20,m,zero
A-admiration-08,admiration,trust,trust,false,20,m,zero
A-admiration-09,admiration,shock,shock,false,20,m,zero
A-admiration-10,admiration,relief,relief,false,20,m,zero
A-amazement-01,amazement,gratitude,gratitude,false,20,m,zero
A-amazement-02,amazement,surprise,surprise,false,20,m,zero
A-amazement-03,amazement,surprise,surprise,false,20,m,zero
A-amazement-04,amazement,surprise,surprise,false,20,m,zero
A-amazement-05,amazement,surprise,surprise,false,20,m,zero
A-amazement-06,amazement,surprise,surprise,false,20,m,zero
A-amazement-07,amazement,surprise,surprise,false,20,m,zero
A-amazement-08,amazement,happiness,excitement,true,20,m,zero
A-amazement-09,amazement,surprise,surprise,false,20,m,zero
A-amazement-10,amazement,relief,relief,false,20,m,zero
A-ecstasy-01,ecstasy,relief,relief,false,20,m,zero
A-ecstasy-02,ecstasy,relief,relief,false,20,m,zero
A-ecstasy-03,ecstasy,relief,relief,false,20,m,zero
A-ecstasy-04,ecstasy,joy,joy,false,20,m,zero
A-ecstasy-05,ecstasy,joy,joy,false,20,m,zero
A-ecstasy-06,ecstasy,joy,joy,false,20,m,zero
A-ecstasy-07,ecstasy,joy,joy,false,20,m,zero
A-ecstasy-08,ecstasy,happiness,joy,true,20,m,zero
A-ecstasy-09,ecstasy,wonder,wonder,false,20,m,zero
A-ecstasy-10,ecstasy,joy,joy,false,20,m,zero
A-grief-01,grief,shame,despair,true,20,m,zero
A-grief-02,grief,anger,anger,false,20,m,zero
A-grief-03,grief,grief,sadness,true,20,m,zero
A-grief-04,grief,sadness,sadness,false,20,m,zero
A-grief-05,grief,sadness,sadness,false,20,m,zero
A-grief-06,grief,concern,concern,false,20,m,zero
A-grief-07,grief,grief,sadness,true,20,m,zero
A-grief-08,grief,sadness,sadness,false,20,m,zero
A-grief-09,grief,sadness,sadness,false,20,m,zero
A-grief-10,grief,longing,disappointment,true,20,m,zero
A-loathing-01,loathing,disgust,disgust,false,20,m,zero
A-loathing-02,loathing,disappointment,frustration,true,20,m,zero
A-loathing-03,loathing,anger,anger,false,20,m,zero
A-loathing-04,loathing,disgust,disgust,false,20,m,zero
A-loathing-05,loathing,disgust,disgust,false,20,m,zero
A-loathing-06,loathing,disgust,disgust,false,20,m,zero
A-loathing-07,loathing,anger,anger,false,20,m,zero
A-loathing-08,loathing,disgust,disgust,false,20,m,zero
A-loathing-09,loathing,disgust,disgust,false,20,m,zero
A-loathing-10,loathing,frustration,frustration,false,20,m,zero
A-rage-01,rage,anger,anger,false,20,m,zero
A-rage-02,rage,anger,anger,false,20,m,zero
A-rage-03,rage,anger,anger,false,20,m,zero
A-rage-04,rage,anger,anger,false,20,m,zero
A-rage-05,rage,anger,anger,false,20,m,zero
A-rage-06,rage,anger,anger,false,20,m,zero
A-rage-07,rage,anger,anger,false,20,m,zero
A-rage-08,rage,anger,anger,false,20,m,zero
A-rage-09,rage,frustration,anger,true,20,m,zero
A-rage-10,rage,anger,frustration,true,20,m,zero
A-terror-01,terror,fear,fear,false,20,m,zero
A-terror-02,terror,shock,shock,false,20,m,zero
A-terror-03,terror,fear,fear,false,20,m,zero
A-terror-04,terror,relief,relief,false,20,m,zero
A-terror-05,terror,fear,fear,false,20,m,zero
A-terror-06,terror,fear,fear,false,20,m,zero
A-terror-07,terror,fear,fear,false,20,m,zero
A-terror-08,terror,fear,fear,false,20,m,zero
A-terror-09,terror,anxiety,anxiety,false,20,m,zero
A-terror-10,terror,fear,fear,false,20,m,zero
A-vigilance-01,vigilance,fear,anxiety,true,20,m,zero
A-vigilance-02,vigilance,anxiety,anxiety,false,20,m,zero
A-vigilance-03,vigilance,anxiety,anxiety,false,20,m,zero
A-vigilance-04,vigilance,anxiety,anxiety,false,20,m,zero
A-vigilance-05,vigilance,anxiety,anxiety,false,20,m,zero
A-vigilance-06,vigilance,anxiety,anxiety,false,20,m,zero
A-vigilance-07,vigilance,anxiety,anxiety,false,20,m,zero
A-vigilance-08,vigilance,anxiety,anxiety,false,20,m,zero
A-vigilance-09,vigilance,anxiety,anxiety,false,20,m,zero
A-vigilance-10,vigilance,anxiety,anxiety,false,20,m,zero
A-admiration-01,admiration,surprise,surprise,false,21,m,zero
A-admiration-02,admiration,relief,relief,false,21,m,zero
A-admiration-03,admiration,relief,relief,false,21,m,zero
A-admiration-04,admiration,gratitude,gratitude,false,21,m,zero
A-admiration-05,admiration,relief,relief,false,21,m,zero
A-admiration-06,admiration,relief,relief,false,21,m,zero
A-admiration-07,admiration,relief,relief,false,21,m,zero
A-admiration-08,admiration,trust,trust,false,21,m,zero
A-admiration-09,admiration,shock,shock,false,21,m,zero
A-admiration-10,admiration,relief,relief,false,21,m,zero
A-amazement-01,amazement,gratitude,gratitude,false,21,m,zero
A-amazement-02,amazement,surprise,happiness,true,21,m,zero
A-amazement-03,amazement,surprise,surprise,false,21,m,zero
A-amazement-04,amazement,surprise,shock,true,21,m,zero
A-amazement-05,amazement,surprise,shock,true,21,m,zero
A-amazement-06,amazement,surprise,shock,true,21,m,zero
A-amazement-07,amazement,surprise,surprise,false,21,m,zero
A-amazement-08,amazement,happiness,happiness,false,21,m,zero
A-amazement-09,amazement,surprise,surprise,false,21,m,zero
A-amazement-10,amazement,relief,relief,false,21,m,zero
A-ecstasy-01,ecstasy,relief,relief,false,21,m,zero
A-ecstasy-02,ecstasy,relief,relief,false,21,m,zero
A-ecstasy-03,ecstasy,relief,relief,false,21,m,zero
A-ecstasy-04,ecstasy,joy,joy,false,21,m,zero
A-ecstasy-05,ecstasy,joy,joy,false,21,m,zero
A-ecstasy-06,ecstasy,joy,joy,false,21,m,zero
A-ecstasy-07,ecstasy,joy,joy,false,21,m,zero
A-ecstasy-08,ecstasy,happiness,happiness,false,21,m,zero
A-ecstasy-09,ecstasy,wonder,wonder,false,21,m,zero
A-ecstasy-10,ecstasy,joy,happiness,true,21,m,zero
A-grief-01,grief,shame,shame,false,21,m,zero
A-grief-02,grief,anger,sadness,true,21,m,zero
A-grief-03,grief,grief,grief,false,21,m,zero
A-grief-04,grief,sadness,sadness,false,21,m,zero
A-grief-05,grief,sadness,grief,true,21,m,zero
A-grief-06,grief,concern,concern,false,21,m,zero
A-grief-07,grief,grief,grief,false,21,m,zero
A-grief-08,grief,sadness,sadness,false,21,m,zero
A-grief-09,grief,sadness,sadness,false,21,m,zero
A-grief-10,grief,longing,disappointment,true,21,m,zero
A-loathing-01,loathing,disgust,disgust,false,21,m,zero
A-loathing-02,loathing,disappointment,disappointment,false,21,m,zero
A-loathing-03,loathing,anger,anger,false,21,m,zero
A-loathing-04,loathing,disgust,disgust,false,21,m,zero
A-loathing-05,loathing,disgust,disgust,false,21,m,zero
A-loathing-06,loathing,disgust,disgust,false,21,m,zero
A-loathing-07,loathing,anger,disgust,true,21,m,zero
A-loathing-08,loathing,disgust,disgust,false,21,m,zero
A-loathing-09,loathing,disgust,disgust,false,21,m,zero
A-loathing-10,loathing,frustration,disgust,true,21,m,zero
A-rage-01,rage,anger,anger,false,21,m,zero
A-rage-02,rage,anger,anger,false,21,m,zero
A-rage-03,rage,anger,anger,false,21,m,zero
A-rage-04,rage,anger,anger,false,21,m,zero
A-rage-05,rage,anger,anger,false,21,m,zero
A-rage-06,rage,anger,anger,false,21,m,zero
A-rage-07,rage,anger,anger,false,21,m,zero
A-rage-08,rage,anger,anger,false,21,m,zero
A-rage-09,rage,frustration,frustration,false,21,m,zero
A-rage-10,rage,anger,anger,false,21,m,zero
A-terror-01,terror,fear,fear,false,21,m,zero
A-terror-02,terror,shock,shock,false,21,m,zero
A-terror-03,terror,fear,fear,false,21,m,zero
A-terror-04,terror,relief,relief,false,21,m,zero
A-terror-05,terror,fear,fear,false,21,m,zero
A-terror-06,terror,fear,fear,false,21,m,zero
A-terror-07,terror,fear,fear,false,21,m,zero
A-terror-08,terror,fear,fear,false,21,m,zero
A-terror-09,terror,anxiety,anxiety,false,21,m,zero
A-terror-10,terror,fear,fear,false,21,m,zero
A-vigilance-01,vigilance,fear,fear,false,21,m,zero
A-vigilance-02,vigilance,anxiety,anxiety,false,21,m,zero
A-vigilance-03,vigilance,anxiety,anxiety,false,21,m,zero
A-vigilance-04,vigilance,anxiety,anxiety,false,21,m,zero
A-vigilance-05,vigilance,anxiety,anxiety,false,21,m,zero
A-vigilance-06,vigilance,anxiety,anxiety,false,21,m,zero
A-vigilance-07,vigilance,anxiety,anxiety,false,21,m,zero
A-vigilance-08,vigilance,anxiety,anxiety,false,21,m,zero
A-vigilance-09,vigilance,anxiety,anxiety,false,21,m,zero
A-vigilance-10,vigilance,anxiety,anxiety,false,21,m,zero
A-admiration-01,admiration,surprise,relief,true,22,m,zero
A-admiration-02,admiration,relief,relief,false,22,m,zero
A-admiration-03,admiration,relief,relief,false,22,m,zero
A-admiration-04,admiration,gratitude,gratitude,false,22,m,zero
A-admiration-05,admiration,relief,relief,false,22,m,zero
A-admiration-06,admiration,relief,relief,false,22,m,zero
A-admiration-07,admiration,relief,relief,false,22,m,zero
A-admiration-08,admiration,trust,trust,false,22,m,zero
A-admiration-09,admiration,shock,shock,false,22,m,zero
A-admiration-10,admiration,relief,relief,false,22,m,zero
A-amazement-01,amazement,gratitude,gratitude,false,22,m,zero
A-amazement-02,amazement,surprise,surprise,false,22,m,zero
A-amazement-03,amazement,surprise,surprise,false,22,m,zero
A-amazement-04,amazement,surprise,surprise,false,22,m,zero
A-amazement-05,amazement,surprise,surprise,false,22,m,zero
A-amazement-06,amazement,surprise,surprise,false,22,m,zero
A-amazement-07,amazement,surprise,surprise,false,22,m,zero
A-amazement-08,amazement,happiness,surprise,true,22,m,zero
A-amazement-09,amazement,surprise,surprise,false,22,m,zero
A-amazement-10,amazement,relief,relief,false,22,m,zero
A-ecstasy-01,ecstasy,relief,relief,false,22,m,zero
A-ecstasy-02,ecstasy,relief,relief,false,22,m,zero
A-ecstasy-03,ecstasy,relief,relief,false,22,m,zero
A-ecstasy-04,ecstasy,joy,joy,false,22,m,zero
A-ecstasy-05,ecstasy,joy,joy,false,22,m,zero
A-ecstasy-06,ecstasy,joy,joy,false,22,m,zero
A-ecstasy-07,ecstasy,joy,joy,false,22,m,zero
A-ecstasy-08,ecstasy,happiness,happiness,false,22,m,zero
A-ecstasy-09,ecstasy,wonder,wonder,false,22,m,zero
A-ecstasy-10,ecstasy,joy,joy,false,22,m,zero
A-grief-01,grief,shame,shame,false,22,m,zero
A-grief-02,grief,anger,anger,false,22,m,zero
A-grief-03,grief,grief,grief,false,22,m,zero
A-grief-04,grief,sadness,sadness,false,22,m,zero
A-grief-05,grief,sadness,sadness,false,22,m,zero
A-grief-06,grief,concern,empathy,true,22,m,zero
A-grief-07,grief,grief,sadness,true,22,m,zero
A-grief-08,grief,sadness,sadness,false,22,m,zero
A-grief-09,grief,sadness,sadness,false,22,m,zero
A-grief-10,grief,longing,disappointment,true,22,m,zero
A-loathing-01,loathing,disgust,disgust,false,22,m,zero
A-loathing-02,loathing,disappointment,disappointment,false,22,m,zero
A-loathing-03,loathing,anger,anger,false,22,m,zero
A-loathing-04,loathing,disgust,disgust,false,22,m,zero
A-loathing-05,loathing,disgust,disgust,false,22,m,zero
A-loathing-06,loathing,disgust,disgust,false,22,m,zero
A-loathing-07,loathing,anger,anger,false,22,m,zero
A-loathing-08,loathing,disgust,disgust,false,22,m,zero
A-loathing-09,loathing,disgust,disgust,false,22,m,zero
A-loathing-10,loathing,frustration,frustration,false,22,m,zero
A-rage-01,rage,anger,anger,false,22,m,zero
A-rage-02,rage,anger,anger,false,22,m,zero
A-rage-03,rage,anger,anger,false,22,m,zero
A-rage-04,rage,anger,anger,false,22,m,zero
A-rage-05,rage,anger,anger,false,22,m,zero
A-rage-06,rage,anger,anger,false,22,m,zero
A-rage-07,rage,anger,anger,false,22,m,zero
A-rage-08,rage,anger,anger,false,22,m,zero
A-rage-09,rage,frustration,anger,true,22,m,zero
A-rage-10,rage,anger,anger,false,22,m,zero
A-terror-01,terror,fear,fear,false,22,m,zero
A-terror-02,terror,shock,shock,false,22,m,zero
A-terror-03,terror,fear,fear,false,22,m,zero
A-terror-04,terror,relief,relief,false,22,m,zero
A-terror-05,terror,fear,fear,false,22,m,zero
A-terror-06,terror,fear,fear,false,22,m,zero
A-terror-07,terror,fear,fear,false,22,m,zero
A-terror-08,terror,fear,fear,false,22,m,zero
A-terror-09,terror,anxiety,anxiety,false,22,m,zero
A-terror-10,terror,fear,fear,false,22,m,zero
A-vigilance-01,vigilance,fear,fear,false,22,m,zero
A-vigilance-02,vigilance,anxiety,anxiety,false,22,m,zero
A-vigilance-03,vigilance,anxiety,anxiety,false,22,m,zero
A-vigilance-04,vigilance,anxiety,anxiety,false,22,m,zero
A-vigilance-05,vigilance,anxiety,anxiety,false,22,m,zero
A-vigilance-06,vigilance,anxiety,anxiety,false,22,m,zero
A-vigilance-07,vigilance,anxiety,anxiety,false,22,m,zero
A-vigilance-08,vigilance,anxiety,anxiety,false,22,m,zero
A-vigilance-09,vigilance,anxiety,anxiety,false,22,m,zero
A-vigilance-10,vigilance,anxiety,anxiety,false,22,m,zero
A-admiration-01,admiration,surprise,relief,true,23,m,zero
A-admiration-02,admiration,relief,relief,false,23,m,zero
A-admiration-03,admiration,relief,relief,false,23,m,zero
A-admiration-04,admiration,gratitude,relief,true,23,m,zero
A-admiration-05,admiration,relief,relief,false,23,m,zero
A-admiration-06,admiration,relief,relief,false,23,m,zero
A-admiration-07,admiration,relief,relief,false,23,m,zero
A-admiration-08,admiration,trust,trust,false,23,m,zero
A-admiration-09,admiration,shock,shock,false,23,m,zero
A-admiration-10,admiration,relief,relief,false,23,m,zero
A-amazement-01,amazement,gratitude,gratitude,false,23,m,zero
A-amazement-02,amazement,surprise,surprise,false,23,m,zero
A-amazement-03,amazement,surprise,surprise,false,23,m,zero
A-amazement-04,amazement,surprise,surprise,false,23,m,zero
A-amazement-05,amazement,surprise,shock,true,23,m,zero
A-amazement-06,amazement,surprise,anxiety,true,23,m,zero
A-amazement-07,amazement,surprise,surprise,false,23,m,zero
A-amazement-08,amazement,happiness,happiness,false,23,m,zero
A-amazement-09,amazement,surprise,surprise,false,23,m,zero
A-amazement-10,amazement,relief,relief,false,23,m,zero
A-ecstasy-01,ecstasy,relief,relief,false,23,m,zero
A-ecstasy-02,ecstasy,relief,relief,false,23,m,zero
A-ecstasy-03,ecstasy,relief,relief,false,23,m,zero
A-ecstasy-04,ecstasy,joy,joy,false,23,m,zero
A-ecstasy-05,ecstasy,joy,joy,false,23,m,zero
A-ecstasy-06,ecstasy,joy,joy,false,23,m,zero
A-ecstasy-07,ecstasy,joy,joy,false,23,m,zero
A-ecstasy-08,ecstasy,happiness,happiness,false,23,m,zero
A-ecstasy-09,ecstasy,wonder,wonder,false,23,m,zero
A-ecstasy-10,ecstasy,joy,joy,false,23,m,zero
A-grief-01,grief,shame,shame,false,23,m,zero
A-grief-02,grief,anger,sadness,true,23,m,zero
A-grief-03,grief,grief,grief,false,23,m,zero
A-grief-04,grief,sadness,sadness,false,23,m,zero
A-grief-05,grief,sadness,sadness,false,23,m,zero
A-grief-06,grief,concern,sadness,true,23,m,zero
A-grief-07,grief,grief,grief,false,23,m,zero
A-grief-08,grief,sadness,sadness,false,23,m,zero
A-grief-09,grief,sadness,sadness,false,23,m,zero
A-grief-10,grief,longing,longing,false,23,m,zero
A-loathing-01,loathing,disgust,disgust,false,23,m,zero
A-loathing-02,loathing,disappointment,frustration,true,23,m,zero
A-loathing-03,loathing,anger,anger,false,23,m,zero
A-loathing-04,loathing,disgust,disgust,false,23,m,zero
A-loathing-05,loathing,disgust,disgust,false,23,m,zero
A-loathing-06,loathing,disgust,disgust,false,23,m,zero
A-loathing-07,loathing,anger,anger,false,23,m,zero
A-loathing-08,loathing,disgust,disgust,false,23,m,zero
A-loathing-09,loathing,disgust,disgust,false,23,m,zero
A-loathing-10,loathing,frustration,frustration,false,23,m,zero
A-rage-01,rage,anger,anger,false,23,m,zero
A-rage-02,rage,anger,anger,false,23,m,zero
A-rage-03,rage,anger,anger,false,23,m,zero
A-rage-04,rage,anger,anger,false,23,m,zero
A-rage-05,rage,anger,anger,false,23,m,zero
A-rage-06,rage,anger,anger,false,23,m,zero
A-rage-07,rage,anger,anger,false,23,m,zero
A-rage-08,rage,anger,anger,false,23,m,zero
A-rage-09,rage,frustration,frustration,false,23,m,zero
A-rage-10,rage,anger,anger,false,23,m,zero
A-terror-01,terror,fear,fear,false,23,m,zero
A-terror-02,terror,shock,shock,false,23,m,zero
A-terror-03,terror,fear,fear,false,23,m,zero
A-terror-04,terror,relief,relief,false,23,m,zero
A-terror-05,terror,fear,fear,false,23,m,zero
A-terror-06,terror,fear,fear,false,23,m,zero
A-terror-07,terror,fear,fear,false,23,m,zero
A-terror-08,terror,fear,fear,false,23,m,zero
A-terror-09,terror,anxiety,anxiety,false,23,m,zero
A-terror-10,terror,fear,fear,false,23,m,zero
A-vigilance-01,vigilance,fear,fear,false,23,m,zero
A-vigilance-02,vigilance,anxiety,anxiety,false,23,m,zero
A-vigilance-03,vigilance,anxiety,anxiety,false,23,m,zero
A-vigilance-04,vigilance,anxiety,anxiety,false,23,m,zero
A-vigilance-05,vigilance,anxiety,anxiety,false,23,m,zero
A-vigilance-06,vigilance,anxiety,anxiety,false,23,m,zero
A-vigilance-07,vigilance,anxiety,anxiety,false,23,m,zero
A-vigilance-08,vigilance,anxiety,anxiety,false,23,m,zero
A-vigilance-09,vigilance,anxiety,anxiety,false,23,m,zero
A-vigilance-10,vigilance,anxiety,anxiety,false,23,m,zero
A-admiration-01,admiration,surprise,happiness,true,24,m,zero
A-admiration-02,admiration,relief,relief,false,24,m,zero
A-admiration-03,admiration,relief,relief,false,24,m,zero
A-admiration-04,admiration,gratitude,gratitude,false,24,m,zero
A-admiration-05,admiration,relief,relief,false,24,m,zero
A-admiration-06,admiration,relief,relief,false,24,m,zero
A-admiration-07,admiration,relief,relief,false,24,m,zero
A-admiration-08,admiration,trust,trust,false,24,m,zero
A-admiration-09,admiration,shock,shock,false,24,m,zero
A-admiration-10,admiration,relief,relief,false,24,m,zero
A-amazement-01,amazement,gratitude,gratitude,false,24,m,zero
A-amazement-02,amazement,surprise,happiness,true,24,m,zero
A-amazement-03,amazement,surprise,surprise,false,24,m,zero
A-amazement-04,amazement,surprise,surprise,false,24,m,zero
A-amazement-05,amazement,surprise,surprise,false,24,m,zero
A-amazement-06,amazement,surprise,surprise,false,24,m,zero
A-amazement-07,amazement,surprise,surprise,false,24,m,zero
A-amazement-08,amazement,happiness,happiness,false,24,m,zero
A-amazement-09,amazement,surprise,surprise,false,24,m,zero
A-amazement-10,amazement,relief,relief,false,24,m,zero
A-ecstasy-01,ecstasy,relief,relief,false,24,m,zero
A-ecstasy-02,ecstasy,relief,relief,false,24,m,zero
A-ecstasy-03,ecstasy,relief,relief,false,24,m,zero
A-ecstasy-04,ecstasy,joy,joy,false,24,m,zero
A-ecstasy-05,ecstasy,joy,joy,false,24,m,zero
A-ecstasy-06,ecstasy,joy,joy,false,24,m,zero
A-ecstasy-07,ecstasy,joy,joy,false,24,m,zero
A-ecstasy-08,ecstasy,happiness,happiness,false,24,m,zero
A-ecstasy-09,ecstasy,wonder,am,true,24,m,zero
A-ecstasy-10,ecstasy,joy,joy,false,24,m,zero
A-grief-01,grief,shame,shame,false,24,m,zero
A-grief-02,grief,anger,anger,false,24,m,zero
A-grief-03,grief,grief,grief,false,24,m,zero
A-grief-04,grief,sadness,sadness,false,24,m,zero
A-grief-05,grief,sadness,sadness,false,24,m,zero
A-grief-06,grief,concern,concern,false,24,m,zero
A-grief-07,grief,grief,grief,false,24,m,zero
A-grief-08,grief,sadness,sadness,false,24,m,zero
A-grief-09,grief,sadness,sadness,false,24,m,zero
A-grief-10,grief,longing,disappointment,true,24,m,zero
A-loathing-01,loathing,disgust,disgust,false,24,m,zero
A-loathing-02,loathing,disappointment,disappointment,false,24,m,zero
A-loathing-03,loathing,anger,anger,false,24,m,zero
A-loathing-04,loathing,disgust,disgust,false,24,m,zero
A-loathing-05,loathing,disgust,disgust,false,24,m,zero
A-loathing-06,loathing,disgust,disgust,false,24,m,zero
A-loathing-07,loathing,anger,anger,false,24,m,zero
A-loathing-08,loathing,disgust,disgust,false,24,m,zero
A-loathing-09,loathing,disgust,disgust,false,24,m,zero
A-loathing-10,loathing,frustration,disgust,true,24,m,zero
A-rage-01,rage,anger,anger,false,24,m,zero
A-rage-02,rage,anger,anger,false,24,m,zero
A-rage-03,rage,anger,anger,false,24,m,zero
A-rage-04,rage,anger,anger,false,24,m,zero
A-rage-05,rage,anger,anger,false,24,m,zero
A-rage-06,rage,anger,anger,false,24,m,zero
A-rage-07,rage,anger,anger,false,24,m,zero
A-rage-08,rage,anger,anger,false,24,m,zero
A-rage-09,rage,frustration,anger,true,24,m,zero
A-rage-10,rage,anger,anger,false,24,m,zero
A-terror-01,terror,fear,fear,false,24,m,zero
A-terror-02,terror,shock,shock,false,24,m,zero
A-terror-03,terror,fear,fear,false,24,m,zero
A-terror-04,terror,relief,relief,false,24,m,zero
A-terror-05,terror,fear,fear,false,24,m,zero
A-terror-06,terror,fear,fear,false,24,m,zero
A-terror-07,terror,fear,fear,false,24,m,zero
A-terror-08,terror,fear,fear,false,24,m,zero
A-terror-09,terror,anxiety,anxiety,false,24,m,zero
A-terror-10,terror,fear,fear,false,24,m,zero
A-vigilance-01,vigilance,fear,fear,false,24,m,zero
A-vigilance-02,vigilance,anxiety,anxiety,false,24,m,zero
A-vigilance-03,vigilance,anxiety,anxiety,false,24,m,zero
A-vigilance-04,vigilance,anxiety,anxiety,false,24,m,zero
A-vigilance-05,vigilance,anxiety,anxiety,false,24,m,zero
A-vigilance-06,vigilance,anxiety,anxiety,false,24,m,zero
A-vigilance-07,vigilance,anxiety,anxiety,false,24,m,zero
A-vigilance-08,vigilance,anxiety,anxiety,false,24,m,zero
A-vigilance-09,vigilance,anxiety,anxiety,false,24,m,zero
A-vigilance-10,vigilance,anxiety,anxiety,false,24,m,zero
A-admiration-01,admiration,surprise,surprise,false,25,m,zero
A-admiration-02,admiration,relief,relief,false,25,m,zero
A-admiration-03,admiration,relief,relief,false,25,m,zero
A-admiration-04,admiration,gratitude,gratitude,false,25,m,zero
A-admiration-05,admiration,relief,relief,false,25,m,zero
A-admiration-06,admiration,relief,relief,false,25,m,zero
A-admiration-07,admiration,relief,relief,false,25,m,zero
A-admiration-08,admiration,trust,trust,false,25,m,zero
A-admiration-09,admiration,shock,shock,false,25,m,zero
A-admiration-10,admiration,relief,relief,false,25,m,zero
A-amazement-01,amazement,gratitude,gratitude,false,25,m,zero
A-amazement-02,amazement,surprise,delight,true,25,m,zero
A-amazement-03,amazement,surprise,surprise,false,25,m,zero
A-amazement-04,amazement,surprise,shock,true,25,m,zero
A-amazement-05,amazement,surprise,shock,true,25,m,zero
A-amazement-06,amazement,surprise,shock,true,25,m,zero
A-amazement-07,amazement,surprise,surprise,false,25,m,zero
A-amazement-08,amazement,happiness,excitement,true,25,m,zero
A-amazement-09,amazement,surprise,surprise,false,25,m,zero
A-amazement-10,amazement,relief,relief,false,25,m,zero
A-ecstasy-01,ecstasy,relief,relief,false,25,m,zero
A-ecstasy-02,ecstasy,relief,relief,false,25,m,zero
A-ecstasy-03,ecstasy,relief,relief,false,25,m,zero
A-ecstasy-04,ecstasy,joy,joy,false,25,m,zero
A-ecstasy-05,ecstasy,joy,joy,false,25,m,zero
A-ecstasy-06,ecstasy,joy,joy,false,25,m,zero
A-ecstasy-07,ecstasy,joy,joy,false,25,m,zero
A-ecstasy-08,ecstasy,happiness,joy,true,25,m,zero
A-ecstasy-09,ecstasy,wonder,delight,true,25,m,zero
A-ecstasy-10,ecstasy,joy,joy,false,25,m,zero
A-grief-01,grief,shame,shame,false,25,m,zero
A-grief-02,grief,anger,anger,false,25,m,zero
A-grief-03,grief,grief,grief,false,25,m,zero
A-grief-04,grief,sadness,sadness,false,25,m,zero
A-grief-05,grief,sadness,grief,true,25,m,zero
A-grief-06,grief,concern,sadness,true,25,m,zero
A-grief-07,grief,grief,grief,false,25,m,zero
A-grief-08,grief,sadness,sadness,false,25,m,zero
A-grief-09,grief,sadness,sadness,false,25,m,zero
A-grief-10,grief,longing,disappointment,true,25,m,zero
A-loathing-01,loathing,disgust,disgust,false,25,m,zero
A-loathing-02,loathing,disappointment,disappointment,false,25,m,zero
A-loathing-03,loathing,anger,anger,false,25,m,zero
A-loathing-04,loathing,disgust,disgust,false,25,m,zero
A-loathing-05,loathing,disgust,disgust,false,25,m,zero
A-loathing-06,loathing,disgust,disgust,false,25,m,zero
A-loathing-07,loathing,anger,anger,false,25,m,zero
A-loathing-08,loathing,disgust,disgust,false,25,m,zero
A-loathing-09,loathing,disgust,disgust,false,25,m,zero
A-loathing-10,loathing,frustration,frustration,false,25,m,zero
A-rage-01,rage,anger,anger,false,25,m,zero
A-rage-02,rage,anger,anger,false,25,m,zero
A-rage-03,rage,anger,anger,false,25,m,zero
A-rage-04,rage,anger,anger,false,25,m,zero
A-rage-05,rage,anger,anger,false,25,m,zero
A-rage-06,rage,anger,anger,false,25,m,zero
A-rage-07,rage,anger,anger,false,25,m,zero
A-rage-08,rage,anger,anger,false,25,m,zero
A-rage-09,rage,frustration,anger,true,25,m,zero
A-rage-10,rage,anger,anger,false,25,m,zero
A-terror-01,terror,fear,fear,false,25,m,zero
A-terror-02,terror,shock,shock,false,25,m,zero
A-terror-03,terror,fear,fear,false,25,m,zero
A-terror-04,terror,relief,relief,false,25,m,zero
A-terror-05,terror,fear,fear,false,25,m,zero
A-terror-06,terror,fear,fear,false,25,m,zero
A-terror-07,terror,fear,fear,false,25,m,zero
A-terror-08,terror,fear,fear,false,25,m,zero
A-terror-09,terror,anxiety,fear,true,25,m,zero
A-terror-10,terror,fear,fear,false,25,m,zero
A-vigilance-01,vigilance,fear,fear,false,25,m,zero
A-vigilance-02,vigilance,anxiety,anxiety,false,25,m,zero
A-vigilance-03,vigilance,anxiety,anxiety,false,25,m,zero
A-vigilance-04,vigilance,anxiety,anxiety,false,25,m,zero
A-vigilance-05,vigilance,anxiety,anxiety,false,25,m,zero
A-vigilance-06,vigilance,anxiety,anxiety,false,25,m,zero
A-vigilance-07,vigilance,anxiety,anxiety,false,25,m,zero
A-vigilance-08,vigilance,anxiety,anxiety,false,25,m,zero
A-vigilance-09,vigilance,anxiety,anxiety,false,25,m,zero
A-vigilance-10,vigilance,anxiety,anxiety,false,25,m,zero
A-admiration-01,admiration,surprise,relief,true,26,m,zero
A-admiration-02,admiration,relief,relief,false,26,m,zero
A-admiration-03,admiration,relief,relief,false,26,m,zero
A-admiration-04,admiration,gratitude,gratitude,false,26,m,zero
A-admiration-05,admiration,relief,relief,false,26,m,zero
A-admiration-06,admiration,relief,relief,false,26,m,zero
A-admiration-07,admiration,relief,relief,false,26,m,zero
A-admiration-08,admiration,trust,trust,false,26,m,zero
A-admiration-09,admiration,shock,shock,false,26,m,zero
A-admiration-10,admiration,relief,relief,false,26,m,zero
A-amazement-01,amazement,gratitude,gratitude,false,26,m,zero
A-amazement-02,amazement,surprise,delight,true,26,m,zero
A-amazement-03,amazement,surprise,surprise,false,26,m,zero
A-amazement-04,amazement,surprise,shock,true,26,m,zero
A-amazement-05,amazement,surprise,shock,true,26,m,zero
A-amazement-06,amazement,surprise,shock,true,26,m,zero
A-amazement-07,amazement,surprise,surprise,false,26,m,zero
A-amazement-08,amazement,happiness,happiness,false,26,m,zero
A-amazement-09,amazement,surprise,surprise,false,26,m,zero
A-amazement-10,amazement,relief,relief,false,26,m,zero
A-ecstasy-01,ecstasy,relief,relief,false,26,m,zero
A-ecstasy-02,ecstasy,relief,relief,false,26,m,zero
A-ecstasy-03,ecstasy,relief,gratitude,true,26,m,zero
A-ecstasy-04,ecstasy,joy,joy,false,26,m,zero
A-ecstasy-05,ecstasy,joy,joy,false,26,m,zero
A-ecstasy-06,ecstasy,joy,joy,false,26,m,zero
A-ecstasy-07,ecstasy,joy,joy,false,26,m,zero
A-ecstasy-08,ecstasy,happiness,happiness,false,26,m,zero
A-ecstasy-09,ecstasy,wonder,delight,true,26,m,zero
A-ecstasy-10,ecstasy,joy,joy,false,26,m,zero
A-grief-01,grief,shame,despair,true,26,m,zero
A-grief-02,grief,anger,anger,false,26,m,zero
A-grief-03,grief,grief,grief,false,26,m,zero
A-grief-04,grief,sadness,sadness,false,26,m,zero
A-grief-05,grief,sadness,grief,true,26,m,zero
A-grief-06,grief,concern,empathy,true,26,m,zero
A-grief-07,grief,grief,sadness,true,26,m,zero
A-grief-08,grief,sadness,sadness,false,26,m,zero
A-grief-09,grief,sadness,sadness,false,26,m,zero
A-grief-10,grief,longing,longing,false,26,m,zero
A-loathing-01,loathing,disgust,disgust,false,26,m,zero
A-loathing-02,loathing,disappointment,frustration,true,26,m,zero
A-loathing-03,loathing,anger,anger,false,26,m,zero
A-loathing-04,loathing,disgust,disgust,false,26,m,zero
A-loathing-05,loathing,disgust,disgust,false,26,m,zero
A-loathing-06,loathing,disgust,disgust,false,26,m,zero
A-loathing-07,loathing,anger,anger,false,26,m,zero
A-loathing-08,loathing,disgust,disgust,false,26,m,zero
A-loathing-09,loathing,disgust,disgust,false,26,m,zero
A-loathing-10,loathing,frustration,frustration,false,26,m,zero
A-rage-01,rage,anger,anger,false,26,m,zero
A-rage-02,rage,anger,anger,false,26,m,zero
A-rage-03,rage,anger,hurt,true,26,m,zero
A-rage-04,rage,anger,anger,false,26,m,zero
A-rage-05,rage,anger,anger,false,26,m,zero
A-rage-06,rage,anger,anger,false,26,m,zero
A-rage-07,rage,anger,anger,false,26,m,zero
A-rage-08,rage,anger,anger,false,26,m,zero
A-rage-09,rage,frustration,frustration,false,26,m,zero
A-rage-10,rage,anger,anger,false,26,m,zero
A-terror-01,terror,fear,fear,false,26,m,zero
A-terror-02,terror,shock,shock,false,26,m,zero
A-terror-03,terror,fear,fear,false,26,m,zero
A-terror-04,terror,relief,relief,false,26,m,zero
A-terror-05,terror,fear,fear,false,26,m,zero
A-terror-06,terror,fear,fear,false,26,m,zero
A-terror-07,terror,fear,fear,false,26,m,zero
A-terror-08,terror,fear,fear,false,26,m,zero
A-terror-09,terror,anxiety,anxiety,false,26,m,zero
A-terror-10,terror,fear,fear,false,26,m,zero
A-vigilance-01,vigilance,fear,fear,false,26,m,zero
A-vigilance-02,vigilance,anxiety,anxiety,false,26,m,zero
A-vigilance-03,vigilance,anxiety,anxiety,false,26,m,zero
A-vigilance-04,vigilance,anxiety,anxiety,false,26,m,zero
A-vigilance-05,vigilance,anxiety,anxiety,false,26,m,zero
A-vigilance-06,vigilance,anxiety,anxiety,false,26,m,zero
A-vigilance-07,vigilance,anxiety,anxiety,false,26,m,zero
A-vigilance-08,vigilance,anxiety,anxiety,false,26,m,zero
A-vigilance-09,vigilance,anxiety,anxiety,false,26,m,zero
A-vigilance-10,vigilance,anxiety,anxiety,false,26,m,zero
A-admiration-01,admiration,surprise,happiness,true,27,m,zero
A-admiration-02,admiration,relief,relief,false,27,m,zero
A-admiration-03,admiration,relief,gratitude,true,27,m,zero
A-admiration-04,admiration,gratitude,gratitude,false,27,m,zero
A-admiration-05,admiration,relief,gratitude,true,27,m,zero
A-admiration-06,admiration,relief,gratitude,true,27,m,zero
A-admiration-07,admiration,relief,gratitude,true,27,m,zero
A-admiration-08,admiration,trust,trust,false,27,m,zero
A-admiration-09,admiration,shock,shock,false,27,m,zero
A-admiration-10,admiration,relief,relief,false,27,m,zero
A-amazement-01,amazement,gratitude,gratitude,false,27,m,zero
A-amazement-02,amazement,surprise,happiness,true,27,m,zero
A-amazement-03,amazement,surprise,surprise,false,27,m,zero
A-amazement-04,amazement,surprise,shock,true,27,m,zero
A-amazement-05,amazement,surprise,embarrassment,true,27,m,zero
A-amazement-06,amazement,surprise,confusion,true,27,m,zero
A-amazement-07,amazement,surprise,surprise,false,27,m,zero
A-amazement-08,amazement,happiness,happiness,false,27,m,zero
A-amazement-09,amazement,surprise,surprise,false,27,m,zero
A-amazement-10,amazement,relief,relief,false,27,m,zero
A-ecstasy-01,ecstasy,relief,joy,true,27,m,zero
A-ecstasy-02,ecstasy,relief,relief,false,27,m,zero
A-ecstasy-03,ecstasy,relief,gratitude,true,27,m,zero
A-ecstasy-04,ecstasy,joy,joy,false,27,m,zero
A-ecstasy-05,ecstasy,joy,joy,false,27,m,zero
A-ecstasy-06,ecstasy,joy,joy,false,27,m,zero
A-ecstasy-07,ecstasy,joy,joy,false,27,m,zero
A-ecstasy-08,ecstasy,happiness,happiness,false,27,m,zero
A-ecstasy-09,ecstasy,wonder,wonder,false,27,m,zero
A-ecstasy-10,ecstasy,joy,joy,false,27,m,zero
A-grief-01,grief,shame,shame,false,27,m,zero
A-grief-02,grief,anger,anger,false,27,m,zero
A-grief-03,grief,grief,grief,false,27,m,zero
A-grief-04,grief,sadness,sadness,false,27,m,zero
A-grief-05,grief,sadness,grief,true,27,m,zero
A-grief-06,grief,concern,sadness,true,27,m,zero
A-grief-07,grief,grief,grief,false,27,m,zero
A-grief-08,grief,sadness,sadness,false,27,m,zero
A-grief-09,grief,sadness,sadness,false,27,m,zero
A-grief-10,grief,longing,longing,false,27,m,zero
A-loathing-01,loathing,disgust,disgust,false,27,m,zero
A-loathing-02,loathing,disappointment,frustration,true,27,m,zero
A-loathing-03,loathing,anger,anger,false,27,m,zero
A-loathing-04,loathing,disgust,disgust,false,27,m,zero
A-loathing-05,loathing,disgust,disgust,false,27,m,zero
A-loathing-06,loathing,disgust,disgust,false,27,m,zero
A-loathing-07,loathing,anger,anger,false,27,m,zero
A-loathing-08,loathing,disgust,disgust,false,27,m,zero
A-loathing-09,loathing,disgust,disgust,false,27,m,zero
A-loathing-10,loathing,frustration,frustration,false,27,m,zero
A-rage-01,rage,anger,anger,false,27,m,zero
A-rage-02,rage,anger,anger,false,27,m,zero
A-rage-03,rage,anger,anger,false,27,m,zero
A-rage-04,rage,anger,anger,false,27,m,zero
A-rage-05,rage,anger,resentment,true,27,m,zero
A-rage-06,rage,anger,anger,false,27,m,zero
A-rage-07,rage,anger,anger,false,27,m,zero
A-rage-08,rage,anger,anger,false,27,m,zero
A-rage-09,rage,frustration,frustration,false,27,m,zero
A-rage-10,rage,anger,frustration,true,27,m,zero
A-terror-01,terror,fear,fear,false,27,m,zero
A-terror-02,terror,shock,fear,true,27,m,zero
A-terror-03,terror,fear,fear,false,27,m,zero
A-terror-04,terror,relief,fear,true,27,m,zero
A-terror-05,terror,fear,fear,false,27,m,zero
A-terror-06,terror,fear,fear,false,27,m,zero
A-terror-07,terror,fear,fear,false,27,m,zero
A-terror-08,terror,fear,fear,false,27,m,zero
A-terror-09,terror,anxiety,anxiety,false,27,m,zero
A-terror-10,terror,fear,fear,false,27,m,zero
A-vigilance-01,vigilance,fear,fear,false,27,m,zero
A-vigilance-02,vigilance,anxiety,anxiety,false,27,m,zero
A-vigilance-03,vigilance,anxiety,anxiety,false,27,m,zero
A-vigilance-04,vigilance,anxiety,anxiety,false,27,m,zero
A-vigilance-05,vigilance,anxiety,anxiety,false,27,m,zero
A-vigilance-06,vigilance,anxiety,anxiety,false,27,m,zero
A-vigilance-07,vigilance,anxiety,anxiety,false,27,m,zero
A-vigilance-08,vigilance,anxiety,anxiety,false,27,m,zero
A-vigilance-09,vigilance,anxiety,anxiety,false,27,m,zero
A-vigilance-10,vigilance,anxiety,anxiety,false,27,m,zero
A-admiration-01,admiration,surprise,love,true,28,m,zero
A-admiration-02,admiration,relief,relief,false,28,m,zero
A-admiration-03,admiration,relief,relief,false,28,m,zero
A-admiration-04,admiration,gratitude,gratitude,false,28,m,zero
A-admiration-05,admiration,relief,relief,false,28,m,zero
A-admiration-06,admiration,relief,relief,false,28,m,zero
A-admiration-07,admiration,relief,relief,false,28,m,zero
A-admiration-08,admiration,trust,trust,false,28,m,zero
A-admiration-09,admiration,shock,shock,false,28,m,zero
A-admiration-10,admiration,relief,relief,false,28,m,zero
A-amazement-01,amazement,gratitude,gratitude,false,28,m,zero
A-amazement-02,amazement,surprise,happiness,true,28,m,zero
A-amazement-03,amazement,surprise,surprise,false,28,m,zero
A-amazement-04,amazement,surprise,shock,true,28,m,zero
A-amazement-05,amazement,surprise,shock,true,28,m,zero
A-amazement-06,amazement,surprise,confusion,true,28,m,zero
A-amazement-07,amazement,surprise,surprise,false,28,m,zero
A-amazement-08,amazement,happiness,excitement,true,28,m,zero
A-amazement-09,amazement,surprise,surprise,false,28,m,zero
A-amazement-10,amazement,relief,relief,false,28,m,zero
A-ecstasy-01,ecstasy,relief,pride,true,28,m,zero
A-ecstasy-02,ecstasy,relief,relief,false,28,m,zero
A-ecstasy-03,ecstasy,relief,gratitude,true,28,m,zero
A-ecstasy-04,ecstasy,joy,joy,false,28,m,zero
A-ecstasy-05,ecstasy,joy,joy,false,28,m,zero
A-ecstasy-06,ecstasy,joy,pride,true,28,m,zero
A-ecstasy-07,ecstasy,joy,pride,true,28,m,zero
A-ecstasy-08,ecstasy,happiness,happiness,false,28,m,zero
A-ecstasy-09,ecstasy,wonder,excitement,true,28,m,zero
A-ecstasy-10,ecstasy,joy,joy,false,28,m,zero
A-grief-01,grief,shame,shame,false,28,m,zero
A-grief-02,grief,anger,sadness,true,28,m,zero
A-grief-03,grief,grief,grief,false,28,m,zero
A-grief-04,grief,sadness,sadness,false,28,m,zero
A-grief-05,grief,sadness,sadness,false,28,m,zero
A-grief-06,grief,concern,concern,false,28,m,zero
A-grief-07,grief,grief,grief,false,28,m,zero
A-grief-08,grief,sadness,sadness,false,28,m,zero
A-grief-09,grief,sadness,sadness,false,28,m,zero
A-grief-10,grief,longing,longing,false,28,m,zero
A-loathing-01,loathing,disgust,disgust,false,28,m,zero
A-loathing-02,loathing,disappointment,frustration,true,28,m,zero
A-loathing-03,loathing,anger,anger,false,28,m,zero
A-loathing-04,loathing,disgust,disgust,false,28,m,zero
A-loathing-05,loathing,disgust,disgust,false,28,m,zero
A-loathing-06,loathing,disgust,disgust,false,28,m,zero
A-loathing-07,loathing,anger,anger,false,28,m,zero
A-loathing-08,loathing,disgust,disgust,false,28,m,zero
A-loathing-09,loathing,disgust,disgust,false,28,m,zero
A-loathing-10,loathing,frustration,frustration,false,28,m,zero
A-rage-01,rage,anger,anger,false,28,m,zero
A-rage-02,rage,anger,anger,false,28,m,zero
A-rage-03,rage,anger,anger,false,28,m,zero
A-rage-04,rage,anger,anger,false,28,m,zero
A-rage-05,rage,anger,anger,false,28,m,zero
A-rage-06,rage,anger,anger,false,28,m,zero
A-rage-07,rage,anger,anger,false,28,m,zero
A-rage-08,rage,anger,anger,false,28,m,zero
A-rage-09,rage,frustration,frustration,false,28,m,zero
A-rage-10,rage,anger,frustration,true,28,m,zero
A-terror-01,terror,fear,fear,false,28,m,zero
A-terror-02,terror,shock,shock,false,28,m,zero
A-terror-03,terror,fear,fear,false,28,m,zero
A-terror-04,terror,relief,relief,false,28,m,zero
A-terror-05,terror,fear,fear,false,28,m,zero
A-terror-06,terror,fear,fear,false,28,m,zero
A-terror-07,terror,fear,fear,false,28,m,zero
A-terror-08,terror,fear,fear,false,28,m,zero
A-terror-09,terror,anxiety,anxiety,false,28,m,zero
A-terror-10,terror,fear,fear,false,28,m,zero
A-vigilance-01,vigilance,fear,fear,false,28,m,zero
A-vigilance-02,vigilance,anxiety,anxiety,false,28,m,zero
A-vigilance-03,vigilance,anxiety,anxiety,false,28,m,zero
A-vigilance-04,vigilance,anxiety,anxiety,false,28,m,zero
A-vigilance-05,vigilance,anxiety,anxiety,false,28,m,zero
A-vigilance-06,vigilance,anxiety,anxiety,false,28,m,zero
A-vigilance-07,vigilance,anxiety,anxiety,false,28,m,zero
A-vigilance-08,vigilance,anxiety,anxiety,false,28,m,zero
A-vigilance-09,vigilance,anxiety,anxiety,false,28,m,zero
A-vigilance-10,vigilance,anxiety,anxiety,false,28,m,zero
A-admiration-01,admiration,surprise,surprise,false,29,m,zero
A-admiration-02,admiration,relief,relief,false,29,m,zero
A-admiration-03,admiration,relief,relief,false,29,m,zero
A-admiration-04,admiration,gratitude,relief,true,29,m,zero
A-admiration-05,admiration,relief,relief,false,29,m,zero
A-admiration-06,admiration,relief,relief,false,29,m,zero
A-admiration-07,admiration,relief,relief,false,29,m,zero
A-admiration-08,admiration,trust,trust,false,29,m,zero
A-admiration-09,admiration,shock,shock,false,29,m,zero
A-admiration-10,admiration,relief,relief,false,29,m,zero
A-amazement-01,amazement,gratitude,surprise,true,29,m,zero
A-amazement-02,amazement,surprise,surprise,false,29,m,zero
A-amazement-03,amazement,surprise,surprise,false,29,m,zero
A-amazement-04,amazement,surprise,surprise,false,29,m,zero
A-amazement-05,amazement,surprise,surprise,false,29,m,zero
A-amazement-06,amazement,surprise,surprise,false,29,m,zero
A-amazement-07,amazement,surprise,surprise,false,29,m,zero
A-amazement-08,amazement,happiness,surprise,true,29,m,zero
A-amazement-09,amazement,surprise,surprise,false,29,m,zero
A-amazement-10,amazement,relief,relief,false,29,m,zero
A-ecstasy-01,ecstasy,relief,relief,false,29,m,zero
A-ecstasy-02,ecstasy,relief,relief,false,29,m,zero
A-ecstasy-03,ecstasy,relief,relief,false,29,m,zero
A-ecstasy-04,ecstasy,joy,joy,false,29,m,zero
A-ecstasy-05,ecstasy,joy,joy,false,29,m,zero
A-ecstasy-06,ecstasy,joy,joy,false,29,m,zero
A-ecstasy-07,ecstasy,joy,joy,false,29,m,zero
A-ecstasy-08,ecstasy,happiness,surprise,true,29,m,zero
A-ecstasy-09,ecstasy,wonder,delight,true,29,m,zero
A-ecstasy-10,ecstasy,joy,joy,false,29,m,zero
A-grief-01,grief,shame,shame,false,29,m,zero
A-grief-02,grief,anger,anger,false,29,m,zero
A-grief-03,grief,grief,grief,false,29,m,zero
A-grief-04,grief,sadness,sadness,false,29,m,zero
A-grief-05,grief,sadness,grief,true,29,m,zero
A-grief-06,grief,concern,concern,false,29,m,zero
A-grief-07,grief,grief,grief,false,29,m,zero
A-grief-08,grief,sadness,sadness,false,29,m,zero
A-grief-09,grief,sadness,sadness,false,29,m,zero
A-grief-10,grief,longing,disappointment,true,29,m,zero
A-loathing-01,loathing,disgust,disgust,false,29,m,zero
A-loathing-02,loathing,disappointment,frustration,true,29,m,zero
A-loathing-03,loathing,anger,anger,false,29,m,zero
A-loathing-04,loathing,disgust,disgust,false,29,m,zero
A-loathing-05,loathing,disgust,disgust,false,29,m,zero
A-loathing-06,loathing,disgust,disgust,false,29,m,zero
A-loathing-07,loathing,anger,anger,false,29,m,zero
A-loathing-08,loathing,disgust,disgust,false,29,m,zero
A-loathing-09,loathing,disgust,disgust,false,29,m,zero
A-loathing-10,loathing,frustration,frustration,false,29,m,zero
A-rage-01,rage,anger,anger,false,29,m,zero
A-rage-02,rage,anger,anger,false,29,m,zero
A-rage-03,rage,anger,anger,false,29,m,zero
A-rage-04,rage,anger,anger,false,29,m,zero
A-rage-05,rage,anger,anger,false,29,m,zero
A-rage-06,rage,anger,anger,false,29,m,zero
A-rage-07,rage,anger,anger,false,29,m,zero
A-rage-08,rage,anger,anger,false,29,m,zero
A-rage-09,rage,frustration,frustration,false,29,m,zero
A-rage-10,rage,anger,anger,false,29,m,zero
A-terror-01,terror,fear,fear,false,29,m,zero
A-terror-02,terror,shock,shock,false,29,m,zero
A-terror-03,terror,fear,fear,false,29,m,zero
A-terror-04,terror,relief,relief,false,29,m,zero
A-terror-05,terror,fear,fear,false,29,m,zero
A-terror-06,terror,fear,fear,false,29,m,zero
A-terror-07,terror,fear,fear,false,29,m,zero
A-terror-08,terror,fear,fear,false,29,m,zero
A-terror-09,terror,anxiety,anxiety,false,29,m,zero
A-terror-10,terror,fear,fear,false,29,m,zero
A-vigilance-01,vigilance,fear,fear,false,29,m,zero
A-vigilance-02,vigilance,anxiety,anxiety,false,29,m,zero
A-vigilance-03,vigilance,anxiety,anxiety,false,29,m,zero
A-vigilance-04,vigilance,anxiety,anxiety,false,29,m,zero
A-vigilance-05,vigilance,anxiety,anxiety,false,29,m,zero
A-vigilance-06,vigilance,anxiety,anxiety,false,29,m,zero
A-vigilance-07,vigilance,anxiety,anxiety,false,29,m,zero
A-vigilance-08,vigilance,anxiety,relief,true,29,m,zero
A-vigilance-09,vigilance,anxiety,anxiety,false,29,m,zero
A-vigilance-10,vigilance,anxiety,anxiety,false,29,m,zero
A-admiration-01,admiration,surprise,surprise,false,30,m,zero
A-admiration-02,admiration,relief,relief,false,30,m,zero
A-admiration-03,admiration,relief,relief,false,30,m,zero
A-admiration-04,admiration,gratitude,relief,true,30,m,zero
A-admiration-05,admiration,relief,relief,false,30,m,zero
A-admiration-06,admiration,relief,relief,false,30,m,zero
A-admiration-07,admiration,relief,relief,false,30,m,zero
A-admiration-08,admiration,trust,trust,false,30,m,zero
A-admiration-09,admiration,shock,betrayal,true,30,m,zero
A-admiration-10,admiration,relief,relief,false,30,m,zero
A-amazement-01,amazement,gratitude,surprise,true,30,m,zero
A-amazement-02,amazement,surprise,surprise,false,30,m,zero
A-amazement-03,amazement,surprise,surprise,false,30,m,zero
A-amazement-04,amazement,surprise,surprise,false,30,m,zero
A-amazement-05,amazement,surprise,surprise,false,30,m,zero
A-amazement-06,amazement,surprise,surprise,false,30,m,zero
A-amazement-07,amazement,surprise,surprise,false,30,m,zero
A-amazement-08,amazement,happiness,surprise,true,30,m,zero
A-amazement-09,amazement,surprise,surprise,false,30,m,zero
A-amazement-10,amazement,relief,relief,false,30,m,zero
A-ecstasy-01,ecstasy,relief,relief,false,30,m,zero
A-ecstasy-02,ecstasy,relief,relief,false,30,m,zero
A-ecstasy-03,ecstasy,relief,relief,false,30,m,zero
A-ecstasy-04,ecstasy,joy,joy,false,30,m,zero
A-ecstasy-05,ecstasy,joy,joy,false,30,m,zero
A-ecstasy-06,ecstasy,joy,joy,false,30,m,zero
A-ecstasy-07,ecstasy,joy,joy,false,30,m,zero
A-ecstasy-08,ecstasy,happiness,surprise,true,30,m,zero
A-ecstasy-09,ecstasy,wonder,wonder,false,30,m,zero
A-ecstasy-10,ecstasy,joy,joy,false,30,m,zero
A-grief-01,grief,shame,despair,true,30,m,zero
A-grief-02,grief,anger,anger,false,30,m,zero
A-grief-03,grief,grief,sadness,true,30,m,zero
A-grief-04,grief,sadness,sadness,false,30,m,zero
A-grief-05,grief,sadness,sadness,false,30,m,zero
A-grief-06,grief,concern,concern,false,30,m,zero
A-grief-07,grief,grief,sadness,true,30,m,zero
A-grief-08,grief,sadness,sadness,false,30,m,zero
A-grief-09,grief,sadness,sadness,false,30,m,zero
A-grief-10,grief,longing,disappointment,true,30,m,zero
A-loathing-01,loathing,disgust,disgust,false,30,m,zero
A-loathing-02,loathing,disappointment,anger,true,30,m,zero
A-loathing-03,loathing,anger,anger,false,30,m,zero
A-loathing-04,loathing,disgust,disgust,false,30,m,zero
A-loathing-05,loathing,disgust,disgust,false,30,m,zero
A-loathing-06,loathing,disgust,disgust,false,30,m,zero
A-loathing-07,loathing,anger,anger,false,30,m,zero
A-loathing-08,loathing,disgust,disgust,false,30,m,zero
A-loathing-09,loathing,disgust,disgust,false,30,m,zero
A-loathing-10,loathing,frustration,frustration,false,30,m,zero
A-rage-01,rage,anger,anger,false,30,m,zero
A-rage-02,rage,anger,anger,false,30,m,zero
A-rage-03,rage,anger,anger,false,30,m,zero
A-rage-04,rage,anger,anger,false,30,m,zero
A-rage-05,rage,anger,anger,false,30,m,zero
A-rage-06,rage,anger,anger,false,30,m,zero
A-rage-07,rage,anger,anger,false,30,m,zero
A-rage-08,rage,anger,anger,false,30,m,zero
A-rage-09,rage,frustration,anger,true,30,m,zero
A-rage-10,rage,anger,anger,false,30,m,zero
A-terror-01,terror,fear,fear,false,30,m,zero
A-terror-02,terror,shock,fear,true,30,m,zero
A-terror-03,terror,fear,fear,false,30,m,zero
A-terror-04,terror,relief,relief,false,30,m,zero
A-terror-05,terror,fear,fear,false,30,m,zero
A-terror-06,terror,fear,fear,false,30,m,zero
A-terror-07,terror,fear,fear,false,30,m,zero
A-terror-08,terror,fear,fear,false,30,m,zero
A-terror-09,terror,anxiety,anxiety,false,30,m,zero
A-terror-10,terror,fear,fear,false,30,m,zero
A-vigilance-01,vigilance,fear,fear,false,30,m,zero
A-vigilance-02,vigilance,anxiety,anxiety,false,30,m,zero
A-vigilance-03,vigilance,anxiety,anxiety,false,30,m,zero
A-vigilance-04,vigilance,anxiety,anxiety,false,30,m,zero
A-vigilance-05,vigilance,anxiety,anxiety,false,30,m,zero
A-vigilance-06,vigilance,anxiety,anxiety,false,30,m,zero
A-vigilance-07,vigilance,anxiety,anxiety,false,30,m,zero
A-vigilance-08,vigilance,anxiety,relief,true,30,m,zero
A-vigilance-09,vigilance,anxiety,anxiety,false,30,m,zero
A-vigilance-10,vigilance,anxiety,anxiety,false,30,m,zero
A-admiration-01,admiration,surprise,relief,true,31,m,zero
A-admiration-02,admiration,relief,relief,false,31,m,zero
A-admiration-03,admiration,relief,relief,false,31,m,zero
A-admiration-04,admiration,gratitude,relief,true,31,m,zero
A-admiration-05,admiration,relief,relief,false,31,m,zero
A-admiration-06,admiration,relief,relief,false,31,m,zero
A-admiration-07,admiration,relief,relief,false,31,m,zero
A-admiration-08,admiration,trust,trust,false,31,m,zero
A-admiration-09,admiration,shock,shock,false,31,m,zero
A-admiration-10,admiration,relief,relief,false,31,m,zero
A-amazement-01,amazement,gratitude,surprise,true,31,m,zero
A-amazement-02,amazement,surprise,relief,true,31,m,zero
A-amazement-03,amazement,surprise,surprise,false,31,m,zero
A-amazement-04,amazement,surprise,shock,true,31,m,zero
A-amazement-05,amazement,surprise,shock,true,31,m,zero
A-amazement-06,amazement,surprise,fear,true,31,m,zero
A-amazement-07,amazement,surprise,surprise,false,31,m,zero
A-amazement-08,amazement,happiness,surprise,true,31,m,zero
A-amazement-09,amazement,surprise,surprise,false,31,m,zero
A-amazement-10,amazement,relief,relief,false,31,m,zero
A-ecstasy-01,ecstasy,relief,relief,false,31,m,zero
A-ecstasy-02,ecstasy,relief,relief,false,31,m,zero
A-ecstasy-03,ecstasy,relief,relief,false,31,m,zero
A-ecstasy-04,ecstasy,joy,joy,false,31,m,zero
A-ecstasy-05,ecstasy,joy,joy,false,31,m,zero
A-ecstasy-06,ecstasy,joy,pride,true,31,m,zero
A-ecstasy-07,ecstasy,joy,pride,true,31,m,zero
A-ecstasy-08,ecstasy,happiness,surprise,true,31,m,zero
A-ecstasy-09,ecstasy,wonder,wonder,false,31,m,zero
A-ecstasy-10,ecstasy,joy,joy,false,31,m,zero
A-grief-01,grief,shame,self,true,31,m,zero
A-grief-02,grief,anger,anger,false,31,m,zero
A-grief-03,grief,grief,deep,true,31,m,zero
A-grief-04,grief,sadness,sadness,false,31,m,zero
A-grief-05,grief,sadness,sadness,false,31,m,zero
A-grief-06,grief,concern,concern,false,31,m,zero
A-grief-07,grief,grief,shock,true,31,m,zero
A-grief-08,grief,sadness,sadness,false,31,m,zero
A-grief-09,grief,sadness,sadness,false,31,m,zero
A-grief-10,grief,longing,heart,true,31,m,zero
A-loathing-01,loathing,disgust,rev,true,31,m,zero
A-loathing-02,loathing,disappointment,anger,true,31,m,zero
A-loathing-03,loathing,anger,anger,false,31,m,zero
A-loathing-04,loathing,disgust,anger,true,31,m,zero
A-loathing-05,loathing,disgust,"",true,31,m,zero
A-loathing-06,loathing,disgust,rev,true,31,m,zero
A-loathing-07,loathing,anger,a,true,31,m,zero
A-loathing-08,loathing,disgust,rev,true,31,m,zero
A-loathing-09,loathing,disgust,rev,true,31,m,zero
A-loathing-10,loathing,frustration,dist,true,31,m,zero
A-rage-01,rage,anger,anger,false,31,m,zero
A-rage-02,rage,anger,anger,false,31,m,zero
A-rage-03,rage,anger,hurt,true,31,m,zero
A-rage-04,rage,anger,anger,false,31,m,zero
A-rage-05,rage,anger,anger,false,31,m,zero
A-rage-06,rage,anger,anger,false,31,m,zero
A-rage-07,rage,anger,anger,false,31,m,zero
A-rage-08,rage,anger,anger,false,31,m,zero
A-rage-09,rage,frustration,anger,true,31,m,zero
A-rage-10,rage,anger,anger,false,31,m,zero
A-terror-01,terror,fear,fear,false,31,m,zero
A-terror-02,terror,shock,fear,true,31,m,zero
A-terror-03,terror,fear,fear,false,31,m,zero
A-terror-04,terror,relief,relief,false,31,m,zero
A-terror-05,terror,fear,fear,false,31,m,zero
A-terror-06,terror,fear,fear,false,31,m,zero
A-terror-07,terror,fear,fear,false,31,m,zero
A-terror-08,terror,fear,fear,false,31,m,zero
A-terror-09,terror,anxiety,anxiety,false,31,m,zero
A-terror-10,terror,fear,fear,false,31,m,zero
A-vigilance-01,vigilance,fear,fear,false,31,m,zero
A-vigilance-02,vigilance,anxiety,anxiety,false,31,m,zero
A-vigilance-03,vigilance,anxiety,anxiety,false,31,m,zero
A-vigilance-04,vigilance,anxiety,anxiety,false,31,m,zero
A-vigilance-05,vigilance,anxiety,anxiety,false,31,m,zero
A-vigilance-06,vigilance,anxiety,anxiety,false,31,m,zero
A-vigilance-07,vigilance,anxiety,concern,true,31,m,zero
A-vigilance-08,vigilance,anxiety,relief,true,31,m,zero
A-vigilance-09,vigilance,anxiety,tension,true,31,m,zero
A-vigilance-10,vigilance,anxiety,anxiety,false,31,m,zero
