id,emotion,original_pred,ko_pred,changed,layer,act_type,knockout_type
A-admiration-01,admiration,surprise,surprise,false,0,a,zero
A-admiration-02,admiration,relief,relief,false,0,a,zero
A-admiration-03,admiration,relief,relief,false,0,a,zero
A-admiration-04,admiration,trust,trust,false,0,a,zero
A-admiration-05,admiration,relief,relief,false,0,a,zero
A-admiration-06,admiration,relief,relief,false,0,a,zero
A-admiration-07,admiration,relief,relief,false,0,a,zero
A-admiration-08,admiration,trust,trust,false,0,a,zero
A-admiration-09,admiration,betrayal,betrayal,false,0,a,zero
A-admiration-10,admiration,relief,relief,false,0,a,zero
A-amazement-01,amazement,surprise,surprise,false,0,a,zero
A-amazement-02,amazement,surprise,surprise,false,0,a,zero
A-amazement-03,amazement,surprise,surprise,false,0,a,zero
A-amazement-04,amazement,surprise,surprise,false,0,a,zero
A-amazement-05,amazement,surprise,surprise,false,0,a,zero
A-amazement-06,amazement,confusion,confusion,false,0,a,zero
A-amazement-07,amazement,surprise,surprise,false,0,a,zero
A-amazement-08,amazement,surprise,surprise,false,0,a,zero
A-amazement-09,amazement,surprise,surprise,false,0,a,zero
A-amazement-10,amazement,surprise,surprise,false,0,a,zero
A-ecstasy-01,ecstasy,pride,pride,false,0,a,zero
A-ecstasy-02,ecstasy,relief,relief,false,0,a,zero
A-ecstasy-03,ecstasy,happiness,happiness,false,0,a,zero
A-ecstasy-04,ecstasy,joy,joy,false,0,a,zero
A-ecstasy-05,ecstasy,joy,joy,false,0,a,zero
A-ecstasy-06,ecstasy,pride,pride,false,0,a,zero
A-ecstasy-07,ecstasy,pride,pride,false,0,a,zero
A-ecstasy-08,ecstasy,joy,joy,false,0,a,zero
A-ecstasy-09,ecstasy,excitement,excitement,false,0,a,zero
A-ecstasy-10,ecstasy,joy,joy,false,0,a,zero
A-grief-01,grief,sadness,sadness,false,0,a,zero
A-grief-02,grief,sadness,sadness,false,0,a,zero
A-grief-03,grief,grief,grief,false,0,a,zero
A-grief-04,grief,fear,fear,false,0,a,zero
A-grief-05,grief,grief,grief,false,0,a,zero
A-grief-06,grief,sadness,sadness,false,0,a,zero
A-grief-07,grief,sadness,sadness,false,0,a,zero
A-grief-08,grief,sadness,sadness,false,0,a,zero
A-grief-09,grief,sadness,sadness,false,0,a,zero
A-grief-10,grief,sadness,sadness,false,0,a,zero
A-loathing-01,loathing,disgust,disgust,false,0,a,zero
A-loathing-02,loathing,disappointment,disappointment,false,0,a,zero
A-loathing-03,loathing,anger,anger,false,0,a,zero
A-loathing-04,loathing,disgust,disgust,false,0,a,zero
A-loathing-05,loathing,disgust,disgust,false,0,a,zero
A-loathing-06,loathing,disgust,disgust,false,0,a,zero
A-loathing-07,loathing,anger,anger,false,0,a,zero
A-loathing-08,loathing,disgust,disgust,false,0,a,zero
A-loathing-09,loathing,disgust,disgust,false,0,a,zero
A-loathing-10,loathing,frustration,frustration,false,0,a,zero
A-rage-01,rage,anger,anger,false,0,a,zero
A-rage-02,rage,anger,anger,false,0,a,zero
A-rage-03,rage,anger,anger,false,0,a,zero
A-rage-04,rage,anger,anger,false,0,a,zero
A-rage-05,rage,anger,anger,false,0,a,zero
A-rage-06,rage,anger,anger,false,0,a,zero
A-rage-07,rage,anger,anger,false,0,a,zero
A-rage-08,rage,anger,anger,false,0,a,zero
A-rage-09,rage,anger,anger,false,0,a,zero
A-rage-10,rage,anger,anger,false,0,a,zero
A-terror-01,terror,fear,fear,false,0,a,zero
A-terror-02,terror,fear,fear,false,0,a,zero
A-terror-03,terror,fear,fear,false,0,a,zero
A-terror-04,terror,fear,fear,false,0,a,zero
A-terror-05,terror,fear,fear,false,0,a,zero
A-terror-06,terror,fear,fear,false,0,a,zero
A-terror-07,terror,fear,fear,false,0,a,zero
A-terror-08,terror,fear,fear,false,0,a,zero
A-terror-09,terror,anxiety,fear,true,0,a,zero
A-terror-10,terror,fear,fear,false,0,a,zero
A-vigilance-01,vigilance,fear,fear,false,0,a,zero
A-vigilance-02,vigilance,anxiety,anxiety,false,0,a,zero
A-vigilance-03,vigilance,fear,fear,false,0,a,zero
A-vigilance-04,vigilance,anxiety,anxiety,false,0,a,zero
A-vigilance-05,vigilance,anxiety,anxiety,false,0,a,zero
A-vigilance-06,vigilance,stress,anxiety,true,0,a,zero
A-vigilance-07,vigilance,anxiety,anxiety,false,0,a,zero
A-vigilance-08,vigilance,anticipation,anticipation,false,0,a,zero
A-vigilance-09,vigilance,anxiety,anxiety,false,0,a,zero
A-vigilance-10,vigilance,anxiety,anxiety,false,0,a,zero
A-admiration-01,admiration,surprise,surprise,false,1,a,zero
A-admiration-02,admiration,relief,relief,false,1,a,zero
A-admiration-03,admiration,relief,relief,false,1,a,zero
A-admiration-04,admiration,trust,trust,false,1,a,zero
A-admiration-05,admiration,relief,relief,false,1,a,zero
A-admiration-06,admiration,relief,relief,false,1,a,zero
A-admiration-07,admiration,relief,relief,false,1,a,zero
A-admiration-08,admiration,trust,trust,false,1,a,zero
A-admiration-09,admiration,betrayal,betrayal,false,1,a,zero
A-admiration-10,admiration,relief,relief,false,1,a,zero
A-amazement-01,amazement,surprise,surprise,false,1,a,zero
A-amazement-02,amazement,surprise,surprise,false,1,a,zero
A-amazement-03,amazement,surprise,surprise,false,1,a,zero
A-amazement-04,amazement,surprise,surprise,false,1,a,zero
A-amazement-05,amazement,surprise,surprise,false,1,a,zero
A-amazement-06,amazement,confusion,confusion,false,1,a,zero
A-amazement-07,amazement,surprise,surprise,false,1,a,zero
A-amazement-08,amazement,surprise,surprise,false,1,a,zero
A-amazement-09,amazement,surprise,surprise,false,1,a,zero
A-amazement-10,amazement,surprise,surprise,false,1,a,zero
A-ecstasy-01,ecstasy,pride,pride,false,1,a,zero
A-ecstasy-02,ecstasy,relief,relief,false,1,a,zero
A-ecstasy-03,ecstasy,happiness,happiness,false,1,a,zero
A-ecstasy-04,ecstasy,joy,joy,false,1,a,zero
A-ecstasy-05,ecstasy,joy,joy,false,1,a,zero
A-ecstasy-06,ecstasy,pride,pride,false,1,a,zero
A-ecstasy-07,ecstasy,pride,pride,false,1,a,zero
A-ecstasy-08,ecstasy,joy,joy,false,1,a,zero
A-ecstasy-09,ecstasy,excitement,excitement,false,1,a,zero
A-ecstasy-10,ecstasy,joy,joy,false,1,a,zero
A-grief-01,grief,sadness,sadness,false,1,a,zero
A-grief-02,grief,sadness,sadness,false,1,a,zero
A-grief-03,grief,grief,grief,false,1,a,zero
A-grief-04,grief,fear,fear,false,1,a,zero
A-grief-05,grief,grief,grief,false,1,a,zero
A-grief-06,grief,sadness,sadness,false,1,a,zero
A-grief-07,grief,sadness,sadness,false,1,a,zero
A-grief-08,grief,sadness,sadness,false,1,a,zero
A-grief-09,grief,sadness,sadness,false,1,a,zero
A-grief-10,grief,sadness,sadness,false,1,a,zero
A-loathing-01,loathing,disgust,disgust,false,1,a,zero
A-loathing-02,loathing,disappointment,disappointment,false,1,a,zero
A-loathing-03,loathing,anger,anger,false,1,a,zero
A-loathing-04,loathing,disgust,disgust,false,1,a,zero
A-loathing-05,loathing,disgust,disgust,false,1,a,zero
A-loathing-06,loathing,disgust,disgust,false,1,a,zero
A-loathing-07,loathing,anger,anger,false,1,a,zero
A-loathing-08,loathing,disgust,disgust,false,1,a,zero
A-loathing-09,loathing,disgust,disgust,false,1,a,zero
A-loathing-10,loathing,frustration,frustration,false,1,a,zero
A-rage-01,rage,anger,anger,false,1,a,zero
A-rage-02,rage,anger,anger,false,1,a,zero
A-rage-03,rage,anger,anger,false,1,a,zero
A-rage-04,rage,anger,anger,false,1,a,zero
A-rage-05,rage,anger,anger,false,1,a,zero
A-rage-06,rage,anger,anger,false,1,a,zero
A-rage-07,rage,anger,anger,false,1,a,zero
A-rage-08,rage,anger,anger,false,1,a,zero
A-rage-09,rage,anger,anger,false,1,a,zero
A-rage-10,rage,anger,anger,false,1,a,zero
A-terror-01,terror,fear,fear,false,1,a,zero
A-terror-02,terror,fear,fear,false,1,a,zero
A-terror-03,terror,fear,fear,false,1,a,zero
A-terror-04,terror,fear,fear,false,1,a,zero
A-terror-05,terror,fear,fear,false,1,a,zero
A-terror-06,terror,fear,fear,false,1,a,zero
A-terror-07,terror,fear,fear,false,1,a,zero
A-terror-08,terror,fear,fear,false,1,a,zero
A-terror-09,terror,anxiety,anxiety,false,1,a,zero
A-terror-10,terror,fear,fear,false,1,a,zero
A-vigilance-01,vigilance,fear,fear,false,1,a,zero
A-vigilance-02,vigilance,anxiety,anxiety,false,1,a,zero
A-vigilance-03,vigilance,fear,fear,false,1,a,zero
A-vigilance-04,vigilance,anxiety,anxiety,false,1,a,zero
A-vigilance-05,vigilance,anxiety,anxiety,false,1,a,zero
A-vigilance-06,vigilance,stress,anxiety,true,1,a,zero
A-vigilance-07,vigilance,anxiety,anxiety,false,1,a,zero
A-vigilance-08,vigilance,anticipation,anticipation,false,1,a,zero
A-vigilance-09,vigilance,anxiety,anxiety,false,1,a,zero
A-vigilance-10,vigilance,anxiety,anxiety,false,1,a,zero
A-admiration-01,admiration,surprise,surprise,false,2,a,zero
A-admiration-02,admiration,relief,relief,false,2,a,zero
A-admiration-03,admiration,relief,relief,false,2,a,zero
A-admiration-04,admiration,trust,trust,false,2,a,zero
A-admiration-05,admiration,relief,relief,false,2,a,zero
A-admiration-06,admiration,relief,relief,false,2,a,zero
A-admiration-07,admiration,relief,relief,false,2,a,zero
A-admiration-08,admiration,trust,trust,false,2,a,zero
A-admiration-09,admiration,betrayal,betrayal,false,2,a,zero
A-admiration-10,admiration,relief,relief,false,2,a,zero
A-amazement-01,amazement,surprise,surprise,false,2,a,zero
A-amazement-02,amazement,surprise,surprise,false,2,a,zero
A-amazement-03,amazement,surprise,surprise,false,2,a,zero
A-amazement-04,amazement,surprise,surprise,false,2,a,zero
A-amazement-05,amazement,surprise,surprise,false,2,a,zero
A-amazement-06,amazement,confusion,confusion,false,2,a,zero
A-amazement-07,amazement,surprise,surprise,false,2,a,zero
A-amazement-08,amazement,surprise,surprise,false,2,a,zero
A-amazement-09,amazement,surprise,surprise,false,2,a,zero
A-amazement-10,amazement,surprise,surprise,false,2,a,zero
A-ecstasy-01,ecstasy,pride,pride,false,2,a,zero
A-ecstasy-02,ecstasy,relief,relief,false,2,a,zero
A-ecstasy-03,ecstasy,happiness,happiness,false,2,a,zero
A-ecstasy-04,ecstasy,joy,joy,false,2,a,zero
A-ecstasy-05,ecstasy,joy,joy,false,2,a,zero
A-ecstasy-06,ecstasy,pride,pride,false,2,a,zero
A-ecstasy-07,ecstasy,pride,pride,false,2,a,zero
A-ecstasy-08,ecstasy,joy,joy,false,2,a,zero
A-ecstasy-09,ecstasy,excitement,excitement,false,2,a,zero
A-ecstasy-10,ecstasy,joy,joy,false,2,a,zero
A-grief-01,grief,sadness,sadness,false,2,a,zero
A-grief-02,grief,sadness,sadness,false,2,a,zero
A-grief-03,grief,grief,grief,false,2,a,zero
A-grief-04,grief,fear,fear,false,2,a,zero
A-grief-05,grief,grief,grief,false,2,a,zero
A-grief-06,grief,sadness,sadness,false,2,a,zero
A-grief-07,grief,sadness,sadness,false,2,a,zero
A-grief-08,grief,sadness,sadness,false,2,a,zero
A-grief-09,grief,sadness,sadness,false,2,a,zero
A-grief-10,grief,sadness,sadness,false,2,a,zero
A-loathing-01,loathing,disgust,disgust,false,2,a,zero
A-loathing-02,loathing,disappointment,disappointment,false,2,a,zero
A-loathing-03,loathing,anger,anger,false,2,a,zero
A-loathing-04,loathing,disgust,disgust,false,2,a,zero
A-loathing-05,loathing,disgust,disgust,false,2,a,zero
A-loathing-06,loathing,disgust,disgust,false,2,a,zero
A-loathing-07,loathing,anger,anger,false,2,a,zero
A-loathing-08,loathing,disgust,disgust,false,2,a,zero
A-loathing-09,loathing,disgust,disgust,false,2,a,zero
A-loathing-10,loathing,frustration,frustration,false,2,a,zero
A-rage-01,rage,anger,anger,false,2,a,zero
A-rage-02,rage,anger,anger,false,2,a,zero
A-rage-03,rage,anger,anger,false,2,a,zero
A-rage-04,rage,anger,anger,false,2,a,zero
A-rage-05,rage,anger,anger,false,2,a,zero
A-rage-06,rage,anger,anger,false,2,a,zero
A-rage-07,rage,anger,anger,false,2,a,zero
A-rage-08,rage,anger,anger,false,2,a,zero
A-rage-09,rage,anger,anger,false,2,a,zero
A-rage-10,rage,anger,anger,false,2,a,zero
A-terror-01,terror,fear,fear,false,2,a,zero
A-terror-02,terror,fear,fear,false,2,a,zero
A-terror-03,terror,fear,fear,false,2,a,zero
A-terror-04,terror,fear,fear,false,2,a,zero
A-terror-05,terror,fear,fear,false,2,a,zero
A-terror-06,terror,fear,fear,false,2,a,zero
A-terror-07,terror,fear,fear,false,2,a,zero
A-terror-08,terror,fear,fear,false,2,a,zero
A-terror-09,terror,anxiety,anxiety,false,2,a,zero
A-terror-10,terror,fear,fear,false,2,a,zero
A-vigilance-01,vigilance,fear,fear,false,2,a,zero
A-vigilance-02,vigilance,anxiety,anxiety,false,2,a,zero
A-vigilance-03,vigilance,fear,fear,false,2,a,zero
A-vigilance-04,vigilance,anxiety,anxiety,false,2,a,zero
A-vigilance-05,vigilance,anxiety,anxiety,false,2,a,zero
A-vigilance-06,vigilance,stress,anxiety,true,2,a,zero
A-vigilance-07,vigilance,anxiety,anxiety,false,2,a,zero
A-vigilance-08,vigilance,anticipation,anticipation,false,2,a,zero
A-vigilance-09,vigilance,anxiety,anxiety,false,2,a,zero
A-vigilance-10,vigilance,anxiety,anxiety,false,2,a,zero
A-admiration-01,admiration,surprise,surprise,false,3,a,zero
A-admiration-02,admiration,relief,relief,false,3,a,zero
A-admiration-03,admiration,relief,relief,false,3,a,zero
A-admiration-04,admiration,trust,trust,false,3,a,zero
A-admiration-05,admiration,relief,relief,false,3,a,zero
A-admiration-06,admiration,relief,relief,false,3,a,zero
A-admiration-07,admiration,relief,relief,false,3,a,zero
A-admiration-08,admiration,trust,trust,false,3,a,zero
A-admiration-09,admiration,betrayal,betrayal,false,3,a,zero
A-admiration-10,admiration,relief,relief,false,3,a,zero
A-amazement-01,amazement,surprise,surprise,false,3,a,zero
A-amazement-02,amazement,surprise,surprise,false,3,a,zero
A-amazement-03,amazement,surprise,surprise,false,3,a,zero
A-amazement-04,amazement,surprise,surprise,false,3,a,zero
A-amazement-05,amazement,surprise,surprise,false,3,a,zero
A-amazement-06,amazement,confusion,confusion,false,3,a,zero
A-amazement-07,amazement,surprise,surprise,false,3,a,zero
A-amazement-08,amazement,surprise,surprise,false,3,a,zero
A-amazement-09,amazement,surprise,surprise,false,3,a,zero
A-amazement-10,amazement,surprise,surprise,false,3,a,zero
A-ecstasy-01,ecstasy,pride,pride,false,3,a,zero
A-ecstasy-02,ecstasy,relief,relief,false,3,a,zero
A-ecstasy-03,ecstasy,happiness,happiness,false,3,a,zero
A-ecstasy-04,ecstasy,joy,joy,false,3,a,zero
A-ecstasy-05,ecstasy,joy,joy,false,3,a,zero
A-ecstasy-06,ecstasy,pride,pride,false,3,a,zero
A-ecstasy-07,ecstasy,pride,pride,false,3,a,zero
A-ecstasy-08,ecstasy,joy,joy,false,3,a,zero
A-ecstasy-09,ecstasy,excitement,excitement,false,3,a,zero
A-ecstasy-10,ecstasy,joy,joy,false,3,a,zero
A-grief-01,grief,sadness,sadness,false,3,a,zero
A-grief-02,grief,sadness,sadness,false,3,a,zero
A-grief-03,grief,grief,grief,false,3,a,zero
A-grief-04,grief,fear,fear,false,3,a,zero
A-grief-05,grief,grief,grief,false,3,a,zero
A-grief-06,grief,sadness,sadness,false,3,a,zero
A-grief-07,grief,sadness,sadness,false,3,a,zero
A-grief-08,grief,sadness,sadness,false,3,a,zero
A-grief-09,grief,sadness,sadness,false,3,a,zero
A-grief-10,grief,sadness,sadness,false,3,a,zero
A-loathing-01,loathing,disgust,disgust,false,3,a,zero
A-loathing-02,loathing,disappointment,disappointment,false,3,a,zero
A-loathing-03,loathing,anger,anger,false,3,a,zero
A-loathing-04,loathing,disgust,disgust,false,3,a,zero
A-loathing-05,loathing,disgust,disgust,false,3,a,zero
A-loathing-06,loathing,disgust,disgust,false,3,a,zero
A-loathing-07,loathing,anger,anger,false,3,a,zero
A-loathing-08,loathing,disgust,disgust,false,3,a,zero
A-loathing-09,loathing,disgust,disgust,false,3,a,zero
A-loathing-10,loathing,frustration,frustration,false,3,a,zero
A-rage-01,rage,anger,anger,false,3,a,zero
A-rage-02,rage,anger,anger,false,3,a,zero
A-rage-03,rage,anger,anger,false,3,a,zero
A-rage-04,rage,anger,anger,false,3,a,zero
A-rage-05,rage,anger,anger,false,3,a,zero
A-rage-06,rage,anger,anger,false,3,a,zero
A-rage-07,rage,anger,anger,false,3,a,zero
A-rage-08,rage,anger,anger,false,3,a,zero
A-rage-09,rage,anger,anger,false,3,a,zero
A-rage-10,rage,anger,anger,false,3,a,zero
A-terror-01,terror,fear,fear,false,3,a,zero
A-terror-02,terror,fear,fear,false,3,a,zero
A-terror-03,terror,fear,fear,false,3,a,zero
A-terror-04,terror,fear,fear,false,3,a,zero
A-terror-05,terror,fear,fear,false,3,a,zero
A-terror-06,terror,fear,fear,false,3,a,zero
A-terror-07,terror,fear,fear,false,3,a,zero
A-terror-08,terror,fear,fear,false,3,a,zero
A-terror-09,terror,anxiety,anxiety,false,3,a,zero
A-terror-10,terror,fear,fear,false,3,a,zero
A-vigilance-01,vigilance,fear,fear,false,3,a,zero
A-vigilance-02,vigilance,anxiety,anxiety,false,3,a,zero
A-vigilance-03,vigilance,fear,fear,false,3,a,zero
A-vigilance-04,vigilance,anxiety,anxiety,false,3,a,zero
A-vigilance-05,vigilance,anxiety,anxiety,false,3,a,zero
A-vigilance-06,vigilance,stress,anxiety,true,3,a,zero
A-vigilance-07,vigilance,anxiety,anxiety,false,3,a,zero
A-vigilance-08,vigilance,anticipation,anticipation,false,3,a,zero
A-vigilance-09,vigilance,anxiety,anxiety,false,3,a,zero
A-vigilance-10,vigilance,anxiety,anxiety,false,3,a,zero
A-admiration-01,admiration,surprise,surprise,false,4,a,zero
A-admiration-02,admiration,relief,relief,false,4,a,zero
A-admiration-03,admiration,relief,relief,false,4,a,zero
A-admiration-04,admiration,trust,trust,false,4,a,zero
A-admiration-05,admiration,relief,relief,false,4,a,zero
A-admiration-06,admiration,relief,relief,false,4,a,zero
A-admiration-07,admiration,relief,relief,false,4,a,zero
A-admiration-08,admiration,trust,trust,false,4,a,zero
A-admiration-09,admiration,betrayal,betrayal,false,4,a,zero
A-admiration-10,admiration,relief,relief,false,4,a,zero
A-amazement-01,amazement,surprise,surprise,false,4,a,zero
A-amazement-02,amazement,surprise,surprise,false,4,a,zero
A-amazement-03,amazement,surprise,surprise,false,4,a,zero
A-amazement-04,amazement,surprise,surprise,false,4,a,zero
A-amazement-05,amazement,surprise,surprise,false,4,a,zero
A-amazement-06,amazement,confusion,confusion,false,4,a,zero
A-amazement-07,amazement,surprise,surprise,false,4,a,zero
A-amazement-08,amazement,surprise,surprise,false,4,a,zero
A-amazement-09,amazement,surprise,surprise,false,4,a,zero
A-amazement-10,amazement,surprise,surprise,false,4,a,zero
A-ecstasy-01,ecstasy,pride,pride,false,4,a,zero
A-ecstasy-02,ecstasy,relief,relief,false,4,a,zero
A-ecstasy-03,ecstasy,happiness,happiness,false,4,a,zero
A-ecstasy-04,ecstasy,joy,joy,false,4,a,zero
A-ecstasy-05,ecstasy,joy,joy,false,4,a,zero
A-ecstasy-06,ecstasy,pride,pride,false,4,a,zero
A-ecstasy-07,ecstasy,pride,pride,false,4,a,zero
A-ecstasy-08,ecstasy,joy,joy,false,4,a,zero
A-ecstasy-09,ecstasy,excitement,excitement,false,4,a,zero
A-ecstasy-10,ecstasy,joy,joy,false,4,a,zero
A-grief-01,grief,sadness,sadness,false,4,a,zero
A-grief-02,grief,sadness,sadness,false,4,a,zero
A-grief-03,grief,grief,grief,false,4,a,zero
A-grief-04,grief,fear,fear,false,4,a,zero
A-grief-05,grief,grief,grief,false,4,a,zero
A-grief-06,grief,sadness,sadness,false,4,a,zero
A-grief-07,grief,sadness,sadness,false,4,a,zero
A-grief-08,grief,sadness,sadness,false,4,a,zero
A-grief-09,grief,sadness,sadness,false,4,a,zero
A-grief-10,grief,sadness,sadness,false,4,a,zero
A-loathing-01,loathing,disgust,disgust,false,4,a,zero
A-loathing-02,loathing,disappointment,disappointment,false,4,a,zero
A-loathing-03,loathing,anger,anger,false,4,a,zero
A-loathing-04,loathing,disgust,disgust,false,4,a,zero
A-loathing-05,loathing,disgust,disgust,false,4,a,zero
A-loathing-06,loathing,disgust,disgust,false,4,a,zero
A-loathing-07,loathing,anger,anger,false,4,a,zero
A-loathing-08,loathing,disgust,disgust,false,4,a,zero
A-loathing-09,loathing,disgust,disgust,false,4,a,zero
A-loathing-10,loathing,frustration,frustration,false,4,a,zero
A-rage-01,rage,anger,anger,false,4,a,zero
A-rage-02,rage,anger,anger,false,4,a,zero
A-rage-03,rage,anger,anger,false,4,a,zero
A-rage-04,rage,anger,anger,false,4,a,zero
A-rage-05,rage,anger,anger,false,4,a,zero
A-rage-06,rage,anger,anger,false,4,a,zero
A-rage-07,rage,anger,anger,false,4,a,zero
A-rage-08,rage,anger,anger,false,4,a,zero
A-rage-09,rage,anger,anger,false,4,a,zero
A-rage-10,rage,anger,anger,false,4,a,zero
A-terror-01,terror,fear,fear,false,4,a,zero
A-terror-02,terror,fear,fear,false,4,a,zero
A-terror-03,terror,fear,fear,false,4,a,zero
A-terror-04,terror,fear,fear,false,4,a,zero
A-terror-05,terror,fear,fear,false,4,a,zero
A-terror-06,terror,fear,fear,false,4,a,zero
A-terror-07,terror,fear,fear,false,4,a,zero
A-terror-08,terror,fear,fear,false,4,a,zero
A-terror-09,terror,anxiety,anxiety,false,4,a,zero
A-terror-10,terror,fear,fear,false,4,a,zero
A-vigilance-01,vigilance,fear,fear,false,4,a,zero
A-vigilance-02,vigilance,anxiety,anxiety,false,4,a,zero
A-vigilance-03,vigilance,fear,fear,false,4,a,zero
A-vigilance-04,vigilance,anxiety,anxiety,false,4,a,zero
A-vigilance-05,vigilance,anxiety,anxiety,false,4,a,zero
A-vigilance-06,vigilance,stress,anxiety,true,4,a,zero
A-vigilance-07,vigilance,anxiety,anxiety,false,4,a,zero
A-vigilance-08,vigilance,anticipation,anticipation,false,4,a,zero
A-vigilance-09,vigilance,anxiety,anxiety,false,4,a,zero
A-vigilance-10,vigilance,anxiety,anxiety,false,4,a,zero
A-admiration-01,admiration,surprise,surprise,false,5,a,zero
A-admiration-02,admiration,relief,relief,false,5,a,zero
A-admiration-03,admiration,relief,relief,false,5,a,zero
A-admiration-04,admiration,trust,trust,false,5,a,zero
A-admiration-05,admiration,relief,relief,false,5,a,zero
A-admiration-06,admiration,relief,relief,false,5,a,zero
A-admiration-07,admiration,relief,relief,false,5,a,zero
A-admiration-08,admiration,trust,trust,false,5,a,zero
A-admiration-09,admiration,betrayal,betrayal,false,5,a,zero
A-admiration-10,admiration,relief,relief,false,5,a,zero
A-amazement-01,amazement,surprise,surprise,false,5,a,zero
A-amazement-02,amazement,surprise,surprise,false,5,a,zero
A-amazement-03,amazement,surprise,surprise,false,5,a,zero
A-amazement-04,amazement,surprise,surprise,false,5,a,zero
A-amazement-05,amazement,surprise,surprise,false,5,a,zero
A-amazement-06,amazement,confusion,confusion,false,5,a,zero
A-amazement-07,amazement,surprise,surprise,false,5,a,zero
A-amazement-08,amazement,surprise,surprise,false,5,a,zero
A-amazement-09,amazement,surprise,surprise,false,5,a,zero
A-amazement-10,amazement,surprise,surprise,false,5,a,zero
A-ecstasy-01,ecstasy,pride,pride,false,5,a,zero
A-ecstasy-02,ecstasy,relief,relief,false,5,a,zero
A-ecstasy-03,ecstasy,happiness,happiness,false,5,a,zero
A-ecstasy-04,ecstasy,joy,joy,false,5,a,zero
A-ecstasy-05,ecstasy,joy,joy,false,5,a,zero
A-ecstasy-06,ecstasy,pride,pride,false,5,a,zero
A-ecstasy-07,ecstasy,pride,pride,false,5,a,zero
A-ecstasy-08,ecstasy,joy,joy,false,5,a,zero
A-ecstasy-09,ecstasy,excitement,excitement,false,5,a,zero
A-ecstasy-10,ecstasy,joy,joy,false,5,a,zero
A-grief-01,grief,sadness,sadness,false,5,a,zero
A-grief-02,grief,sadness,sadness,false,5,a,zero
A-grief-03,grief,grief,grief,false,5,a,zero
A-grief-04,grief,fear,fear,false,5,a,zero
A-grief-05,grief,grief,grief,false,5,a,zero
A-grief-06,grief,sadness,sadness,false,5,a,zero
A-grief-07,grief,sadness,sadness,false,5,a,zero
A-grief-08,grief,sadness,sadness,false,5,a,zero
A-grief-09,grief,sadness,sadness,false,5,a,zero
A-grief-10,grief,sadness,sadness,false,5,a,zero
A-loathing-01,loathing,disgust,disgust,false,5,a,zero
A-loathing-02,loathing,disappointment,disappointment,false,5,a,zero
A-loathing-03,loathing,anger,anger,false,5,a,zero
A-loathing-04,loathing,disgust,disgust,false,5,a,zero
A-loathing-05,loathing,disgust,disgust,false,5,a,zero
A-loathing-06,loathing,disgust,disgust,false,5,a,zero
A-loathing-07,loathing,anger,anger,false,5,a,zero
A-loathing-08,loathing,disgust,disgust,false,5,a,zero
A-loathing-09,loathing,disgust,disgust,false,5,a,zero
A-loathing-10,loathing,frustration,frustration,false,5,a,zero
A-rage-01,rage,anger,anger,false,5,a,zero
A-rage-02,rage,anger,anger,false,5,a,zero
A-rage-03,rage,anger,anger,false,5,a,zero
A-rage-04,rage,anger,anger,false,5,a,zero
A-rage-05,rage,anger,anger,false,5,a,zero
A-rage-06,rage,anger,anger,false,5,a,zero
A-rage-07,rage,anger,anger,false,5,a,zero
A-rage-08,rage,anger,anger,false,5,a,zero
A-rage-09,rage,anger,anger,false,5,a,zero
A-rage-10,rage,anger,anger,false,5,a,zero
A-terror-01,terror,fear,fear,false,5,a,zero
A-terror-02,terror,fear,fear,false,5,a,zero
A-terror-03,terror,fear,fear,false,5,a,zero
A-terror-04,terror,fear,fear,false,5,a,zero
A-terror-05,terror,fear,fear,false,5,a,zero
A-terror-06,terror,fear,fear,false,5,a,zero
A-terror-07,terror,fear,fear,false,5,a,zero
A-terror-08,terror,fear,fear,false,5,a,zero
A-terror-09,terror,anxiety,anxiety,false,5,a,zero
A-terror-10,terror,fear,fear,false,5,a,zero
A-vigilance-01,vigilance,fear,fear,false,5,a,zero
A-vigilance-02,vigilance,anxiety,anxiety,false,5,a,zero
A-vigilance-03,vigilance,fear,fear,false,5,a,zero
A-vigilance-04,vigilance,anxiety,anxiety,false,5,a,zero
A-vigilance-05,vigilance,anxiety,anxiety,false,5,a,zero
A-vigilance-06,vigilance,stress,stress,false,5,a,zero
A-vigilance-07,vigilance,anxiety,anxiety,false,5,a,zero
A-vigilance-08,vigilance,anticipation,anticipation,false,5,a,zero
A-vigilance-09,vigilance,anxiety,anxiety,false,5,a,zero
A-vigilance-10,vigilance,anxiety,anxiety,false,5,a,zero
A-admiration-01,admiration,surprise,surprise,false,6,a,zero
A-admiration-02,admiration,relief,relief,false,6,a,zero
A-admiration-03,admiration,relief,relief,false,6,a,zero
A-admiration-04,admiration,trust,trust,false,6,a,zero
A-admiration-05,admiration,relief,relief,false,6,a,zero
A-admiration-06,admiration,relief,relief,false,6,a,zero
A-admiration-07,admiration,relief,relief,false,6,a,zero
A-admiration-08,admiration,trust,trust,false,6,a,zero
A-admiration-09,admiration,betrayal,betrayal,false,6,a,zero
A-admiration-10,admiration,relief,relief,false,6,a,zero
A-amazement-01,amazement,surprise,surprise,false,6,a,zero
A-amazement-02,amazement,surprise,surprise,false,6,a,zero
A-amazement-03,amazement,surprise,surprise,false,6,a,zero
A-amazement-04,amazement,surprise,surprise,false,6,a,zero
A-amazement-05,amazement,surprise,surprise,false,6,a,zero
A-amazement-06,amazement,confusion,confusion,false,6,a,zero
A-amazement-07,amazement,surprise,surprise,false,6,a,zero
A-amazement-08,amazement,surprise,surprise,false,6,a,zero
A-amazement-09,amazement,surprise,surprise,false,6,a,zero
A-amazement-10,amazement,surprise,surprise,false,6,a,zero
A-ecstasy-01,ecstasy,pride,pride,false,6,a,zero
A-ecstasy-02,ecstasy,relief,relief,false,6,a,zero
A-ecstasy-03,ecstasy,happiness,happiness,false,6,a,zero
A-ecstasy-04,ecstasy,joy,joy,false,6,a,zero
A-ecstasy-05,ecstasy,joy,joy,false,6,a,zero
A-ecstasy-06,ecstasy,pride,pride,false,6,a,zero
A-ecstasy-07,ecstasy,pride,pride,false,6,a,zero
A-ecstasy-08,ecstasy,joy,joy,false,6,a,zero
A-ecstasy-09,ecstasy,excitement,excitement,false,6,a,zero
A-ecstasy-10,ecstasy,joy,joy,false,6,a,zero
A-grief-01,grief,sadness,sadness,false,6,a,zero
A-grief-02,grief,sadness,sadness,false,6,a,zero
A-grief-03,grief,grief,grief,false,6,a,zero
A-grief-04,grief,fear,fear,false,6,a,zero
A-grief-05,grief,grief,grief,false,6,a,zero
A-grief-06,grief,sadness,sadness,false,6,a,zero
A-grief-07,grief,sadness,sadness,false,6,a,zero
A-grief-08,grief,sadness,sadness,false,6,a,zero
A-grief-09,grief,sadness,sadness,false,6,a,zero
A-grief-10,grief,sadness,sadness,false,6,a,zero
A-loathing-01,loathing,disgust,disgust,false,6,a,zero
A-loathing-02,loathing,disappointment,disappointment,false,6,a,zero
A-loathing-03,loathing,anger,anger,false,6,a,zero
A-loathing-04,loathing,disgust,disgust,false,6,a,zero
A-loathing-05,loathing,disgust,disgust,false,6,a,zero
A-loathing-06,loathing,disgust,disgust,false,6,a,zero
A-loathing-07,loathing,anger,anger,false,6,a,zero
A-loathing-08,loathing,disgust,disgust,false,6,a,zero
A-loathing-09,loathing,disgust,disgust,false,6,a,zero
A-loathing-10,loathing,frustration,frustration,false,6,a,zero
A-rage-01,rage,anger,anger,false,6,a,zero
A-rage-02,rage,anger,anger,false,6,a,zero
A-rage-03,rage,anger,anger,false,6,a,zero
A-rage-04,rage,anger,anger,false,6,a,zero
A-rage-05,rage,anger,anger,false,6,a,zero
A-rage-06,rage,anger,anger,false,6,a,zero
A-rage-07,rage,anger,anger,false,6,a,zero
A-rage-08,rage,anger,anger,false,6,a,zero
A-rage-09,rage,anger,anger,false,6,a,zero
A-rage-10,rage,anger,anger,false,6,a,zero
A-terror-01,terror,fear,fear,false,6,a,zero
A-terror-02,terror,fear,fear,false,6,a,zero
A-terror-03,terror,fear,fear,false,6,a,zero
A-terror-04,terror,fear,fear,false,6,a,zero
A-terror-05,terror,fear,fear,false,6,a,zero
A-terror-06,terror,fear,fear,false,6,a,zero
A-terror-07,terror,fear,fear,false,6,a,zero
A-terror-08,terror,fear,fear,false,6,a,zero
A-terror-09,terror,anxiety,anxiety,false,6,a,zero
A-terror-10,terror,fear,fear,false,6,a,zero
A-vigilance-01,vigilance,fear,fear,false,6,a,zero
A-vigilance-02,vigilance,anxiety,anxiety,false,6,a,zero
A-vigilance-03,vigilance,fear,fear,false,6,a,zero
A-vigilance-04,vigilance,anxiety,anxiety,false,6,a,zero
A-vigilance-05,vigilance,anxiety,anxiety,false,6,a,zero
A-vigilance-06,vigilance,stress,anxiety,true,6,a,zero
A-vigilance-07,vigilance,anxiety,anxiety,false,6,a,zero
A-vigilance-08,vigilance,anticipation,anticipation,false,6,a,zero
A-vigilance-09,vigilance,anxiety,anxiety,false,6,a,zero
A-vigilance-10,vigilance,anxiety,anxiety,false,6,a,zero
A-admiration-01,admiration,surprise,surprise,false,7,a,zero
A-admiration-02,admiration,relief,relief,false,7,a,zero
A-admiration-03,admiration,relief,relief,false,7,a,zero
A-admiration-04,admiration,trust,trust,false,7,a,zero
A-admiration-05,admiration,relief,relief,false,7,a,zero
A-admiration-06,admiration,relief,relief,false,7,a,zero
A-admiration-07,admiration,relief,relief,false,7,a,zero
A-admiration-08,admiration,trust,trust,false,7,a,zero
A-admiration-09,admiration,betrayal,betrayal,false,7,a,zero
A-admiration-10,admiration,relief,relief,false,7,a,zero
A-amazement-01,amazement,surprise,surprise,false,7,a,zero
A-amazement-02,amazement,surprise,surprise,false,7,a,zero
A-amazement-03,amazement,surprise,surprise,false,7,a,zero
A-amazement-04,amazement,surprise,surprise,false,7,a,zero
A-amazement-05,amazement,surprise,surprise,false,7,a,zero
A-amazement-06,amazement,confusion,confusion,false,7,a,zero
A-amazement-07,amazement,surprise,surprise,false,7,a,zero
A-amazement-08,amazement,surprise,surprise,false,7,a,zero
A-amazement-09,amazement,surprise,surprise,false,7,a,zero
A-amazement-10,amazement,surprise,surprise,false,7,a,zero
A-ecstasy-01,ecstasy,pride,pride,false,7,a,zero
A-ecstasy-02,ecstasy,relief,relief,false,7,a,zero
A-ecstasy-03,ecstasy,happiness,happiness,false,7,a,zero
A-ecstasy-04,ecstasy,joy,joy,false,7,a,zero
A-ecstasy-05,ecstasy,joy,joy,false,7,a,zero
A-ecstasy-06,ecstasy,pride,pride,false,7,a,zero
A-ecstasy-07,ecstasy,pride,pride,false,7,a,zero
A-ecstasy-08,ecstasy,joy,joy,false,7,a,zero
A-ecstasy-09,ecstasy,excitement,excitement,false,7,a,zero
A-ecstasy-10,ecstasy,joy,joy,false,7,a,zero
A-grief-01,grief,sadness,sadness,false,7,a,zero
A-grief-02,grief,sadness,sadness,false,7,a,zero
A-grief-03,grief,grief,grief,false,7,a,zero
A-grief-04,grief,fear,fear,false,7,a,zero
A-grief-05,grief,grief,grief,false,7,a,zero
A-grief-06,grief,sadness,sadness,false,7,a,zero
A-grief-07,grief,sadness,sadness,false,7,a,zero
A-grief-08,grief,sadness,sadness,false,7,a,zero
A-grief-09,grief,sadness,sadness,false,7,a,zero
A-grief-10,grief,sadness,sadness,false,7,a,zero
A-loathing-01,loathing,disgust,disgust,false,7,a,zero
A-loathing-02,loathing,disappointment,disappointment,false,7,a,zero
A-loathing-03,loathing,anger,anger,false,7,a,zero
A-loathing-04,loathing,disgust,disgust,false,7,a,zero
A-loathing-05,loathing,disgust,disgust,false,7,a,zero
A-loathing-06,loathing,disgust,disgust,false,7,a,zero
A-loathing-07,loathing,anger,anger,false,7,a,zero
A-loathing-08,loathing,disgust,disgust,false,7,a,zero
A-loathing-09,loathing,disgust,disgust,false,7,a,zero
A-loathing-10,loathing,frustration,frustration,false,7,a,zero
A-rage-01,rage,anger,anger,false,7,a,zero
A-rage-02,rage,anger,anger,false,7,a,zero
A-rage-03,rage,anger,anger,false,7,a,zero
A-rage-04,rage,anger,anger,false,7,a,zero
A-rage-05,rage,anger,anger,false,7,a,zero
A-rage-06,rage,anger,anger,false,7,a,zero
A-rage-07,rage,anger,anger,false,7,a,zero
A-rage-08,rage,anger,anger,false,7,a,zero
A-rage-09,rage,anger,anger,false,7,a,zero
A-rage-10,rage,anger,anger,false,7,a,zero
A-terror-01,terror,fear,fear,false,7,a,zero
A-terror-02,terror,fear,fear,false,7,a,zero
A-terror-03,terror,fear,fear,false,7,a,zero
A-terror-04,terror,fear,fear,false,7,a,zero
A-terror-05,terror,fear,fear,false,7,a,zero
A-terror-06,terror,fear,fear,false,7,a,zero
A-terror-07,terror,fear,fear,false,7,a,zero
A-terror-08,terror,fear,fear,false,7,a,zero
A-terror-09,terror,anxiety,anxiety,false,7,a,zero
A-terror-10,terror,fear,fear,false,7,a,zero
A-vigilance-01,vigilance,fear,fear,false,7,a,zero
A-vigilance-02,vigilance,anxiety,anxiety,false,7,a,zero
A-vigilance-03,vigilance,fear,fear,false,7,a,zero
A-vigilance-04,vigilance,anxiety,anxiety,false,7,a,zero
A-vigilance-05,vigilance,anxiety,anxiety,false,7,a,zero
A-vigilance-06,vigilance,stress,anxiety,true,7,a,zero
A-vigilance-07,vigilance,anxiety,anxiety,false,7,a,zero
A-vigilance-08,vigilance,anticipation,anticipation,false,7,a,zero
A-vigilance-09,vigilance,anxiety,anxiety,false,7,a,zero
A-vigilance-10,vigilance,anxiety,anxiety,false,7,a,zero
A-admiration-01,admiration,surprise,surprise,false,8,a,zero
A-admiration-02,admiration,relief,relief,false,8,a,zero
A-admiration-03,admiration,relief,relief,false,8,a,zero
A-admiration-04,admiration,trust,trust,false,8,a,zero
A-admiration-05,admiration,relief,relief,false,8,a,zero
A-admiration-06,admiration,relief,relief,false,8,a,zero
A-admiration-07,admiration,relief,relief,false,8,a,zero
A-admiration-08,admiration,trust,trust,false,8,a,zero
A-admiration-09,admiration,betrayal,betrayal,false,8,a,zero
A-admiration-10,admiration,relief,relief,false,8,a,zero
A-amazement-01,amazement,surprise,surprise,false,8,a,zero
A-amazement-02,amazement,surprise,surprise,false,8,a,zero
A-amazement-03,amazement,surprise,surprise,false,8,a,zero
A-amazement-04,amazement,surprise,surprise,false,8,a,zero
A-amazement-05,amazement,surprise,surprise,false,8,a,zero
A-amazement-06,amazement,confusion,confusion,false,8,a,zero
A-amazement-07,amazement,surprise,surprise,false,8,a,zero
A-amazement-08,amazement,surprise,surprise,false,8,a,zero
A-amazement-09,amazement,surprise,surprise,false,8,a,zero
A-amazement-10,amazement,surprise,surprise,false,8,a,zero
A-ecstasy-01,ecstasy,pride,pride,false,8,a,zero
A-ecstasy-02,ecstasy,relief,relief,false,8,a,zero
A-ecstasy-03,ecstasy,happiness,happiness,false,8,a,zero
A-ecstasy-04,ecstasy,joy,joy,false,8,a,zero
A-ecstasy-05,ecstasy,joy,joy,false,8,a,zero
A-ecstasy-06,ecstasy,pride,pride,false,8,a,zero
A-ecstasy-07,ecstasy,pride,pride,false,8,a,zero
A-ecstasy-08,ecstasy,joy,joy,false,8,a,zero
A-ecstasy-09,ecstasy,excitement,excitement,false,8,a,zero
A-ecstasy-10,ecstasy,joy,joy,false,8,a,zero
A-grief-01,grief,sadness,sadness,false,8,a,zero
A-grief-02,grief,sadness,sadness,false,8,a,zero
A-grief-03,grief,grief,grief,false,8,a,zero
A-grief-04,grief,fear,fear,false,8,a,zero
A-grief-05,grief,grief,grief,false,8,a,zero
A-grief-06,grief,sadness,sadness,false,8,a,zero
A-grief-07,grief,sadness,sadness,false,8,a,zero
A-grief-08,grief,sadness,sadness,false,8,a,zero
A-grief-09,grief,sadness,sadness,false,8,a,zero
A-grief-10,grief,sadness,sadness,false,8,a,zero
A-loathing-01,loathing,disgust,disgust,false,8,a,zero
A-loathing-02,loathing,disappointment,disappointment,false,8,a,zero
A-loathing-03,loathing,anger,anger,false,8,a,zero
A-loathing-04,loathing,disgust,disgust,false,8,a,zero
A-loathing-05,loathing,disgust,disgust,false,8,a,zero
A-loathing-06,loathing,disgust,disgust,false,8,a,zero
A-loathing-07,loathing,anger,anger,false,8,a,zero
A-loathing-08,loathing,disgust,disgust,false,8,a,zero
A-loathing-09,loathing,disgust,disgust,false,8,a,zero
A-loathing-10,loathing,frustration,frustration,false,8,a,zero
A-rage-01,rage,anger,anger,false,8,a,zero
A-rage-02,rage,anger,anger,false,8,a,zero
A-rage-03,rage,anger,anger,false,8,a,zero
A-rage-04,rage,anger,anger,false,8,a,zero
A-rage-05,rage,anger,anger,false,8,a,zero
A-rage-06,rage,anger,anger,false,8,a,zero
A-rage-07,rage,anger,anger,false,8,a,zero
A-rage-08,rage,anger,anger,false,8,a,zero
A-rage-09,rage,anger,anger,false,8,a,zero
A-rage-10,rage,anger,anger,false,8,a,zero
A-terror-01,terror,fear,fear,false,8,a,zero
A-terror-02,terror,fear,fear,false,8,a,zero
A-terror-03,terror,fear,fear,false,8,a,zero
A-terror-04,terror,fear,fear,false,8,a,zero
A-terror-05,terror,fear,fear,false,8,a,zero
A-terror-06,terror,fear,fear,false,8,a,zero
A-terror-07,terror,fear,fear,false,8,a,zero
A-terror-08,terror,fear,fear,false,8,a,zero
A-terror-09,terror,anxiety,anxiety,false,8,a,zero
A-terror-10,terror,fear,fear,false,8,a,zero
A-vigilance-01,vigilance,fear,fear,false,8,a,zero
A-vigilance-02,vigilance,anxiety,anxiety,false,8,a,zero
A-vigilance-03,vigilance,fear,fear,false,8,a,zero
A-vigilance-04,vigilance,anxiety,anxiety,false,8,a,zero
A-vigilance-05,vigilance,anxiety,anxiety,false,8,a,zero
A-vigilance-06,vigilance,stress,anxiety,true,8,a,zero
A-vigilance-07,vigilance,anxiety,anxiety,false,8,a,zero
A-vigilance-08,vigilance,anticipation,anticipation,false,8,a,zero
A-vigilance-09,vigilance,anxiety,anxiety,false,8,a,zero
A-vigilance-10,vigilance,anxiety,anxiety,false,8,a,zero
A-admiration-01,admiration,surprise,surprise,false,9,a,zero
A-admiration-02,admiration,relief,relief,false,9,a,zero
A-admiration-03,admiration,relief,relief,false,9,a,zero
A-admiration-04,admiration,trust,trust,false,9,a,zero
A-admiration-05,admiration,relief,relief,false,9,a,zero
A-admiration-06,admiration,relief,relief,false,9,a,zero
A-admiration-07,admiration,relief,relief,false,9,a,zero
A-admiration-08,admiration,trust,trust,false,9,a,zero
A-admiration-09,admiration,betrayal,betrayal,false,9,a,zero
A-admiration-10,admiration,relief,relief,false,9,a,zero
A-amazement-01,amazement,surprise,surprise,false,9,a,zero
A-amazement-02,amazement,surprise,surprise,false,9,a,zero
A-amazement-03,amazement,surprise,surprise,false,9,a,zero
A-amazement-04,amazement,surprise,surprise,false,9,a,zero
A-amazement-05,amazement,surprise,surprise,false,9,a,zero
A-amazement-06,amazement,confusion,confusion,false,9,a,zero
A-amazement-07,amazement,surprise,surprise,false,9,a,zero
A-amazement-08,amazement,surprise,surprise,false,9,a,zero
A-amazement-09,amazement,surprise,surprise,false,9,a,zero
A-amazement-10,amazement,surprise,surprise,false,9,a,zero
A-ecstasy-01,ecstasy,pride,pride,false,9,a,zero
A-ecstasy-02,ecstasy,relief,relief,false,9,a,zero
A-ecstasy-03,ecstasy,happiness,happiness,false,9,a,zero
A-ecstasy-04,ecstasy,joy,joy,false,9,a,zero
A-ecstasy-05,ecstasy,joy,joy,false,9,a,zero
A-ecstasy-06,ecstasy,pride,pride,false,9,a,zero
A-ecstasy-07,ecstasy,pride,pride,false,9,a,zero
A-ecstasy-08,ecstasy,joy,joy,false,9,a,zero
A-ecstasy-09,ecstasy,excitement,excitement,false,9,a,zero
A-ecstasy-10,ecstasy,joy,joy,false,9,a,zero
A-grief-01,grief,sadness,sadness,false,9,a,zero
A-grief-02,grief,sadness,sadness,false,9,a,zero
A-grief-03,grief,grief,grief,false,9,a,zero
A-grief-04,grief,fear,fear,false,9,a,zero
A-grief-05,grief,grief,grief,false,9,a,zero
A-grief-06,grief,sadness,sadness,false,9,a,zero
A-grief-07,grief,sadness,sadness,false,9,a,zero
A-grief-08,grief,sadness,sadness,false,9,a,zero
A-grief-09,grief,sadness,sadness,false,9,a,zero
A-grief-10,grief,sadness,sadness,false,9,a,zero
A-loathing-01,loathing,disgust,disgust,false,9,a,zero
A-loathing-02,loathing,disappointment,disappointment,false,9,a,zero
A-loathing-03,loathing,anger,anger,false,9,a,zero
A-loathing-04,loathing,disgust,disgust,false,9,a,zero
A-loathing-05,loathing,disgust,disgust,false,9,a,zero
A-loathing-06,loathing,disgust,disgust,false,9,a,zero
A-loathing-07,loathing,anger,anger,false,9,a,zero
A-loathing-08,loathing,disgust,disgust,false,9,a,zero
A-loathing-09,loathing,disgust,disgust,false,9,a,zero
A-loathing-10,loathing,frustration,frustration,false,9,a,zero
A-rage-01,rage,anger,anger,false,9,a,zero
A-rage-02,rage,anger,anger,false,9,a,zero
A-rage-03,rage,anger,anger,false,9,a,zero
A-rage-04,rage,anger,anger,false,9,a,zero
A-rage-05,rage,anger,anger,false,9,a,zero
A-rage-06,rage,anger,anger,false,9,a,zero
A-rage-07,rage,anger,anger,false,9,a,zero
A-rage-08,rage,anger,anger,false,9,a,zero
A-rage-09,rage,anger,anger,false,9,a,zero
A-rage-10,rage,anger,anger,false,9,a,zero
A-terror-01,terror,fear,fear,false,9,a,zero
A-terror-02,terror,fear,fear,false,9,a,zero
A-terror-03,terror,fear,fear,false,9,a,zero
A-terror-04,terror,fear,fear,false,9,a,zero
A-terror-05,terror,fear,fear,false,9,a,zero
A-terror-06,terror,fear,fear,false,9,a,zero
A-terror-07,terror,fear,fear,false,9,a,zero
A-terror-08,terror,fear,fear,false,9,a,zero
A-terror-09,terror,anxiety,anxiety,false,9,a,zero
A-terror-10,terror,fear,fear,false,9,a,zero
A-vigilance-01,vigilance,fear,fear,false,9,a,zero
A-vigilance-02,vigilance,anxiety,anxiety,false,9,a,zero
A-vigilance-03,vigilance,fear,fear,false,9,a,zero
A-vigilance-04,vigilance,anxiety,anxiety,false,9,a,zero
A-vigilance-05,vigilance,anxiety,anxiety,false,9,a,zero
A-vigilance-06,vigilance,stress,anxiety,true,9,a,zero
A-vigilance-07,vigilance,anxiety,anxiety,false,9,a,zero
A-vigilance-08,vigilance,anticipation,anticipation,false,9,a,zero
A-vigilance-09,vigilance,anxiety,anxiety,false,9,a,zero
A-vigilance-10,vigilance,anxiety,anxiety,false,9,a,zero
A-admiration-01,admiration,surprise,surprise,false,10,a,zero
A-admiration-02,admiration,relief,relief,false,10,a,zero
A-admiration-03,admiration,relief,relief,false,10,a,zero
A-admiration-04,admiration,trust,trust,false,10,a,zero
A-admiration-05,admiration,relief,relief,false,10,a,zero
A-admiration-06,admiration,relief,relief,false,10,a,zero
A-admiration-07,admiration,relief,relief,false,10,a,zero
A-admiration-08,admiration,trust,trust,false,10,a,zero
A-admiration-09,admiration,betrayal,betrayal,false,10,a,zero
A-admiration-10,admiration,relief,relief,false,10,a,zero
A-amazement-01,amazement,surprise,surprise,false,10,a,zero
A-amazement-02,amazement,surprise,surprise,false,10,a,zero
A-amazement-03,amazement,surprise,surprise,false,10,a,zero
A-amazement-04,amazement,surprise,surprise,false,10,a,zero
A-amazement-05,amazement,surprise,surprise,false,10,a,zero
A-amazement-06,amazement,confusion,confusion,false,10,a,zero
A-amazement-07,amazement,surprise,surprise,false,10,a,zero
A-amazement-08,amazement,surprise,surprise,false,10,a,zero
A-amazement-09,amazement,surprise,surprise,false,10,a,zero
A-amazement-10,amazement,surprise,surprise,false,10,a,zero
A-ecstasy-01,ecstasy,pride,pride,false,10,a,zero
A-ecstasy-02,ecstasy,relief,relief,false,10,a,zero
A-ecstasy-03,ecstasy,happiness,happiness,false,10,a,zero
A-ecstasy-04,ecstasy,joy,joy,false,10,a,zero
A-ecstasy-05,ecstasy,joy,joy,false,10,a,zero
A-ecstasy-06,ecstasy,pride,pride,false,10,a,zero
A-ecstasy-07,ecstasy,pride,joy,true,10,a,zero
A-ecstasy-08,ecstasy,joy,joy,false,10,a,zero
A-ecstasy-09,ecstasy,excitement,excitement,false,10,a,zero
A-ecstasy-10,ecstasy,joy,joy,false,10,a,zero
A-grief-01,grief,sadness,sadness,false,10,a,zero
A-grief-02,grief,sadness,sadness,false,10,a,zero
A-grief-03,grief,grief,grief,false,10,a,zero
A-grief-04,grief,fear,fear,false,10,a,zero
A-grief-05,grief,grief,grief,false,10,a,zero
A-grief-06,grief,sadness,sadness,false,10,a,zero
A-grief-07,grief,sadness,sadness,false,10,a,zero
A-grief-08,grief,sadness,sadness,false,10,a,zero
A-grief-09,grief,sadness,sadness,false,10,a,zero
A-grief-10,grief,sadness,sadness,false,10,a,zero
A-loathing-01,loathing,disgust,disgust,false,10,a,zero
A-loathing-02,loathing,disappointment,disappointment,false,10,a,zero
A-loathing-03,loathing,anger,anger,false,10,a,zero
A-loathing-04,loathing,disgust,disgust,false,10,a,zero
A-loathing-05,loathing,disgust,disgust,false,10,a,zero
A-loathing-06,loathing,disgust,disgust,false,10,a,zero
A-loathing-07,loathing,anger,anger,false,10,a,zero
A-loathing-08,loathing,disgust,disgust,false,10,a,zero
A-loathing-09,loathing,disgust,disgust,false,10,a,zero
A-loathing-10,loathing,frustration,frustration,false,10,a,zero
A-rage-01,rage,anger,anger,false,10,a,zero
A-rage-02,rage,anger,anger,false,10,a,zero
A-rage-03,rage,anger,anger,false,10,a,zero
A-rage-04,rage,anger,anger,false,10,a,zero
A-rage-05,rage,anger,anger,false,10,a,zero
A-rage-06,rage,anger,anger,false,10,a,zero
A-rage-07,rage,anger,anger,false,10,a,zero
A-rage-08,rage,anger,anger,false,10,a,zero
A-rage-09,rage,anger,anger,false,10,a,zero
A-rage-10,rage,anger,anger,false,10,a,zero
A-terror-01,terror,fear,fear,false,10,a,zero
A-terror-02,terror,fear,fear,false,10,a,zero
A-terror-03,terror,fear,fear,false,10,a,zero
A-terror-04,terror,fear,fear,false,10,a,zero
A-terror-05,terror,fear,fear,false,10,a,zero
A-terror-06,terror,fear,fear,false,10,a,zero
A-terror-07,terror,fear,fear,false,10,a,zero
A-terror-08,terror,fear,fear,false,10,a,zero
A-terror-09,terror,anxiety,anxiety,false,10,a,zero
A-terror-10,terror,fear,fear,false,10,a,zero
A-vigilance-01,vigilance,fear,fear,false,10,a,zero
A-vigilance-02,vigilance,anxiety,anxiety,false,10,a,zero
A-vigilance-03,vigilance,fear,fear,false,10,a,zero
A-vigilance-04,vigilance,anxiety,anxiety,false,10,a,zero
A-vigilance-05,vigilance,anxiety,anxiety,false,10,a,zero
A-vigilance-06,vigilance,stress,stress,false,10,a,zero
A-vigilance-07,vigilance,anxiety,anxiety,false,10,a,zero
A-vigilance-08,vigilance,anticipation,anticipation,false,10,a,zero
A-vigilance-09,vigilance,anxiety,anxiety,false,10,a,zero
A-vigilance-10,vigilance,anxiety,anxiety,false,10,a,zero
A-admiration-01,admiration,surprise,surprise,false,11,a,zero
A-admiration-02,admiration,relief,relief,false,11,a,zero
A-admiration-03,admiration,relief,relief,false,11,a,zero
A-admiration-04,admiration,trust,trust,false,11,a,zero
A-admiration-05,admiration,relief,relief,false,11,a,zero
A-admiration-06,admiration,relief,relief,false,11,a,zero
A-admiration-07,admiration,relief,relief,false,11,a,zero
A-admiration-08,admiration,trust,trust,false,11,a,zero
A-admiration-09,admiration,betrayal,betrayal,false,11,a,zero
A-admiration-10,admiration,relief,relief,false,11,a,zero
A-amazement-01,amazement,surprise,surprise,false,11,a,zero
A-amazement-02,amazement,surprise,surprise,false,11,a,zero
A-amazement-03,amazement,surprise,surprise,false,11,a,zero
A-amazement-04,amazement,surprise,surprise,false,11,a,zero
A-amazement-05,amazement,surprise,surprise,false,11,a,zero
A-amazement-06,amazement,confusion,confusion,false,11,a,zero
A-amazement-07,amazement,surprise,surprise,false,11,a,zero
A-amazement-08,amazement,surprise,surprise,false,11,a,zero
A-amazement-09,amazement,surprise,surprise,false,11,a,zero
A-amazement-10,amazement,surprise,surprise,false,11,a,zero
A-ecstasy-01,ecstasy,pride,pride,false,11,a,zero
A-ecstasy-02,ecstasy,relief,relief,false,11,a,zero
A-ecstasy-03,ecstasy,happiness,happiness,false,11,a,zero
A-ecstasy-04,ecstasy,joy,joy,false,11,a,zero
A-ecstasy-05,ecstasy,joy,joy,false,11,a,zero
A-ecstasy-06,ecstasy,pride,pride,false,11,a,zero
A-ecstasy-07,ecstasy,pride,pride,false,11,a,zero
A-ecstasy-08,ecstasy,joy,joy,false,11,a,zero
A-ecstasy-09,ecstasy,excitement,excitement,false,11,a,zero
A-ecstasy-10,ecstasy,joy,joy,false,11,a,zero
A-grief-01,grief,sadness,sadness,false,11,a,zero
A-grief-02,grief,sadness,sadness,false,11,a,zero
A-grief-03,grief,grief,grief,false,11,a,zero
A-grief-04,grief,fear,fear,false,11,a,zero
A-grief-05,grief,grief,grief,false,11,a,zero
A-grief-06,grief,sadness,sadness,false,11,a,zero
A-grief-07,grief,sadness,sadness,false,11,a,zero
A-grief-08,grief,sadness,sadness,false,11,a,zero
A-grief-09,grief,sadness,sadness,false,11,a,zero
A-grief-10,grief,sadness,sadness,false,11,a,zero
A-loathing-01,loathing,disgust,disgust,false,11,a,zero
A-loathing-02,loathing,disappointment,disappointment,false,11,a,zero
A-loathing-03,loathing,anger,anger,false,11,a,zero
A-loathing-04,loathing,disgust,disgust,false,11,a,zero
A-loathing-05,loathing,disgust,disgust,false,11,a,zero
A-loathing-06,loathing,disgust,disgust,false,11,a,zero
A-loathing-07,loathing,anger,anger,false,11,a,zero
A-loathing-08,loathing,disgust,disgust,false,11,a,zero
A-loathing-09,loathing,disgust,disgust,false,11,a,zero
A-loathing-10,loathing,frustration,frustration,false,11,a,zero
A-rage-01,rage,anger,anger,false,11,a,zero
A-rage-02,rage,anger,anger,false,11,a,zero
A-rage-03,rage,anger,anger,false,11,a,zero
A-rage-04,rage,anger,anger,false,11,a,zero
A-rage-05,rage,anger,anger,false,11,a,zero
A-rage-06,rage,anger,anger,false,11,a,zero
A-rage-07,rage,anger,anger,false,11,a,zero
A-rage-08,rage,anger,anger,false,11,a,zero
A-rage-09,rage,anger,anger,false,11,a,zero
A-rage-10,rage,anger,anger,false,11,a,zero
A-terror-01,terror,fear,fear,false,11,a,zero
A-terror-02,terror,fear,fear,false,11,a,zero
A-terror-03,terror,fear,fear,false,11,a,zero
A-terror-04,terror,fear,fear,false,11,a,zero
A-terror-05,terror,fear,fear,false,11,a,zero
A-terror-06,terror,fear,fear,false,11,a,zero
A-terror-07,terror,fear,fear,false,11,a,zero
A-terror-08,terror,fear,fear,false,11,a,zero
A-terror-09,terror,anxiety,fear,true,11,a,zero
A-terror-10,terror,fear,fear,false,11,a,zero
A-vigilance-01,vigilance,fear,fear,false,11,a,zero
A-vigilance-02,vigilance,anxiety,anxiety,false,11,a,zero
A-vigilance-03,vigilance,fear,fear,false,11,a,zero
A-vigilance-04,vigilance,anxiety,anxiety,false,11,a,zero
A-vigilance-05,vigilance,anxiety,anxiety,false,11,a,zero
A-vigilance-06,vigilance,stress,stress,false,11,a,zero
A-vigilance-07,vigilance,anxiety,anxiety,false,11,a,zero
A-vigilance-08,vigilance,anticipation,anticipation,false,11,a,zero
A-vigilance-09,vigilance,anxiety,anxiety,false,11,a,zero
A-vigilance-10,vigilance,anxiety,anxiety,false,11,a,zero
A-admiration-01,admiration,surprise,surprise,false,12,a,zero
A-admiration-02,admiration,relief,relief,false,12,a,zero
A-admiration-03,admiration,relief,relief,false,12,a,zero
A-admiration-04,admiration,trust,trust,false,12,a,zero
A-admiration-05,admiration,relief,relief,false,12,a,zero
A-admiration-06,admiration,relief,relief,false,12,a,zero
A-admiration-07,admiration,relief,relief,false,12,a,zero
A-admiration-08,admiration,trust,trust,false,12,a,zero
A-admiration-09,admiration,betrayal,betrayal,false,12,a,zero
A-admiration-10,admiration,relief,relief,false,12,a,zero
A-amazement-01,amazement,surprise,surprise,false,12,a,zero
A-amazement-02,amazement,surprise,surprise,false,12,a,zero
A-amazement-03,amazement,surprise,surprise,false,12,a,zero
A-amazement-04,amazement,surprise,surprise,false,12,a,zero
A-amazement-05,amazement,surprise,surprise,false,12,a,zero
A-amazement-06,amazement,confusion,confusion,false,12,a,zero
A-amazement-07,amazement,surprise,surprise,false,12,a,zero
A-amazement-08,amazement,surprise,surprise,false,12,a,zero
A-amazement-09,amazement,surprise,surprise,false,12,a,zero
A-amazement-10,amazement,surprise,surprise,false,12,a,zero
A-ecstasy-01,ecstasy,pride,pride,false,12,a,zero
A-ecstasy-02,ecstasy,relief,relief,false,12,a,zero
A-ecstasy-03,ecstasy,happiness,happiness,false,12,a,zero
A-ecstasy-04,ecstasy,joy,joy,false,12,a,zero
A-ecstasy-05,ecstasy,joy,joy,false,12,a,zero
A-ecstasy-06,ecstasy,pride,pride,false,12,a,zero
A-ecstasy-07,ecstasy,pride,pride,false,12,a,zero
A-ecstasy-08,ecstasy,joy,joy,false,12,a,zero
A-ecstasy-09,ecstasy,excitement,excitement,false,12,a,zero
A-ecstasy-10,ecstasy,joy,joy,false,12,a,zero
A-grief-01,grief,sadness,sadness,false,12,a,zero
A-grief-02,grief,sadness,sadness,false,12,a,zero
A-grief-03,grief,grief,grief,false,12,a,zero
A-grief-04,grief,fear,fear,false,12,a,zero
A-grief-05,grief,grief,grief,false,12,a,zero
A-grief-06,grief,sadness,sadness,false,12,a,zero
A-grief-07,grief,sadness,sadness,false,12,a,zero
A-grief-08,grief,sadness,sadness,false,12,a,zero
A-grief-09,grief,sadness,sadness,false,12,a,zero
A-grief-10,grief,sadness,sadness,false,12,a,zero
A-loathing-01,loathing,disgust,disgust,false,12,a,zero
A-loathing-02,loathing,disappointment,disappointment,false,12,a,zero
A-loathing-03,loathing,anger,anger,false,12,a,zero
A-loathing-04,loathing,disgust,disgust,false,12,a,zero
A-loathing-05,loathing,disgust,disgust,false,12,a,zero
A-loathing-06,loathing,disgust,disgust,false,12,a,zero
A-loathing-07,loathing,anger,anger,false,12,a,zero
A-loathing-08,loathing,disgust,disgust,false,12,a,zero
A-loathing-09,loathing,disgust,disgust,false,12,a,zero
A-loathing-10,loathing,frustration,frustration,false,12,a,zero
A-rage-01,rage,anger,anger,false,12,a,zero
A-rage-02,rage,anger,anger,false,12,a,zero
A-rage-03,rage,anger,anger,false,12,a,zero
A-rage-04,rage,anger,anger,false,12,a,zero
A-rage-05,rage,anger,anger,false,12,a,zero
A-rage-06,rage,anger,anger,false,12,a,zero
A-rage-07,rage,anger,anger,false,12,a,zero
A-rage-08,rage,anger,anger,false,12,a,zero
A-rage-09,rage,anger,anger,false,12,a,zero
A-rage-10,rage,anger,anger,false,12,a,zero
A-terror-01,terror,fear,fear,false,12,a,zero
A-terror-02,terror,fear,fear,false,12,a,zero
A-terror-03,terror,fear,fear,false,12,a,zero
A-terror-04,terror,fear,fear,false,12,a,zero
A-terror-05,terror,fear,fear,false,12,a,zero
A-terror-06,terror,fear,fear,false,12,a,zero
A-terror-07,terror,fear,fear,false,12,a,zero
A-terror-08,terror,fear,fear,false,12,a,zero
A-terror-09,terror,anxiety,anxiety,false,12,a,zero
A-terror-10,terror,fear,fear,false,12,a,zero
A-vigilance-01,vigilance,fear,fear,false,12,a,zero
A-vigilance-02,vigilance,anxiety,anxiety,false,12,a,zero
A-vigilance-03,vigilance,fear,fear,false,12,a,zero
A-vigilance-04,vigilance,anxiety,anxiety,false,12,a,zero
A-vigilance-05,vigilance,anxiety,anxiety,false,12,a,zero
A-vigilance-06,vigilance,stress,stress,false,12,a,zero
A-vigilance-07,vigilance,anxiety,anxiety,false,12,a,zero
A-vigilance-08,vigilance,anticipation,anticipation,false,12,a,zero
A-vigilance-09,vigilance,anxiety,anxiety,false,12,a,zero
A-vigilance-10,vigilance,anxiety,anxiety,false,12,a,zero
A-admiration-01,admiration,surprise,surprise,false,13,a,zero
A-admiration-02,admiration,relief,relief,false,13,a,zero
A-admiration-03,admiration,relief,relief,false,13,a,zero
A-admiration-04,admiration,trust,trust,false,13,a,zero
A-admiration-05,admiration,relief,relief,false,13,a,zero
A-admiration-06,admiration,relief,relief,false,13,a,zero
A-admiration-07,admiration,relief,relief,false,13,a,zero
A-admiration-08,admiration,trust,trust,false,13,a,zero
A-admiration-09,admiration,betrayal,betrayal,false,13,a,zero
A-admiration-10,admiration,relief,relief,false,13,a,zero
A-amazement-01,amazement,surprise,surprise,false,13,a,zero
A-amazement-02,amazement,surprise,surprise,false,13,a,zero
A-amazement-03,amazement,surprise,surprise,false,13,a,zero
A-amazement-04,amazement,surprise,surprise,false,13,a,zero
A-amazement-05,amazement,surprise,surprise,false,13,a,zero
A-amazement-06,amazement,confusion,confusion,false,13,a,zero
A-amazement-07,amazement,surprise,surprise,false,13,a,zero
A-amazement-08,amazement,surprise,surprise,false,13,a,zero
A-amazement-09,amazement,surprise,surprise,false,13,a,zero
A-amazement-10,amazement,surprise,surprise,false,13,a,zero
A-ecstasy-01,ecstasy,pride,pride,false,13,a,zero
A-ecstasy-02,ecstasy,relief,relief,false,13,a,zero
A-ecstasy-03,ecstasy,happiness,happiness,false,13,a,zero
A-ecstasy-04,ecstasy,joy,joy,false,13,a,zero
A-ecstasy-05,ecstasy,joy,joy,false,13,a,zero
A-ecstasy-06,ecstasy,pride,pride,false,13,a,zero
A-ecstasy-07,ecstasy,pride,joy,true,13,a,zero
A-ecstasy-08,ecstasy,joy,joy,false,13,a,zero
A-ecstasy-09,ecstasy,excitement,excitement,false,13,a,zero
A-ecstasy-10,ecstasy,joy,joy,false,13,a,zero
A-grief-01,grief,sadness,sadness,false,13,a,zero
A-grief-02,grief,sadness,sadness,false,13,a,zero
A-grief-03,grief,grief,grief,false,13,a,zero
A-grief-04,grief,fear,fear,false,13,a,zero
A-grief-05,grief,grief,grief,false,13,a,zero
A-grief-06,grief,sadness,sadness,false,13,a,zero
A-grief-07,grief,sadness,sadness,false,13,a,zero
A-grief-08,grief,sadness,sadness,false,13,a,zero
A-grief-09,grief,sadness,sadness,false,13,a,zero
A-grief-10,grief,sadness,sadness,false,13,a,zero
A-loathing-01,loathing,disgust,disgust,false,13,a,zero
A-loathing-02,loathing,disappointment,disappointment,false,13,a,zero
A-loathing-03,loathing,anger,anger,false,13,a,zero
A-loathing-04,loathing,disgust,disgust,false,13,a,zero
A-loathing-05,loathing,disgust,disgust,false,13,a,zero
A-loathing-06,loathing,disgust,disgust,false,13,a,zero
A-loathing-07,loathing,anger,anger,false,13,a,zero
A-loathing-08,loathing,disgust,disgust,false,13,a,zero
A-loathing-09,loathing,disgust,disgust,false,13,a,zero
A-loathing-10,loathing,frustration,frustration,false,13,a,zero
A-rage-01,rage,anger,anger,false,13,a,zero
A-rage-02,rage,anger,anger,false,13,a,zero
A-rage-03,rage,anger,anger,false,13,a,zero
A-rage-04,rage,anger,anger,false,13,a,zero
A-rage-05,rage,anger,anger,false,13,a,zero
A-rage-06,rage,anger,anger,false,13,a,zero
A-rage-07,rage,anger,anger,false,13,a,zero
A-rage-08,rage,anger,anger,false,13,a,zero
A-rage-09,rage,anger,anger,false,13,a,zero
A-rage-10,rage,anger,anger,false,13,a,zero
A-terror-01,terror,fear,fear,false,13,a,zero
A-terror-02,terror,fear,fear,false,13,a,zero
A-terror-03,terror,fear,fear,false,13,a,zero
A-terror-04,terror,fear,fear,false,13,a,zero
A-terror-05,terror,fear,fear,false,13,a,zero
A-terror-06,terror,fear,fear,false,13,a,zero
A-terror-07,terror,fear,fear,false,13,a,zero
A-terror-08,terror,fear,fear,false,13,a,zero
A-terror-09,terror,anxiety,anxiety,false,13,a,zero
A-terror-10,terror,fear,fear,false,13,a,zero
A-vigilance-01,vigilance,fear,fear,false,13,a,zero
A-vigilance-02,vigilance,anxiety,anxiety,false,13,a,zero
A-vigilance-03,vigilance,fear,fear,false,13,a,zero
A-vigilance-04,vigilance,anxiety,anxiety,false,13,a,zero
A-vigilance-05,vigilance,anxiety,anxiety,false,13,a,zero
A-vigilance-06,vigilance,stress,stress,false,13,a,zero
A-vigilance-07,vigilance,anxiety,anxiety,false,13,a,zero
A-vigilance-08,vigilance,anticipation,anticipation,false,13,a,zero
A-vigilance-09,vigilance,anxiety,anxiety,false,13,a,zero
A-vigilance-10,vigilance,anxiety,anxiety,false,13,a,zero
A-admiration-01,admiration,surprise,surprise,false,14,a,zero
A-admiration-02,admiration,relief,relief,false,14,a,zero
A-admiration-03,admiration,relief,relief,false,14,a,zero
A-admiration-04,admiration,trust,trust,false,14,a,zero
A-admiration-05,admiration,relief,relief,false,14,a,zero
A-admiration-06,admiration,relief,relief,false,14,a,zero
A-admiration-07,admiration,relief,relief,false,14,a,zero
A-admiration-08,admiration,trust,trust,false,14,a,zero
A-admiration-09,admiration,betrayal,betrayal,false,14,a,zero
A-admiration-10,admiration,relief,relief,false,14,a,zero
A-amazement-01,amazement,surprise,surprise,false,14,a,zero
A-amazement-02,amazement,surprise,surprise,false,14,a,zero
A-amazement-03,amazement,surprise,surprise,false,14,a,zero
A-amazement-04,amazement,surprise,surprise,false,14,a,zero
A-amazement-05,amazement,surprise,surprise,false,14,a,zero
A-amazement-06,amazement,confusion,confusion,false,14,a,zero
A-amazement-07,amazement,surprise,surprise,false,14,a,zero
A-amazement-08,amazement,surprise,surprise,false,14,a,zero
A-amazement-09,amazement,surprise,surprise,false,14,a,zero
A-amazement-10,amazement,surprise,surprise,false,14,a,zero
A-ecstasy-01,ecstasy,pride,pride,false,14,a,zero
A-ecstasy-02,ecstasy,relief,relief,false,14,a,zero
A-ecstasy-03,ecstasy,happiness,happiness,false,14,a,zero
A-ecstasy-04,ecstasy,joy,joy,false,14,a,zero
A-ecstasy-05,ecstasy,joy,joy,false,14,a,zero
A-ecstasy-06,ecstasy,pride,pride,false,14,a,zero
A-ecstasy-07,ecstasy,pride,pride,false,14,a,zero
A-ecstasy-08,ecstasy,joy,joy,false,14,a,zero
A-ecstasy-09,ecstasy,excitement,excitement,false,14,a,zero
A-ecstasy-10,ecstasy,joy,joy,false,14,a,zero
A-grief-01,grief,sadness,sadness,false,14,a,zero
A-grief-02,grief,sadness,sadness,false,14,a,zero
A-grief-03,grief,grief,grief,false,14,a,zero
A-grief-04,grief,fear,fear,false,14,a,zero
A-grief-05,grief,grief,grief,false,14,a,zero
A-grief-06,grief,sadness,sadness,false,14,a,zero
A-grief-07,grief,sadness,sadness,false,14,a,zero
A-grief-08,grief,sadness,sadness,false,14,a,zero
A-grief-09,grief,sadness,sadness,false,14,a,zero
A-grief-10,grief,sadness,sadness,false,14,a,zero
A-loathing-01,loathing,disgust,disgust,false,14,a,zero
A-loathing-02,loathing,disappointment,disappointment,false,14,a,zero
A-loathing-03,loathing,anger,anger,false,14,a,zero
A-loathing-04,loathing,disgust,disgust,false,14,a,zero
A-loathing-05,loathing,disgust,disgust,false,14,a,zero
A-loathing-06,loathing,disgust,disgust,false,14,a,zero
A-loathing-07,loathing,anger,anger,false,14,a,zero
A-loathing-08,loathing,disgust,disgust,false,14,a,zero
A-loathing-09,loathing,disgust,disgust,false,14,a,zero
A-loathing-10,loathing,frustration,frustration,false,14,a,zero
A-rage-01,rage,anger,anger,false,14,a,zero
A-rage-02,rage,anger,anger,false,14,a,zero
A-rage-03,rage,anger,anger,false,14,a,zero
A-rage-04,rage,anger,anger,false,14,a,zero
A-rage-05,rage,anger,anger,false,14,a,zero
A-rage-06,rage,anger,anger,false,14,a,zero
A-rage-07,rage,anger,anger,false,14,a,zero
A-rage-08,rage,anger,anger,false,14,a,zero
A-rage-09,rage,anger,anger,false,14,a,zero
A-rage-10,rage,anger,anger,false,14,a,zero
A-terror-01,terror,fear,fear,false,14,a,zero
A-terror-02,terror,fear,fear,false,14,a,zero
A-terror-03,terror,fear,fear,false,14,a,zero
A-terror-04,terror,fear,fear,false,14,a,zero
A-terror-05,terror,fear,fear,false,14,a,zero
A-terror-06,terror,fear,fear,false,14,a,zero
A-terror-07,terror,fear,fear,false,14,a,zero
A-terror-08,terror,fear,fear,false,14,a,zero
A-terror-09,terror,anxiety,anxiety,false,14,a,zero
A-terror-10,terror,fear,fear,false,14,a,zero
A-vigilance-01,vigilance,fear,fear,false,14,a,zero
A-vigilance-02,vigilance,anxiety,anxiety,false,14,a,zero
A-vigilance-03,vigilance,fear,fear,false,14,a,zero
A-vigilance-04,vigilance,anxiety,anxiety,false,14,a,zero
A-vigilance-05,vigilance,anxiety,anxiety,false,14,a,zero
A-vigilance-06,vigilance,stress,stress,false,14,a,zero
A-vigilance-07,vigilance,anxiety,anxiety,false,14,a,zero
A-vigilance-08,vigilance,anticipation,anticipation,false,14,a,zero
A-vigilance-09,vigilance,anxiety,anxiety,false,14,a,zero
A-vigilance-10,vigilance,anxiety,anxiety,false,14,a,zero
A-admiration-01,admiration,surprise,surprise,false,15,a,zero
A-admiration-02,admiration,relief,relief,false,15,a,zero
A-admiration-03,admiration,relief,relief,false,15,a,zero
A-admiration-04,admiration,trust,trust,false,15,a,zero
A-admiration-05,admiration,relief,relief,false,15,a,zero
A-admiration-06,admiration,relief,relief,false,15,a,zero
A-admiration-07,admiration,relief,relief,false,15,a,zero
A-admiration-08,admiration,trust,trust,false,15,a,zero
A-admiration-09,admiration,betrayal,betrayal,false,15,a,zero
A-admiration-10,admiration,relief,relief,false,15,a,zero
A-amazement-01,amazement,surprise,surprise,false,15,a,zero
A-amazement-02,amazement,surprise,surprise,false,15,a,zero
A-amazement-03,amazement,surprise,surprise,false,15,a,zero
A-amazement-04,amazement,surprise,surprise,false,15,a,zero
A-amazement-05,amazement,surprise,surprise,false,15,a,zero
A-amazement-06,amazement,confusion,confusion,false,15,a,zero
A-amazement-07,amazement,surprise,surprise,false,15,a,zero
A-amazement-08,amazement,surprise,surprise,false,15,a,zero
A-amazement-09,amazement,surprise,surprise,false,15,a,zero
A-amazement-10,amazement,surprise,surprise,false,15,a,zero
A-ecstasy-01,ecstasy,pride,pride,false,15,a,zero
A-ecstasy-02,ecstasy,relief,relief,false,15,a,zero
A-ecstasy-03,ecstasy,happiness,happiness,false,15,a,zero
A-ecstasy-04,ecstasy,joy,joy,false,15,a,zero
A-ecstasy-05,ecstasy,joy,joy,false,15,a,zero
A-ecstasy-06,ecstasy,pride,pride,false,15,a,zero
A-ecstasy-07,ecstasy,pride,joy,true,15,a,zero
A-ecstasy-08,ecstasy,joy,joy,false,15,a,zero
A-ecstasy-09,ecstasy,excitement,excitement,false,15,a,zero
A-ecstasy-10,ecstasy,joy,joy,false,15,a,zero
A-grief-01,grief,sadness,sadness,false,15,a,zero
A-grief-02,grief,sadness,sadness,false,15,a,zero
A-grief-03,grief,grief,grief,false,15,a,zero
A-grief-04,grief,fear,fear,false,15,a,zero
A-grief-05,grief,grief,grief,false,15,a,zero
A-grief-06,grief,sadness,sadness,false,15,a,zero
A-grief-07,grief,sadness,sadness,false,15,a,zero
A-grief-08,grief,sadness,sadness,false,15,a,zero
A-grief-09,grief,sadness,sadness,false,15,a,zero
A-grief-10,grief,sadness,sadness,false,15,a,zero
A-loathing-01,loathing,disgust,disgust,false,15,a,zero
A-loathing-02,loathing,disappointment,disappointment,false,15,a,zero
A-loathing-03,loathing,anger,anger,false,15,a,zero
A-loathing-04,loathing,disgust,disgust,false,15,a,zero
A-loathing-05,loathing,disgust,disgust,false,15,a,zero
A-loathing-06,loathing,disgust,disgust,false,15,a,zero
A-loathing-07,loathing,anger,anger,false,15,a,zero
A-loathing-08,loathing,disgust,disgust,false,15,a,zero
A-loathing-09,loathing,disgust,disgust,false,15,a,zero
A-loathing-10,loathing,frustration,frustration,false,15,a,zero
A-rage-01,rage,anger,anger,false,15,a,zero
A-rage-02,rage,anger,anger,false,15,a,zero
A-rage-03,rage,anger,anger,false,15,a,zero
A-rage-04,rage,anger,anger,false,15,a,zero
A-rage-05,rage,anger,anger,false,15,a,zero
A-rage-06,rage,anger,anger,false,15,a,zero
A-rage-07,rage,anger,anger,false,15,a,zero
A-rage-08,rage,anger,anger,false,15,a,zero
A-rage-09,rage,anger,anger,false,15,a,zero
A-rage-10,rage,anger,anger,false,15,a,zero
A-terror-01,terror,fear,fear,false,15,a,zero
A-terror-02,terror,fear,fear,false,15,a,zero
A-terror-03,terror,fear,fear,false,15,a,zero
A-terror-04,terror,fear,fear,false,15,a,zero
A-terror-05,terror,fear,fear,false,15,a,zero
A-terror-06,terror,fear,fear,false,15,a,zero
A-terror-07,terror,fear,fear,false,15,a,zero
A-terror-08,terror,fear,fear,false,15,a,zero
A-terror-09,terror,anxiety,anxiety,false,15,a,zero
A-terror-10,terror,fear,fear,false,15,a,zero
A-vigilance-01,vigilance,fear,fear,false,15,a,zero
A-vigilance-02,vigilance,anxiety,anxiety,false,15,a,zero
A-vigilance-03,vigilance,fear,fear,false,15,a,zero
A-vigilance-04,vigilance,anxiety,anxiety,false,15,a,zero
A-vigilance-05,vigilance,anxiety,anxiety,false,15,a,zero
A-vigilance-06,vigilance,stress,anxiety,true,15,a,zero
A-vigilance-07,vigilance,anxiety,anxiety,false,15,a,zero
A-vigilance-08,vigilance,anticipation,anticipation,false,15,a,zero
A-vigilance-09,vigilance,anxiety,anxiety,false,15,a,zero
A-vigilance-10,vigilance,anxiety,anxiety,false,15,a,zero
A-admiration-01,admiration,surprise,surprise,false,16,a,zero
A-admiration-02,admiration,relief,relief,false,16,a,zero
A-admiration-03,admiration,relief,relief,false,16,a,zero
A-admiration-04,admiration,trust,trust,false,16,a,zero
A-admiration-05,admiration,relief,relief,false,16,a,zero
A-admiration-06,admiration,relief,relief,false,16,a,zero
A-admiration-07,admiration,relief,relief,false,16,a,zero
A-admiration-08,admiration,trust,relief,true,16,a,zero
A-admiration-09,admiration,betrayal,betrayal,false,16,a,zero
A-admiration-10,admiration,relief,relief,false,16,a,zero
A-amazement-01,amazement,surprise,surprise,false,16,a,zero
A-amazement-02,amazement,surprise,surprise,false,16,a,zero
A-amazement-03,amazement,surprise,surprise,false,16,a,zero
A-amazement-04,amazement,surprise,surprise,false,16,a,zero
A-amazement-05,amazement,surprise,surprise,false,16,a,zero
A-amazement-06,amazement,confusion,confusion,false,16,a,zero
A-amazement-07,amazement,surprise,surprise,false,16,a,zero
A-amazement-08,amazement,surprise,joy,true,16,a,zero
A-amazement-09,amazement,surprise,surprise,false,16,a,zero
A-amazement-10,amazement,surprise,surprise,false,16,a,zero
A-ecstasy-01,ecstasy,pride,pride,false,16,a,zero
A-ecstasy-02,ecstasy,relief,relief,false,16,a,zero
A-ecstasy-03,ecstasy,happiness,happiness,false,16,a,zero
A-ecstasy-04,ecstasy,joy,joy,false,16,a,zero
A-ecstasy-05,ecstasy,joy,joy,false,16,a,zero
A-ecstasy-06,ecstasy,pride,pride,false,16,a,zero
A-ecstasy-07,ecstasy,pride,pride,false,16,a,zero
A-ecstasy-08,ecstasy,joy,joy,false,16,a,zero
A-ecstasy-09,ecstasy,excitement,excitement,false,16,a,zero
A-ecstasy-10,ecstasy,joy,joy,false,16,a,zero
A-grief-01,grief,sadness,sadness,false,16,a,zero
A-grief-02,grief,sadness,sadness,false,16,a,zero
A-grief-03,grief,grief,grief,false,16,a,zero
A-grief-04,grief,fear,fear,false,16,a,zero
A-grief-05,grief,grief,grief,false,16,a,zero
A-grief-06,grief,sadness,sadness,false,16,a,zero
A-grief-07,grief,sadness,grief,true,16,a,zero
A-grief-08,grief,sadness,sadness,false,16,a,zero
A-grief-09,grief,sadness,sadness,false,16,a,zero
A-grief-10,grief,sadness,sadness,false,16,a,zero
A-loathing-01,loathing,disgust,disgust,false,16,a,zero
A-loathing-02,loathing,disappointment,disappointment,false,16,a,zero
A-loathing-03,loathing,anger,anger,false,16,a,zero
A-loathing-04,loathing,disgust,disgust,false,16,a,zero
A-loathing-05,loathing,disgust,disgust,false,16,a,zero
A-loathing-06,loathing,disgust,disgust,false,16,a,zero
A-loathing-07,loathing,anger,anger,false,16,a,zero
A-loathing-08,loathing,disgust,disgust,false,16,a,zero
A-loathing-09,loathing,disgust,disgust,false,16,a,zero
A-loathing-10,loathing,frustration,frustration,false,16,a,zero
A-rage-01,rage,anger,anger,false,16,a,zero
A-rage-02,rage,anger,anger,false,16,a,zero
A-rage-03,rage,anger,anger,false,16,a,zero
A-rage-04,rage,anger,anger,false,16,a,zero
A-rage-05,rage,anger,anger,false,16,a,zero
A-rage-06,rage,anger,anger,false,16,a,zero
A-rage-07,rage,anger,anger,false,16,a,zero
A-rage-08,rage,anger,anger,false,16,a,zero
A-rage-09,rage,anger,anger,false,16,a,zero
A-rage-10,rage,anger,anger,false,16,a,zero
A-terror-01,terror,fear,fear,false,16,a,zero
A-terror-02,terror,fear,fear,false,16,a,zero
A-terror-03,terror,fear,fear,false,16,a,zero
A-terror-04,terror,fear,fear,false,16,a,zero
A-terror-05,terror,fear,fear,false,16,a,zero
A-terror-06,terror,fear,fear,false,16,a,zero
A-terror-07,terror,fear,fear,false,16,a,zero
A-terror-08,terror,fear,fear,false,16,a,zero
A-terror-09,terror,anxiety,anxiety,false,16,a,zero
A-terror-10,terror,fear,fear,false,16,a,zero
A-vigilance-01,vigilance,fear,fear,false,16,a,zero
A-vigilance-02,vigilance,anxiety,anxiety,false,16,a,zero
A-vigilance-03,vigilance,fear,fear,false,16,a,zero
A-vigilance-04,vigilance,anxiety,anxiety,false,16,a,zero
A-vigilance-05,vigilance,anxiety,anxiety,false,16,a,zero
A-vigilance-06,vigilance,stress,stress,false,16,a,zero
A-vigilance-07,vigilance,anxiety,anxiety,false,16,a,zero
A-vigilance-08,vigilance,anticipation,anticipation,false,16,a,zero
A-vigilance-09,vigilance,anxiety,anxiety,false,16,a,zero
A-vigilance-10,vigilance,anxiety,anxiety,false,16,a,zero
A-admiration-01,admiration,surprise,surprise,false,17,a,zero
A-admiration-02,admiration,relief,trust,true,17,a,zero
A-admiration-03,admiration,relief,relief,false,17,a,zero
A-admiration-04,admiration,trust,trust,false,17,a,zero
A-admiration-05,admiration,relief,relief,false,17,a,zero
A-admiration-06,admiration,relief,relief,false,17,a,zero
A-admiration-07,admiration,relief,relief,false,17,a,zero
A-admiration-08,admiration,trust,trust,false,17,a,zero
A-admiration-09,admiration,betrayal,betrayal,false,17,a,zero
A-admiration-10,admiration,relief,relief,false,17,a,zero
A-amazement-01,amazement,surprise,surprise,false,17,a,zero
A-amazement-02,amazement,surprise,surprise,false,17,a,zero
A-amazement-03,amazement,surprise,surprise,false,17,a,zero
A-amazement-04,amazement,surprise,surprise,false,17,a,zero
A-amazement-05,amazement,surprise,surprise,false,17,a,zero
A-amazement-06,amazement,confusion,confusion,false,17,a,zero
A-amazement-07,amazement,surprise,surprise,false,17,a,zero
A-amazement-08,amazement,surprise,surprise,false,17,a,zero
A-amazement-09,amazement,surprise,surprise,false,17,a,zero
A-amazement-10,amazement,surprise,surprise,false,17,a,zero
A-ecstasy-01,ecstasy,pride,pride,false,17,a,zero
A-ecstasy-02,ecstasy,relief,relief,false,17,a,zero
A-ecstasy-03,ecstasy,happiness,happiness,false,17,a,zero
A-ecstasy-04,ecstasy,joy,joy,false,17,a,zero
A-ecstasy-05,ecstasy,joy,joy,false,17,a,zero
A-ecstasy-06,ecstasy,pride,joy,true,17,a,zero
A-ecstasy-07,ecstasy,pride,pride,false,17,a,zero
A-ecstasy-08,ecstasy,joy,joy,false,17,a,zero
A-ecstasy-09,ecstasy,excitement,excitement,false,17,a,zero
A-ecstasy-10,ecstasy,joy,joy,false,17,a,zero
A-grief-01,grief,sadness,sadness,false,17,a,zero
A-grief-02,grief,sadness,sadness,false,17,a,zero
A-grief-03,grief,grief,grief,false,17,a,zero
A-grief-04,grief,fear,fear,false,17,a,zero
A-grief-05,grief,grief,sadness,true,17,a,zero
A-grief-06,grief,sadness,sadness,false,17,a,zero
A-grief-07,grief,sadness,sadness,false,17,a,zero
A-grief-08,grief,sadness,sadness,false,17,a,zero
A-grief-09,grief,sadness,sadness,false,17,a,zero
A-grief-10,grief,sadness,sadness,false,17,a,zero
A-loathing-01,loathing,disgust,disgust,false,17,a,zero
A-loathing-02,loathing,disappointment,disappointment,false,17,a,zero
A-loathing-03,loathing,anger,anger,false,17,a,zero
A-loathing-04,loathing,disgust,disgust,false,17,a,zero
A-loathing-05,loathing,disgust,disgust,false,17,a,zero
A-loathing-06,loathing,disgust,disgust,false,17,a,zero
A-loathing-07,loathing,anger,sadness,true,17,a,zero
A-loathing-08,loathing,disgust,disgust,false,17,a,zero
A-loathing-09,loathing,disgust,disgust,false,17,a,zero
A-loathing-10,loathing,frustration,frustration,false,17,a,zero
A-rage-01,rage,anger,anger,false,17,a,zero
A-rage-02,rage,anger,anger,false,17,a,zero
A-rage-03,rage,anger,anger,false,17,a,zero
A-rage-04,rage,anger,anger,false,17,a,zero
A-rage-05,rage,anger,anger,false,17,a,zero
A-rage-06,rage,anger,anger,false,17,a,zero
A-rage-07,rage,anger,anger,false,17,a,zero
A-rage-08,rage,anger,anger,false,17,a,zero
A-rage-09,rage,anger,anger,false,17,a,zero
A-rage-10,rage,anger,anger,false,17,a,zero
A-terror-01,terror,fear,fear,false,17,a,zero
A-terror-02,terror,fear,fear,false,17,a,zero
A-terror-03,terror,fear,fear,false,17,a,zero
A-terror-04,terror,fear,fear,false,17,a,zero
A-terror-05,terror,fear,fear,false,17,a,zero
A-terror-06,terror,fear,fear,false,17,a,zero
A-terror-07,terror,fear,fear,false,17,a,zero
A-terror-08,terror,fear,fear,false,17,a,zero
A-terror-09,terror,anxiety,anxiety,false,17,a,zero
A-terror-10,terror,fear,fear,false,17,a,zero
A-vigilance-01,vigilance,fear,fear,false,17,a,zero
A-vigilance-02,vigilance,anxiety,anxiety,false,17,a,zero
A-vigilance-03,vigilance,fear,fear,false,17,a,zero
A-vigilance-04,vigilance,anxiety,anxiety,false,17,a,zero
A-vigilance-05,vigilance,anxiety,anxiety,false,17,a,zero
A-vigilance-06,vigilance,stress,anxiety,true,17,a,zero
A-vigilance-07,vigilance,anxiety,anxiety,false,17,a,zero
A-vigilance-08,vigilance,anticipation,anticipation,false,17,a,zero
A-vigilance-09,vigilance,anxiety,anxiety,false,17,a,zero
A-vigilance-10,vigilance,anxiety,anxiety,false,17,a,zero
A-admiration-01,admiration,surprise,surprise,false,18,a,zero
A-admiration-02,admiration,relief,relief,false,18,a,zero
A-admiration-03,admiration,relief,relief,false,18,a,zero
A-admiration-04,admiration,trust,trust,false,18,a,zero
A-admiration-05,admiration,relief,relief,false,18,a,zero
A-admiration-06,admiration,relief,relief,false,18,a,zero
A-admiration-07,admiration,relief,relief,false,18,a,zero
A-admiration-08,admiration,trust,trust,false,18,a,zero
A-admiration-09,admiration,betrayal,betrayal,false,18,a,zero
A-admiration-10,admiration,relief,relief,false,18,a,zero
A-amazement-01,amazement,surprise,surprise,false,18,a,zero
A-amazement-02,amazement,surprise,surprise,false,18,a,zero
A-amazement-03,amazement,surprise,surprise,false,18,a,zero
A-amazement-04,amazement,surprise,surprise,false,18,a,zero
A-amazement-05,amazement,surprise,surprise,false,18,a,zero
A-amazement-06,amazement,confusion,confusion,false,18,a,zero
A-amazement-07,amazement,surprise,surprise,false,18,a,zero
A-amazement-08,amazement,surprise,surprise,false,18,a,zero
A-amazement-09,amazement,surprise,surprise,false,18,a,zero
A-amazement-10,amazement,surprise,surprise,false,18,a,zero
A-ecstasy-01,ecstasy,pride,pride,false,18,a,zero
A-ecstasy-02,ecstasy,relief,relief,false,18,a,zero
A-ecstasy-03,ecstasy,happiness,relief,true,18,a,zero
A-ecstasy-04,ecstasy,joy,joy,false,18,a,zero
A-ecstasy-05,ecstasy,joy,joy,false,18,a,zero
A-ecstasy-06,ecstasy,pride,pride,false,18,a,zero
A-ecstasy-07,ecstasy,pride,pride,false,18,a,zero
A-ecstasy-08,ecstasy,joy,joy,false,18,a,zero
A-ecstasy-09,ecstasy,excitement,excitement,false,18,a,zero
A-ecstasy-10,ecstasy,joy,joy,false,18,a,zero
A-grief-01,grief,sadness,sadness,false,18,a,zero
A-grief-02,grief,sadness,sadness,false,18,a,zero
A-grief-03,grief,grief,grief,false,18,a,zero
A-grief-04,grief,fear,fear,false,18,a,zero
A-grief-05,grief,grief,grief,false,18,a,zero
A-grief-06,grief,sadness,sadness,false,18,a,zero
A-grief-07,grief,sadness,grief,true,18,a,zero
A-grief-08,grief,sadness,sadness,false,18,a,zero
A-grief-09,grief,sadness,sadness,false,18,a,zero
A-grief-10,grief,sadness,sadness,false,18,a,zero
A-loathing-01,loathing,disgust,disgust,false,18,a,zero
A-loathing-02,loathing,disappointment,disappointment,false,18,a,zero
A-loathing-03,loathing,anger,anger,false,18,a,zero
A-loathing-04,loathing,disgust,disgust,false,18,a,zero
A-loathing-05,loathing,disgust,disgust,false,18,a,zero
A-loathing-06,loathing,disgust,disgust,false,18,a,zero
A-loathing-07,loathing,anger,anger,false,18,a,zero
A-loathing-08,loathing,disgust,disgust,false,18,a,zero
A-loathing-09,loathing,disgust,disgust,false,18,a,zero
A-loathing-10,loathing,frustration,frustration,false,18,a,zero
A-rage-01,rage,anger,anger,false,18,a,zero
A-rage-02,rage,anger,anger,false,18,a,zero
A-rage-03,rage,anger,anger,false,18,a,zero
A-rage-04,rage,anger,anger,false,18,a,zero
A-rage-05,rage,anger,anger,false,18,a,zero
A-rage-06,rage,anger,anger,false,18,a,zero
A-rage-07,rage,anger,anger,false,18,a,zero
A-rage-08,rage,anger,anger,false,18,a,zero
A-rage-09,rage,anger,anger,false,18,a,zero
A-rage-10,rage,anger,anger,false,18,a,zero
A-terror-01,terror,fear,fear,false,18,a,zero
A-terror-02,terror,fear,fear,false,18,a,zero
A-terror-03,terror,fear,fear,false,18,a,zero
A-terror-04,terror,fear,fear,false,18,a,zero
A-terror-05,terror,fear,fear,false,18,a,zero
A-terror-06,terror,fear,fear,false,18,a,zero
A-terror-07,terror,fear,fear,false,18,a,zero
A-terror-08,terror,fear,fear,false,18,a,zero
A-terror-09,terror,anxiety,anxiety,false,18,a,zero
A-terror-10,terror,fear,fear,false,18,a,zero
A-vigilance-01,vigilance,fear,fear,false,18,a,zero
A-vigilance-02,vigilance,anxiety,anxiety,false,18,a,zero
A-vigilance-03,vigilance,fear,fear,false,18,a,zero
A-vigilance-04,vigilance,anxiety,anxiety,false,18,a,zero
A-vigilance-05,vigilance,anxiety,anxiety,false,18,a,zero
A-vigilance-06,vigilance,stress,anxiety,true,18,a,zero
A-vigilance-07,vigilance,anxiety,anxiety,false,18,a,zero
A-vigilance-08,vigilance,anticipation,anticipation,false,18,a,zero
A-vigilance-09,vigilance,anxiety,anxiety,false,18,a,zero
A-vigilance-10,vigilance,anxiety,anxiety,false,18,a,zero
A-admiration-01,admiration,surprise,trust,true,19,a,zero
A-admiration-02,admiration,relief,relief,false,19,a,zero
A-admiration-03,admiration,relief,relief,false,19,a,zero
A-admiration-04,admiration,trust,trust,false,19,a,zero
A-admiration-05,admiration,relief,relief,false,19,a,zero
A-admiration-06,admiration,relief,relief,false,19,a,zero
A-admiration-07,admiration,relief,relief,false,19,a,zero
A-admiration-08,admiration,trust,trust,false,19,a,zero
A-admiration-09,admiration,betrayal,betrayal,false,19,a,zero
A-admiration-10,admiration,relief,relief,false,19,a,zero
A-amazement-01,amazement,surprise,surprise,false,19,a,zero
A-amazement-02,amazement,surprise,joy,true,19,a,zero
A-amazement-03,amazement,surprise,surprise,false,19,a,zero
A-amazement-04,amazement,surprise,surprise,false,19,a,zero
A-amazement-05,amazement,surprise,surprise,false,19,a,zero
A-amazement-06,amazement,confusion,confusion,false,19,a,zero
A-amazement-07,amazement,surprise,surprise,false,19,a,zero
A-amazement-08,amazement,surprise,joy,true,19,a,zero
A-amazement-09,amazement,surprise,surprise,false,19,a,zero
A-amazement-10,amazement,surprise,surprise,false,19,a,zero
A-ecstasy-01,ecstasy,pride,pride,false,19,a,zero
A-ecstasy-02,ecstasy,relief,relief,false,19,a,zero
A-ecstasy-03,ecstasy,happiness,happiness,false,19,a,zero
A-ecstasy-04,ecstasy,joy,joy,false,19,a,zero
A-ecstasy-05,ecstasy,joy,joy,false,19,a,zero
A-ecstasy-06,ecstasy,pride,pride,false,19,a,zero
A-ecstasy-07,ecstasy,pride,pride,false,19,a,zero
A-ecstasy-08,ecstasy,joy,joy,false,19,a,zero
A-ecstasy-09,ecstasy,excitement,excitement,false,19,a,zero
A-ecstasy-10,ecstasy,joy,joy,false,19,a,zero
A-grief-01,grief,sadness,sadness,false,19,a,zero
A-grief-02,grief,sadness,sadness,false,19,a,zero
A-grief-03,grief,grief,grief,false,19,a,zero
A-grief-04,grief,fear,fear,false,19,a,zero
A-grief-05,grief,grief,sadness,true,19,a,zero
A-grief-06,grief,sadness,sadness,false,19,a,zero
A-grief-07,grief,sadness,sadness,false,19,a,zero
A-grief-08,grief,sadness,sadness,false,19,a,zero
A-grief-09,grief,sadness,sadness,false,19,a,zero
A-grief-10,grief,sadness,sadness,false,19,a,zero
A-loathing-01,loathing,disgust,disgust,false,19,a,zero
A-loathing-02,loathing,disappointment,disappointment,false,19,a,zero
A-loathing-03,loathing,anger,anger,false,19,a,zero
A-loathing-04,loathing,disgust,disgust,false,19,a,zero
A-loathing-05,loathing,disgust,disgust,false,19,a,zero
A-loathing-06,loathing,disgust,disgust,false,19,a,zero
A-loathing-07,loathing,anger,anger,false,19,a,zero
A-loathing-08,loathing,disgust,disgust,false,19,a,zero
A-loathing-09,loathing,disgust,disgust,false,19,a,zero
A-loathing-10,loathing,frustration,frustration,false,19,a,zero
A-rage-01,rage,anger,anger,false,19,a,zero
A-rage-02,rage,anger,anger,false,19,a,zero
A-rage-03,rage,anger,anger,false,19,a,zero
A-rage-04,rage,anger,anger,false,19,a,zero
A-rage-05,rage,anger,anger,false,19,a,zero
A-rage-06,rage,anger,anger,false,19,a,zero
A-rage-07,rage,anger,anger,false,19,a,zero
A-rage-08,rage,anger,anger,false,19,a,zero
A-rage-09,rage,anger,anger,false,19,a,zero
A-rage-10,rage,anger,anger,false,19,a,zero
A-terror-01,terror,fear,fear,false,19,a,zero
A-terror-02,terror,fear,fear,false,19,a,zero
A-terror-03,terror,fear,fear,false,19,a,zero
A-terror-04,terror,fear,fear,false,19,a,zero
A-terror-05,terror,fear,fear,false,19,a,zero
A-terror-06,terror,fear,fear,false,19,a,zero
A-terror-07,terror,fear,fear,false,19,a,zero
A-terror-08,terror,fear,fear,false,19,a,zero
A-terror-09,terror,anxiety,anxiety,false,19,a,zero
A-terror-10,terror,fear,fear,false,19,a,zero
A-vigilance-01,vigilance,fear,fear,false,19,a,zero
A-vigilance-02,vigilance,anxiety,anxiety,false,19,a,zero
A-vigilance-03,vigilance,fear,fear,false,19,a,zero
A-vigilance-04,vigilance,anxiety,anxiety,false,19,a,zero
A-vigilance-05,vigilance,anxiety,anxiety,false,19,a,zero
A-vigilance-06,vigilance,stress,anxiety,true,19,a,zero
A-vigilance-07,vigilance,anxiety,anxiety,false,19,a,zero
A-vigilance-08,vigilance,anticipation,anticipation,false,19,a,zero
A-vigilance-09,vigilance,anxiety,anxiety,false,19,a,zero
A-vigilance-10,vigilance,anxiety,anxiety,false,19,a,zero
A-admiration-01,admiration,surprise,love,true,20,a,zero
A-admiration-02,admiration,relief,relief,false,20,a,zero
A-admiration-03,admiration,relief,relief,false,20,a,zero
A-admiration-04,admiration,trust,trust,false,20,a,zero
A-admiration-05,admiration,relief,relief,false,20,a,zero
A-admiration-06,admiration,relief,relief,false,20,a,zero
A-admiration-07,admiration,relief,relief,false,20,a,zero
A-admiration-08,admiration,trust,relief,true,20,a,zero
A-admiration-09,admiration,betrayal,betrayal,false,20,a,zero
A-admiration-10,admiration,relief,relief,false,20,a,zero
A-amazement-01,amazement,surprise,surprise,false,20,a,zero
A-amazement-02,amazement,surprise,joy,true,20,a,zero
A-amazement-03,amazement,surprise,surprise,false,20,a,zero
A-amazement-04,amazement,surprise,surprise,false,20,a,zero
A-amazement-05,amazement,surprise,surprise,false,20,a,zero
A-amazement-06,amazement,confusion,confusion,false,20,a,zero
A-amazement-07,amazement,surprise,surprise,false,20,a,zero
A-amazement-08,amazement,surprise,joy,true,20,a,zero
A-amazement-09,amazement,surprise,surprise,false,20,a,zero
A-amazement-10,amazement,surprise,surprise,false,20,a,zero
A-ecstasy-01,ecstasy,pride,pride,false,20,a,zero
A-ecstasy-02,ecstasy,relief,relief,false,20,a,zero
A-ecstasy-03,ecstasy,happiness,relief,true,20,a,zero
A-ecstasy-04,ecstasy,joy,joy,false,20,a,zero
A-ecstasy-05,ecstasy,joy,joy,false,20,a,zero
A-ecstasy-06,ecstasy,pride,pride,false,20,a,zero
A-ecstasy-07,ecstasy,pride,pride,false,20,a,zero
A-ecstasy-08,ecstasy,joy,joy,false,20,a,zero
A-ecstasy-09,ecstasy,excitement,excitement,false,20,a,zero
A-ecstasy-10,ecstasy,joy,joy,false,20,a,zero
A-grief-01,grief,sadness,sadness,false,20,a,zero
A-grief-02,grief,sadness,anger,true,20,a,zero
A-grief-03,grief,grief,grief,false,20,a,zero
A-grief-04,grief,fear,fear,false,20,a,zero
A-grief-05,grief,grief,grief,false,20,a,zero
A-grief-06,grief,sadness,sadness,false,20,a,zero
A-grief-07,grief,sadness,grief,true,20,a,zero
A-grief-08,grief,sadness,sadness,false,20,a,zero
A-grief-09,grief,sadness,sadness,false,20,a,zero
A-grief-10,grief,sadness,sadness,false,20,a,zero
A-loathing-01,loathing,disgust,disgust,false,20,a,zero
A-loathing-02,loathing,disappointment,disappointment,false,20,a,zero
A-loathing-03,loathing,anger,anger,false,20,a,zero
A-loathing-04,loathing,disgust,disgust,false,20,a,zero
A-loathing-05,loathing,disgust,disgust,false,20,a,zero
A-loathing-06,loathing,disgust,disgust,false,20,a,zero
A-loathing-07,loathing,anger,anger,false,20,a,zero
A-loathing-08,loathing,disgust,disgust,false,20,a,zero
A-loathing-09,loathing,disgust,disgust,false,20,a,zero
A-loathing-10,loathing,frustration,frustration,false,20,a,zero
A-rage-01,rage,anger,anger,false,20,a,zero
A-rage-02,rage,anger,anger,false,20,a,zero
A-rage-03,rage,anger,anger,false,20,a,zero
A-rage-04,rage,anger,anger,false,20,a,zero
A-rage-05,rage,anger,anger,false,20,a,zero
A-rage-06,rage,anger,anger,false,20,a,zero
A-rage-07,rage,anger,anger,false,20,a,zero
A-rage-08,rage,anger,anger,false,20,a,zero
A-rage-09,rage,anger,anger,false,20,a,zero
A-rage-10,rage,anger,anger,false,20,a,zero
A-terror-01,terror,fear,fear,false,20,a,zero
A-terror-02,terror,fear,fear,false,20,a,zero
A-terror-03,terror,fear,fear,false,20,a,zero
A-terror-04,terror,fear,fear,false,20,a,zero
A-terror-05,terror,fear,fear,false,20,a,zero
A-terror-06,terror,fear,fear,false,20,a,zero
A-terror-07,terror,fear,fear,false,20,a,zero
A-terror-08,terror,fear,fear,false,20,a,zero
A-terror-09,terror,anxiety,anxiety,false,20,a,zero
A-terror-10,terror,fear,fear,false,20,a,zero
A-vigilance-01,vigilance,fear,fear,false,20,a,zero
A-vigilance-02,vigilance,anxiety,anxiety,false,20,a,zero
A-vigilance-03,vigilance,fear,fear,false,20,a,zero
A-vigilance-04,vigilance,anxiety,anxiety,false,20,a,zero
A-vigilance-05,vigilance,anxiety,anxiety,false,20,a,zero
A-vigilance-06,vigilance,stress,anxiety,true,20,a,zero
A-vigilance-07,vigilance,anxiety,anxiety,false,20,a,zero
A-vigilance-08,vigilance,anticipation,anticipation,false,20,a,zero
A-vigilance-09,vigilance,anxiety,anxiety,false,20,a,zero
A-vigilance-10,vigilance,anxiety,anxiety,false,20,a,zero
A-admiration-01,admiration,surprise,surprise,false,21,a,zero
A-admiration-02,admiration,relief,relief,false,21,a,zero
A-admiration-03,admiration,relief,relief,false,21,a,zero
A-admiration-04,admiration,trust,trust,false,21,a,zero
A-admiration-05,admiration,relief,relief,false,21,a,zero
A-admiration-06,admiration,relief,relief,false,21,a,zero
A-admiration-07,admiration,relief,relief,false,21,a,zero
A-admiration-08,admiration,trust,relief,true,21,a,zero
A-admiration-09,admiration,betrayal,betrayal,false,21,a,zero
A-admiration-10,admiration,relief,relief,false,21,a,zero
A-amazement-01,amazement,surprise,surprise,false,21,a,zero
A-amazement-02,amazement,surprise,surprise,false,21,a,zero
A-amazement-03,amazement,surprise,surprise,false,21,a,zero
A-amazement-04,amazement,surprise,surprise,false,21,a,zero
A-amazement-05,amazement,surprise,surprise,false,21,a,zero
A-amazement-06,amazement,confusion,confusion,false,21,a,zero
A-amazement-07,amazement,surprise,surprise,false,21,a,zero
A-amazement-08,amazement,surprise,surprise,false,21,a,zero
A-amazement-09,amazement,surprise,surprise,false,21,a,zero
A-amazement-10,amazement,surprise,surprise,false,21,a,zero
A-ecstasy-01,ecstasy,pride,pride,false,21,a,zero
A-ecstasy-02,ecstasy,relief,relief,false,21,a,zero
A-ecstasy-03,ecstasy,happiness,relief,true,21,a,zero
A-ecstasy-04,ecstasy,joy,joy,false,21,a,zero
A-ecstasy-05,ecstasy,joy,joy,false,21,a,zero
A-ecstasy-06,ecstasy,pride,pride,false,21,a,zero
A-ecstasy-07,ecstasy,pride,joy,true,21,a,zero
A-ecstasy-08,ecstasy,joy,joy,false,21,a,zero
A-ecstasy-09,ecstasy,excitement,excitement,false,21,a,zero
A-ecstasy-10,ecstasy,joy,joy,false,21,a,zero
A-grief-01,grief,sadness,sadness,false,21,a,zero
A-grief-02,grief,sadness,sadness,false,21,a,zero
A-grief-03,grief,grief,grief,false,21,a,zero
A-grief-04,grief,fear,sadness,true,21,a,zero
A-grief-05,grief,grief,sadness,true,21,a,zero
A-grief-06,grief,sadness,sadness,false,21,a,zero
A-grief-07,grief,sadness,sadness,false,21,a,zero
A-grief-08,grief,sadness,sadness,false,21,a,zero
A-grief-09,grief,sadness,sadness,false,21,a,zero
A-grief-10,grief,sadness,sadness,false,21,a,zero
A-loathing-01,loathing,disgust,disgust,false,21,a,zero
A-loathing-02,loathing,disappointment,disappointment,false,21,a,zero
A-loathing-03,loathing,anger,anger,false,21,a,zero
A-loathing-04,loathing,disgust,disgust,false,21,a,zero
A-loathing-05,loathing,disgust,disgust,false,21,a,zero
A-loathing-06,loathing,disgust,disgust,false,21,a,zero
A-loathing-07,loathing,anger,sadness,true,21,a,zero
A-loathing-08,loathing,disgust,disgust,false,21,a,zero
A-loathing-09,loathing,disgust,disgust,false,21,a,zero
A-loathing-10,loathing,frustration,frustration,false,21,a,zero
A-rage-01,rage,anger,anger,false,21,a,zero
A-rage-02,rage,anger,anger,false,21,a,zero
A-rage-03,rage,anger,anger,false,21,a,zero
A-rage-04,rage,anger,anger,false,21,a,zero
A-rage-05,rage,anger,anger,false,21,a,zero
A-rage-06,rage,anger,anger,false,21,a,zero
A-rage-07,rage,anger,anger,false,21,a,zero
A-rage-08,rage,anger,anger,false,21,a,zero
A-rage-09,rage,anger,anger,false,21,a,zero
A-rage-10,rage,anger,anger,false,21,a,zero
A-terror-01,terror,fear,fear,false,21,a,zero
A-terror-02,terror,fear,fear,false,21,a,zero
A-terror-03,terror,fear,fear,false,21,a,zero
A-terror-04,terror,fear,fear,false,21,a,zero
A-terror-05,terror,fear,fear,false,21,a,zero
A-terror-06,terror,fear,fear,false,21,a,zero
A-terror-07,terror,fear,fear,false,21,a,zero
A-terror-08,terror,fear,fear,false,21,a,zero
A-terror-09,terror,anxiety,anxiety,false,21,a,zero
A-terror-10,terror,fear,fear,false,21,a,zero
A-vigilance-01,vigilance,fear,fear,false,21,a,zero
A-vigilance-02,vigilance,anxiety,anxiety,false,21,a,zero
A-vigilance-03,vigilance,fear,fear,false,21,a,zero
A-vigilance-04,vigilance,anxiety,anxiety,false,21,a,zero
A-vigilance-05,vigilance,anxiety,anxiety,false,21,a,zero
A-vigilance-06,vigilance,stress,stress,false,21,a,zero
A-vigilance-07,vigilance,anxiety,anxiety,false,21,a,zero
A-vigilance-08,vigilance,anticipation,anticipation,false,21,a,zero
A-vigilance-09,vigilance,anxiety,anxiety,false,21,a,zero
A-vigilance-10,vigilance,anxiety,anxiety,false,21,a,zero
A-admiration-01,admiration,surprise,surprise,false,22,a,zero
A-admiration-02,admiration,relief,trust,true,22,a,zero
A-admiration-03,admiration,relief,relief,false,22,a,zero
A-admiration-04,admiration,trust,trust,false,22,a,zero
A-admiration-05,admiration,relief,relief,false,22,a,zero
A-admiration-06,admiration,relief,relief,false,22,a,zero
A-admiration-07,admiration,relief,relief,false,22,a,zero
A-admiration-08,admiration,trust,trust,false,22,a,zero
A-admiration-09,admiration,betrayal,betrayal,false,22,a,zero
A-admiration-10,admiration,relief,relief,false,22,a,zero
A-amazement-01,amazement,surprise,surprise,false,22,a,zero
A-amazement-02,amazement,surprise,surprise,false,22,a,zero
A-amazement-03,amazement,surprise,surprise,false,22,a,zero
A-amazement-04,amazement,surprise,surprise,false,22,a,zero
A-amazement-05,amazement,surprise,surprise,false,22,a,zero
A-amazement-06,amazement,confusion,confusion,false,22,a,zero
A-amazement-07,amazement,surprise,surprise,false,22,a,zero
A-amazement-08,amazement,surprise,surprise,false,22,a,zero
A-amazement-09,amazement,surprise,surprise,false,22,a,zero
A-amazement-10,amazement,surprise,surprise,false,22,a,zero
A-ecstasy-01,ecstasy,pride,pride,false,22,a,zero
A-ecstasy-02,ecstasy,relief,joy,true,22,a,zero
A-ecstasy-03,ecstasy,happiness,happiness,false,22,a,zero
A-ecstasy-04,ecstasy,joy,joy,false,22,a,zero
A-ecstasy-05,ecstasy,joy,joy,false,22,a,zero
A-ecstasy-06,ecstasy,pride,pride,false,22,a,zero
A-ecstasy-07,ecstasy,pride,joy,true,22,a,zero
A-ecstasy-08,ecstasy,joy,joy,false,22,a,zero
A-ecstasy-09,ecstasy,excitement,excitement,false,22,a,zero
A-ecstasy-10,ecstasy,joy,joy,false,22,a,zero
A-grief-01,grief,sadness,sadness,false,22,a,zero
A-grief-02,grief,sadness,sadness,false,22,a,zero
A-grief-03,grief,grief,grief,false,22,a,zero
A-grief-04,grief,fear,fear,false,22,a,zero
A-grief-05,grief,grief,sadness,true,22,a,zero
A-grief-06,grief,sadness,sadness,false,22,a,zero
A-grief-07,grief,sadness,sadness,false,22,a,zero
A-grief-08,grief,sadness,sadness,false,22,a,zero
A-grief-09,grief,sadness,sadness,false,22,a,zero
A-grief-10,grief,sadness,sadness,false,22,a,zero
A-loathing-01,loathing,disgust,disgust,false,22,a,zero
A-loathing-02,loathing,disappointment,mixed,true,22,a,zero
A-loathing-03,loathing,anger,anger,false,22,a,zero
A-loathing-04,loathing,disgust,disgust,false,22,a,zero
A-loathing-05,loathing,disgust,disgust,false,22,a,zero
A-loathing-06,loathing,disgust,disgust,false,22,a,zero
A-loathing-07,loathing,anger,sadness,true,22,a,zero
A-loathing-08,loathing,disgust,disgust,false,22,a,zero
A-loathing-09,loathing,disgust,disgust,false,22,a,zero
A-loathing-10,loathing,frustration,frustration,false,22,a,zero
A-rage-01,rage,anger,anger,false,22,a,zero
A-rage-02,rage,anger,anger,false,22,a,zero
A-rage-03,rage,anger,anger,false,22,a,zero
A-rage-04,rage,anger,anger,false,22,a,zero
A-rage-05,rage,anger,anger,false,22,a,zero
A-rage-06,rage,anger,anger,false,22,a,zero
A-rage-07,rage,anger,anger,false,22,a,zero
A-rage-08,rage,anger,anger,false,22,a,zero
A-rage-09,rage,anger,anger,false,22,a,zero
A-rage-10,rage,anger,anger,false,22,a,zero
A-terror-01,terror,fear,fear,false,22,a,zero
A-terror-02,terror,fear,fear,false,22,a,zero
A-terror-03,terror,fear,fear,false,22,a,zero
A-terror-04,terror,fear,fear,false,22,a,zero
A-terror-05,terror,fear,fear,false,22,a,zero
A-terror-06,terror,fear,fear,false,22,a,zero
A-terror-07,terror,fear,fear,false,22,a,zero
A-terror-08,terror,fear,fear,false,22,a,zero
A-terror-09,terror,anxiety,fear,true,22,a,zero
A-terror-10,terror,fear,fear,false,22,a,zero
A-vigilance-01,vigilance,fear,fear,false,22,a,zero
A-vigilance-02,vigilance,anxiety,anxiety,false,22,a,zero
A-vigilance-03,vigilance,fear,fear,false,22,a,zero
A-vigilance-04,vigilance,anxiety,anxiety,false,22,a,zero
A-vigilance-05,vigilance,anxiety,anxiety,false,22,a,zero
A-vigilance-06,vigilance,stress,anxiety,true,22,a,zero
A-vigilance-07,vigilance,anxiety,anxiety,false,22,a,zero
A-vigilance-08,vigilance,anticipation,anticipation,false,22,a,zero
A-vigilance-09,vigilance,anxiety,anxiety,false,22,a,zero
A-vigilance-10,vigilance,anxiety,anxiety,false,22,a,zero
A-admiration-01,admiration,surprise,surprise,false,23,a,zero
A-admiration-02,admiration,relief,relief,false,23,a,zero
A-admiration-03,admiration,relief,relief,false,23,a,zero
A-admiration-04,admiration,trust,trust,false,23,a,zero
A-admiration-05,admiration,relief,relief,false,23,a,zero
A-admiration-06,admiration,relief,relief,false,23,a,zero
A-admiration-07,admiration,relief,relief,false,23,a,zero
A-admiration-08,admiration,trust,trust,false,23,a,zero
A-admiration-09,admiration,betrayal,betrayal,false,23,a,zero
A-admiration-10,admiration,relief,relief,false,23,a,zero
A-amazement-01,amazement,surprise,surprise,false,23,a,zero
A-amazement-02,amazement,surprise,surprise,false,23,a,zero
A-amazement-03,amazement,surprise,surprise,false,23,a,zero
A-amazement-04,amazement,surprise,surprise,false,23,a,zero
A-amazement-05,amazement,surprise,surprise,false,23,a,zero
A-amazement-06,amazement,confusion,confusion,false,23,a,zero
A-amazement-07,amazement,surprise,surprise,false,23,a,zero
A-amazement-08,amazement,surprise,joy,true,23,a,zero
A-amazement-09,amazement,surprise,surprise,false,23,a,zero
A-amazement-10,amazement,surprise,surprise,false,23,a,zero
A-ecstasy-01,ecstasy,pride,pride,false,23,a,zero
A-ecstasy-02,ecstasy,relief,joy,true,23,a,zero
A-ecstasy-03,ecstasy,happiness,joy,true,23,a,zero
A-ecstasy-04,ecstasy,joy,joy,false,23,a,zero
A-ecstasy-05,ecstasy,joy,joy,false,23,a,zero
A-ecstasy-06,ecstasy,pride,pride,false,23,a,zero
A-ecstasy-07,ecstasy,pride,pride,false,23,a,zero
A-ecstasy-08,ecstasy,joy,joy,false,23,a,zero
A-ecstasy-09,ecstasy,excitement,excitement,false,23,a,zero
A-ecstasy-10,ecstasy,joy,joy,false,23,a,zero
A-grief-01,grief,sadness,sadness,false,23,a,zero
A-grief-02,grief,sadness,sadness,false,23,a,zero
A-grief-03,grief,grief,grief,false,23,a,zero
A-grief-04,grief,fear,sadness,true,23,a,zero
A-grief-05,grief,grief,grief,false,23,a,zero
A-grief-06,grief,sadness,sadness,false,23,a,zero
A-grief-07,grief,sadness,grief,true,23,a,zero
A-grief-08,grief,sadness,sadness,false,23,a,zero
A-grief-09,grief,sadness,sadness,false,23,a,zero
A-grief-10,grief,sadness,sadness,false,23,a,zero
A-loathing-01,loathing,disgust,disgust,false,23,a,zero
A-loathing-02,loathing,disappointment,disappointment,false,23,a,zero
A-loathing-03,loathing,anger,anger,false,23,a,zero
A-loathing-04,loathing,disgust,disgust,false,23,a,zero
A-loathing-05,loathing,disgust,disgust,false,23,a,zero
A-loathing-06,loathing,disgust,disgust,false,23,a,zero
A-loathing-07,loathing,anger,sadness,true,23,a,zero
A-loathing-08,loathing,disgust,disgust,false,23,a,zero
A-loathing-09,loathing,disgust,disgust,false,23,a,zero
A-loathing-10,loathing,frustration,frustration,false,23,a,zero
A-rage-01,rage,anger,anger,false,23,a,zero
A-rage-02,rage,anger,anger,false,23,a,zero
A-rage-03,rage,anger,anger,false,23,a,zero
A-rage-04,rage,anger,anger,false,23,a,zero
A-rage-05,rage,anger,anger,false,23,a,zero
A-rage-06,rage,anger,anger,false,23,a,zero
A-rage-07,rage,anger,anger,false,23,a,zero
A-rage-08,rage,anger,anger,false,23,a,zero
A-rage-09,rage,anger,anger,false,23,a,zero
A-rage-10,rage,anger,anger,false,23,a,zero
A-terror-01,terror,fear,fear,false,23,a,zero
A-terror-02,terror,fear,fear,false,23,a,zero
A-terror-03,terror,fear,fear,false,23,a,zero
A-terror-04,terror,fear,fear,false,23,a,zero
A-terror-05,terror,fear,fear,false,23,a,zero
A-terror-06,terror,fear,fear,false,23,a,zero
A-terror-07,terror,fear,fear,false,23,a,zero
A-terror-08,terror,fear,fear,false,23,a,zero
A-terror-09,terror,anxiety,anxiety,false,23,a,zero
A-terror-10,terror,fear,fear,false,23,a,zero
A-vigilance-01,vigilance,fear,fear,false,23,a,zero
A-vigilance-02,vigilance,anxiety,anxiety,false,23,a,zero
A-vigilance-03,vigilance,fear,fear,false,23,a,zero
A-vigilance-04,vigilance,anxiety,anxiety,false,23,a,zero
A-vigilance-05,vigilance,anxiety,anxiety,false,23,a,zero
A-vigilance-06,vigilance,stress,anxiety,true,23,a,zero
A-vigilance-07,vigilance,anxiety,anxiety,false,23,a,zero
A-vigilance-08,vigilance,anticipation,anticipation,false,23,a,zero
A-vigilance-09,vigilance,anxiety,anxiety,false,23,a,zero
A-vigilance-10,vigilance,anxiety,anxiety,false,23,a,zero
A-admiration-01,admiration,surprise,surprise,false,24,a,zero
A-admiration-02,admiration,relief,relief,false,24,a,zero
A-admiration-03,admiration,relief,relief,false,24,a,zero
A-admiration-04,admiration,trust,trust,false,24,a,zero
A-admiration-05,admiration,relief,relief,false,24,a,zero
A-admiration-06,admiration,relief,relief,false,24,a,zero
A-admiration-07,admiration,relief,relief,false,24,a,zero
A-admiration-08,admiration,trust,trust,false,24,a,zero
A-admiration-09,admiration,betrayal,betrayal,false,24,a,zero
A-admiration-10,admiration,relief,relief,false,24,a,zero
A-amazement-01,amazement,surprise,surprise,false,24,a,zero
A-amazement-02,amazement,surprise,surprise,false,24,a,zero
A-amazement-03,amazement,surprise,surprise,false,24,a,zero
A-amazement-04,amazement,surprise,surprise,false,24,a,zero
A-amazement-05,amazement,surprise,surprise,false,24,a,zero
A-amazement-06,amazement,confusion,confusion,false,24,a,zero
A-amazement-07,amazement,surprise,surprise,false,24,a,zero
A-amazement-08,amazement,surprise,surprise,false,24,a,zero
A-amazement-09,amazement,surprise,surprise,false,24,a,zero
A-amazement-10,amazement,surprise,surprise,false,24,a,zero
A-ecstasy-01,ecstasy,pride,pride,false,24,a,zero
A-ecstasy-02,ecstasy,relief,relief,false,24,a,zero
A-ecstasy-03,ecstasy,happiness,relief,true,24,a,zero
A-ecstasy-04,ecstasy,joy,joy,false,24,a,zero
A-ecstasy-05,ecstasy,joy,joy,false,24,a,zero
A-ecstasy-06,ecstasy,pride,pride,false,24,a,zero
A-ecstasy-07,ecstasy,pride,pride,false,24,a,zero
A-ecstasy-08,ecstasy,joy,joy,false,24,a,zero
A-ecstasy-09,ecstasy,excitement,excitement,false,24,a,zero
A-ecstasy-10,ecstasy,joy,joy,false,24,a,zero
A-grief-01,grief,sadness,sadness,false,24,a,zero
A-grief-02,grief,sadness,sadness,false,24,a,zero
A-grief-03,grief,grief,grief,false,24,a,zero
A-grief-04,grief,fear,fear,false,24,a,zero
A-grief-05,grief,grief,grief,false,24,a,zero
A-grief-06,grief,sadness,sadness,false,24,a,zero
A-grief-07,grief,sadness,sadness,false,24,a,zero
A-grief-08,grief,sadness,sadness,false,24,a,zero
A-grief-09,grief,sadness,sadness,false,24,a,zero
A-grief-10,grief,sadness,sadness,false,24,a,zero
A-loathing-01,loathing,disgust,disgust,false,24,a,zero
A-loathing-02,loathing,disappointment,Dis,true,24,a,zero
A-loathing-03,loathing,anger,anger,false,24,a,zero
A-loathing-04,loathing,disgust,disgust,false,24,a,zero
A-loathing-05,loathing,disgust,disgust,false,24,a,zero
A-loathing-06,loathing,disgust,disgust,false,24,a,zero
A-loathing-07,loathing,anger,anger,false,24,a,zero
A-loathing-08,loathing,disgust,disgust,false,24,a,zero
A-loathing-09,loathing,disgust,disgust,false,24,a,zero
A-loathing-10,loathing,frustration,frustration,false,24,a,zero
A-rage-01,rage,anger,anger,false,24,a,zero
A-rage-02,rage,anger,anger,false,24,a,zero
A-rage-03,rage,anger,anger,false,24,a,zero
A-rage-04,rage,anger,anger,false,24,a,zero
A-rage-05,rage,anger,anger,false,24,a,zero
A-rage-06,rage,anger,anger,false,24,a,zero
A-rage-07,rage,anger,anger,false,24,a,zero
A-rage-08,rage,anger,anger,false,24,a,zero
A-rage-09,rage,anger,anger,false,24,a,zero
A-rage-10,rage,anger,anger,false,24,a,zero
A-terror-01,terror,fear,fear,false,24,a,zero
A-terror-02,terror,fear,fear,false,24,a,zero
A-terror-03,terror,fear,fear,false,24,a,zero
A-terror-04,terror,fear,fear,false,24,a,zero
A-terror-05,terror,fear,fear,false,24,a,zero
A-terror-06,terror,fear,fear,false,24,a,zero
A-terror-07,terror,fear,fear,false,24,a,zero
A-terror-08,terror,fear,fear,false,24,a,zero
A-terror-09,terror,anxiety,anxiety,false,24,a,zero
A-terror-10,terror,fear,fear,false,24,a,zero
A-vigilance-01,vigilance,fear,fear,false,24,a,zero
A-vigilance-02,vigilance,anxiety,anxiety,false,24,a,zero
A-vigilance-03,vigilance,fear,fear,false,24,a,zero
A-vigilance-04,vigilance,anxiety,anxiety,false,24,a,zero
A-vigilance-05,vigilance,anxiety,anxiety,false,24,a,zero
A-vigilance-06,vigilance,stress,stress,false,24,a,zero
A-vigilance-07,vigilance,anxiety,anxiety,false,24,a,zero
A-vigilance-08,vigilance,anticipation,anticipation,false,24,a,zero
A-vigilance-09,vigilance,anxiety,anxiety,false,24,a,zero
A-vigilance-10,vigilance,anxiety,anxiety,false,24,a,zero
A-admiration-01,admiration,surprise,relief,true,25,a,zero
A-admiration-02,admiration,relief,relief,false,25,a,zero
A-admiration-03,admiration,relief,relief,false,25,a,zero
A-admiration-04,admiration,trust,trust,false,25,a,zero
A-admiration-05,admiration,relief,relief,false,25,a,zero
A-admiration-06,admiration,relief,relief,false,25,a,zero
A-admiration-07,admiration,relief,relief,false,25,a,zero
A-admiration-08,admiration,trust,trust,false,25,a,zero
A-admiration-09,admiration,betrayal,betrayal,false,25,a,zero
A-admiration-10,admiration,relief,relief,false,25,a,zero
A-amazement-01,amazement,surprise,surprise,false,25,a,zero
A-amazement-02,amazement,surprise,surprise,false,25,a,zero
A-amazement-03,amazement,surprise,surprise,false,25,a,zero
A-amazement-04,amazement,surprise,surprise,false,25,a,zero
A-amazement-05,amazement,surprise,surprise,false,25,a,zero
A-amazement-06,amazement,confusion,confusion,false,25,a,zero
A-amazement-07,amazement,surprise,surprise,false,25,a,zero
A-amazement-08,amazement,surprise,surprise,false,25,a,zero
A-amazement-09,amazement,surprise,surprise,false,25,a,zero
A-amazement-10,amazement,surprise,surprise,false,25,a,zero
A-ecstasy-01,ecstasy,pride,joy,true,25,a,zero
A-ecstasy-02,ecstasy,relief,relief,false,25,a,zero
A-ecstasy-03,ecstasy,happiness,happiness,false,25,a,zero
A-ecstasy-04,ecstasy,joy,joy,false,25,a,zero
A-ecstasy-05,ecstasy,joy,joy,false,25,a,zero
A-ecstasy-06,ecstasy,pride,pride,false,25,a,zero
A-ecstasy-07,ecstasy,pride,joy,true,25,a,zero
A-ecstasy-08,ecstasy,joy,joy,false,25,a,zero
A-ecstasy-09,ecstasy,excitement,excitement,false,25,a,zero
A-ecstasy-10,ecstasy,joy,joy,false,25,a,zero
A-grief-01,grief,sadness,sadness,false,25,a,zero
A-grief-02,grief,sadness,sadness,false,25,a,zero
A-grief-03,grief,grief,grief,false,25,a,zero
A-grief-04,grief,fear,sadness,true,25,a,zero
A-grief-05,grief,grief,grief,false,25,a,zero
A-grief-06,grief,sadness,sadness,false,25,a,zero
A-grief-07,grief,sadness,sadness,false,25,a,zero
A-grief-08,grief,sadness,sadness,false,25,a,zero
A-grief-09,grief,sadness,sadness,false,25,a,zero
A-grief-10,grief,sadness,sadness,false,25,a,zero
A-loathing-01,loathing,disgust,disgust,false,25,a,zero
A-loathing-02,loathing,disappointment,disappointment,false,25,a,zero
A-loathing-03,loathing,anger,anger,false,25,a,zero
A-loathing-04,loathing,disgust,disgust,false,25,a,zero
A-loathing-05,loathing,disgust,disgust,false,25,a,zero
A-loathing-06,loathing,disgust,disgust,false,25,a,zero
A-loathing-07,loathing,anger,anger,false,25,a,zero
A-loathing-08,loathing,disgust,disgust,false,25,a,zero
A-loathing-09,loathing,disgust,disgust,false,25,a,zero
A-loathing-10,loathing,frustration,frustration,false,25,a,zero
A-rage-01,rage,anger,anger,false,25,a,zero
A-rage-02,rage,anger,anger,false,25,a,zero
A-rage-03,rage,anger,anger,false,25,a,zero
A-rage-04,rage,anger,anger,false,25,a,zero
A-rage-05,rage,anger,anger,false,25,a,zero
A-rage-06,rage,anger,anger,false,25,a,zero
A-rage-07,rage,anger,anger,false,25,a,zero
A-rage-08,rage,anger,anger,false,25,a,zero
A-rage-09,rage,anger,anger,false,25,a,zero
A-rage-10,rage,anger,anger,false,25,a,zero
A-terror-01,terror,fear,fear,false,25,a,zero
A-terror-02,terror,fear,fear,false,25,a,zero
A-terror-03,terror,fear,fear,false,25,a,zero
A-terror-04,terror,fear,fear,false,25,a,zero
A-terror-05,terror,fear,fear,false,25,a,zero
A-terror-06,terror,fear,fear,false,25,a,zero
A-terror-07,terror,fear,fear,false,25,a,zero
A-terror-08,terror,fear,fear,false,25,a,zero
A-terror-09,terror,anxiety,anxiety,false,25,a,zero
A-terror-10,terror,fear,fear,false,25,a,zero
A-vigilance-01,vigilance,fear,fear,false,25,a,zero
A-vigilance-02,vigilance,anxiety,anxiety,false,25,a,zero
A-vigilance-03,vigilance,fear,fear,false,25,a,zero
A-vigilance-04,vigilance,anxiety,anxiety,false,25,a,zero
A-vigilance-05,vigilance,anxiety,anxiety,false,25,a,zero
A-vigilance-06,vigilance,stress,stress,false,25,a,zero
A-vigilance-07,vigilance,anxiety,anxiety,false,25,a,zero
A-vigilance-08,vigilance,anticipation,anticipation,false,25,a,zero
A-vigilance-09,vigilance,anxiety,anxiety,false,25,a,zero
A-vigilance-10,vigilance,anxiety,anxiety,false,25,a,zero
A-admiration-01,admiration,surprise,joy,true,26,a,zero
A-admiration-02,admiration,relief,relief,false,26,a,zero
A-admiration-03,admiration,relief,relief,false,26,a,zero
A-admiration-04,admiration,trust,trust,false,26,a,zero
A-admiration-05,admiration,relief,relief,false,26,a,zero
A-admiration-06,admiration,relief,relief,false,26,a,zero
A-admiration-07,admiration,relief,relief,false,26,a,zero
A-admiration-08,admiration,trust,trust,false,26,a,zero
A-admiration-09,admiration,betrayal,betrayal,false,26,a,zero
A-admiration-10,admiration,relief,relief,false,26,a,zero
A-amazement-01,amazement,surprise,surprise,false,26,a,zero
A-amazement-02,amazement,surprise,surprise,false,26,a,zero
A-amazement-03,amazement,surprise,surprise,false,26,a,zero
A-amazement-04,amazement,surprise,surprise,false,26,a,zero
A-amazement-05,amazement,surprise,surprise,false,26,a,zero
A-amazement-06,amazement,confusion,confusion,false,26,a,zero
A-amazement-07,amazement,surprise,surprise,false,26,a,zero
A-amazement-08,amazement,surprise,surprise,false,26,a,zero
A-amazement-09,amazement,surprise,surprise,false,26,a,zero
A-amazement-10,amazement,surprise,surprise,false,26,a,zero
A-ecstasy-01,ecstasy,pride,joy,true,26,a,zero
A-ecstasy-02,ecstasy,relief,joy,true,26,a,zero
A-ecstasy-03,ecstasy,happiness,happiness,false,26,a,zero
A-ecstasy-04,ecstasy,joy,joy,false,26,a,zero
A-ecstasy-05,ecstasy,joy,joy,false,26,a,zero
A-ecstasy-06,ecstasy,pride,pride,false,26,a,zero
A-ecstasy-07,ecstasy,pride,joy,true,26,a,zero
A-ecstasy-08,ecstasy,joy,joy,false,26,a,zero
A-ecstasy-09,ecstasy,excitement,excitement,false,26,a,zero
A-ecstasy-10,ecstasy,joy,joy,false,26,a,zero
A-grief-01,grief,sadness,sadness,false,26,a,zero
A-grief-02,grief,sadness,sadness,false,26,a,zero
A-grief-03,grief,grief,grief,false,26,a,zero
A-grief-04,grief,fear,sadness,true,26,a,zero
A-grief-05,grief,grief,grief,false,26,a,zero
A-grief-06,grief,sadness,sadness,false,26,a,zero
A-grief-07,grief,sadness,sadness,false,26,a,zero
A-grief-08,grief,sadness,sadness,false,26,a,zero
A-grief-09,grief,sadness,sadness,false,26,a,zero
A-grief-10,grief,sadness,sadness,false,26,a,zero
A-loathing-01,loathing,disgust,disgust,false,26,a,zero
A-loathing-02,loathing,disappointment,disappointment,false,26,a,zero
A-loathing-03,loathing,anger,anger,false,26,a,zero
A-loathing-04,loathing,disgust,disgust,false,26,a,zero
A-loathing-05,loathing,disgust,disgust,false,26,a,zero
A-loathing-06,loathing,disgust,disgust,false,26,a,zero
A-loathing-07,loathing,anger,anger,false,26,a,zero
A-loathing-08,loathing,disgust,disgust,false,26,a,zero
A-loathing-09,loathing,disgust,disgust,false,26,a,zero
A-loathing-10,loathing,frustration,frustration,false,26,a,zero
A-rage-01,rage,anger,anger,false,26,a,zero
A-rage-02,rage,anger,anger,false,26,a,zero
A-rage-03,rage,anger,anger,false,26,a,zero
A-rage-04,rage,anger,anger,false,26,a,zero
A-rage-05,rage,anger,anger,false,26,a,zero
A-rage-06,rage,anger,anger,false,26,a,zero
A-rage-07,rage,anger,anger,false,26,a,zero
A-rage-08,rage,anger,anger,false,26,a,zero
A-rage-09,rage,anger,anger,false,26,a,zero
A-rage-10,rage,anger,anger,false,26,a,zero
A-terror-01,terror,fear,fear,false,26,a,zero
A-terror-02,terror,fear,fear,false,26,a,zero
A-terror-03,terror,fear,fear,false,26,a,zero
A-terror-04,terror,fear,fear,false,26,a,zero
A-terror-05,terror,fear,fear,false,26,a,zero
A-terror-06,terror,fear,fear,false,26,a,zero
A-terror-07,terror,fear,fear,false,26,a,zero
A-terror-08,terror,fear,fear,false,26,a,zero
A-terror-09,terror,anxiety,anxiety,false,26,a,zero
A-terror-10,terror,fear,fear,false,26,a,zero
A-vigilance-01,vigilance,fear,fear,false,26,a,zero
A-vigilance-02,vigilance,anxiety,anxiety,false,26,a,zero
A-vigilance-03,vigilance,fear,fear,false,26,a,zero
A-vigilance-04,vigilance,anxiety,anxiety,false,26,a,zero
A-vigilance-05,vigilance,anxiety,anxiety,false,26,a,zero
A-vigilance-06,vigilance,stress,stress,false,26,a,zero
A-vigilance-07,vigilance,anxiety,anxiety,false,26,a,zero
A-vigilance-08,vigilance,anticipation,anticipation,false,26,a,zero
A-vigilance-09,vigilance,anxiety,anxiety,false,26,a,zero
A-vigilance-10,vigilance,anxiety,anxiety,false,26,a,zero
A-admiration-01,admiration,surprise,surprise,false,27,a,zero
A-admiration-02,admiration,relief,relief,false,27,a,zero
A-admiration-03,admiration,relief,relief,false,27,a,zero
A-admiration-04,admiration,trust,trust,false,27,a,zero
A-admiration-05,admiration,relief,relief,false,27,a,zero
A-admiration-06,admiration,relief,relief,false,27,a,zero
A-admiration-07,admiration,relief,relief,false,27,a,zero
A-admiration-08,admiration,trust,trust,false,27,a,zero
A-admiration-09,admiration,betrayal,betrayal,false,27,a,zero
A-admiration-10,admiration,relief,relief,false,27,a,zero
A-amazement-01,amazement,surprise,surprise,false,27,a,zero
A-amazement-02,amazement,surprise,surprise,false,27,a,zero
A-amazement-03,amazement,surprise,surprise,false,27,a,zero
A-amazement-04,amazement,surprise,surprise,false,27,a,zero
A-amazement-05,amazement,surprise,surprise,false,27,a,zero
A-amazement-06,amazement,confusion,confusion,false,27,a,zero
A-amazement-07,amazement,surprise,surprise,false,27,a,zero
A-amazement-08,amazement,surprise,surprise,false,27,a,zero
A-amazement-09,amazement,surprise,surprise,false,27,a,zero
A-amazement-10,amazement,surprise,surprise,false,27,a,zero
A-ecstasy-01,ecstasy,pride,pride,false,27,a,zero
A-ecstasy-02,ecstasy,relief,relief,false,27,a,zero
A-ecstasy-03,ecstasy,happiness,joy,true,27,a,zero
A-ecstasy-04,ecstasy,joy,joy,false,27,a,zero
A-ecstasy-05,ecstasy,joy,joy,false,27,a,zero
A-ecstasy-06,ecstasy,pride,pride,false,27,a,zero
A-ecstasy-07,ecstasy,pride,joy,true,27,a,zero
A-ecstasy-08,ecstasy,joy,joy,false,27,a,zero
A-ecstasy-09,ecstasy,excitement,excitement,false,27,a,zero
A-ecstasy-10,ecstasy,joy,joy,false,27,a,zero
A-grief-01,grief,sadness,sadness,false,27,a,zero
A-grief-02,grief,sadness,sadness,false,27,a,zero
A-grief-03,grief,grief,grief,false,27,a,zero
A-grief-04,grief,fear,sadness,true,27,a,zero
A-grief-05,grief,grief,grief,false,27,a,zero
A-grief-06,grief,sadness,sadness,false,27,a,zero
A-grief-07,grief,sadness,sadness,false,27,a,zero
A-grief-08,grief,sadness,sadness,false,27,a,zero
A-grief-09,grief,sadness,sadness,false,27,a,zero
A-grief-10,grief,sadness,sadness,false,27,a,zero
A-loathing-01,loathing,disgust,disgust,false,27,a,zero
A-loathing-02,loathing,disappointment,Dis,true,27,a,zero
A-loathing-03,loathing,anger,anger,false,27,a,zero
A-loathing-04,loathing,disgust,disgust,false,27,a,zero
A-loathing-05,loathing,disgust,disgust,false,27,a,zero
A-loathing-06,loathing,disgust,disgust,false,27,a,zero
A-loathing-07,loathing,anger,anger,false,27,a,zero
A-loathing-08,loathing,disgust,disgust,false,27,a,zero
A-loathing-09,loathing,disgust,disgust,false,27,a,zero
A-loathing-10,loathing,frustration,frustration,false,27,a,zero
A-rage-01,rage,anger,anger,false,27,a,zero
A-rage-02,rage,anger,anger,false,27,a,zero
A-rage-03,rage,anger,anger,false,27,a,zero
A-rage-04,rage,anger,anger,false,27,a,zero
A-rage-05,rage,anger,anger,false,27,a,zero
A-rage-06,rage,anger,anger,false,27,a,zero
A-rage-07,rage,anger,anger,false,27,a,zero
A-rage-08,rage,anger,anger,false,27,a,zero
A-rage-09,rage,anger,anger,false,27,a,zero
A-rage-10,rage,anger,anger,false,27,a,zero
A-terror-01,terror,fear,fear,false,27,a,zero
A-terror-02,terror,fear,fear,false,27,a,zero
A-terror-03,terror,fear,fear,false,27,a,zero
A-terror-04,terror,fear,fear,false,27,a,zero
A-terror-05,terror,fear,fear,false,27,a,zero
A-terror-06,terror,fear,fear,false,27,a,zero
A-terror-07,terror,fear,fear,false,27,a,zero
A-terror-08,terror,fear,fear,false,27,a,zero
A-terror-09,terror,anxiety,fear,true,27,a,zero
A-terror-10,terror,fear,fear,false,27,a,zero
A-vigilance-01,vigilance,fear,fear,false,27,a,zero
A-vigilance-02,vigilance,anxiety,anxiety,false,27,a,zero
A-vigilance-03,vigilance,fear,fear,false,27,a,zero
A-vigilance-04,vigilance,anxiety,anxiety,false,27,a,zero
A-vigilance-05,vigilance,anxiety,anxiety,false,27,a,zero
A-vigilance-06,vigilance,stress,stress,false,27,a,zero
A-vigilance-07,vigilance,anxiety,anxiety,false,27,a,zero
A-vigilance-08,vigilance,anticipation,anticipation,false,27,a,zero
A-vigilance-09,vigilance,anxiety,anxiety,false,27,a,zero
A-vigilance-10,vigilance,anxiety,anxiety,false,27,a,zero
A-admiration-01,admiration,surprise,surprise,false,28,a,zero
A-admiration-02,admiration,relief,relief,false,28,a,zero
A-admiration-03,admiration,relief,relief,false,28,a,zero
A-admiration-04,admiration,trust,relief,true,28,a,zero
A-admiration-05,admiration,relief,relief,false,28,a,zero
A-admiration-06,admiration,relief,relief,false,28,a,zero
A-admiration-07,admiration,relief,relief,false,28,a,zero
A-admiration-08,admiration,trust,trust,false,28,a,zero
A-admiration-09,admiration,betrayal,betrayal,false,28,a,zero
A-admiration-10,admiration,relief,relief,false,28,a,zero
A-amazement-01,amazement,surprise,surprise,false,28,a,zero
A-amazement-02,amazement,surprise,joy,true,28,a,zero
A-amazement-03,amazement,surprise,surprise,false,28,a,zero
A-amazement-04,amazement,surprise,surprise,false,28,a,zero
A-amazement-05,amazement,surprise,surprise,false,28,a,zero
A-amazement-06,amazement,confusion,fear,true,28,a,zero
A-amazement-07,amazement,surprise,surprise,false,28,a,zero
A-amazement-08,amazement,surprise,joy,true,28,a,zero
A-amazement-09,amazement,surprise,surprise,false,28,a,zero
A-amazement-10,amazement,surprise,surprise,false,28,a,zero
A-ecstasy-01,ecstasy,pride,pride,false,28,a,zero
A-ecstasy-02,ecstasy,relief,relief,false,28,a,zero
A-ecstasy-03,ecstasy,happiness,happiness,false,28,a,zero
A-ecstasy-04,ecstasy,joy,joy,false,28,a,zero
A-ecstasy-05,ecstasy,joy,joy,false,28,a,zero
A-ecstasy-06,ecstasy,pride,pride,false,28,a,zero
A-ecstasy-07,ecstasy,pride,joy,true,28,a,zero
A-ecstasy-08,ecstasy,joy,joy,false,28,a,zero
A-ecstasy-09,ecstasy,excitement,excitement,false,28,a,zero
A-ecstasy-10,ecstasy,joy,joy,false,28,a,zero
A-grief-01,grief,sadness,sadness,false,28,a,zero
A-grief-02,grief,sadness,sadness,false,28,a,zero
A-grief-03,grief,grief,grief,false,28,a,zero
A-grief-04,grief,fear,sadness,true,28,a,zero
A-grief-05,grief,grief,grief,false,28,a,zero
A-grief-06,grief,sadness,sadness,false,28,a,zero
A-grief-07,grief,sadness,sadness,false,28,a,zero
A-grief-08,grief,sadness,sadness,false,28,a,zero
A-grief-09,grief,sadness,sadness,false,28,a,zero
A-grief-10,grief,sadness,sadness,false,28,a,zero
A-loathing-01,loathing,disgust,disgust,false,28,a,zero
A-loathing-02,loathing,disappointment,disappointment,false,28,a,zero
A-loathing-03,loathing,anger,anger,false,28,a,zero
A-loathing-04,loathing,disgust,disgust,false,28,a,zero
A-loathing-05,loathing,disgust,disgust,false,28,a,zero
A-loathing-06,loathing,disgust,disgust,false,28,a,zero
A-loathing-07,loathing,anger,sadness,true,28,a,zero
A-loathing-08,loathing,disgust,disgust,false,28,a,zero
A-loathing-09,loathing,disgust,disgust,false,28,a,zero
A-loathing-10,loathing,frustration,frustration,false,28,a,zero
A-rage-01,rage,anger,anger,false,28,a,zero
A-rage-02,rage,anger,anger,false,28,a,zero
A-rage-03,rage,anger,anger,false,28,a,zero
A-rage-04,rage,anger,anger,false,28,a,zero
A-rage-05,rage,anger,anger,false,28,a,zero
A-rage-06,rage,anger,anger,false,28,a,zero
A-rage-07,rage,anger,anger,false,28,a,zero
A-rage-08,rage,anger,anger,false,28,a,zero
A-rage-09,rage,anger,anger,false,28,a,zero
A-rage-10,rage,anger,anger,false,28,a,zero
A-terror-01,terror,fear,fear,false,28,a,zero
A-terror-02,terror,fear,fear,false,28,a,zero
A-terror-03,terror,fear,fear,false,28,a,zero
A-terror-04,terror,fear,fear,false,28,a,zero
A-terror-05,terror,fear,fear,false,28,a,zero
A-terror-06,terror,fear,anger,true,28,a,zero
A-terror-07,terror,fear,fear,false,28,a,zero
A-terror-08,terror,fear,fear,false,28,a,zero
A-terror-09,terror,anxiety,fear,true,28,a,zero
A-terror-10,terror,fear,fear,false,28,a,zero
A-vigilance-01,vigilance,fear,fear,false,28,a,zero
A-vigilance-02,vigilance,anxiety,anxiety,false,28,a,zero
A-vigilance-03,vigilance,fear,fear,false,28,a,zero
A-vigilance-04,vigilance,anxiety,anxiety,false,28,a,zero
A-vigilance-05,vigilance,anxiety,anxiety,false,28,a,zero
A-vigilance-06,vigilance,stress,anxiety,true,28,a,zero
A-vigilance-07,vigilance,anxiety,anxiety,false,28,a,zero
A-vigilance-08,vigilance,anticipation,anticipation,false,28,a,zero
A-vigilance-09,vigilance,anxiety,anxiety,false,28,a,zero
A-vigilance-10,vigilance,anxiety,anxiety,false,28,a,zero
A-admiration-01,admiration,surprise,surprise,false,29,a,zero
A-admiration-02,admiration,relief,relief,false,29,a,zero
A-admiration-03,admiration,relief,relief,false,29,a,zero
A-admiration-04,admiration,trust,trust,false,29,a,zero
A-admiration-05,admiration,relief,relief,false,29,a,zero
A-admiration-06,admiration,relief,relief,false,29,a,zero
A-admiration-07,admiration,relief,relief,false,29,a,zero
A-admiration-08,admiration,trust,trust,false,29,a,zero
A-admiration-09,admiration,betrayal,betrayal,false,29,a,zero
A-admiration-10,admiration,relief,relief,false,29,a,zero
A-amazement-01,amazement,surprise,surprise,false,29,a,zero
A-amazement-02,amazement,surprise,surprise,false,29,a,zero
A-amazement-03,amazement,surprise,surprise,false,29,a,zero
A-amazement-04,amazement,surprise,surprise,false,29,a,zero
A-amazement-05,amazement,surprise,surprise,false,29,a,zero
A-amazement-06,amazement,confusion,confusion,false,29,a,zero
A-amazement-07,amazement,surprise,surprise,false,29,a,zero
A-amazement-08,amazement,surprise,surprise,false,29,a,zero
A-amazement-09,amazement,surprise,surprise,false,29,a,zero
A-amazement-10,amazement,surprise,surprise,false,29,a,zero
A-ecstasy-01,ecstasy,pride,pride,false,29,a,zero
A-ecstasy-02,ecstasy,relief,relief,false,29,a,zero
A-ecstasy-03,ecstasy,happiness,happiness,false,29,a,zero
A-ecstasy-04,ecstasy,joy,joy,false,29,a,zero
A-ecstasy-05,ecstasy,joy,joy,false,29,a,zero
A-ecstasy-06,ecstasy,pride,pride,false,29,a,zero
A-ecstasy-07,ecstasy,pride,joy,true,29,a,zero
A-ecstasy-08,ecstasy,joy,joy,false,29,a,zero
A-ecstasy-09,ecstasy,excitement,excitement,false,29,a,zero
A-ecstasy-10,ecstasy,joy,joy,false,29,a,zero
A-grief-01,grief,sadness,sadness,false,29,a,zero
A-grief-02,grief,sadness,sadness,false,29,a,zero
A-grief-03,grief,grief,grief,false,29,a,zero
A-grief-04,grief,fear,fear,false,29,a,zero
A-grief-05,grief,grief,sadness,true,29,a,zero
A-grief-06,grief,sadness,sadness,false,29,a,zero
A-grief-07,grief,sadness,sadness,false,29,a,zero
A-grief-08,grief,sadness,sadness,false,29,a,zero
A-grief-09,grief,sadness,sadness,false,29,a,zero
A-grief-10,grief,sadness,sadness,false,29,a,zero
A-loathing-01,loathing,disgust,disgust,false,29,a,zero
A-loathing-02,loathing,disappointment,Dis,true,29,a,zero
A-loathing-03,loathing,anger,anger,false,29,a,zero
A-loathing-04,loathing,disgust,disgust,false,29,a,zero
A-loathing-05,loathing,disgust,disgust,false,29,a,zero
A-loathing-06,loathing,disgust,disgust,false,29,a,zero
A-loathing-07,loathing,anger,sadness,true,29,a,zero
A-loathing-08,loathing,disgust,disgust,false,29,a,zero
A-loathing-09,loathing,disgust,disgust,false,29,a,zero
A-loathing-10,loathing,frustration,frustration,false,29,a,zero
A-rage-01,rage,anger,anger,false,29,a,zero
A-rage-02,rage,anger,anger,false,29,a,zero
A-rage-03,rage,anger,anger,false,29,a,zero
A-rage-04,rage,anger,anger,false,29,a,zero
A-rage-05,rage,anger,anger,false,29,a,zero
A-rage-06,rage,anger,anger,false,29,a,zero
A-rage-07,rage,anger,anger,false,29,a,zero
A-rage-08,rage,anger,anger,false,29,a,zero
A-rage-09,rage,anger,anger,false,29,a,zero
A-rage-10,rage,anger,anger,false,29,a,zero
A-terror-01,terror,fear,fear,false,29,a,zero
A-terror-02,terror,fear,fear,false,29,a,zero
A-terror-03,terror,fear,fear,false,29,a,zero
A-terror-04,terror,fear,fear,false,29,a,zero
A-terror-05,terror,fear,Fear,true,29,a,zero
A-terror-06,terror,fear,fear,false,29,a,zero
A-terror-07,terror,fear,fear,false,29,a,zero
A-terror-08,terror,fear,fear,false,29,a,zero
A-terror-09,terror,anxiety,anxiety,false,29,a,zero
A-terror-10,terror,fear,fear,false,29,a,zero
A-vigilance-01,vigilance,fear,fear,false,29,a,zero
A-vigilance-02,vigilance,anxiety,anxiety,false,29,a,zero
A-vigilance-03,vigilance,fear,fear,false,29,a,zero
A-vigilance-04,vigilance,anxiety,anxiety,false,29,a,zero
A-vigilance-05,vigilance,anxiety,anxiety,false,29,a,zero
A-vigilance-06,vigilance,stress,stress,false,29,a,zero
A-vigilance-07,vigilance,anxiety,anxiety,false,29,a,zero
A-vigilance-08,vigilance,anticipation,anticipation,false,29,a,zero
A-vigilance-09,vigilance,anxiety,anxiety,false,29,a,zero
A-vigilance-10,vigilance,anxiety,anxiety,false,29,a,zero
A-admiration-01,admiration,surprise,surprise,false,30,a,zero
A-admiration-02,admiration,relief,relief,false,30,a,zero
A-admiration-03,admiration,relief,relief,false,30,a,zero
A-admiration-04,admiration,trust,trust,false,30,a,zero
A-admiration-05,admiration,relief,relief,false,30,a,zero
A-admiration-06,admiration,relief,relief,false,30,a,zero
A-admiration-07,admiration,relief,relief,false,30,a,zero
A-admiration-08,admiration,trust,trust,false,30,a,zero
A-admiration-09,admiration,betrayal,betrayal,false,30,a,zero
A-admiration-10,admiration,relief,relief,false,30,a,zero
A-amazement-01,amazement,surprise,surprise,false,30,a,zero
A-amazement-02,amazement,surprise,joy,true,30,a,zero
A-amazement-03,amazement,surprise,surprise,false,30,a,zero
A-amazement-04,amazement,surprise,surprise,false,30,a,zero
A-amazement-05,amazement,surprise,surprise,false,30,a,zero
A-amazement-06,amazement,confusion,confusion,false,30,a,zero
A-amazement-07,amazement,surprise,surprise,false,30,a,zero
A-amazement-08,amazement,surprise,surprise,false,30,a,zero
A-amazement-09,amazement,surprise,surprise,false,30,a,zero
A-amazement-10,amazement,surprise,surprise,false,30,a,zero
A-ecstasy-01,ecstasy,pride,pride,false,30,a,zero
A-ecstasy-02,ecstasy,relief,relief,false,30,a,zero
A-ecstasy-03,ecstasy,happiness,relief,true,30,a,zero
A-ecstasy-04,ecstasy,joy,joy,false,30,a,zero
A-ecstasy-05,ecstasy,joy,joy,false,30,a,zero
A-ecstasy-06,ecstasy,pride,pride,false,30,a,zero
A-ecstasy-07,ecstasy,pride,pride,false,30,a,zero
A-ecstasy-08,ecstasy,joy,joy,false,30,a,zero
A-ecstasy-09,ecstasy,excitement,excitement,false,30,a,zero
A-ecstasy-10,ecstasy,joy,joy,false,30,a,zero
A-grief-01,grief,sadness,sadness,false,30,a,zero
A-grief-02,grief,sadness,sadness,false,30,a,zero
A-grief-03,grief,grief,grief,false,30,a,zero
A-grief-04,grief,fear,sadness,true,30,a,zero
A-grief-05,grief,grief,grief,false,30,a,zero
A-grief-06,grief,sadness,sadness,false,30,a,zero
A-grief-07,grief,sadness,sadness,false,30,a,zero
A-grief-08,grief,sadness,sadness,false,30,a,zero
A-grief-09,grief,sadness,sadness,false,30,a,zero
A-grief-10,grief,sadness,sadness,false,30,a,zero
A-loathing-01,loathing,disgust,disgust,false,30,a,zero
A-loathing-02,loathing,disappointment,disappointment,false,30,a,zero
A-loathing-03,loathing,anger,anger,false,30,a,zero
A-loathing-04,loathing,disgust,disgust,false,30,a,zero
A-loathing-05,loathing,disgust,disgust,false,30,a,zero
A-loathing-06,loathing,disgust,disgust,false,30,a,zero
A-loathing-07,loathing,anger,anger,false,30,a,zero
A-loathing-08,loathing,disgust,disgust,false,30,a,zero
A-loathing-09,loathing,disgust,disgust,false,30,a,zero
A-loathing-10,loathing,frustration,frustration,false,30,a,zero
A-rage-01,rage,anger,anger,false,30,a,zero
A-rage-02,rage,anger,anger,false,30,a,zero
A-rage-03,rage,anger,anger,false,30,a,zero
A-rage-04,rage,anger,anger,false,30,a,zero
A-rage-05,rage,anger,anger,false,30,a,zero
A-rage-06,rage,anger,anger,false,30,a,zero
A-rage-07,rage,anger,anger,false,30,a,zero
A-rage-08,rage,anger,anger,false,30,a,zero
A-rage-09,rage,anger,anger,false,30,a,zero
A-rage-10,rage,anger,anger,false,30,a,zero
A-terror-01,terror,fear,fear,false,30,a,zero
A-terror-02,terror,fear,fear,false,30,a,zero
A-terror-03,terror,fear,fear,false,30,a,zero
A-terror-04,terror,fear,fear,false,30,a,zero
A-terror-05,terror,fear,fear,false,30,a,zero
A-terror-06,terror,fear,fear,false,30,a,zero
A-terror-07,terror,fear,fear,false,30,a,zero
A-terror-08,terror,fear,fear,false,30,a,zero
A-terror-09,terror,anxiety,anxiety,false,30,a,zero
A-terror-10,terror,fear,fear,false,30,a,zero
A-vigilance-01,vigilance,fear,fear,false,30,a,zero
A-vigilance-02,vigilance,anxiety,anxiety,false,30,a,zero
A-vigilance-03,vigilance,fear,fear,false,30,a,zero
A-vigilance-04,vigilance,anxiety,anxiety,false,30,a,zero
A-vigilance-05,vigilance,anxiety,anxiety,false,30,a,zero
A-vigilance-06,vigilance,stress,stress,false,30,a,zero
A-vigilance-07,vigilance,anxiety,anxiety,false,30,a,zero
A-vigilance-08,vigilance,anticipation,anticipation,false,30,a,zero
A-vigilance-09,vigilance,anxiety,anxiety,false,30,a,zero
A-vigilance-10,vigilance,anxiety,anxiety,false,30,a,zero
A-admiration-01,admiration,surprise,surprise,false,31,a,zero
A-admiration-02,admiration,relief,relief,false,31,a,zero
A-admiration-03,admiration,relief,relief,false,31,a,zero
A-admiration-04,admiration,trust,trust,false,31,a,zero
A-admiration-05,admiration,relief,relief,false,31,a,zero
A-admiration-06,admiration,relief,relief,false,31,a,zero
A-admiration-07,admiration,relief,relief,false,31,a,zero
A-admiration-08,admiration,trust,trust,false,31,a,zero
A-admiration-09,admiration,betrayal,betrayal,false,31,a,zero
A-admiration-10,admiration,relief,relief,false,31,a,zero
A-amazement-01,amazement,surprise,surprise,false,31,a,zero
A-amazement-02,amazement,surprise,surprise,false,31,a,zero
A-amazement-03,amazement,surprise,surprise,false,31,a,zero
A-amazement-04,amazement,surprise,surprise,false,31,a,zero
A-amazement-05,amazement,surprise,surprise,false,31,a,zero
A-amazement-06,amazement,confusion,confusion,false,31,a,zero
A-amazement-07,amazement,surprise,surprise,false,31,a,zero
A-amazement-08,amazement,surprise,surprise,false,31,a,zero
A-amazement-09,amazement,surprise,surprise,false,31,a,zero
A-amazement-10,amazement,surprise,surprise,false,31,a,zero
A-ecstasy-01,ecstasy,pride,pride,false,31,a,zero
A-ecstasy-02,ecstasy,relief,relief,false,31,a,zero
A-ecstasy-03,ecstasy,happiness,relief,true,31,a,zero
A-ecstasy-04,ecstasy,joy,joy,false,31,a,zero
A-ecstasy-05,ecstasy,joy,joy,false,31,a,zero
A-ecstasy-06,ecstasy,pride,pride,false,31,a,zero
A-ecstasy-07,ecstasy,pride,joy,true,31,a,zero
A-ecstasy-08,ecstasy,joy,joy,false,31,a,zero
A-ecstasy-09,ecstasy,excitement,excitement,false,31,a,zero
A-ecstasy-10,ecstasy,joy,joy,false,31,a,zero
A-grief-01,grief,sadness,sadness,false,31,a,zero
A-grief-02,grief,sadness,sadness,false,31,a,zero
A-grief-03,grief,grief,grief,false,31,a,zero
A-grief-04,grief,fear,fear,false,31,a,zero
A-grief-05,grief,grief,grief,false,31,a,zero
A-grief-06,grief,sadness,sadness,false,31,a,zero
A-grief-07,grief,sadness,sadness,false,31,a,zero
A-grief-08,grief,sadness,sadness,false,31,a,zero
A-grief-09,grief,sadness,sadness,false,31,a,zero
A-grief-10,grief,sadness,sadness,false,31,a,zero
A-loathing-01,loathing,disgust,disgust,false,31,a,zero
A-loathing-02,loathing,disappointment,disappointment,false,31,a,zero
A-loathing-03,loathing,anger,anger,false,31,a,zero
A-loathing-04,loathing,disgust,disgust,false,31,a,zero
A-loathing-05,loathing,disgust,disgust,false,31,a,zero
A-loathing-06,loathing,disgust,disgust,false,31,a,zero
A-loathing-07,loathing,anger,anger,false,31,a,zero
A-loathing-08,loathing,disgust,disgust,false,31,a,zero
A-loathing-09,loathing,disgust,disgust,false,31,a,zero
A-loathing-10,loathing,frustration,frustration,false,31,a,zero
A-rage-01,rage,anger,anger,false,31,a,zero
A-rage-02,rage,anger,anger,false,31,a,zero
A-rage-03,rage,anger,anger,false,31,a,zero
A-rage-04,rage,anger,anger,false,31,a,zero
A-rage-05,rage,anger,anger,false,31,a,zero
A-rage-06,rage,anger,anger,false,31,a,zero
A-rage-07,rage,anger,anger,false,31,a,zero
A-rage-08,rage,anger,anger,false,31,a,zero
A-rage-09,rage,anger,anger,false,31,a,zero
A-rage-10,rage,anger,anger,false,31,a,zero
A-terror-01,terror,fear,fear,false,31,a,zero
A-terror-02,terror,fear,fear,false,31,a,zero
A-terror-03,terror,fear,fear,false,31,a,zero
A-terror-04,terror,fear,fear,false,31,a,zero
A-terror-05,terror,fear,fear,false,31,a,zero
A-terror-06,terror,fear,fear,false,31,a,zero
A-terror-07,terror,fear,fear,false,31,a,zero
A-terror-08,terror,fear,fear,false,31,a,zero
A-terror-09,terror,anxiety,anxiety,false,31,a,zero
A-terror-10,terror,fear,fear,false,31,a,zero
A-vigilance-01,vigilance,fear,fear,false,31,a,zero
A-vigilance-02,vigilance,anxiety,anxiety,false,31,a,zero
A-vigilance-03,vigilance,fear,fear,false,31,a,zero
A-vigilance-04,vigilance,anxiety,anxiety,false,31,a,zero
A-vigilance-05,vigilance,anxiety,anxiety,false,31,a,zero
A-vigilance-06,vigilance,stress,stress,false,31,a,zero
A-vigilance-07,vigilance,anxiety,anxiety,false,31,a,zero
A-vigilance-08,vigilance,anticipation,anticipation,false,31,a,zero
A-vigilance-09,vigilance,anxiety,anxiety,false,31,a,zero
A-vigilance-10,vigilance,anxiety,anxiety,false,31,a,zero
A-admiration-01,admiration,surprise,surprise,false,32,a,zero
A-admiration-02,admiration,relief,relief,false,32,a,zero
A-admiration-03,admiration,relief,relief,false,32,a,zero
A-admiration-04,admiration,trust,trust,false,32,a,zero
A-admiration-05,admiration,relief,relief,false,32,a,zero
A-admiration-06,admiration,relief,relief,false,32,a,zero
A-admiration-07,admiration,relief,relief,false,32,a,zero
A-admiration-08,admiration,trust,trust,false,32,a,zero
A-admiration-09,admiration,betrayal,betrayal,false,32,a,zero
A-admiration-10,admiration,relief,relief,false,32,a,zero
A-amazement-01,amazement,surprise,surprise,false,32,a,zero
A-amazement-02,amazement,surprise,surprise,false,32,a,zero
A-amazement-03,amazement,surprise,surprise,false,32,a,zero
A-amazement-04,amazement,surprise,surprise,false,32,a,zero
A-amazement-05,amazement,surprise,surprise,false,32,a,zero
A-amazement-06,amazement,confusion,confusion,false,32,a,zero
A-amazement-07,amazement,surprise,surprise,false,32,a,zero
A-amazement-08,amazement,surprise,joy,true,32,a,zero
A-amazement-09,amazement,surprise,surprise,false,32,a,zero
A-amazement-10,amazement,surprise,surprise,false,32,a,zero
A-ecstasy-01,ecstasy,pride,joy,true,32,a,zero
A-ecstasy-02,ecstasy,relief,relief,false,32,a,zero
A-ecstasy-03,ecstasy,happiness,joy,true,32,a,zero
A-ecstasy-04,ecstasy,joy,joy,false,32,a,zero
A-ecstasy-05,ecstasy,joy,joy,false,32,a,zero
A-ecstasy-06,ecstasy,pride,pride,false,32,a,zero
A-ecstasy-07,ecstasy,pride,joy,true,32,a,zero
A-ecstasy-08,ecstasy,joy,joy,false,32,a,zero
A-ecstasy-09,ecstasy,excitement,joy,true,32,a,zero
A-ecstasy-10,ecstasy,joy,joy,false,32,a,zero
A-grief-01,grief,sadness,sadness,false,32,a,zero
A-grief-02,grief,sadness,sadness,false,32,a,zero
A-grief-03,grief,grief,grief,false,32,a,zero
A-grief-04,grief,fear,fear,false,32,a,zero
A-grief-05,grief,grief,sadness,true,32,a,zero
A-grief-06,grief,sadness,sadness,false,32,a,zero
A-grief-07,grief,sadness,sadness,false,32,a,zero
A-grief-08,grief,sadness,sadness,false,32,a,zero
A-grief-09,grief,sadness,sadness,false,32,a,zero
A-grief-10,grief,sadness,sadness,false,32,a,zero
A-loathing-01,loathing,disgust,disgust,false,32,a,zero
A-loathing-02,loathing,disappointment,disappointment,false,32,a,zero
A-loathing-03,loathing,anger,anger,false,32,a,zero
A-loathing-04,loathing,disgust,disgust,false,32,a,zero
A-loathing-05,loathing,disgust,disgust,false,32,a,zero
A-loathing-06,loathing,disgust,disgust,false,32,a,zero
A-loathing-07,loathing,anger,anger,false,32,a,zero
A-loathing-08,loathing,disgust,disgust,false,32,a,zero
A-loathing-09,loathing,disgust,disgust,false,32,a,zero
A-loathing-10,loathing,frustration,frustration,false,32,a,zero
A-rage-01,rage,anger,anger,false,32,a,zero
A-rage-02,rage,anger,anger,false,32,a,zero
A-rage-03,rage,anger,anger,false,32,a,zero
A-rage-04,rage,anger,anger,false,32,a,zero
A-rage-05,rage,anger,anger,false,32,a,zero
A-rage-06,rage,anger,anger,false,32,a,zero
A-rage-07,rage,anger,anger,false,32,a,zero
A-rage-08,rage,anger,anger,false,32,a,zero
A-rage-09,rage,anger,anger,false,32,a,zero
A-rage-10,rage,anger,anger,false,32,a,zero
A-terror-01,terror,fear,fear,false,32,a,zero
A-terror-02,terror,fear,fear,false,32,a,zero
A-terror-03,terror,fear,fear,false,32,a,zero
A-terror-04,terror,fear,fear,false,32,a,zero
A-terror-05,terror,fear,fear,false,32,a,zero
A-terror-06,terror,fear,fear,false,32,a,zero
A-terror-07,terror,fear,fear,false,32,a,zero
A-terror-08,terror,fear,fear,false,32,a,zero
A-terror-09,terror,anxiety,anxiety,false,32,a,zero
A-terror-10,terror,fear,fear,false,32,a,zero
A-vigilance-01,vigilance,fear,fear,false,32,a,zero
A-vigilance-02,vigilance,anxiety,anxiety,false,32,a,zero
A-vigilance-03,vigilance,fear,fear,false,32,a,zero
A-vigilance-04,vigilance,anxiety,anxiety,false,32,a,zero
A-vigilance-05,vigilance,anxiety,anxiety,false,32,a,zero
A-vigilance-06,vigilance,stress,anxiety,true,32,a,zero
A-vigilance-07,vigilance,anxiety,anxiety,false,32,a,zero
A-vigilance-08,vigilance,anticipation,anticipation,false,32,a,zero
A-vigilance-09,vigilance,anxiety,anxiety,false,32,a,zero
A-vigilance-10,vigilance,anxiety,anxiety,false,32,a,zero
A-admiration-01,admiration,surprise,surprise,false,33,a,zero
A-admiration-02,admiration,relief,relief,false,33,a,zero
A-admiration-03,admiration,relief,relief,false,33,a,zero
A-admiration-04,admiration,trust,trust,false,33,a,zero
A-admiration-05,admiration,relief,relief,false,33,a,zero
A-admiration-06,admiration,relief,relief,false,33,a,zero
A-admiration-07,admiration,relief,relief,false,33,a,zero
A-admiration-08,admiration,trust,trust,false,33,a,zero
A-admiration-09,admiration,betrayal,betrayal,false,33,a,zero
A-admiration-10,admiration,relief,relief,false,33,a,zero
A-amazement-01,amazement,surprise,surprise,false,33,a,zero
A-amazement-02,amazement,surprise,surprise,false,33,a,zero
A-amazement-03,amazement,surprise,surprise,false,33,a,zero
A-amazement-04,amazement,surprise,surprise,false,33,a,zero
A-amazement-05,amazement,surprise,surprise,false,33,a,zero
A-amazement-06,amazement,confusion,confusion,false,33,a,zero
A-amazement-07,amazement,surprise,surprise,false,33,a,zero
A-amazement-08,amazement,surprise,joy,true,33,a,zero
A-amazement-09,amazement,surprise,surprise,false,33,a,zero
A-amazement-10,amazement,surprise,surprise,false,33,a,zero
A-ecstasy-01,ecstasy,pride,pride,false,33,a,zero
A-ecstasy-02,ecstasy,relief,relief,false,33,a,zero
A-ecstasy-03,ecstasy,happiness,happiness,false,33,a,zero
A-ecstasy-04,ecstasy,joy,joy,false,33,a,zero
A-ecstasy-05,ecstasy,joy,joy,false,33,a,zero
A-ecstasy-06,ecstasy,pride,pride,false,33,a,zero
A-ecstasy-07,ecstasy,pride,pride,false,33,a,zero
A-ecstasy-08,ecstasy,joy,joy,false,33,a,zero
A-ecstasy-09,ecstasy,excitement,excitement,false,33,a,zero
A-ecstasy-10,ecstasy,joy,joy,false,33,a,zero
A-grief-01,grief,sadness,sadness,false,33,a,zero
A-grief-02,grief,sadness,sadness,false,33,a,zero
A-grief-03,grief,grief,grief,false,33,a,zero
A-grief-04,grief,fear,sadness,true,33,a,zero
A-grief-05,grief,grief,grief,false,33,a,zero
A-grief-06,grief,sadness,sadness,false,33,a,zero
A-grief-07,grief,sadness,grief,true,33,a,zero
A-grief-08,grief,sadness,sadness,false,33,a,zero
A-grief-09,grief,sadness,sadness,false,33,a,zero
A-grief-10,grief,sadness,sadness,false,33,a,zero
A-loathing-01,loathing,disgust,disgust,false,33,a,zero
A-loathing-02,loathing,disappointment,disappointment,false,33,a,zero
A-loathing-03,loathing,anger,anger,false,33,a,zero
A-loathing-04,loathing,disgust,disgust,false,33,a,zero
A-loathing-05,loathing,disgust,disgust,false,33,a,zero
A-loathing-06,loathing,disgust,disgust,false,33,a,zero
A-loathing-07,loathing,anger,sadness,true,33,a,zero
A-loathing-08,loathing,disgust,disgust,false,33,a,zero
A-loathing-09,loathing,disgust,disgust,false,33,a,zero
A-loathing-10,loathing,frustration,frustration,false,33,a,zero
A-rage-01,rage,anger,anger,false,33,a,zero
A-rage-02,rage,anger,anger,false,33,a,zero
A-rage-03,rage,anger,anger,false,33,a,zero
A-rage-04,rage,anger,anger,false,33,a,zero
A-rage-05,rage,anger,anger,false,33,a,zero
A-rage-06,rage,anger,anger,false,33,a,zero
A-rage-07,rage,anger,anger,false,33,a,zero
A-rage-08,rage,anger,anger,false,33,a,zero
A-rage-09,rage,anger,anger,false,33,a,zero
A-rage-10,rage,anger,anger,false,33,a,zero
A-terror-01,terror,fear,fear,false,33,a,zero
A-terror-02,terror,fear,fear,false,33,a,zero
A-terror-03,terror,fear,fear,false,33,a,zero
A-terror-04,terror,fear,fear,false,33,a,zero
A-terror-05,terror,fear,fear,false,33,a,zero
A-terror-06,terror,fear,fear,false,33,a,zero
A-terror-07,terror,fear,fear,false,33,a,zero
A-terror-08,terror,fear,fear,false,33,a,zero
A-terror-09,terror,anxiety,anxiety,false,33,a,zero
A-terror-10,terror,fear,fear,false,33,a,zero
A-vigilance-01,vigilance,fear,fear,false,33,a,zero
A-vigilance-02,vigilance,anxiety,anxiety,false,33,a,zero
A-vigilance-03,vigilance,fear,fear,false,33,a,zero
A-vigilance-04,vigilance,anxiety,anxiety,false,33,a,zero
A-vigilance-05,vigilance,anxiety,anxiety,false,33,a,zero
A-vigilance-06,vigilance,stress,anxiety,true,33,a,zero
A-vigilance-07,vigilance,anxiety,anxiety,false,33,a,zero
A-vigilance-08,vigilance,anticipation,anticipation,false,33,a,zero
A-vigilance-09,vigilance,anxiety,anxiety,false,33,a,zero
A-vigilance-10,vigilance,anxiety,anxiety,false,33,a,zero
A-admiration-01,admiration,surprise,"",true,34,a,zero
A-admiration-02,admiration,relief,relief,false,34,a,zero
A-admiration-03,admiration,relief,relief,false,34,a,zero
A-admiration-04,admiration,trust,trust,false,34,a,zero
A-admiration-05,admiration,relief,relief,false,34,a,zero
A-admiration-06,admiration,relief,relief,false,34,a,zero
A-admiration-07,admiration,relief,relief,false,34,a,zero
A-admiration-08,admiration,trust,trust,false,34,a,zero
A-admiration-09,admiration,betrayal,betrayal,false,34,a,zero
A-admiration-10,admiration,relief,relief,false,34,a,zero
A-amazement-01,amazement,surprise,surprise,false,34,a,zero
A-amazement-02,amazement,surprise,surprise,false,34,a,zero
A-amazement-03,amazement,surprise,surprise,false,34,a,zero
A-amazement-04,amazement,surprise,surprise,false,34,a,zero
A-amazement-05,amazement,surprise,surprise,false,34,a,zero
A-amazement-06,amazement,confusion,confusion,false,34,a,zero
A-amazement-07,amazement,surprise,surprise,false,34,a,zero
A-amazement-08,amazement,surprise,joy,true,34,a,zero
A-amazement-09,amazement,surprise,surprise,false,34,a,zero
A-amazement-10,amazement,surprise,surprise,false,34,a,zero
A-ecstasy-01,ecstasy,pride,pride,false,34,a,zero
A-ecstasy-02,ecstasy,relief,relief,false,34,a,zero
A-ecstasy-03,ecstasy,happiness,happiness,false,34,a,zero
A-ecstasy-04,ecstasy,joy,joy,false,34,a,zero
A-ecstasy-05,ecstasy,joy,joy,false,34,a,zero
A-ecstasy-06,ecstasy,pride,pride,false,34,a,zero
A-ecstasy-07,ecstasy,pride,pride,false,34,a,zero
A-ecstasy-08,ecstasy,joy,joy,false,34,a,zero
A-ecstasy-09,ecstasy,excitement,excitement,false,34,a,zero
A-ecstasy-10,ecstasy,joy,joy,false,34,a,zero
A-grief-01,grief,sadness,sadness,false,34,a,zero
A-grief-02,grief,sadness,sadness,false,34,a,zero
A-grief-03,grief,grief,grief,false,34,a,zero
A-grief-04,grief,fear,fear,false,34,a,zero
A-grief-05,grief,grief,grief,false,34,a,zero
A-grief-06,grief,sadness,sadness,false,34,a,zero
A-grief-07,grief,sadness,grief,true,34,a,zero
A-grief-08,grief,sadness,sadness,false,34,a,zero
A-grief-09,grief,sadness,sadness,false,34,a,zero
A-grief-10,grief,sadness,sadness,false,34,a,zero
A-loathing-01,loathing,disgust,disgust,false,34,a,zero
A-loathing-02,loathing,disappointment,disappointment,false,34,a,zero
A-loathing-03,loathing,anger,anger,false,34,a,zero
A-loathing-04,loathing,disgust,disgust,false,34,a,zero
A-loathing-05,loathing,disgust,disgust,false,34,a,zero
A-loathing-06,loathing,disgust,disgust,false,34,a,zero
A-loathing-07,loathing,anger,sadness,true,34,a,zero
A-loathing-08,loathing,disgust,disgust,false,34,a,zero
A-loathing-09,loathing,disgust,disgust,false,34,a,zero
A-loathing-10,loathing,frustration,frustration,false,34,a,zero
A-rage-01,rage,anger,anger,false,34,a,zero
A-rage-02,rage,anger,anger,false,34,a,zero
A-rage-03,rage,anger,anger,false,34,a,zero
A-rage-04,rage,anger,anger,false,34,a,zero
A-rage-05,rage,anger,anger,false,34,a,zero
A-rage-06,rage,anger,anger,false,34,a,zero
A-rage-07,rage,anger,anger,false,34,a,zero
A-rage-08,rage,anger,anger,false,34,a,zero
A-rage-09,rage,anger,anger,false,34,a,zero
A-rage-10,rage,anger,anger,false,34,a,zero
A-terror-01,terror,fear,fear,false,34,a,zero
A-terror-02,terror,fear,fear,false,34,a,zero
A-terror-03,terror,fear,fear,false,34,a,zero
A-terror-04,terror,fear,fear,false,34,a,zero
A-terror-05,terror,fear,fear,false,34,a,zero
A-terror-06,terror,fear,fear,false,34,a,zero
A-terror-07,terror,fear,fear,false,34,a,zero
A-terror-08,terror,fear,fear,false,34,a,zero
A-terror-09,terror,anxiety,anxiety,false,34,a,zero
A-terror-10,terror,fear,fear,false,34,a,zero
A-vigilance-01,vigilance,fear,fear,false,34,a,zero
A-vigilance-02,vigilance,anxiety,anxiety,false,34,a,zero
A-vigilance-03,vigilance,fear,fear,false,34,a,zero
A-vigilance-04,vigilance,anxiety,anxiety,false,34,a,zero
A-vigilance-05,vigilance,anxiety,anxiety,false,34,a,zero
A-vigilance-06,vigilance,stress,anxiety,true,34,a,zero
A-vigilance-07,vigilance,anxiety,anxiety,false,34,a,zero
A-vigilance-08,vigilance,anticipation,anticipation,false,34,a,zero
A-vigilance-09,vigilance,anxiety,anxiety,false,34,a,zero
A-vigilance-10,vigilance,anxiety,anxiety,false,34,a,zero
A-admiration-01,admiration,surprise,surprise,false,35,a,zero
A-admiration-02,admiration,relief,relief,false,35,a,zero
A-admiration-03,admiration,relief,relief,false,35,a,zero
A-admiration-04,admiration,trust,trust,false,35,a,zero
A-admiration-05,admiration,relief,relief,false,35,a,zero
A-admiration-06,admiration,relief,relief,false,35,a,zero
A-admiration-07,admiration,relief,relief,false,35,a,zero
A-admiration-08,admiration,trust,trust,false,35,a,zero
A-admiration-09,admiration,betrayal,betrayal,false,35,a,zero
A-admiration-10,admiration,relief,relief,false,35,a,zero
A-amazement-01,amazement,surprise,surprise,false,35,a,zero
A-amazement-02,amazement,surprise,surprise,false,35,a,zero
A-amazement-03,amazement,surprise,surprise,false,35,a,zero
A-amazement-04,amazement,surprise,surprise,false,35,a,zero
A-amazement-05,amazement,surprise,surprise,false,35,a,zero
A-amazement-06,amazement,confusion,confusion,false,35,a,zero
A-amazement-07,amazement,surprise,surprise,false,35,a,zero
A-amazement-08,amazement,surprise,surprise,false,35,a,zero
A-amazement-09,amazement,surprise,surprise,false,35,a,zero
A-amazement-10,amazement,surprise,surprise,false,35,a,zero
A-ecstasy-01,ecstasy,pride,pride,false,35,a,zero
A-ecstasy-02,ecstasy,relief,relief,false,35,a,zero
A-ecstasy-03,ecstasy,happiness,happiness,false,35,a,zero
A-ecstasy-04,ecstasy,joy,joy,false,35,a,zero
A-ecstasy-05,ecstasy,joy,joy,false,35,a,zero
A-ecstasy-06,ecstasy,pride,pride,false,35,a,zero
A-ecstasy-07,ecstasy,pride,pride,false,35,a,zero
A-ecstasy-08,ecstasy,joy,joy,false,35,a,zero
A-ecstasy-09,ecstasy,excitement,excitement,false,35,a,zero
A-ecstasy-10,ecstasy,joy,joy,false,35,a,zero
A-grief-01,grief,sadness,sadness,false,35,a,zero
A-grief-02,grief,sadness,sadness,false,35,a,zero
A-grief-03,grief,grief,grief,false,35,a,zero
A-grief-04,grief,fear,fear,false,35,a,zero
A-grief-05,grief,grief,grief,false,35,a,zero
A-grief-06,grief,sadness,sadness,false,35,a,zero
A-grief-07,grief,sadness,grief,true,35,a,zero
A-grief-08,grief,sadness,sadness,false,35,a,zero
A-grief-09,grief,sadness,sadness,false,35,a,zero
A-grief-10,grief,sadness,sadness,false,35,a,zero
A-loathing-01,loathing,disgust,disgust,false,35,a,zero
A-loathing-02,loathing,disappointment,disappointment,false,35,a,zero
A-loathing-03,loathing,anger,anger,false,35,a,zero
A-loathing-04,loathing,disgust,disgust,false,35,a,zero
A-loathing-05,loathing,disgust,disgust,false,35,a,zero
A-loathing-06,loathing,disgust,disgust,false,35,a,zero
A-loathing-07,loathing,anger,anger,false,35,a,zero
A-loathing-08,loathing,disgust,disgust,false,35,a,zero
A-loathing-09,loathing,disgust,disgust,false,35,a,zero
A-loathing-10,loathing,frustration,frustration,false,35,a,zero
A-rage-01,rage,anger,anger,false,35,a,zero
A-rage-02,rage,anger,anger,false,35,a,zero
A-rage-03,rage,anger,anger,false,35,a,zero
A-rage-04,rage,anger,anger,false,35,a,zero
A-rage-05,rage,anger,anger,false,35,a,zero
A-rage-06,rage,anger,anger,false,35,a,zero
A-rage-07,rage,anger,anger,false,35,a,zero
A-rage-08,rage,anger,anger,false,35,a,zero
A-rage-09,rage,anger,anger,false,35,a,zero
A-rage-10,rage,anger,anger,false,35,a,zero
A-terror-01,terror,fear,fear,false,35,a,zero
A-terror-02,terror,fear,fear,false,35,a,zero
A-terror-03,terror,fear,fear,false,35,a,zero
A-terror-04,terror,fear,fear,false,35,a,zero
A-terror-05,terror,fear,fear,false,35,a,zero
A-terror-06,terror,fear,fear,false,35,a,zero
A-terror-07,terror,fear,fear,false,35,a,zero
A-terror-08,terror,fear,fear,false,35,a,zero
A-terror-09,terror,anxiety,fear,true,35,a,zero
A-terror-10,terror,fear,fear,false,35,a,zero
A-vigilance-01,vigilance,fear,fear,false,35,a,zero
A-vigilance-02,vigilance,anxiety,anxiety,false,35,a,zero
A-vigilance-03,vigilance,fear,fear,false,35,a,zero
A-vigilance-04,vigilance,anxiety,anxiety,false,35,a,zero
A-vigilance-05,vigilance,anxiety,anxiety,false,35,a,zero
A-vigilance-06,vigilance,stress,stress,false,35,a,zero
A-vigilance-07,vigilance,anxiety,anxiety,false,35,a,zero
A-vigilance-08,vigilance,anticipation,anticipation,false,35,a,zero
A-vigilance-09,vigilance,anxiety,anxiety,false,35,a,zero
A-vigilance-10,vigilance,anxiety,anxiety,false,35,a,zero
A-admiration-01,admiration,surprise,surprise,false,36,a,zero
A-admiration-02,admiration,relief,relief,false,36,a,zero
A-admiration-03,admiration,relief,relief,false,36,a,zero
A-admiration-04,admiration,trust,trust,false,36,a,zero
A-admiration-05,admiration,relief,relief,false,36,a,zero
A-admiration-06,admiration,relief,relief,false,36,a,zero
A-admiration-07,admiration,relief,relief,false,36,a,zero
A-admiration-08,admiration,trust,trust,false,36,a,zero
A-admiration-09,admiration,betrayal,betrayal,false,36,a,zero
A-admiration-10,admiration,relief,relief,false,36,a,zero
A-amazement-01,amazement,surprise,surprise,false,36,a,zero
A-amazement-02,amazement,surprise,surprise,false,36,a,zero
A-amazement-03,amazement,surprise,surprise,false,36,a,zero
A-amazement-04,amazement,surprise,surprise,false,36,a,zero
A-amazement-05,amazement,surprise,surprise,false,36,a,zero
A-amazement-06,amazement,confusion,confusion,false,36,a,zero
A-amazement-07,amazement,surprise,surprise,false,36,a,zero
A-amazement-08,amazement,surprise,surprise,false,36,a,zero
A-amazement-09,amazement,surprise,surprise,false,36,a,zero
A-amazement-10,amazement,surprise,surprise,false,36,a,zero
A-ecstasy-01,ecstasy,pride,pride,false,36,a,zero
A-ecstasy-02,ecstasy,relief,relief,false,36,a,zero
A-ecstasy-03,ecstasy,happiness,happiness,false,36,a,zero
A-ecstasy-04,ecstasy,joy,joy,false,36,a,zero
A-ecstasy-05,ecstasy,joy,joy,false,36,a,zero
A-ecstasy-06,ecstasy,pride,pride,false,36,a,zero
A-ecstasy-07,ecstasy,pride,pride,false,36,a,zero
A-ecstasy-08,ecstasy,joy,joy,false,36,a,zero
A-ecstasy-09,ecstasy,excitement,excitement,false,36,a,zero
A-ecstasy-10,ecstasy,joy,joy,false,36,a,zero
A-grief-01,grief,sadness,sadness,false,36,a,zero
A-grief-02,grief,sadness,sadness,false,36,a,zero
A-grief-03,grief,grief,grief,false,36,a,zero
A-grief-04,grief,fear,fear,false,36,a,zero
A-grief-05,grief,grief,grief,false,36,a,zero
A-grief-06,grief,sadness,sadness,false,36,a,zero
A-grief-07,grief,sadness,grief,true,36,a,zero
A-grief-08,grief,sadness,sadness,false,36,a,zero
A-grief-09,grief,sadness,sadness,false,36,a,zero
A-grief-10,grief,sadness,sadness,false,36,a,zero
A-loathing-01,loathing,disgust,disgust,false,36,a,zero
A-loathing-02,loathing,disappointment,disappointment,false,36,a,zero
A-loathing-03,loathing,anger,anger,false,36,a,zero
A-loathing-04,loathing,disgust,disgust,false,36,a,zero
A-loathing-05,loathing,disgust,disgust,false,36,a,zero
A-loathing-06,loathing,disgust,disgust,false,36,a,zero
A-loathing-07,loathing,anger,anger,false,36,a,zero
A-loathing-08,loathing,disgust,disgust,false,36,a,zero
A-loathing-09,loathing,disgust,disgust,false,36,a,zero
A-loathing-10,loathing,frustration,frustration,false,36,a,zero
A-rage-01,rage,anger,anger,false,36,a,zero
A-rage-02,rage,anger,anger,false,36,a,zero
A-rage-03,rage,anger,anger,false,36,a,zero
A-rage-04,rage,anger,anger,false,36,a,zero
A-rage-05,rage,anger,anger,false,36,a,zero
A-rage-06,rage,anger,anger,false,36,a,zero
A-rage-07,rage,anger,anger,false,36,a,zero
A-rage-08,rage,anger,anger,false,36,a,zero
A-rage-09,rage,anger,anger,false,36,a,zero
A-rage-10,rage,anger,anger,false,36,a,zero
A-terror-01,terror,fear,fear,false,36,a,zero
A-terror-02,terror,fear,fear,false,36,a,zero
A-terror-03,terror,fear,fear,false,36,a,zero
A-terror-04,terror,fear,fear,false,36,a,zero
A-terror-05,terror,fear,fear,false,36,a,zero
A-terror-06,terror,fear,fear,false,36,a,zero
A-terror-07,terror,fear,fear,false,36,a,zero
A-terror-08,terror,fear,fear,false,36,a,zero
A-terror-09,terror,anxiety,anxiety,false,36,a,zero
A-terror-10,terror,fear,fear,false,36,a,zero
A-vigilance-01,vigilance,fear,fear,false,36,a,zero
A-vigilance-02,vigilance,anxiety,anxiety,false,36,a,zero
A-vigilance-03,vigilance,fear,fear,false,36,a,zero
A-vigilance-04,vigilance,anxiety,anxiety,false,36,a,zero
A-vigilance-05,vigilance,anxiety,anxiety,false,36,a,zero
A-vigilance-06,vigilance,stress,anxiety,true,36,a,zero
A-vigilance-07,vigilance,anxiety,anxiety,false,36,a,zero
A-vigilance-08,vigilance,anticipation,anticipation,false,36,a,zero
A-vigilance-09,vigilance,anxiety,anxiety,false,36,a,zero
A-vigilance-10,vigilance,anxiety,anxiety,false,36,a,zero
A-admiration-01,admiration,surprise,"",true,37,a,zero
A-admiration-02,admiration,relief,relief,false,37,a,zero
A-admiration-03,admiration,relief,relief,false,37,a,zero
A-admiration-04,admiration,trust,trust,false,37,a,zero
A-admiration-05,admiration,relief,relief,false,37,a,zero
A-admiration-06,admiration,relief,relief,false,37,a,zero
A-admiration-07,admiration,relief,relief,false,37,a,zero
A-admiration-08,admiration,trust,trust,false,37,a,zero
A-admiration-09,admiration,betrayal,betrayal,false,37,a,zero
A-admiration-10,admiration,relief,relief,false,37,a,zero
A-amazement-01,amazement,surprise,surprise,false,37,a,zero
A-amazement-02,amazement,surprise,surprise,false,37,a,zero
A-amazement-03,amazement,surprise,surprise,false,37,a,zero
A-amazement-04,amazement,surprise,surprise,false,37,a,zero
A-amazement-05,amazement,surprise,surprise,false,37,a,zero
A-amazement-06,amazement,confusion,confusion,false,37,a,zero
A-amazement-07,amazement,surprise,surprise,false,37,a,zero
A-amazement-08,amazement,surprise,surprise,false,37,a,zero
A-amazement-09,amazement,surprise,surprise,false,37,a,zero
A-amazement-10,amazement,surprise,surprise,false,37,a,zero
A-ecstasy-01,ecstasy,pride,pride,false,37,a,zero
A-ecstasy-02,ecstasy,relief,relief,false,37,a,zero
A-ecstasy-03,ecstasy,happiness,happiness,false,37,a,zero
A-ecstasy-04,ecstasy,joy,joy,false,37,a,zero
A-ecstasy-05,ecstasy,joy,joy,false,37,a,zero
A-ecstasy-06,ecstasy,pride,pride,false,37,a,zero
A-ecstasy-07,ecstasy,pride,joy,true,37,a,zero
A-ecstasy-08,ecstasy,joy,joy,false,37,a,zero
A-ecstasy-09,ecstasy,excitement,excitement,false,37,a,zero
A-ecstasy-10,ecstasy,joy,joy,false,37,a,zero
A-grief-01,grief,sadness,sadness,false,37,a,zero
A-grief-02,grief,sadness,sadness,false,37,a,zero
A-grief-03,grief,grief,grief,false,37,a,zero
A-grief-04,grief,fear,fear,false,37,a,zero
A-grief-05,grief,grief,grief,false,37,a,zero
A-grief-06,grief,sadness,sadness,false,37,a,zero
A-grief-07,grief,sadness,sadness,false,37,a,zero
A-grief-08,grief,sadness,sadness,false,37,a,zero
A-grief-09,grief,sadness,sadness,false,37,a,zero
A-grief-10,grief,sadness,sadness,false,37,a,zero
A-loathing-01,loathing,disgust,disgust,false,37,a,zero
A-loathing-02,loathing,disappointment,disappointment,false,37,a,zero
A-loathing-03,loathing,anger,anger,false,37,a,zero
A-loathing-04,loathing,disgust,disgust,false,37,a,zero
A-loathing-05,loathing,disgust,disgust,false,37,a,zero
A-loathing-06,loathing,disgust,disgust,false,37,a,zero
A-loathing-07,loathing,anger,anger,false,37,a,zero
A-loathing-08,loathing,disgust,disgust,false,37,a,zero
A-loathing-09,loathing,disgust,disgust,false,37,a,zero
A-loathing-10,loathing,frustration,frustration,false,37,a,zero
A-rage-01,rage,anger,anger,false,37,a,zero
A-rage-02,rage,anger,anger,false,37,a,zero
A-rage-03,rage,anger,anger,false,37,a,zero
A-rage-04,rage,anger,anger,false,37,a,zero
A-rage-05,rage,anger,anger,false,37,a,zero
A-rage-06,rage,anger,anger,false,37,a,zero
A-rage-07,rage,anger,anger,false,37,a,zero
A-rage-08,rage,anger,anger,false,37,a,zero
A-rage-09,rage,anger,anger,false,37,a,zero
A-rage-10,rage,anger,anger,false,37,a,zero
A-terror-01,terror,fear,fear,false,37,a,zero
A-terror-02,terror,fear,fear,false,37,a,zero
A-terror-03,terror,fear,fear,false,37,a,zero
A-terror-04,terror,fear,fear,false,37,a,zero
A-terror-05,terror,fear,fear,false,37,a,zero
A-terror-06,terror,fear,fear,false,37,a,zero
A-terror-07,terror,fear,fear,false,37,a,zero
A-terror-08,terror,fear,fear,false,37,a,zero
A-terror-09,terror,anxiety,fear,true,37,a,zero
A-terror-10,terror,fear,fear,false,37,a,zero
A-vigilance-01,vigilance,fear,fear,false,37,a,zero
A-vigilance-02,vigilance,anxiety,anxiety,false,37,a,zero
A-vigilance-03,vigilance,fear,fear,false,37,a,zero
A-vigilance-04,vigilance,anxiety,anxiety,false,37,a,zero
A-vigilance-05,vigilance,anxiety,anxiety,false,37,a,zero
A-vigilance-06,vigilance,stress,anxiety,true,37,a,zero
A-vigilance-07,vigilance,anxiety,anxiety,false,37,a,zero
A-vigilance-08,vigilance,anticipation,anticipation,false,37,a,zero
A-vigilance-09,vigilance,anxiety,anxiety,false,37,a,zero
A-vigilance-10,vigilance,anxiety,anxiety,false,37,a,zero
A-admiration-01,admiration,surprise,surprise,false,38,a,zero
A-admiration-02,admiration,relief,relief,false,38,a,zero
A-admiration-03,admiration,relief,relief,false,38,a,zero
A-admiration-04,admiration,trust,trust,false,38,a,zero
A-admiration-05,admiration,relief,relief,false,38,a,zero
A-admiration-06,admiration,relief,relief,false,38,a,zero
A-admiration-07,admiration,relief,relief,false,38,a,zero
A-admiration-08,admiration,trust,trust,false,38,a,zero
A-admiration-09,admiration,betrayal,betrayal,false,38,a,zero
A-admiration-10,admiration,relief,relief,false,38,a,zero
A-amazement-01,amazement,surprise,surprise,false,38,a,zero
A-amazement-02,amazement,surprise,surprise,false,38,a,zero
A-amazement-03,amazement,surprise,surprise,false,38,a,zero
A-amazement-04,amazement,surprise,surprise,false,38,a,zero
A-amazement-05,amazement,surprise,surprise,false,38,a,zero
A-amazement-06,amazement,confusion,confusion,false,38,a,zero
A-amazement-07,amazement,surprise,surprise,false,38,a,zero
A-amazement-08,amazement,surprise,surprise,false,38,a,zero
A-amazement-09,amazement,surprise,surprise,false,38,a,zero
A-amazement-10,amazement,surprise,surprise,false,38,a,zero
A-ecstasy-01,ecstasy,pride,pride,false,38,a,zero
A-ecstasy-02,ecstasy,relief,relief,false,38,a,zero
A-ecstasy-03,ecstasy,happiness,happiness,false,38,a,zero
A-ecstasy-04,ecstasy,joy,joy,false,38,a,zero
A-ecstasy-05,ecstasy,joy,joy,false,38,a,zero
A-ecstasy-06,ecstasy,pride,pride,false,38,a,zero
A-ecstasy-07,ecstasy,pride,pride,false,38,a,zero
A-ecstasy-08,ecstasy,joy,joy,false,38,a,zero
A-ecstasy-09,ecstasy,excitement,excitement,false,38,a,zero
A-ecstasy-10,ecstasy,joy,joy,false,38,a,zero
A-grief-01,grief,sadness,sadness,false,38,a,zero
A-grief-02,grief,sadness,sadness,false,38,a,zero
A-grief-03,grief,grief,grief,false,38,a,zero
A-grief-04,grief,fear,fear,false,38,a,zero
A-grief-05,grief,grief,grief,false,38,a,zero
A-grief-06,grief,sadness,sadness,false,38,a,zero
A-grief-07,grief,sadness,sadness,false,38,a,zero
A-grief-08,grief,sadness,sadness,false,38,a,zero
A-grief-09,grief,sadness,sadness,false,38,a,zero
A-grief-10,grief,sadness,sadness,false,38,a,zero
A-loathing-01,loathing,disgust,disgust,false,38,a,zero
A-loathing-02,loathing,disappointment,disappointment,false,38,a,zero
A-loathing-03,loathing,anger,anger,false,38,a,zero
A-loathing-04,loathing,disgust,disgust,false,38,a,zero
A-loathing-05,loathing,disgust,disgust,false,38,a,zero
A-loathing-06,loathing,disgust,disgust,false,38,a,zero
A-loathing-07,loathing,anger,anger,false,38,a,zero
A-loathing-08,loathing,disgust,disgust,false,38,a,zero
A-loathing-09,loathing,disgust,disgust,false,38,a,zero
A-loathing-10,loathing,frustration,frustration,false,38,a,zero
A-rage-01,rage,anger,anger,false,38,a,zero
A-rage-02,rage,anger,anger,false,38,a,zero
A-rage-03,rage,anger,anger,false,38,a,zero
A-rage-04,rage,anger,anger,false,38,a,zero
A-rage-05,rage,anger,anger,false,38,a,zero
A-rage-06,rage,anger,anger,false,38,a,zero
A-rage-07,rage,anger,anger,false,38,a,zero
A-rage-08,rage,anger,anger,false,38,a,zero
A-rage-09,rage,anger,anger,false,38,a,zero
A-rage-10,rage,anger,anger,false,38,a,zero
A-terror-01,terror,fear,fear,false,38,a,zero
A-terror-02,terror,fear,fear,false,38,a,zero
A-terror-03,terror,fear,fear,false,38,a,zero
A-terror-04,terror,fear,fear,false,38,a,zero
A-terror-05,terror,fear,fear,false,38,a,zero
A-terror-06,terror,fear,fear,false,38,a,zero
A-terror-07,terror,fear,fear,false,38,a,zero
A-terror-08,terror,fear,fear,false,38,a,zero
A-terror-09,terror,anxiety,fear,true,38,a,zero
A-terror-10,terror,fear,fear,false,38,a,zero
A-vigilance-01,vigilance,fear,fear,false,38,a,zero
A-vigilance-02,vigilance,anxiety,anxiety,false,38,a,zero
A-vigilance-03,vigilance,fear,fear,false,38,a,zero
A-vigilance-04,vigilance,anxiety,anxiety,false,38,a,zero
A-vigilance-05,vigilance,anxiety,anxiety,false,38,a,zero
A-vigilance-06,vigilance,stress,stress,false,38,a,zero
A-vigilance-07,vigilance,anxiety,anxiety,false,38,a,zero
A-vigilance-08,vigilance,anticipation,anticipation,false,38,a,zero
A-vigilance-09,vigilance,anxiety,anxiety,false,38,a,zero
A-vigilance-10,vigilance,anxiety,anxiety,false,38,a,zero
A-admiration-01,admiration,surprise,surprise,false,39,a,zero
A-admiration-02,admiration,relief,relief,false,39,a,zero
A-admiration-03,admiration,relief,relief,false,39,a,zero
A-admiration-04,admiration,trust,trust,false,39,a,zero
A-admiration-05,admiration,relief,relief,false,39,a,zero
A-admiration-06,admiration,relief,relief,false,39,a,zero
A-admiration-07,admiration,relief,relief,false,39,a,zero
A-admiration-08,admiration,trust,trust,false,39,a,zero
A-admiration-09,admiration,betrayal,betrayal,false,39,a,zero
A-admiration-10,admiration,relief,relief,false,39,a,zero
A-amazement-01,amazement,surprise,surprise,false,39,a,zero
A-amazement-02,amazement,surprise,surprise,false,39,a,zero
A-amazement-03,amazement,surprise,surprise,false,39,a,zero
A-amazement-04,amazement,surprise,surprise,false,39,a,zero
A-amazement-05,amazement,surprise,surprise,false,39,a,zero
A-amazement-06,amazement,confusion,confusion,false,39,a,zero
A-amazement-07,amazement,surprise,surprise,false,39,a,zero
A-amazement-08,amazement,surprise,surprise,false,39,a,zero
A-amazement-09,amazement,surprise,surprise,false,39,a,zero
A-amazement-10,amazement,surprise,surprise,false,39,a,zero
A-ecstasy-01,ecstasy,pride,pride,false,39,a,zero
A-ecstasy-02,ecstasy,relief,relief,false,39,a,zero
A-ecstasy-03,ecstasy,happiness,happiness,false,39,a,zero
A-ecstasy-04,ecstasy,joy,joy,false,39,a,zero
A-ecstasy-05,ecstasy,joy,joy,false,39,a,zero
A-ecstasy-06,ecstasy,pride,pride,false,39,a,zero
A-ecstasy-07,ecstasy,pride,joy,true,39,a,zero
A-ecstasy-08,ecstasy,joy,joy,false,39,a,zero
A-ecstasy-09,ecstasy,excitement,excitement,false,39,a,zero
A-ecstasy-10,ecstasy,joy,joy,false,39,a,zero
A-grief-01,grief,sadness,sadness,false,39,a,zero
A-grief-02,grief,sadness,sadness,false,39,a,zero
A-grief-03,grief,grief,grief,false,39,a,zero
A-grief-04,grief,fear,fear,false,39,a,zero
A-grief-05,grief,grief,grief,false,39,a,zero
A-grief-06,grief,sadness,sadness,false,39,a,zero
A-grief-07,grief,sadness,sadness,false,39,a,zero
A-grief-08,grief,sadness,sadness,false,39,a,zero
A-grief-09,grief,sadness,sadness,false,39,a,zero
A-grief-10,grief,sadness,sadness,false,39,a,zero
A-loathing-01,loathing,disgust,disgust,false,39,a,zero
A-loathing-02,loathing,disappointment,disappointment,false,39,a,zero
A-loathing-03,loathing,anger,anger,false,39,a,zero
A-loathing-04,loathing,disgust,disgust,false,39,a,zero
A-loathing-05,loathing,disgust,disgust,false,39,a,zero
A-loathing-06,loathing,disgust,disgust,false,39,a,zero
A-loathing-07,loathing,anger,anger,false,39,a,zero
A-loathing-08,loathing,disgust,disgust,false,39,a,zero
A-loathing-09,loathing,disgust,disgust,false,39,a,zero
A-loathing-10,loathing,frustration,frustration,false,39,a,zero
A-rage-01,rage,anger,anger,false,39,a,zero
A-rage-02,rage,anger,anger,false,39,a,zero
A-rage-03,rage,anger,anger,false,39,a,zero
A-rage-04,rage,anger,anger,false,39,a,zero
A-rage-05,rage,anger,anger,false,39,a,zero
A-rage-06,rage,anger,anger,false,39,a,zero
A-rage-07,rage,anger,anger,false,39,a,zero
A-rage-08,rage,anger,anger,false,39,a,zero
A-rage-09,rage,anger,anger,false,39,a,zero
A-rage-10,rage,anger,anger,false,39,a,zero
A-terror-01,terror,fear,fear,false,39,a,zero
A-terror-02,terror,fear,fear,false,39,a,zero
A-terror-03,terror,fear,fear,false,39,a,zero
A-terror-04,terror,fear,fear,false,39,a,zero
A-terror-05,terror,fear,fear,false,39,a,zero
A-terror-06,terror,fear,fear,false,39,a,zero
A-terror-07,terror,fear,fear,false,39,a,zero
A-terror-08,terror,fear,fear,false,39,a,zero
A-terror-09,terror,anxiety,fear,true,39,a,zero
A-terror-10,terror,fear,fear,false,39,a,zero
A-vigilance-01,vigilance,fear,fear,false,39,a,zero
A-vigilance-02,vigilance,anxiety,anxiety,false,39,a,zero
A-vigilance-03,vigilance,fear,fear,false,39,a,zero
A-vigilance-04,vigilance,anxiety,anxiety,false,39,a,zero
A-vigilance-05,vigilance,anxiety,anxiety,false,39,a,zero
A-vigilance-06,vigilance,stress,anxiety,true,39,a,zero
A-vigilance-07,vigilance,anxiety,anxiety,false,39,a,zero
A-vigilance-08,vigilance,anticipation,anticipation,false,39,a,zero
A-vigilance-09,vigilance,anxiety,anxiety,false,39,a,zero
A-vigilance-10,vigilance,anxiety,anxiety,false,39,a,zero
A-admiration-01,admiration,surprise,"",true,40,a,zero
A-admiration-02,admiration,relief,relief,false,40,a,zero
A-admiration-03,admiration,relief,relief,false,40,a,zero
A-admiration-04,admiration,trust,trust,false,40,a,zero
A-admiration-05,admiration,relief,relief,false,40,a,zero
A-admiration-06,admiration,relief,relief,false,40,a,zero
A-admiration-07,admiration,relief,relief,false,40,a,zero
A-admiration-08,admiration,trust,trust,false,40,a,zero
A-admiration-09,admiration,betrayal,betrayal,false,40,a,zero
A-admiration-10,admiration,relief,relief,false,40,a,zero
A-amazement-01,amazement,surprise,surprise,false,40,a,zero
A-amazement-02,amazement,surprise,surprise,false,40,a,zero
A-amazement-03,amazement,surprise,surprise,false,40,a,zero
A-amazement-04,amazement,surprise,surprise,false,40,a,zero
A-amazement-05,amazement,surprise,surprise,false,40,a,zero
A-amazement-06,amazement,confusion,confusion,false,40,a,zero
A-amazement-07,amazement,surprise,surprise,false,40,a,zero
A-amazement-08,amazement,surprise,surprise,false,40,a,zero
A-amazement-09,amazement,surprise,surprise,false,40,a,zero
A-amazement-10,amazement,surprise,surprise,false,40,a,zero
A-ecstasy-01,ecstasy,pride,pride,false,40,a,zero
A-ecstasy-02,ecstasy,relief,relief,false,40,a,zero
A-ecstasy-03,ecstasy,happiness,happiness,false,40,a,zero
A-ecstasy-04,ecstasy,joy,joy,false,40,a,zero
A-ecstasy-05,ecstasy,joy,joy,false,40,a,zero
A-ecstasy-06,ecstasy,pride,pride,false,40,a,zero
A-ecstasy-07,ecstasy,pride,joy,true,40,a,zero
A-ecstasy-08,ecstasy,joy,joy,false,40,a,zero
A-ecstasy-09,ecstasy,excitement,excitement,false,40,a,zero
A-ecstasy-10,ecstasy,joy,joy,false,40,a,zero
A-grief-01,grief,sadness,sadness,false,40,a,zero
A-grief-02,grief,sadness,sadness,false,40,a,zero
A-grief-03,grief,grief,grief,false,40,a,zero
A-grief-04,grief,fear,fear,false,40,a,zero
A-grief-05,grief,grief,grief,false,40,a,zero
A-grief-06,grief,sadness,sadness,false,40,a,zero
A-grief-07,grief,sadness,sadness,false,40,a,zero
A-grief-08,grief,sadness,sadness,false,40,a,zero
A-grief-09,grief,sadness,sadness,false,40,a,zero
A-grief-10,grief,sadness,sadness,false,40,a,zero
A-loathing-01,loathing,disgust,disgust,false,40,a,zero
A-loathing-02,loathing,disappointment,disappointment,false,40,a,zero
A-loathing-03,loathing,anger,anger,false,40,a,zero
A-loathing-04,loathing,disgust,disgust,false,40,a,zero
A-loathing-05,loathing,disgust,disgust,false,40,a,zero
A-loathing-06,loathing,disgust,disgust,false,40,a,zero
A-loathing-07,loathing,anger,anger,false,40,a,zero
A-loathing-08,loathing,disgust,disgust,false,40,a,zero
A-loathing-09,loathing,disgust,disgust,false,40,a,zero
A-loathing-10,loathing,frustration,frustration,false,40,a,zero
A-rage-01,rage,anger,anger,false,40,a,zero
A-rage-02,rage,anger,anger,false,40,a,zero
A-rage-03,rage,anger,anger,false,40,a,zero
A-rage-04,rage,anger,anger,false,40,a,zero
A-rage-05,rage,anger,anger,false,40,a,zero
A-rage-06,rage,anger,anger,false,40,a,zero
A-rage-07,rage,anger,anger,false,40,a,zero
A-rage-08,rage,anger,anger,false,40,a,zero
A-rage-09,rage,anger,anger,false,40,a,zero
A-rage-10,rage,anger,anger,false,40,a,zero
A-terror-01,terror,fear,fear,false,40,a,zero
A-terror-02,terror,fear,fear,false,40,a,zero
A-terror-03,terror,fear,fear,false,40,a,zero
A-terror-04,terror,fear,fear,false,40,a,zero
A-terror-05,terror,fear,fear,false,40,a,zero
A-terror-06,terror,fear,fear,false,40,a,zero
A-terror-07,terror,fear,fear,false,40,a,zero
A-terror-08,terror,fear,fear,false,40,a,zero
A-terror-09,terror,anxiety,fear,true,40,a,zero
A-terror-10,terror,fear,fear,false,40,a,zero
A-vigilance-01,vigilance,fear,fear,false,40,a,zero
A-vigilance-02,vigilance,anxiety,anxiety,false,40,a,zero
A-vigilance-03,vigilance,fear,fear,false,40,a,zero
A-vigilance-04,vigilance,anxiety,anxiety,false,40,a,zero
A-vigilance-05,vigilance,anxiety,anxiety,false,40,a,zero
A-vigilance-06,vigilance,stress,stress,false,40,a,zero
A-vigilance-07,vigilance,anxiety,anxiety,false,40,a,zero
A-vigilance-08,vigilance,anticipation,anticipation,false,40,a,zero
A-vigilance-09,vigilance,anxiety,anxiety,false,40,a,zero
A-vigilance-10,vigilance,anxiety,anxiety,false,40,a,zero
A-admiration-01,admiration,surprise,surprise,false,41,a,zero
A-admiration-02,admiration,relief,relief,false,41,a,zero
A-admiration-03,admiration,relief,relief,false,41,a,zero
A-admiration-04,admiration,trust,trust,false,41,a,zero
A-admiration-05,admiration,relief,relief,false,41,a,zero
A-admiration-06,admiration,relief,relief,false,41,a,zero
A-admiration-07,admiration,relief,relief,false,41,a,zero
A-admiration-08,admiration,trust,trust,false,41,a,zero
A-admiration-09,admiration,betrayal,betrayal,false,41,a,zero
A-admiration-10,admiration,relief,relief,false,41,a,zero
A-amazement-01,amazement,surprise,surprise,false,41,a,zero
A-amazement-02,amazement,surprise,surprise,false,41,a,zero
A-amazement-03,amazement,surprise,surprise,false,41,a,zero
A-amazement-04,amazement,surprise,surprise,false,41,a,zero
A-amazement-05,amazement,surprise,surprise,false,41,a,zero
A-amazement-06,amazement,confusion,confusion,false,41,a,zero
A-amazement-07,amazement,surprise,surprise,false,41,a,zero
A-amazement-08,amazement,surprise,surprise,false,41,a,zero
A-amazement-09,amazement,surprise,surprise,false,41,a,zero
A-amazement-10,amazement,surprise,surprise,false,41,a,zero
A-ecstasy-01,ecstasy,pride,pride,false,41,a,zero
A-ecstasy-02,ecstasy,relief,relief,false,41,a,zero
A-ecstasy-03,ecstasy,happiness,happiness,false,41,a,zero
A-ecstasy-04,ecstasy,joy,joy,false,41,a,zero
A-ecstasy-05,ecstasy,joy,joy,false,41,a,zero
A-ecstasy-06,ecstasy,pride,pride,false,41,a,zero
A-ecstasy-07,ecstasy,pride,joy,true,41,a,zero
A-ecstasy-08,ecstasy,joy,joy,false,41,a,zero
A-ecstasy-09,ecstasy,excitement,excitement,false,41,a,zero
A-ecstasy-10,ecstasy,joy,joy,false,41,a,zero
A-grief-01,grief,sadness,sadness,false,41,a,zero
A-grief-02,grief,sadness,sadness,false,41,a,zero
A-grief-03,grief,grief,grief,false,41,a,zero
A-grief-04,grief,fear,fear,false,41,a,zero
A-grief-05,grief,grief,grief,false,41,a,zero
A-grief-06,grief,sadness,sadness,false,41,a,zero
A-grief-07,grief,sadness,sadness,false,41,a,zero
A-grief-08,grief,sadness,sadness,false,41,a,zero
A-grief-09,grief,sadness,sadness,false,41,a,zero
A-grief-10,grief,sadness,sadness,false,41,a,zero
A-loathing-01,loathing,disgust,disgust,false,41,a,zero
A-loathing-02,loathing,disappointment,Dis,true,41,a,zero
A-loathing-03,loathing,anger,anger,false,41,a,zero
A-loathing-04,loathing,disgust,disgust,false,41,a,zero
A-loathing-05,loathing,disgust,disgust,false,41,a,zero
A-loathing-06,loathing,disgust,disgust,false,41,a,zero
A-loathing-07,loathing,anger,sadness,true,41,a,zero
A-loathing-08,loathing,disgust,disgust,false,41,a,zero
A-loathing-09,loathing,disgust,disgust,false,41,a,zero
A-loathing-10,loathing,frustration,frustration,false,41,a,zero
A-rage-01,rage,anger,anger,false,41,a,zero
A-rage-02,rage,anger,anger,false,41,a,zero
A-rage-03,rage,anger,anger,false,41,a,zero
A-rage-04,rage,anger,anger,false,41,a,zero
A-rage-05,rage,anger,anger,false,41,a,zero
A-rage-06,rage,anger,anger,false,41,a,zero
A-rage-07,rage,anger,anger,false,41,a,zero
A-rage-08,rage,anger,anger,false,41,a,zero
A-rage-09,rage,anger,anger,false,41,a,zero
A-rage-10,rage,anger,anger,false,41,a,zero
A-terror-01,terror,fear,fear,false,41,a,zero
A-terror-02,terror,fear,fear,false,41,a,zero
A-terror-03,terror,fear,fear,false,41,a,zero
A-terror-04,terror,fear,fear,false,41,a,zero
A-terror-05,terror,fear,fear,false,41,a,zero
A-terror-06,terror,fear,fear,false,41,a,zero
A-terror-07,terror,fear,fear,false,41,a,zero
A-terror-08,terror,fear,fear,false,41,a,zero
A-terror-09,terror,anxiety,fear,true,41,a,zero
A-terror-10,terror,fear,fear,false,41,a,zero
A-vigilance-01,vigilance,fear,fear,false,41,a,zero
A-vigilance-02,vigilance,anxiety,anxiety,false,41,a,zero
A-vigilance-03,vigilance,fear,fear,false,41,a,zero
A-vigilance-04,vigilance,anxiety,anxiety,false,41,a,zero
A-vigilance-05,vigilance,anxiety,anxiety,false,41,a,zero
A-vigilance-06,vigilance,stress,stress,false,41,a,zero
A-vigilance-07,vigilance,anxiety,anxiety,false,41,a,zero
A-vigilance-08,vigilance,anticipation,anticipation,false,41,a,zero
A-vigilance-09,vigilance,anxiety,anxiety,false,41,a,zero
A-vigilance-10,vigilance,anxiety,anxiety,false,41,a,zero
