id,emotion,original_pred,ko_pred,changed,layer,act_type,knockout_type
A-admiration-01,admiration,love,love,false,0,m,random
A-admiration-02,admiration,trust,trust,false,0,m,random
A-admiration-03,admiration,trust,trust,false,0,m,random
A-admiration-04,admiration,trust,trust,false,0,m,random
A-admiration-05,admiration,trust,trust,false,0,m,random
A-admiration-06,admiration,trust,trust,false,0,m,random
A-admiration-07,admiration,trust,trust,false,0,m,random
A-admiration-08,admiration,trust,trust,false,0,m,random
A-admiration-09,admiration,anger,anger,false,0,m,random
A-admiration-10,admiration,trust,trust,false,0,m,random
A-amazement-01,amazement,surprise,surprise,false,0,m,random
A-amazement-02,amazement,surprise,surprise,false,0,m,random
A-amazement-03,amazement,surprise,surprise,false,0,m,random
A-amazement-04,amazement,surprise,surprise,false,0,m,random
A-amazement-05,amazement,surprise,surprise,false,0,m,random
A-amazement-06,amazement,fear,fear,false,0,m,random
A-amazement-07,amazement,surprise,surprise,false,0,m,random
A-amazement-08,amazement,joy,joy,false,0,m,random
A-amazement-09,amazement,surprise,surprise,false,0,m,random
A-amazement-10,amazement,surprise,surprise,false,0,m,random
A-ecstasy-01,ecstasy,joy,joy,false,0,m,random
A-ecstasy-02,ecstasy,joy,joy,false,0,m,random
A-ecstasy-03,ecstasy,happiness,happiness,false,0,m,random
A-ecstasy-04,ecstasy,joy,joy,false,0,m,random
A-ecstasy-05,ecstasy,joy,joy,false,0,m,random
A-ecstasy-06,ecstasy,joy,joy,false,0,m,random
A-ecstasy-07,ecstasy,joy,joy,false,0,m,random
A-ecstasy-08,ecstasy,joy,joy,false,0,m,random
A-ecstasy-09,ecstasy,joy,joy,false,0,m,random
A-ecstasy-10,ecstasy,joy,joy,false,0,m,random
A-grief-01,grief,sadness,sadness,false,0,m,random
A-grief-02,grief,anger,anger,false,0,m,random
A-grief-03,grief,sadness,sadness,false,0,m,random
A-grief-04,grief,sadness,sadness,false,0,m,random
A-grief-05,grief,sadness,sadness,false,0,m,random
A-grief-06,grief,sadness,sadness,false,0,m,random
A-grief-07,grief,sadness,sadness,false,0,m,random
A-grief-08,grief,sadness,sadness,false,0,m,random
A-grief-09,grief,sadness,sadness,false,0,m,random
A-grief-10,grief,sadness,sadness,false,0,m,random
A-loathing-01,loathing,disgust,disgust,false,0,m,random
A-loathing-02,loathing,anger,anger,false,0,m,random
A-loathing-03,loathing,anger,anger,false,0,m,random
A-loathing-04,loathing,disgust,disgust,false,0,m,random
A-loathing-05,loathing,disgust,disgust,false,0,m,random
A-loathing-06,loathing,disgust,disgust,false,0,m,random
A-loathing-07,loathing,anger,anger,false,0,m,random
A-loathing-08,loathing,disgust,disgust,false,0,m,random
A-loathing-09,loathing,disgust,disgust,false,0,m,random
A-loathing-10,loathing,disgust,disgust,false,0,m,random
A-rage-01,rage,anger,anger,false,0,m,random
A-rage-02,rage,anger,anger,false,0,m,random
A-rage-03,rage,anger,anger,false,0,m,random
A-rage-04,rage,anger,anger,false,0,m,random
A-rage-05,rage,anger,anger,false,0,m,random
A-rage-06,rage,anger,anger,false,0,m,random
A-rage-07,rage,anger,anger,false,0,m,random
A-rage-08,rage,anger,anger,false,0,m,random
A-rage-09,rage,anger,anger,false,0,m,random
A-rage-10,rage,anger,anger,false,0,m,random
A-terror-01,terror,fear,fear,false,0,m,random
A-terror-02,terror,fear,fear,false,0,m,random
A-terror-03,terror,fear,fear,false,0,m,random
A-terror-04,terror,fear,fear,false,0,m,random
A-terror-05,terror,anger,anger,false,0,m,random
A-terror-06,terror,fear,fear,false,0,m,random
A-terror-07,terror,fear,fear,false,0,m,random
A-terror-08,terror,fear,fear,false,0,m,random
A-terror-09,terror,fear,fear,false,0,m,random
A-terror-10,terror,fear,fear,false,0,m,random
A-vigilance-01,vigilance,fear,fear,false,0,m,random
A-vigilance-02,vigilance,anxiety,anxiety,false,0,m,random
A-vigilance-03,vigilance,fear,fear,false,0,m,random
A-vigilance-04,vigilance,fear,fear,false,0,m,random
A-vigilance-05,vigilance,anxiety,anxiety,false,0,m,random
A-vigilance-06,vigilance,fear,fear,false,0,m,random
A-vigilance-07,vigilance,anxiety,anxiety,false,0,m,random
A-vigilance-08,vigilance,anticipation,anticipation,false,0,m,random
A-vigilance-09,vigilance,fear,fear,false,0,m,random
A-vigilance-10,vigilance,anxiety,anxiety,false,0,m,random
A-admiration-01,admiration,love,love,false,1,m,random
A-admiration-02,admiration,trust,trust,false,1,m,random
A-admiration-03,admiration,trust,trust,false,1,m,random
A-admiration-04,admiration,trust,trust,false,1,m,random
A-admiration-05,admiration,trust,trust,false,1,m,random
A-admiration-06,admiration,trust,trust,false,1,m,random
A-admiration-07,admiration,trust,trust,false,1,m,random
A-admiration-08,admiration,trust,trust,false,1,m,random
A-admiration-09,admiration,anger,anger,false,1,m,random
A-admiration-10,admiration,trust,trust,false,1,m,random
A-amazement-01,amazement,surprise,surprise,false,1,m,random
A-amazement-02,amazement,surprise,surprise,false,1,m,random
A-amazement-03,amazement,surprise,surprise,false,1,m,random
A-amazement-04,amazement,surprise,surprise,false,1,m,random
A-amazement-05,amazement,surprise,surprise,false,1,m,random
A-amazement-06,amazement,fear,fear,false,1,m,random
A-amazement-07,amazement,surprise,surprise,false,1,m,random
A-amazement-08,amazement,joy,joy,false,1,m,random
A-amazement-09,amazement,surprise,surprise,false,1,m,random
A-amazement-10,amazement,surprise,surprise,false,1,m,random
A-ecstasy-01,ecstasy,joy,joy,false,1,m,random
A-ecstasy-02,ecstasy,joy,joy,false,1,m,random
A-ecstasy-03,ecstasy,happiness,happiness,false,1,m,random
A-ecstasy-04,ecstasy,joy,joy,false,1,m,random
A-ecstasy-05,ecstasy,joy,joy,false,1,m,random
A-ecstasy-06,ecstasy,joy,joy,false,1,m,random
A-ecstasy-07,ecstasy,joy,joy,false,1,m,random
A-ecstasy-08,ecstasy,joy,joy,false,1,m,random
A-ecstasy-09,ecstasy,joy,joy,false,1,m,random
A-ecstasy-10,ecstasy,joy,joy,false,1,m,random
A-grief-01,grief,sadness,sadness,false,1,m,random
A-grief-02,grief,anger,anger,false,1,m,random
A-grief-03,grief,sadness,sadness,false,1,m,random
A-grief-04,grief,sadness,sadness,false,1,m,random
A-grief-05,grief,sadness,sadness,false,1,m,random
A-grief-06,grief,sadness,sadness,false,1,m,random
A-grief-07,grief,sadness,sadness,false,1,m,random
A-grief-08,grief,sadness,sadness,false,1,m,random
A-grief-09,grief,sadness,sadness,false,1,m,random
A-grief-10,grief,sadness,sadness,false,1,m,random
A-loathing-01,loathing,disgust,disgust,false,1,m,random
A-loathing-02,loathing,anger,anger,false,1,m,random
A-loathing-03,loathing,anger,anger,false,1,m,random
A-loathing-04,loathing,disgust,disgust,false,1,m,random
A-loathing-05,loathing,disgust,disgust,false,1,m,random
A-loathing-06,loathing,disgust,disgust,false,1,m,random
A-loathing-07,loathing,anger,anger,false,1,m,random
A-loathing-08,loathing,disgust,disgust,false,1,m,random
A-loathing-09,loathing,disgust,disgust,false,1,m,random
A-loathing-10,loathing,disgust,disgust,false,1,m,random
A-rage-01,rage,anger,anger,false,1,m,random
A-rage-02,rage,anger,anger,false,1,m,random
A-rage-03,rage,anger,anger,false,1,m,random
A-rage-04,rage,anger,anger,false,1,m,random
A-rage-05,rage,anger,anger,false,1,m,random
A-rage-06,rage,anger,anger,false,1,m,random
A-rage-07,rage,anger,anger,false,1,m,random
A-rage-08,rage,anger,anger,false,1,m,random
A-rage-09,rage,anger,anger,false,1,m,random
A-rage-10,rage,anger,anger,false,1,m,random
A-terror-01,terror,fear,fear,false,1,m,random
A-terror-02,terror,fear,fear,false,1,m,random
A-terror-03,terror,fear,fear,false,1,m,random
A-terror-04,terror,fear,fear,false,1,m,random
A-terror-05,terror,anger,anger,false,1,m,random
A-terror-06,terror,fear,fear,false,1,m,random
A-terror-07,terror,fear,fear,false,1,m,random
A-terror-08,terror,fear,fear,false,1,m,random
A-terror-09,terror,fear,fear,false,1,m,random
A-terror-10,terror,fear,fear,false,1,m,random
A-vigilance-01,vigilance,fear,fear,false,1,m,random
A-vigilance-02,vigilance,anxiety,fear,true,1,m,random
A-vigilance-03,vigilance,fear,fear,false,1,m,random
A-vigilance-04,vigilance,fear,fear,false,1,m,random
A-vigilance-05,vigilance,anxiety,anxiety,false,1,m,random
A-vigilance-06,vigilance,fear,fear,false,1,m,random
A-vigilance-07,vigilance,anxiety,anxiety,false,1,m,random
A-vigilance-08,vigilance,anticipation,anticipation,false,1,m,random
A-vigilance-09,vigilance,fear,fear,false,1,m,random
A-vigilance-10,vigilance,anxiety,anxiety,false,1,m,random
A-admiration-01,admiration,love,love,false,2,m,random
A-admiration-02,admiration,trust,trust,false,2,m,random
A-admiration-03,admiration,trust,trust,false,2,m,random
A-admiration-04,admiration,trust,trust,false,2,m,random
A-admiration-05,admiration,trust,trust,false,2,m,random
A-admiration-06,admiration,trust,trust,false,2,m,random
A-admiration-07,admiration,trust,trust,false,2,m,random
A-admiration-08,admiration,trust,trust,false,2,m,random
A-admiration-09,admiration,anger,anger,false,2,m,random
A-admiration-10,admiration,trust,trust,false,2,m,random
A-amazement-01,amazement,surprise,surprise,false,2,m,random
A-amazement-02,amazement,surprise,surprise,false,2,m,random
A-amazement-03,amazement,surprise,surprise,false,2,m,random
A-amazement-04,amazement,surprise,surprise,false,2,m,random
A-amazement-05,amazement,surprise,surprise,false,2,m,random
A-amazement-06,amazement,fear,fear,false,2,m,random
A-amazement-07,amazement,surprise,surprise,false,2,m,random
A-amazement-08,amazement,joy,joy,false,2,m,random
A-amazement-09,amazement,surprise,surprise,false,2,m,random
A-amazement-10,amazement,surprise,surprise,false,2,m,random
A-ecstasy-01,ecstasy,joy,joy,false,2,m,random
A-ecstasy-02,ecstasy,joy,joy,false,2,m,random
A-ecstasy-03,ecstasy,happiness,happiness,false,2,m,random
A-ecstasy-04,ecstasy,joy,joy,false,2,m,random
A-ecstasy-05,ecstasy,joy,joy,false,2,m,random
A-ecstasy-06,ecstasy,joy,joy,false,2,m,random
A-ecstasy-07,ecstasy,joy,joy,false,2,m,random
A-ecstasy-08,ecstasy,joy,joy,false,2,m,random
A-ecstasy-09,ecstasy,joy,joy,false,2,m,random
A-ecstasy-10,ecstasy,joy,joy,false,2,m,random
A-grief-01,grief,sadness,sadness,false,2,m,random
A-grief-02,grief,anger,anger,false,2,m,random
A-grief-03,grief,sadness,sadness,false,2,m,random
A-grief-04,grief,sadness,sadness,false,2,m,random
A-grief-05,grief,sadness,sadness,false,2,m,random
A-grief-06,grief,sadness,sadness,false,2,m,random
A-grief-07,grief,sadness,sadness,false,2,m,random
A-grief-08,grief,sadness,sadness,false,2,m,random
A-grief-09,grief,sadness,sadness,false,2,m,random
A-grief-10,grief,sadness,sadness,false,2,m,random
A-loathing-01,loathing,disgust,disgust,false,2,m,random
A-loathing-02,loathing,anger,anger,false,2,m,random
A-loathing-03,loathing,anger,anger,false,2,m,random
A-loathing-04,loathing,disgust,disgust,false,2,m,random
A-loathing-05,loathing,disgust,disgust,false,2,m,random
A-loathing-06,loathing,disgust,disgust,false,2,m,random
A-loathing-07,loathing,anger,anger,false,2,m,random
A-loathing-08,loathing,disgust,disgust,false,2,m,random
A-loathing-09,loathing,disgust,disgust,false,2,m,random
A-loathing-10,loathing,disgust,disgust,false,2,m,random
A-rage-01,rage,anger,anger,false,2,m,random
A-rage-02,rage,anger,anger,false,2,m,random
A-rage-03,rage,anger,anger,false,2,m,random
A-rage-04,rage,anger,anger,false,2,m,random
A-rage-05,rage,anger,anger,false,2,m,random
A-rage-06,rage,anger,anger,false,2,m,random
A-rage-07,rage,anger,anger,false,2,m,random
A-rage-08,rage,anger,anger,false,2,m,random
A-rage-09,rage,anger,anger,false,2,m,random
A-rage-10,rage,anger,anger,false,2,m,random
A-terror-01,terror,fear,fear,false,2,m,random
A-terror-02,terror,fear,fear,false,2,m,random
A-terror-03,terror,fear,fear,false,2,m,random
A-terror-04,terror,fear,fear,false,2,m,random
A-terror-05,terror,anger,anger,false,2,m,random
A-terror-06,terror,fear,fear,false,2,m,random
A-terror-07,terror,fear,fear,false,2,m,random
A-terror-08,terror,fear,fear,false,2,m,random
A-terror-09,terror,fear,fear,false,2,m,random
A-terror-10,terror,fear,fear,false,2,m,random
A-vigilance-01,vigilance,fear,fear,false,2,m,random
A-vigilance-02,vigilance,anxiety,anxiety,false,2,m,random
A-vigilance-03,vigilance,fear,fear,false,2,m,random
A-vigilance-04,vigilance,fear,fear,false,2,m,random
A-vigilance-05,vigilance,anxiety,anxiety,false,2,m,random
A-vigilance-06,vigilance,fear,fear,false,2,m,random
A-vigilance-07,vigilance,anxiety,anxiety,false,2,m,random
A-vigilance-08,vigilance,anticipation,anticipation,false,2,m,random
A-vigilance-09,vigilance,fear,fear,false,2,m,random
A-vigilance-10,vigilance,anxiety,anxiety,false,2,m,random
A-admiration-01,admiration,love,love,false,3,m,random
A-admiration-02,admiration,trust,trust,false,3,m,random
A-admiration-03,admiration,trust,trust,false,3,m,random
A-admiration-04,admiration,trust,trust,false,3,m,random
A-admiration-05,admiration,trust,trust,false,3,m,random
A-admiration-06,admiration,trust,trust,false,3,m,random
A-admiration-07,admiration,trust,trust,false,3,m,random
A-admiration-08,admiration,trust,trust,false,3,m,random
A-admiration-09,admiration,anger,anger,false,3,m,random
A-admiration-10,admiration,trust,trust,false,3,m,random
A-amazement-01,amazement,surprise,surprise,false,3,m,random
A-amazement-02,amazement,surprise,surprise,false,3,m,random
A-amazement-03,amazement,surprise,surprise,false,3,m,random
A-amazement-04,amazement,surprise,surprise,false,3,m,random
A-amazement-05,amazement,surprise,surprise,false,3,m,random
A-amazement-06,amazement,fear,fear,false,3,m,random
A-amazement-07,amazement,surprise,surprise,false,3,m,random
A-amazement-08,amazement,joy,joy,false,3,m,random
A-amazement-09,amazement,surprise,surprise,false,3,m,random
A-amazement-10,amazement,surprise,surprise,false,3,m,random
A-ecstasy-01,ecstasy,joy,joy,false,3,m,random
A-ecstasy-02,ecstasy,joy,joy,false,3,m,random
A-ecstasy-03,ecstasy,happiness,happiness,false,3,m,random
A-ecstasy-04,ecstasy,joy,joy,false,3,m,random
A-ecstasy-05,ecstasy,joy,joy,false,3,m,random
A-ecstasy-06,ecstasy,joy,joy,false,3,m,random
A-ecstasy-07,ecstasy,joy,joy,false,3,m,random
A-ecstasy-08,ecstasy,joy,joy,false,3,m,random
A-ecstasy-09,ecstasy,joy,joy,false,3,m,random
A-ecstasy-10,ecstasy,joy,joy,false,3,m,random
A-grief-01,grief,sadness,sadness,false,3,m,random
A-grief-02,grief,anger,anger,false,3,m,random
A-grief-03,grief,sadness,sadness,false,3,m,random
A-grief-04,grief,sadness,sadness,false,3,m,random
A-grief-05,grief,sadness,sadness,false,3,m,random
A-grief-06,grief,sadness,sadness,false,3,m,random
A-grief-07,grief,sadness,sadness,false,3,m,random
A-grief-08,grief,sadness,sadness,false,3,m,random
A-grief-09,grief,sadness,sadness,false,3,m,random
A-grief-10,grief,sadness,sadness,false,3,m,random
A-loathing-01,loathing,disgust,disgust,false,3,m,random
A-loathing-02,loathing,anger,anger,false,3,m,random
A-loathing-03,loathing,anger,anger,false,3,m,random
A-loathing-04,loathing,disgust,disgust,false,3,m,random
A-loathing-05,loathing,disgust,disgust,false,3,m,random
A-loathing-06,loathing,disgust,disgust,false,3,m,random
A-loathing-07,loathing,anger,anger,false,3,m,random
A-loathing-08,loathing,disgust,disgust,false,3,m,random
A-loathing-09,loathing,disgust,disgust,false,3,m,random
A-loathing-10,loathing,disgust,disgust,false,3,m,random
A-rage-01,rage,anger,anger,false,3,m,random
A-rage-02,rage,anger,anger,false,3,m,random
A-rage-03,rage,anger,anger,false,3,m,random
A-rage-04,rage,anger,anger,false,3,m,random
A-rage-05,rage,anger,anger,false,3,m,random
A-rage-06,rage,anger,anger,false,3,m,random
A-rage-07,rage,anger,anger,false,3,m,random
A-rage-08,rage,anger,anger,false,3,m,random
A-rage-09,rage,anger,anger,false,3,m,random
A-rage-10,rage,anger,anger,false,3,m,random
A-terror-01,terror,fear,fear,false,3,m,random
A-terror-02,terror,fear,fear,false,3,m,random
A-terror-03,terror,fear,fear,false,3,m,random
A-terror-04,terror,fear,fear,false,3,m,random
A-terror-05,terror,anger,anger,false,3,m,random
A-terror-06,terror,fear,fear,false,3,m,random
A-terror-07,terror,fear,fear,false,3,m,random
A-terror-08,terror,fear,fear,false,3,m,random
A-terror-09,terror,fear,fear,false,3,m,random
A-terror-10,terror,fear,fear,false,3,m,random
A-vigilance-01,vigilance,fear,fear,false,3,m,random
A-vigilance-02,vigilance,anxiety,fear,true,3,m,random
A-vigilance-03,vigilance,fear,fear,false,3,m,random
A-vigilance-04,vigilance,fear,fear,false,3,m,random
A-vigilance-05,vigilance,anxiety,anxiety,false,3,m,random
A-vigilance-06,vigilance,fear,fear,false,3,m,random
A-vigilance-07,vigilance,anxiety,anxiety,false,3,m,random
A-vigilance-08,vigilance,anticipation,anticipation,false,3,m,random
A-vigilance-09,vigilance,fear,fear,false,3,m,random
A-vigilance-10,vigilance,anxiety,anxiety,false,3,m,random
A-admiration-01,admiration,love,love,false,4,m,random
A-admiration-02,admiration,trust,trust,false,4,m,random
A-admiration-03,admiration,trust,trust,false,4,m,random
A-admiration-04,admiration,trust,trust,false,4,m,random
A-admiration-05,admiration,trust,trust,false,4,m,random
A-admiration-06,admiration,trust,trust,false,4,m,random
A-admiration-07,admiration,trust,trust,false,4,m,random
A-admiration-08,admiration,trust,trust,false,4,m,random
A-admiration-09,admiration,anger,anger,false,4,m,random
A-admiration-10,admiration,trust,trust,false,4,m,random
A-amazement-01,amazement,surprise,surprise,false,4,m,random
A-amazement-02,amazement,surprise,surprise,false,4,m,random
A-amazement-03,amazement,surprise,surprise,false,4,m,random
A-amazement-04,amazement,surprise,surprise,false,4,m,random
A-amazement-05,amazement,surprise,surprise,false,4,m,random
A-amazement-06,amazement,fear,fear,false,4,m,random
A-amazement-07,amazement,surprise,surprise,false,4,m,random
A-amazement-08,amazement,joy,joy,false,4,m,random
A-amazement-09,amazement,surprise,surprise,false,4,m,random
A-amazement-10,amazement,surprise,surprise,false,4,m,random
A-ecstasy-01,ecstasy,joy,joy,false,4,m,random
A-ecstasy-02,ecstasy,joy,joy,false,4,m,random
A-ecstasy-03,ecstasy,happiness,happiness,false,4,m,random
A-ecstasy-04,ecstasy,joy,joy,false,4,m,random
A-ecstasy-05,ecstasy,joy,joy,false,4,m,random
A-ecstasy-06,ecstasy,joy,joy,false,4,m,random
A-ecstasy-07,ecstasy,joy,joy,false,4,m,random
A-ecstasy-08,ecstasy,joy,joy,false,4,m,random
A-ecstasy-09,ecstasy,joy,joy,false,4,m,random
A-ecstasy-10,ecstasy,joy,joy,false,4,m,random
A-grief-01,grief,sadness,sadness,false,4,m,random
A-grief-02,grief,anger,anger,false,4,m,random
A-grief-03,grief,sadness,sadness,false,4,m,random
A-grief-04,grief,sadness,sadness,false,4,m,random
A-grief-05,grief,sadness,sadness,false,4,m,random
A-grief-06,grief,sadness,sadness,false,4,m,random
A-grief-07,grief,sadness,sadness,false,4,m,random
A-grief-08,grief,sadness,sadness,false,4,m,random
A-grief-09,grief,sadness,sadness,false,4,m,random
A-grief-10,grief,sadness,sadness,false,4,m,random
A-loathing-01,loathing,disgust,disgust,false,4,m,random
A-loathing-02,loathing,anger,anger,false,4,m,random
A-loathing-03,loathing,anger,anger,false,4,m,random
A-loathing-04,loathing,disgust,disgust,false,4,m,random
A-loathing-05,loathing,disgust,disgust,false,4,m,random
A-loathing-06,loathing,disgust,disgust,false,4,m,random
A-loathing-07,loathing,anger,anger,false,4,m,random
A-loathing-08,loathing,disgust,disgust,false,4,m,random
A-loathing-09,loathing,disgust,disgust,false,4,m,random
A-loathing-10,loathing,disgust,disgust,false,4,m,random
A-rage-01,rage,anger,anger,false,4,m,random
A-rage-02,rage,anger,anger,false,4,m,random
A-rage-03,rage,anger,anger,false,4,m,random
A-rage-04,rage,anger,anger,false,4,m,random
A-rage-05,rage,anger,anger,false,4,m,random
A-rage-06,rage,anger,anger,false,4,m,random
A-rage-07,rage,anger,anger,false,4,m,random
A-rage-08,rage,anger,anger,false,4,m,random
A-rage-09,rage,anger,anger,false,4,m,random
A-rage-10,rage,anger,anger,false,4,m,random
A-terror-01,terror,fear,fear,false,4,m,random
A-terror-02,terror,fear,fear,false,4,m,random
A-terror-03,terror,fear,fear,false,4,m,random
A-terror-04,terror,fear,fear,false,4,m,random
A-terror-05,terror,anger,anger,false,4,m,random
A-terror-06,terror,fear,fear,false,4,m,random
A-terror-07,terror,fear,fear,false,4,m,random
A-terror-08,terror,fear,fear,false,4,m,random
A-terror-09,terror,fear,fear,false,4,m,random
A-terror-10,terror,fear,fear,false,4,m,random
A-vigilance-01,vigilance,fear,fear,false,4,m,random
A-vigilance-02,vigilance,anxiety,fear,true,4,m,random
A-vigilance-03,vigilance,fear,fear,false,4,m,random
A-vigilance-04,vigilance,fear,fear,false,4,m,random
A-vigilance-05,vigilance,anxiety,anxiety,false,4,m,random
A-vigilance-06,vigilance,fear,fear,false,4,m,random
A-vigilance-07,vigilance,anxiety,anxiety,false,4,m,random
A-vigilance-08,vigilance,anticipation,anticipation,false,4,m,random
A-vigilance-09,vigilance,fear,fear,false,4,m,random
A-vigilance-10,vigilance,anxiety,anxiety,false,4,m,random
A-admiration-01,admiration,love,love,false,5,m,random
A-admiration-02,admiration,trust,trust,false,5,m,random
A-admiration-03,admiration,trust,trust,false,5,m,random
A-admiration-04,admiration,trust,trust,false,5,m,random
A-admiration-05,admiration,trust,trust,false,5,m,random
A-admiration-06,admiration,trust,trust,false,5,m,random
A-admiration-07,admiration,trust,trust,false,5,m,random
A-admiration-08,admiration,trust,trust,false,5,m,random
A-admiration-09,admiration,anger,anger,false,5,m,random
A-admiration-10,admiration,trust,trust,false,5,m,random
A-amazement-01,amazement,surprise,surprise,false,5,m,random
A-amazement-02,amazement,surprise,surprise,false,5,m,random
A-amazement-03,amazement,surprise,surprise,false,5,m,random
A-amazement-04,amazement,surprise,surprise,false,5,m,random
A-amazement-05,amazement,surprise,surprise,false,5,m,random
A-amazement-06,amazement,fear,fear,false,5,m,random
A-amazement-07,amazement,surprise,surprise,false,5,m,random
A-amazement-08,amazement,joy,joy,false,5,m,random
A-amazement-09,amazement,surprise,surprise,false,5,m,random
A-amazement-10,amazement,surprise,surprise,false,5,m,random
A-ecstasy-01,ecstasy,joy,joy,false,5,m,random
A-ecstasy-02,ecstasy,joy,joy,false,5,m,random
A-ecstasy-03,ecstasy,happiness,happiness,false,5,m,random
A-ecstasy-04,ecstasy,joy,joy,false,5,m,random
A-ecstasy-05,ecstasy,joy,joy,false,5,m,random
A-ecstasy-06,ecstasy,joy,joy,false,5,m,random
A-ecstasy-07,ecstasy,joy,joy,false,5,m,random
A-ecstasy-08,ecstasy,joy,joy,false,5,m,random
A-ecstasy-09,ecstasy,joy,joy,false,5,m,random
A-ecstasy-10,ecstasy,joy,joy,false,5,m,random
A-grief-01,grief,sadness,sadness,false,5,m,random
A-grief-02,grief,anger,anger,false,5,m,random
A-grief-03,grief,sadness,sadness,false,5,m,random
A-grief-04,grief,sadness,sadness,false,5,m,random
A-grief-05,grief,sadness,sadness,false,5,m,random
A-grief-06,grief,sadness,sadness,false,5,m,random
A-grief-07,grief,sadness,sadness,false,5,m,random
A-grief-08,grief,sadness,sadness,false,5,m,random
A-grief-09,grief,sadness,sadness,false,5,m,random
A-grief-10,grief,sadness,sadness,false,5,m,random
A-loathing-01,loathing,disgust,disgust,false,5,m,random
A-loathing-02,loathing,anger,anger,false,5,m,random
A-loathing-03,loathing,anger,anger,false,5,m,random
A-loathing-04,loathing,disgust,disgust,false,5,m,random
A-loathing-05,loathing,disgust,disgust,false,5,m,random
A-loathing-06,loathing,disgust,disgust,false,5,m,random
A-loathing-07,loathing,anger,anger,false,5,m,random
A-loathing-08,loathing,disgust,disgust,false,5,m,random
A-loathing-09,loathing,disgust,disgust,false,5,m,random
A-loathing-10,loathing,disgust,disgust,false,5,m,random
A-rage-01,rage,anger,anger,false,5,m,random
A-rage-02,rage,anger,anger,false,5,m,random
A-rage-03,rage,anger,anger,false,5,m,random
A-rage-04,rage,anger,anger,false,5,m,random
A-rage-05,rage,anger,anger,false,5,m,random
A-rage-06,rage,anger,anger,false,5,m,random
A-rage-07,rage,anger,anger,false,5,m,random
A-rage-08,rage,anger,anger,false,5,m,random
A-rage-09,rage,anger,anger,false,5,m,random
A-rage-10,rage,anger,anger,false,5,m,random
A-terror-01,terror,fear,fear,false,5,m,random
A-terror-02,terror,fear,fear,false,5,m,random
A-terror-03,terror,fear,fear,false,5,m,random
A-terror-04,terror,fear,fear,false,5,m,random
A-terror-05,terror,anger,anger,false,5,m,random
A-terror-06,terror,fear,fear,false,5,m,random
A-terror-07,terror,fear,fear,false,5,m,random
A-terror-08,terror,fear,fear,false,5,m,random
A-terror-09,terror,fear,fear,false,5,m,random
A-terror-10,terror,fear,fear,false,5,m,random
A-vigilance-01,vigilance,fear,fear,false,5,m,random
A-vigilance-02,vigilance,anxiety,anxiety,false,5,m,random
A-vigilance-03,vigilance,fear,fear,false,5,m,random
A-vigilance-04,vigilance,fear,fear,false,5,m,random
A-vigilance-05,vigilance,anxiety,anxiety,false,5,m,random
A-vigilance-06,vigilance,fear,fear,false,5,m,random
A-vigilance-07,vigilance,anxiety,anxiety,false,5,m,random
A-vigilance-08,vigilance,anticipation,anticipation,false,5,m,random
A-vigilance-09,vigilance,fear,fear,false,5,m,random
A-vigilance-10,vigilance,anxiety,anxiety,false,5,m,random
A-admiration-01,admiration,love,love,false,6,m,random
A-admiration-02,admiration,trust,trust,false,6,m,random
A-admiration-03,admiration,trust,trust,false,6,m,random
A-admiration-04,admiration,trust,trust,false,6,m,random
A-admiration-05,admiration,trust,trust,false,6,m,random
A-admiration-06,admiration,trust,trust,false,6,m,random
A-admiration-07,admiration,trust,trust,false,6,m,random
A-admiration-08,admiration,trust,trust,false,6,m,random
A-admiration-09,admiration,anger,anger,false,6,m,random
A-admiration-10,admiration,trust,trust,false,6,m,random
A-amazement-01,amazement,surprise,surprise,false,6,m,random
A-amazement-02,amazement,surprise,surprise,false,6,m,random
A-amazement-03,amazement,surprise,surprise,false,6,m,random
A-amazement-04,amazement,surprise,surprise,false,6,m,random
A-amazement-05,amazement,surprise,surprise,false,6,m,random
A-amazement-06,amazement,fear,fear,false,6,m,random
A-amazement-07,amazement,surprise,surprise,false,6,m,random
A-amazement-08,amazement,joy,joy,false,6,m,random
A-amazement-09,amazement,surprise,surprise,false,6,m,random
A-amazement-10,amazement,surprise,surprise,false,6,m,random
A-ecstasy-01,ecstasy,joy,joy,false,6,m,random
A-ecstasy-02,ecstasy,joy,joy,false,6,m,random
A-ecstasy-03,ecstasy,happiness,happiness,false,6,m,random
A-ecstasy-04,ecstasy,joy,joy,false,6,m,random
A-ecstasy-05,ecstasy,joy,joy,false,6,m,random
A-ecstasy-06,ecstasy,joy,joy,false,6,m,random
A-ecstasy-07,ecstasy,joy,joy,false,6,m,random
A-ecstasy-08,ecstasy,joy,joy,false,6,m,random
A-ecstasy-09,ecstasy,joy,joy,false,6,m,random
A-ecstasy-10,ecstasy,joy,joy,false,6,m,random
A-grief-01,grief,sadness,sadness,false,6,m,random
A-grief-02,grief,anger,anger,false,6,m,random
A-grief-03,grief,sadness,sadness,false,6,m,random
A-grief-04,grief,sadness,sadness,false,6,m,random
A-grief-05,grief,sadness,sadness,false,6,m,random
A-grief-06,grief,sadness,sadness,false,6,m,random
A-grief-07,grief,sadness,sadness,false,6,m,random
A-grief-08,grief,sadness,sadness,false,6,m,random
A-grief-09,grief,sadness,sadness,false,6,m,random
A-grief-10,grief,sadness,sadness,false,6,m,random
A-loathing-01,loathing,disgust,disgust,false,6,m,random
A-loathing-02,loathing,anger,anger,false,6,m,random
A-loathing-03,loathing,anger,anger,false,6,m,random
A-loathing-04,loathing,disgust,disgust,false,6,m,random
A-loathing-05,loathing,disgust,disgust,false,6,m,random
A-loathing-06,loathing,disgust,disgust,false,6,m,random
A-loathing-07,loathing,anger,anger,false,6,m,random
A-loathing-08,loathing,disgust,disgust,false,6,m,random
A-loathing-09,loathing,disgust,disgust,false,6,m,random
A-loathing-10,loathing,disgust,disgust,false,6,m,random
A-rage-01,rage,anger,anger,false,6,m,random
A-rage-02,rage,anger,anger,false,6,m,random
A-rage-03,rage,anger,anger,false,6,m,random
A-rage-04,rage,anger,anger,false,6,m,random
A-rage-05,rage,anger,anger,false,6,m,random
A-rage-06,rage,anger,anger,false,6,m,random
A-rage-07,rage,anger,anger,false,6,m,random
A-rage-08,rage,anger,anger,false,6,m,random
A-rage-09,rage,anger,anger,false,6,m,random
A-rage-10,rage,anger,anger,false,6,m,random
A-terror-01,terror,fear,fear,false,6,m,random
A-terror-02,terror,fear,fear,false,6,m,random
A-terror-03,terror,fear,fear,false,6,m,random
A-terror-04,terror,fear,fear,false,6,m,random
A-terror-05,terror,anger,anger,false,6,m,random
A-terror-06,terror,fear,fear,false,6,m,random
A-terror-07,terror,fear,fear,false,6,m,random
A-terror-08,terror,fear,fear,false,6,m,random
A-terror-09,terror,fear,fear,false,6,m,random
A-terror-10,terror,fear,fear,false,6,m,random
A-vigilance-01,vigilance,fear,fear,false,6,m,random
A-vigilance-02,vigilance,anxiety,anxiety,false,6,m,random
A-vigilance-03,vigilance,fear,fear,false,6,m,random
A-vigilance-04,vigilance,fear,fear,false,6,m,random
A-vigilance-05,vigilance,anxiety,anxiety,false,6,m,random
A-vigilance-06,vigilance,fear,fear,false,6,m,random
A-vigilance-07,vigilance,anxiety,anxiety,false,6,m,random
A-vigilance-08,vigilance,anticipation,anticipation,false,6,m,random
A-vigilance-09,vigilance,fear,fear,false,6,m,random
A-vigilance-10,vigilance,anxiety,anxiety,false,6,m,random
A-admiration-01,admiration,love,love,false,7,m,random
A-admiration-02,admiration,trust,trust,false,7,m,random
A-admiration-03,admiration,trust,trust,false,7,m,random
A-admiration-04,admiration,trust,trust,false,7,m,random
A-admiration-05,admiration,trust,trust,false,7,m,random
A-admiration-06,admiration,trust,trust,false,7,m,random
A-admiration-07,admiration,trust,trust,false,7,m,random
A-admiration-08,admiration,trust,trust,false,7,m,random
A-admiration-09,admiration,anger,anger,false,7,m,random
A-admiration-10,admiration,trust,trust,false,7,m,random
A-amazement-01,amazement,surprise,surprise,false,7,m,random
A-amazement-02,amazement,surprise,surprise,false,7,m,random
A-amazement-03,amazement,surprise,surprise,false,7,m,random
A-amazement-04,amazement,surprise,surprise,false,7,m,random
A-amazement-05,amazement,surprise,surprise,false,7,m,random
A-amazement-06,amazement,fear,fear,false,7,m,random
A-amazement-07,amazement,surprise,surprise,false,7,m,random
A-amazement-08,amazement,joy,joy,false,7,m,random
A-amazement-09,amazement,surprise,surprise,false,7,m,random
A-amazement-10,amazement,surprise,surprise,false,7,m,random
A-ecstasy-01,ecstasy,joy,joy,false,7,m,random
A-ecstasy-02,ecstasy,joy,joy,false,7,m,random
A-ecstasy-03,ecstasy,happiness,happiness,false,7,m,random
A-ecstasy-04,ecstasy,joy,joy,false,7,m,random
A-ecstasy-05,ecstasy,joy,joy,false,7,m,random
A-ecstasy-06,ecstasy,joy,joy,false,7,m,random
A-ecstasy-07,ecstasy,joy,joy,false,7,m,random
A-ecstasy-08,ecstasy,joy,joy,false,7,m,random
A-ecstasy-09,ecstasy,joy,joy,false,7,m,random
A-ecstasy-10,ecstasy,joy,joy,false,7,m,random
A-grief-01,grief,sadness,sadness,false,7,m,random
A-grief-02,grief,anger,anger,false,7,m,random
A-grief-03,grief,sadness,sadness,false,7,m,random
A-grief-04,grief,sadness,sadness,false,7,m,random
A-grief-05,grief,sadness,sadness,false,7,m,random
A-grief-06,grief,sadness,sadness,false,7,m,random
A-grief-07,grief,sadness,sadness,false,7,m,random
A-grief-08,grief,sadness,sadness,false,7,m,random
A-grief-09,grief,sadness,sadness,false,7,m,random
A-grief-10,grief,sadness,sadness,false,7,m,random
A-loathing-01,loathing,disgust,disgust,false,7,m,random
A-loathing-02,loathing,anger,disgust,true,7,m,random
A-loathing-03,loathing,anger,anger,false,7,m,random
A-loathing-04,loathing,disgust,disgust,false,7,m,random
A-loathing-05,loathing,disgust,disgust,false,7,m,random
A-loathing-06,loathing,disgust,disgust,false,7,m,random
A-loathing-07,loathing,anger,anger,false,7,m,random
A-loathing-08,loathing,disgust,disgust,false,7,m,random
A-loathing-09,loathing,disgust,disgust,false,7,m,random
A-loathing-10,loathing,disgust,disgust,false,7,m,random
A-rage-01,rage,anger,anger,false,7,m,random
A-rage-02,rage,anger,anger,false,7,m,random
A-rage-03,rage,anger,anger,false,7,m,random
A-rage-04,rage,anger,anger,false,7,m,random
A-rage-05,rage,anger,anger,false,7,m,random
A-rage-06,rage,anger,anger,false,7,m,random
A-rage-07,rage,anger,anger,false,7,m,random
A-rage-08,rage,anger,anger,false,7,m,random
A-rage-09,rage,anger,anger,false,7,m,random
A-rage-10,rage,anger,anger,false,7,m,random
A-terror-01,terror,fear,fear,false,7,m,random
A-terror-02,terror,fear,fear,false,7,m,random
A-terror-03,terror,fear,fear,false,7,m,random
A-terror-04,terror,fear,fear,false,7,m,random
A-terror-05,terror,anger,anger,false,7,m,random
A-terror-06,terror,fear,fear,false,7,m,random
A-terror-07,terror,fear,fear,false,7,m,random
A-terror-08,terror,fear,fear,false,7,m,random
A-terror-09,terror,fear,fear,false,7,m,random
A-terror-10,terror,fear,fear,false,7,m,random
A-vigilance-01,vigilance,fear,fear,false,7,m,random
A-vigilance-02,vigilance,anxiety,anxiety,false,7,m,random
A-vigilance-03,vigilance,fear,fear,false,7,m,random
A-vigilance-04,vigilance,fear,fear,false,7,m,random
A-vigilance-05,vigilance,anxiety,anxiety,false,7,m,random
A-vigilance-06,vigilance,fear,fear,false,7,m,random
A-vigilance-07,vigilance,anxiety,anxiety,false,7,m,random
A-vigilance-08,vigilance,anticipation,anticipation,false,7,m,random
A-vigilance-09,vigilance,fear,fear,false,7,m,random
A-vigilance-10,vigilance,anxiety,anxiety,false,7,m,random
A-admiration-01,admiration,love,love,false,8,m,random
A-admiration-02,admiration,trust,trust,false,8,m,random
A-admiration-03,admiration,trust,trust,false,8,m,random
A-admiration-04,admiration,trust,trust,false,8,m,random
A-admiration-05,admiration,trust,trust,false,8,m,random
A-admiration-06,admiration,trust,trust,false,8,m,random
A-admiration-07,admiration,trust,trust,false,8,m,random
A-admiration-08,admiration,trust,trust,false,8,m,random
A-admiration-09,admiration,anger,anger,false,8,m,random
A-admiration-10,admiration,trust,trust,false,8,m,random
A-amazement-01,amazement,surprise,surprise,false,8,m,random
A-amazement-02,amazement,surprise,surprise,false,8,m,random
A-amazement-03,amazement,surprise,surprise,false,8,m,random
A-amazement-04,amazement,surprise,surprise,false,8,m,random
A-amazement-05,amazement,surprise,surprise,false,8,m,random
A-amazement-06,amazement,fear,fear,false,8,m,random
A-amazement-07,amazement,surprise,surprise,false,8,m,random
A-amazement-08,amazement,joy,joy,false,8,m,random
A-amazement-09,amazement,surprise,surprise,false,8,m,random
A-amazement-10,amazement,surprise,surprise,false,8,m,random
A-ecstasy-01,ecstasy,joy,joy,false,8,m,random
A-ecstasy-02,ecstasy,joy,joy,false,8,m,random
A-ecstasy-03,ecstasy,happiness,happiness,false,8,m,random
A-ecstasy-04,ecstasy,joy,joy,false,8,m,random
A-ecstasy-05,ecstasy,joy,joy,false,8,m,random
A-ecstasy-06,ecstasy,joy,joy,false,8,m,random
A-ecstasy-07,ecstasy,joy,joy,false,8,m,random
A-ecstasy-08,ecstasy,joy,joy,false,8,m,random
A-ecstasy-09,ecstasy,joy,joy,false,8,m,random
A-ecstasy-10,ecstasy,joy,joy,false,8,m,random
A-grief-01,grief,sadness,sadness,false,8,m,random
A-grief-02,grief,anger,anger,false,8,m,random
A-grief-03,grief,sadness,sadness,false,8,m,random
A-grief-04,grief,sadness,sadness,false,8,m,random
A-grief-05,grief,sadness,sadness,false,8,m,random
A-grief-06,grief,sadness,sadness,false,8,m,random
A-grief-07,grief,sadness,sadness,false,8,m,random
A-grief-08,grief,sadness,sadness,false,8,m,random
A-grief-09,grief,sadness,sadness,false,8,m,random
A-grief-10,grief,sadness,sadness,false,8,m,random
A-loathing-01,loathing,disgust,disgust,false,8,m,random
A-loathing-02,loathing,anger,anger,false,8,m,random
A-loathing-03,loathing,anger,anger,false,8,m,random
A-loathing-04,loathing,disgust,disgust,false,8,m,random
A-loathing-05,loathing,disgust,disgust,false,8,m,random
A-loathing-06,loathing,disgust,disgust,false,8,m,random
A-loathing-07,loathing,anger,anger,false,8,m,random
A-loathing-08,loathing,disgust,disgust,false,8,m,random
A-loathing-09,loathing,disgust,disgust,false,8,m,random
A-loathing-10,loathing,disgust,disgust,false,8,m,random
A-rage-01,rage,anger,anger,false,8,m,random
A-rage-02,rage,anger,anger,false,8,m,random
A-rage-03,rage,anger,anger,false,8,m,random
A-rage-04,rage,anger,anger,false,8,m,random
A-rage-05,rage,anger,anger,false,8,m,random
A-rage-06,rage,anger,anger,false,8,m,random
A-rage-07,rage,anger,anger,false,8,m,random
A-rage-08,rage,anger,anger,false,8,m,random
A-rage-09,rage,anger,anger,false,8,m,random
A-rage-10,rage,anger,anger,false,8,m,random
A-terror-01,terror,fear,fear,false,8,m,random
A-terror-02,terror,fear,fear,false,8,m,random
A-terror-03,terror,fear,fear,false,8,m,random
A-terror-04,terror,fear,fear,false,8,m,random
A-terror-05,terror,anger,anger,false,8,m,random
A-terror-06,terror,fear,fear,false,8,m,random
A-terror-07,terror,fear,fear,false,8,m,random
A-terror-08,terror,fear,fear,false,8,m,random
A-terror-09,terror,fear,fear,false,8,m,random
A-terror-10,terror,fear,fear,false,8,m,random
A-vigilance-01,vigilance,fear,fear,false,8,m,random
A-vigilance-02,vigilance,anxiety,anxiety,false,8,m,random
A-vigilance-03,vigilance,fear,fear,false,8,m,random
A-vigilance-04,vigilance,fear,fear,false,8,m,random
A-vigilance-05,vigilance,anxiety,anxiety,false,8,m,random
A-vigilance-06,vigilance,fear,fear,false,8,m,random
A-vigilance-07,vigilance,anxiety,anxiety,false,8,m,random
A-vigilance-08,vigilance,anticipation,anticipation,false,8,m,random
A-vigilance-09,vigilance,fear,fear,false,8,m,random
A-vigilance-10,vigilance,anxiety,anxiety,false,8,m,random
A-admiration-01,admiration,love,love,false,9,m,random
A-admiration-02,admiration,trust,trust,false,9,m,random
A-admiration-03,admiration,trust,trust,false,9,m,random
A-admiration-04,admiration,trust,trust,false,9,m,random
A-admiration-05,admiration,trust,trust,false,9,m,random
A-admiration-06,admiration,trust,trust,false,9,m,random
A-admiration-07,admiration,trust,trust,false,9,m,random
A-admiration-08,admiration,trust,trust,false,9,m,random
A-admiration-09,admiration,anger,anger,false,9,m,random
A-admiration-10,admiration,trust,trust,false,9,m,random
A-amazement-01,amazement,surprise,surprise,false,9,m,random
A-amazement-02,amazement,surprise,surprise,false,9,m,random
A-amazement-03,amazement,surprise,surprise,false,9,m,random
A-amazement-04,amazement,surprise,surprise,false,9,m,random
A-amazement-05,amazement,surprise,surprise,false,9,m,random
A-amazement-06,amazement,fear,fear,false,9,m,random
A-amazement-07,amazement,surprise,surprise,false,9,m,random
A-amazement-08,amazement,joy,joy,false,9,m,random
A-amazement-09,amazement,surprise,surprise,false,9,m,random
A-amazement-10,amazement,surprise,surprise,false,9,m,random
A-ecstasy-01,ecstasy,joy,joy,false,9,m,random
A-ecstasy-02,ecstasy,joy,joy,false,9,m,random
A-ecstasy-03,ecstasy,happiness,happiness,false,9,m,random
A-ecstasy-04,ecstasy,joy,joy,false,9,m,random
A-ecstasy-05,ecstasy,joy,joy,false,9,m,random
A-ecstasy-06,ecstasy,joy,joy,false,9,m,random
A-ecstasy-07,ecstasy,joy,joy,false,9,m,random
A-ecstasy-08,ecstasy,joy,joy,false,9,m,random
A-ecstasy-09,ecstasy,joy,joy,false,9,m,random
A-ecstasy-10,ecstasy,joy,joy,false,9,m,random
A-grief-01,grief,sadness,sadness,false,9,m,random
A-grief-02,grief,anger,anger,false,9,m,random
A-grief-03,grief,sadness,sadness,false,9,m,random
A-grief-04,grief,sadness,sadness,false,9,m,random
A-grief-05,grief,sadness,sadness,false,9,m,random
A-grief-06,grief,sadness,sadness,false,9,m,random
A-grief-07,grief,sadness,sadness,false,9,m,random
A-grief-08,grief,sadness,sadness,false,9,m,random
A-grief-09,grief,sadness,sadness,false,9,m,random
A-grief-10,grief,sadness,sadness,false,9,m,random
A-loathing-01,loathing,disgust,disgust,false,9,m,random
A-loathing-02,loathing,anger,anger,false,9,m,random
A-loathing-03,loathing,anger,anger,false,9,m,random
A-loathing-04,loathing,disgust,disgust,false,9,m,random
A-loathing-05,loathing,disgust,disgust,false,9,m,random
A-loathing-06,loathing,disgust,disgust,false,9,m,random
A-loathing-07,loathing,anger,anger,false,9,m,random
A-loathing-08,loathing,disgust,disgust,false,9,m,random
A-loathing-09,loathing,disgust,disgust,false,9,m,random
A-loathing-10,loathing,disgust,disgust,false,9,m,random
A-rage-01,rage,anger,anger,false,9,m,random
A-rage-02,rage,anger,anger,false,9,m,random
A-rage-03,rage,anger,anger,false,9,m,random
A-rage-04,rage,anger,anger,false,9,m,random
A-rage-05,rage,anger,anger,false,9,m,random
A-rage-06,rage,anger,anger,false,9,m,random
A-rage-07,rage,anger,anger,false,9,m,random
A-rage-08,rage,anger,anger,false,9,m,random
A-rage-09,rage,anger,anger,false,9,m,random
A-rage-10,rage,anger,anger,false,9,m,random
A-terror-01,terror,fear,fear,false,9,m,random
A-terror-02,terror,fear,fear,false,9,m,random
A-terror-03,terror,fear,fear,false,9,m,random
A-terror-04,terror,fear,fear,false,9,m,random
A-terror-05,terror,anger,anger,false,9,m,random
A-terror-06,terror,fear,fear,false,9,m,random
A-terror-07,terror,fear,fear,false,9,m,random
A-terror-08,terror,fear,fear,false,9,m,random
A-terror-09,terror,fear,fear,false,9,m,random
A-terror-10,terror,fear,fear,false,9,m,random
A-vigilance-01,vigilance,fear,fear,false,9,m,random
A-vigilance-02,vigilance,anxiety,fear,true,9,m,random
A-vigilance-03,vigilance,fear,fear,false,9,m,random
A-vigilance-04,vigilance,fear,fear,false,9,m,random
A-vigilance-05,vigilance,anxiety,anxiety,false,9,m,random
A-vigilance-06,vigilance,fear,fear,false,9,m,random
A-vigilance-07,vigilance,anxiety,anxiety,false,9,m,random
A-vigilance-08,vigilance,anticipation,anticipation,false,9,m,random
A-vigilance-09,vigilance,fear,fear,false,9,m,random
A-vigilance-10,vigilance,anxiety,anxiety,false,9,m,random
A-admiration-01,admiration,love,love,false,10,m,random
A-admiration-02,admiration,trust,trust,false,10,m,random
A-admiration-03,admiration,trust,trust,false,10,m,random
A-admiration-04,admiration,trust,trust,false,10,m,random
A-admiration-05,admiration,trust,trust,false,10,m,random
A-admiration-06,admiration,trust,trust,false,10,m,random
A-admiration-07,admiration,trust,trust,false,10,m,random
A-admiration-08,admiration,trust,trust,false,10,m,random
A-admiration-09,admiration,anger,anger,false,10,m,random
A-admiration-10,admiration,trust,trust,false,10,m,random
A-amazement-01,amazement,surprise,surprise,false,10,m,random
A-amazement-02,amazement,surprise,surprise,false,10,m,random
A-amazement-03,amazement,surprise,surprise,false,10,m,random
A-amazement-04,amazement,surprise,surprise,false,10,m,random
A-amazement-05,amazement,surprise,surprise,false,10,m,random
A-amazement-06,amazement,fear,fear,false,10,m,random
A-amazement-07,amazement,surprise,surprise,false,10,m,random
A-amazement-08,amazement,joy,joy,false,10,m,random
A-amazement-09,amazement,surprise,surprise,false,10,m,random
A-amazement-10,amazement,surprise,surprise,false,10,m,random
A-ecstasy-01,ecstasy,joy,joy,false,10,m,random
A-ecstasy-02,ecstasy,joy,joy,false,10,m,random
A-ecstasy-03,ecstasy,happiness,happiness,false,10,m,random
A-ecstasy-04,ecstasy,joy,joy,false,10,m,random
A-ecstasy-05,ecstasy,joy,joy,false,10,m,random
A-ecstasy-06,ecstasy,joy,joy,false,10,m,random
A-ecstasy-07,ecstasy,joy,joy,false,10,m,random
A-ecstasy-08,ecstasy,joy,joy,false,10,m,random
A-ecstasy-09,ecstasy,joy,joy,false,10,m,random
A-ecstasy-10,ecstasy,joy,joy,false,10,m,random
A-grief-01,grief,sadness,sadness,false,10,m,random
A-grief-02,grief,anger,anger,false,10,m,random
A-grief-03,grief,sadness,sadness,false,10,m,random
A-grief-04,grief,sadness,sadness,false,10,m,random
A-grief-05,grief,sadness,sadness,false,10,m,random
A-grief-06,grief,sadness,sadness,false,10,m,random
A-grief-07,grief,sadness,sadness,false,10,m,random
A-grief-08,grief,sadness,sadness,false,10,m,random
A-grief-09,grief,sadness,sadness,false,10,m,random
A-grief-10,grief,sadness,sadness,false,10,m,random
A-loathing-01,loathing,disgust,disgust,false,10,m,random
A-loathing-02,loathing,anger,anger,false,10,m,random
A-loathing-03,loathing,anger,anger,false,10,m,random
A-loathing-04,loathing,disgust,disgust,false,10,m,random
A-loathing-05,loathing,disgust,disgust,false,10,m,random
A-loathing-06,loathing,disgust,disgust,false,10,m,random
A-loathing-07,loathing,anger,anger,false,10,m,random
A-loathing-08,loathing,disgust,disgust,false,10,m,random
A-loathing-09,loathing,disgust,disgust,false,10,m,random
A-loathing-10,loathing,disgust,disgust,false,10,m,random
A-rage-01,rage,anger,anger,false,10,m,random
A-rage-02,rage,anger,anger,false,10,m,random
A-rage-03,rage,anger,anger,false,10,m,random
A-rage-04,rage,anger,anger,false,10,m,random
A-rage-05,rage,anger,anger,false,10,m,random
A-rage-06,rage,anger,anger,false,10,m,random
A-rage-07,rage,anger,anger,false,10,m,random
A-rage-08,rage,anger,anger,false,10,m,random
A-rage-09,rage,anger,anger,false,10,m,random
A-rage-10,rage,anger,anger,false,10,m,random
A-terror-01,terror,fear,fear,false,10,m,random
A-terror-02,terror,fear,fear,false,10,m,random
A-terror-03,terror,fear,fear,false,10,m,random
A-terror-04,terror,fear,fear,false,10,m,random
A-terror-05,terror,anger,anger,false,10,m,random
A-terror-06,terror,fear,fear,false,10,m,random
A-terror-07,terror,fear,fear,false,10,m,random
A-terror-08,terror,fear,fear,false,10,m,random
A-terror-09,terror,fear,fear,false,10,m,random
A-terror-10,terror,fear,fear,false,10,m,random
A-vigilance-01,vigilance,fear,fear,false,10,m,random
A-vigilance-02,vigilance,anxiety,fear,true,10,m,random
A-vigilance-03,vigilance,fear,fear,false,10,m,random
A-vigilance-04,vigilance,fear,fear,false,10,m,random
A-vigilance-05,vigilance,anxiety,anticipation,true,10,m,random
A-vigilance-06,vigilance,fear,fear,false,10,m,random
A-vigilance-07,vigilance,anxiety,anxiety,false,10,m,random
A-vigilance-08,vigilance,anticipation,anticipation,false,10,m,random
A-vigilance-09,vigilance,fear,fear,false,10,m,random
A-vigilance-10,vigilance,anxiety,anxiety,false,10,m,random
A-admiration-01,admiration,love,love,false,11,m,random
A-admiration-02,admiration,trust,trust,false,11,m,random
A-admiration-03,admiration,trust,trust,false,11,m,random
A-admiration-04,admiration,trust,trust,false,11,m,random
A-admiration-05,admiration,trust,trust,false,11,m,random
A-admiration-06,admiration,trust,trust,false,11,m,random
A-admiration-07,admiration,trust,trust,false,11,m,random
A-admiration-08,admiration,trust,trust,false,11,m,random
A-admiration-09,admiration,anger,anger,false,11,m,random
A-admiration-10,admiration,trust,trust,false,11,m,random
A-amazement-01,amazement,surprise,surprise,false,11,m,random
A-amazement-02,amazement,surprise,surprise,false,11,m,random
A-amazement-03,amazement,surprise,surprise,false,11,m,random
A-amazement-04,amazement,surprise,surprise,false,11,m,random
A-amazement-05,amazement,surprise,surprise,false,11,m,random
A-amazement-06,amazement,fear,fear,false,11,m,random
A-amazement-07,amazement,surprise,surprise,false,11,m,random
A-amazement-08,amazement,joy,joy,false,11,m,random
A-amazement-09,amazement,surprise,surprise,false,11,m,random
A-amazement-10,amazement,surprise,surprise,false,11,m,random
A-ecstasy-01,ecstasy,joy,joy,false,11,m,random
A-ecstasy-02,ecstasy,joy,joy,false,11,m,random
A-ecstasy-03,ecstasy,happiness,happiness,false,11,m,random
A-ecstasy-04,ecstasy,joy,joy,false,11,m,random
A-ecstasy-05,ecstasy,joy,joy,false,11,m,random
A-ecstasy-06,ecstasy,joy,joy,false,11,m,random
A-ecstasy-07,ecstasy,joy,joy,false,11,m,random
A-ecstasy-08,ecstasy,joy,joy,false,11,m,random
A-ecstasy-09,ecstasy,joy,joy,false,11,m,random
A-ecstasy-10,ecstasy,joy,joy,false,11,m,random
A-grief-01,grief,sadness,sadness,false,11,m,random
A-grief-02,grief,anger,sadness,true,11,m,random
A-grief-03,grief,sadness,sadness,false,11,m,random
A-grief-04,grief,sadness,sadness,false,11,m,random
A-grief-05,grief,sadness,sadness,false,11,m,random
A-grief-06,grief,sadness,sadness,false,11,m,random
A-grief-07,grief,sadness,sadness,false,11,m,random
A-grief-08,grief,sadness,sadness,false,11,m,random
A-grief-09,grief,sadness,sadness,false,11,m,random
A-grief-10,grief,sadness,sadness,false,11,m,random
A-loathing-01,loathing,disgust,disgust,false,11,m,random
A-loathing-02,loathing,anger,anger,false,11,m,random
A-loathing-03,loathing,anger,anger,false,11,m,random
A-loathing-04,loathing,disgust,disgust,false,11,m,random
A-loathing-05,loathing,disgust,disgust,false,11,m,random
A-loathing-06,loathing,disgust,disgust,false,11,m,random
A-loathing-07,loathing,anger,anger,false,11,m,random
A-loathing-08,loathing,disgust,disgust,false,11,m,random
A-loathing-09,loathing,disgust,disgust,false,11,m,random
A-loathing-10,loathing,disgust,disgust,false,11,m,random
A-rage-01,rage,anger,anger,false,11,m,random
A-rage-02,rage,anger,anger,false,11,m,random
A-rage-03,rage,anger,anger,false,11,m,random
A-rage-04,rage,anger,anger,false,11,m,random
A-rage-05,rage,anger,anger,false,11,m,random
A-rage-06,rage,anger,anger,false,11,m,random
A-rage-07,rage,anger,anger,false,11,m,random
A-rage-08,rage,anger,anger,false,11,m,random
A-rage-09,rage,anger,anger,false,11,m,random
A-rage-10,rage,anger,anger,false,11,m,random
A-terror-01,terror,fear,fear,false,11,m,random
A-terror-02,terror,fear,fear,false,11,m,random
A-terror-03,terror,fear,fear,false,11,m,random
A-terror-04,terror,fear,fear,false,11,m,random
A-terror-05,terror,anger,anger,false,11,m,random
A-terror-06,terror,fear,fear,false,11,m,random
A-terror-07,terror,fear,fear,false,11,m,random
A-terror-08,terror,fear,fear,false,11,m,random
A-terror-09,terror,fear,fear,false,11,m,random
A-terror-10,terror,fear,fear,false,11,m,random
A-vigilance-01,vigilance,fear,fear,false,11,m,random
A-vigilance-02,vigilance,anxiety,fear,true,11,m,random
A-vigilance-03,vigilance,fear,fear,false,11,m,random
A-vigilance-04,vigilance,fear,fear,false,11,m,random
A-vigilance-05,vigilance,anxiety,anxiety,false,11,m,random
A-vigilance-06,vigilance,fear,fear,false,11,m,random
A-vigilance-07,vigilance,anxiety,anxiety,false,11,m,random
A-vigilance-08,vigilance,anticipation,anticipation,false,11,m,random
A-vigilance-09,vigilance,fear,fear,false,11,m,random
A-vigilance-10,vigilance,anxiety,anxiety,false,11,m,random
A-admiration-01,admiration,love,love,false,12,m,random
A-admiration-02,admiration,trust,trust,false,12,m,random
A-admiration-03,admiration,trust,trust,false,12,m,random
A-admiration-04,admiration,trust,trust,false,12,m,random
A-admiration-05,admiration,trust,trust,false,12,m,random
A-admiration-06,admiration,trust,trust,false,12,m,random
A-admiration-07,admiration,trust,trust,false,12,m,random
A-admiration-08,admiration,trust,trust,false,12,m,random
A-admiration-09,admiration,anger,anger,false,12,m,random
A-admiration-10,admiration,trust,trust,false,12,m,random
A-amazement-01,amazement,surprise,surprise,false,12,m,random
A-amazement-02,amazement,surprise,surprise,false,12,m,random
A-amazement-03,amazement,surprise,surprise,false,12,m,random
A-amazement-04,amazement,surprise,surprise,false,12,m,random
A-amazement-05,amazement,surprise,surprise,false,12,m,random
A-amazement-06,amazement,fear,fear,false,12,m,random
A-amazement-07,amazement,surprise,surprise,false,12,m,random
A-amazement-08,amazement,joy,joy,false,12,m,random
A-amazement-09,amazement,surprise,surprise,false,12,m,random
A-amazement-10,amazement,surprise,surprise,false,12,m,random
A-ecstasy-01,ecstasy,joy,joy,false,12,m,random
A-ecstasy-02,ecstasy,joy,joy,false,12,m,random
A-ecstasy-03,ecstasy,happiness,happiness,false,12,m,random
A-ecstasy-04,ecstasy,joy,joy,false,12,m,random
A-ecstasy-05,ecstasy,joy,joy,false,12,m,random
A-ecstasy-06,ecstasy,joy,joy,false,12,m,random
A-ecstasy-07,ecstasy,joy,joy,false,12,m,random
A-ecstasy-08,ecstasy,joy,joy,false,12,m,random
A-ecstasy-09,ecstasy,joy,joy,false,12,m,random
A-ecstasy-10,ecstasy,joy,joy,false,12,m,random
A-grief-01,grief,sadness,sadness,false,12,m,random
A-grief-02,grief,anger,anger,false,12,m,random
A-grief-03,grief,sadness,sadness,false,12,m,random
A-grief-04,grief,sadness,sadness,false,12,m,random
A-grief-05,grief,sadness,sadness,false,12,m,random
A-grief-06,grief,sadness,sadness,false,12,m,random
A-grief-07,grief,sadness,sadness,false,12,m,random
A-grief-08,grief,sadness,sadness,false,12,m,random
A-grief-09,grief,sadness,sadness,false,12,m,random
A-grief-10,grief,sadness,sadness,false,12,m,random
A-loathing-01,loathing,disgust,disgust,false,12,m,random
A-loathing-02,loathing,anger,disgust,true,12,m,random
A-loathing-03,loathing,anger,anger,false,12,m,random
A-loathing-04,loathing,disgust,disgust,false,12,m,random
A-loathing-05,loathing,disgust,disgust,false,12,m,random
A-loathing-06,loathing,disgust,disgust,false,12,m,random
A-loathing-07,loathing,anger,anger,false,12,m,random
A-loathing-08,loathing,disgust,disgust,false,12,m,random
A-loathing-09,loathing,disgust,disgust,false,12,m,random
A-loathing-10,loathing,disgust,disgust,false,12,m,random
A-rage-01,rage,anger,anger,false,12,m,random
A-rage-02,rage,anger,anger,false,12,m,random
A-rage-03,rage,anger,anger,false,12,m,random
A-rage-04,rage,anger,anger,false,12,m,random
A-rage-05,rage,anger,anger,false,12,m,random
A-rage-06,rage,anger,anger,false,12,m,random
A-rage-07,rage,anger,anger,false,12,m,random
A-rage-08,rage,anger,anger,false,12,m,random
A-rage-09,rage,anger,anger,false,12,m,random
A-rage-10,rage,anger,anger,false,12,m,random
A-terror-01,terror,fear,fear,false,12,m,random
A-terror-02,terror,fear,fear,false,12,m,random
A-terror-03,terror,fear,fear,false,12,m,random
A-terror-04,terror,fear,fear,false,12,m,random
A-terror-05,terror,anger,anger,false,12,m,random
A-terror-06,terror,fear,fear,false,12,m,random
A-terror-07,terror,fear,fear,false,12,m,random
A-terror-08,terror,fear,fear,false,12,m,random
A-terror-09,terror,fear,fear,false,12,m,random
A-terror-10,terror,fear,fear,false,12,m,random
A-vigilance-01,vigilance,fear,fear,false,12,m,random
A-vigilance-02,vigilance,anxiety,fear,true,12,m,random
A-vigilance-03,vigilance,fear,fear,false,12,m,random
A-vigilance-04,vigilance,fear,fear,false,12,m,random
A-vigilance-05,vigilance,anxiety,anxiety,false,12,m,random
A-vigilance-06,vigilance,fear,fear,false,12,m,random
A-vigilance-07,vigilance,anxiety,anxiety,false,12,m,random
A-vigilance-08,vigilance,anticipation,anticipation,false,12,m,random
A-vigilance-09,vigilance,fear,fear,false,12,m,random
A-vigilance-10,vigilance,anxiety,anxiety,false,12,m,random
A-admiration-01,admiration,love,love,false,13,m,random
A-admiration-02,admiration,trust,trust,false,13,m,random
A-admiration-03,admiration,trust,trust,false,13,m,random
A-admiration-04,admiration,trust,trust,false,13,m,random
A-admiration-05,admiration,trust,trust,false,13,m,random
A-admiration-06,admiration,trust,trust,false,13,m,random
A-admiration-07,admiration,trust,trust,false,13,m,random
A-admiration-08,admiration,trust,trust,false,13,m,random
A-admiration-09,admiration,anger,anger,false,13,m,random
A-admiration-10,admiration,trust,trust,false,13,m,random
A-amazement-01,amazement,surprise,surprise,false,13,m,random
A-amazement-02,amazement,surprise,surprise,false,13,m,random
A-amazement-03,amazement,surprise,joy,true,13,m,random
A-amazement-04,amazement,surprise,surprise,false,13,m,random
A-amazement-05,amazement,surprise,surprise,false,13,m,random
A-amazement-06,amazement,fear,fear,false,13,m,random
A-amazement-07,amazement,surprise,surprise,false,13,m,random
A-amazement-08,amazement,joy,joy,false,13,m,random
A-amazement-09,amazement,surprise,surprise,false,13,m,random
A-amazement-10,amazement,surprise,surprise,false,13,m,random
A-ecstasy-01,ecstasy,joy,joy,false,13,m,random
A-ecstasy-02,ecstasy,joy,joy,false,13,m,random
A-ecstasy-03,ecstasy,happiness,happiness,false,13,m,random
A-ecstasy-04,ecstasy,joy,joy,false,13,m,random
A-ecstasy-05,ecstasy,joy,joy,false,13,m,random
A-ecstasy-06,ecstasy,joy,joy,false,13,m,random
A-ecstasy-07,ecstasy,joy,joy,false,13,m,random
A-ecstasy-08,ecstasy,joy,joy,false,13,m,random
A-ecstasy-09,ecstasy,joy,joy,false,13,m,random
A-ecstasy-10,ecstasy,joy,joy,false,13,m,random
A-grief-01,grief,sadness,sadness,false,13,m,random
A-grief-02,grief,anger,anger,false,13,m,random
A-grief-03,grief,sadness,sadness,false,13,m,random
A-grief-04,grief,sadness,sadness,false,13,m,random
A-grief-05,grief,sadness,sadness,false,13,m,random
A-grief-06,grief,sadness,sadness,false,13,m,random
A-grief-07,grief,sadness,sadness,false,13,m,random
A-grief-08,grief,sadness,sadness,false,13,m,random
A-grief-09,grief,sadness,sadness,false,13,m,random
A-grief-10,grief,sadness,sadness,false,13,m,random
A-loathing-01,loathing,disgust,disgust,false,13,m,random
A-loathing-02,loathing,anger,anger,false,13,m,random
A-loathing-03,loathing,anger,anger,false,13,m,random
A-loathing-04,loathing,disgust,disgust,false,13,m,random
A-loathing-05,loathing,disgust,disgust,false,13,m,random
A-loathing-06,loathing,disgust,disgust,false,13,m,random
A-loathing-07,loathing,anger,anger,false,13,m,random
A-loathing-08,loathing,disgust,disgust,false,13,m,random
A-loathing-09,loathing,disgust,disgust,false,13,m,random
A-loathing-10,loathing,disgust,disgust,false,13,m,random
A-rage-01,rage,anger,anger,false,13,m,random
A-rage-02,rage,anger,anger,false,13,m,random
A-rage-03,rage,anger,anger,false,13,m,random
A-rage-04,rage,anger,anger,false,13,m,random
A-rage-05,rage,anger,anger,false,13,m,random
A-rage-06,rage,anger,anger,false,13,m,random
A-rage-07,rage,anger,anger,false,13,m,random
A-rage-08,rage,anger,anger,false,13,m,random
A-rage-09,rage,anger,anger,false,13,m,random
A-rage-10,rage,anger,anger,false,13,m,random
A-terror-01,terror,fear,fear,false,13,m,random
A-terror-02,terror,fear,fear,false,13,m,random
A-terror-03,terror,fear,fear,false,13,m,random
A-terror-04,terror,fear,fear,false,13,m,random
A-terror-05,terror,anger,anger,false,13,m,random
A-terror-06,terror,fear,fear,false,13,m,random
A-terror-07,terror,fear,fear,false,13,m,random
A-terror-08,terror,fear,fear,false,13,m,random
A-terror-09,terror,fear,fear,false,13,m,random
A-terror-10,terror,fear,fear,false,13,m,random
A-vigilance-01,vigilance,fear,fear,false,13,m,random
A-vigilance-02,vigilance,anxiety,fear,true,13,m,random
A-vigilance-03,vigilance,fear,fear,false,13,m,random
A-vigilance-04,vigilance,fear,fear,false,13,m,random
A-vigilance-05,vigilance,anxiety,anticipation,true,13,m,random
A-vigilance-06,vigilance,fear,fear,false,13,m,random
A-vigilance-07,vigilance,anxiety,anxiety,false,13,m,random
A-vigilance-08,vigilance,anticipation,anticipation,false,13,m,random
A-vigilance-09,vigilance,fear,fear,false,13,m,random
A-vigilance-10,vigilance,anxiety,anxiety,false,13,m,random
A-admiration-01,admiration,love,love,false,14,m,random
A-admiration-02,admiration,trust,trust,false,14,m,random
A-admiration-03,admiration,trust,trust,false,14,m,random
A-admiration-04,admiration,trust,trust,false,14,m,random
A-admiration-05,admiration,trust,trust,false,14,m,random
A-admiration-06,admiration,trust,trust,false,14,m,random
A-admiration-07,admiration,trust,trust,false,14,m,random
A-admiration-08,admiration,trust,trust,false,14,m,random
A-admiration-09,admiration,anger,anger,false,14,m,random
A-admiration-10,admiration,trust,trust,false,14,m,random
A-amazement-01,amazement,surprise,surprise,false,14,m,random
A-amazement-02,amazement,surprise,surprise,false,14,m,random
A-amazement-03,amazement,surprise,surprise,false,14,m,random
A-amazement-04,amazement,surprise,surprise,false,14,m,random
A-amazement-05,amazement,surprise,surprise,false,14,m,random
A-amazement-06,amazement,fear,fear,false,14,m,random
A-amazement-07,amazement,surprise,surprise,false,14,m,random
A-amazement-08,amazement,joy,joy,false,14,m,random
A-amazement-09,amazement,surprise,surprise,false,14,m,random
A-amazement-10,amazement,surprise,surprise,false,14,m,random
A-ecstasy-01,ecstasy,joy,joy,false,14,m,random
A-ecstasy-02,ecstasy,joy,joy,false,14,m,random
A-ecstasy-03,ecstasy,happiness,happiness,false,14,m,random
A-ecstasy-04,ecstasy,joy,joy,false,14,m,random
A-ecstasy-05,ecstasy,joy,joy,false,14,m,random
A-ecstasy-06,ecstasy,joy,joy,false,14,m,random
A-ecstasy-07,ecstasy,joy,joy,false,14,m,random
A-ecstasy-08,ecstasy,joy,joy,false,14,m,random
A-ecstasy-09,ecstasy,joy,joy,false,14,m,random
A-ecstasy-10,ecstasy,joy,joy,false,14,m,random
A-grief-01,grief,sadness,sadness,false,14,m,random
A-grief-02,grief,anger,anger,false,14,m,random
A-grief-03,grief,sadness,sadness,false,14,m,random
A-grief-04,grief,sadness,sadness,false,14,m,random
A-grief-05,grief,sadness,sadness,false,14,m,random
A-grief-06,grief,sadness,sadness,false,14,m,random
A-grief-07,grief,sadness,sadness,false,14,m,random
A-grief-08,grief,sadness,sadness,false,14,m,random
A-grief-09,grief,sadness,sadness,false,14,m,random
A-grief-10,grief,sadness,sadness,false,14,m,random
A-loathing-01,loathing,disgust,disgust,false,14,m,random
A-loathing-02,loathing,anger,anger,false,14,m,random
A-loathing-03,loathing,anger,anger,false,14,m,random
A-loathing-04,loathing,disgust,disgust,false,14,m,random
A-loathing-05,loathing,disgust,disgust,false,14,m,random
A-loathing-06,loathing,disgust,disgust,false,14,m,random
A-loathing-07,loathing,anger,anger,false,14,m,random
A-loathing-08,loathing,disgust,disgust,false,14,m,random
A-loathing-09,loathing,disgust,disgust,false,14,m,random
A-loathing-10,loathing,disgust,disgust,false,14,m,random
A-rage-01,rage,anger,anger,false,14,m,random
A-rage-02,rage,anger,anger,false,14,m,random
A-rage-03,rage,anger,anger,false,14,m,random
A-rage-04,rage,anger,anger,false,14,m,random
A-rage-05,rage,anger,anger,false,14,m,random
A-rage-06,rage,anger,anger,false,14,m,random
A-rage-07,rage,anger,anger,false,14,m,random
A-rage-08,rage,anger,anger,false,14,m,random
A-rage-09,rage,anger,anger,false,14,m,random
A-rage-10,rage,anger,anger,false,14,m,random
A-terror-01,terror,fear,fear,false,14,m,random
A-terror-02,terror,fear,fear,false,14,m,random
A-terror-03,terror,fear,fear,false,14,m,random
A-terror-04,terror,fear,fear,false,14,m,random
A-terror-05,terror,anger,anger,false,14,m,random
A-terror-06,terror,fear,fear,false,14,m,random
A-terror-07,terror,fear,fear,false,14,m,random
A-terror-08,terror,fear,fear,false,14,m,random
A-terror-09,terror,fear,fear,false,14,m,random
A-terror-10,terror,fear,fear,false,14,m,random
A-vigilance-01,vigilance,fear,fear,false,14,m,random
A-vigilance-02,vigilance,anxiety,fear,true,14,m,random
A-vigilance-03,vigilance,fear,fear,false,14,m,random
A-vigilance-04,vigilance,fear,fear,false,14,m,random
A-vigilance-05,vigilance,anxiety,anxiety,false,14,m,random
A-vigilance-06,vigilance,fear,fear,false,14,m,random
A-vigilance-07,vigilance,anxiety,anxiety,false,14,m,random
A-vigilance-08,vigilance,anticipation,anticipation,false,14,m,random
A-vigilance-09,vigilance,fear,fear,false,14,m,random
A-vigilance-10,vigilance,anxiety,anxiety,false,14,m,random
A-admiration-01,admiration,love,love,false,15,m,random
A-admiration-02,admiration,trust,trust,false,15,m,random
A-admiration-03,admiration,trust,trust,false,15,m,random
A-admiration-04,admiration,trust,trust,false,15,m,random
A-admiration-05,admiration,trust,trust,false,15,m,random
A-admiration-06,admiration,trust,trust,false,15,m,random
A-admiration-07,admiration,trust,trust,false,15,m,random
A-admiration-08,admiration,trust,trust,false,15,m,random
A-admiration-09,admiration,anger,anger,false,15,m,random
A-admiration-10,admiration,trust,trust,false,15,m,random
A-amazement-01,amazement,surprise,surprise,false,15,m,random
A-amazement-02,amazement,surprise,surprise,false,15,m,random
A-amazement-03,amazement,surprise,surprise,false,15,m,random
A-amazement-04,amazement,surprise,surprise,false,15,m,random
A-amazement-05,amazement,surprise,surprise,false,15,m,random
A-amazement-06,amazement,fear,fear,false,15,m,random
A-amazement-07,amazement,surprise,surprise,false,15,m,random
A-amazement-08,amazement,joy,joy,false,15,m,random
A-amazement-09,amazement,surprise,surprise,false,15,m,random
A-amazement-10,amazement,surprise,surprise,false,15,m,random
A-ecstasy-01,ecstasy,joy,joy,false,15,m,random
A-ecstasy-02,ecstasy,joy,joy,false,15,m,random
A-ecstasy-03,ecstasy,happiness,happiness,false,15,m,random
A-ecstasy-04,ecstasy,joy,joy,false,15,m,random
A-ecstasy-05,ecstasy,joy,joy,false,15,m,random
A-ecstasy-06,ecstasy,joy,joy,false,15,m,random
A-ecstasy-07,ecstasy,joy,joy,false,15,m,random
A-ecstasy-08,ecstasy,joy,joy,false,15,m,random
A-ecstasy-09,ecstasy,joy,joy,false,15,m,random
A-ecstasy-10,ecstasy,joy,joy,false,15,m,random
A-grief-01,grief,sadness,sadness,false,15,m,random
A-grief-02,grief,anger,anger,false,15,m,random
A-grief-03,grief,sadness,sadness,false,15,m,random
A-grief-04,grief,sadness,sadness,false,15,m,random
A-grief-05,grief,sadness,sadness,false,15,m,random
A-grief-06,grief,sadness,sadness,false,15,m,random
A-grief-07,grief,sadness,sadness,false,15,m,random
A-grief-08,grief,sadness,sadness,false,15,m,random
A-grief-09,grief,sadness,sadness,false,15,m,random
A-grief-10,grief,sadness,sadness,false,15,m,random
A-loathing-01,loathing,disgust,disgust,false,15,m,random
A-loathing-02,loathing,anger,anger,false,15,m,random
A-loathing-03,loathing,anger,anger,false,15,m,random
A-loathing-04,loathing,disgust,disgust,false,15,m,random
A-loathing-05,loathing,disgust,disgust,false,15,m,random
A-loathing-06,loathing,disgust,disgust,false,15,m,random
A-loathing-07,loathing,anger,anger,false,15,m,random
A-loathing-08,loathing,disgust,disgust,false,15,m,random
A-loathing-09,loathing,disgust,disgust,false,15,m,random
A-loathing-10,loathing,disgust,disgust,false,15,m,random
A-rage-01,rage,anger,anger,false,15,m,random
A-rage-02,rage,anger,anger,false,15,m,random
A-rage-03,rage,anger,anger,false,15,m,random
A-rage-04,rage,anger,anger,false,15,m,random
A-rage-05,rage,anger,anger,false,15,m,random
A-rage-06,rage,anger,anger,false,15,m,random
A-rage-07,rage,anger,anger,false,15,m,random
A-rage-08,rage,anger,anger,false,15,m,random
A-rage-09,rage,anger,anger,false,15,m,random
A-rage-10,rage,anger,anger,false,15,m,random
A-terror-01,terror,fear,fear,false,15,m,random
A-terror-02,terror,fear,fear,false,15,m,random
A-terror-03,terror,fear,fear,false,15,m,random
A-terror-04,terror,fear,fear,false,15,m,random
A-terror-05,terror,anger,anger,false,15,m,random
A-terror-06,terror,fear,fear,false,15,m,random
A-terror-07,terror,fear,fear,false,15,m,random
A-terror-08,terror,fear,fear,false,15,m,random
A-terror-09,terror,fear,fear,false,15,m,random
A-terror-10,terror,fear,fear,false,15,m,random
A-vigilance-01,vigilance,fear,fear,false,15,m,random
A-vigilance-02,vigilance,anxiety,fear,true,15,m,random
A-vigilance-03,vigilance,fear,fear,false,15,m,random
A-vigilance-04,vigilance,fear,fear,false,15,m,random
A-vigilance-05,vigilance,anxiety,anxiety,false,15,m,random
A-vigilance-06,vigilance,fear,fear,false,15,m,random
A-vigilance-07,vigilance,anxiety,anxiety,false,15,m,random
A-vigilance-08,vigilance,anticipation,anticipation,false,15,m,random
A-vigilance-09,vigilance,fear,fear,false,15,m,random
A-vigilance-10,vigilance,anxiety,anxiety,false,15,m,random
A-admiration-01,admiration,love,love,false,16,m,random
A-admiration-02,admiration,trust,trust,false,16,m,random
A-admiration-03,admiration,trust,trust,false,16,m,random
A-admiration-04,admiration,trust,trust,false,16,m,random
A-admiration-05,admiration,trust,trust,false,16,m,random
A-admiration-06,admiration,trust,trust,false,16,m,random
A-admiration-07,admiration,trust,trust,false,16,m,random
A-admiration-08,admiration,trust,trust,false,16,m,random
A-admiration-09,admiration,anger,anger,false,16,m,random
A-admiration-10,admiration,trust,trust,false,16,m,random
A-amazement-01,amazement,surprise,surprise,false,16,m,random
A-amazement-02,amazement,surprise,surprise,false,16,m,random
A-amazement-03,amazement,surprise,surprise,false,16,m,random
A-amazement-04,amazement,surprise,surprise,false,16,m,random
A-amazement-05,amazement,surprise,surprise,false,16,m,random
A-amazement-06,amazement,fear,fear,false,16,m,random
A-amazement-07,amazement,surprise,surprise,false,16,m,random
A-amazement-08,amazement,joy,joy,false,16,m,random
A-amazement-09,amazement,surprise,surprise,false,16,m,random
A-amazement-10,amazement,surprise,surprise,false,16,m,random
A-ecstasy-01,ecstasy,joy,joy,false,16,m,random
A-ecstasy-02,ecstasy,joy,joy,false,16,m,random
A-ecstasy-03,ecstasy,happiness,happiness,false,16,m,random
A-ecstasy-04,ecstasy,joy,joy,false,16,m,random
A-ecstasy-05,ecstasy,joy,joy,false,16,m,random
A-ecstasy-06,ecstasy,joy,joy,false,16,m,random
A-ecstasy-07,ecstasy,joy,joy,false,16,m,random
A-ecstasy-08,ecstasy,joy,joy,false,16,m,random
A-ecstasy-09,ecstasy,joy,joy,false,16,m,random
A-ecstasy-10,ecstasy,joy,joy,false,16,m,random
A-grief-01,grief,sadness,sadness,false,16,m,random
A-grief-02,grief,anger,anger,false,16,m,random
A-grief-03,grief,sadness,sadness,false,16,m,random
A-grief-04,grief,sadness,sadness,false,16,m,random
A-grief-05,grief,sadness,sadness,false,16,m,random
A-grief-06,grief,sadness,sadness,false,16,m,random
A-grief-07,grief,sadness,sadness,false,16,m,random
A-grief-08,grief,sadness,sadness,false,16,m,random
A-grief-09,grief,sadness,sadness,false,16,m,random
A-grief-10,grief,sadness,sadness,false,16,m,random
A-loathing-01,loathing,disgust,disgust,false,16,m,random
A-loathing-02,loathing,anger,anger,false,16,m,random
A-loathing-03,loathing,anger,anger,false,16,m,random
A-loathing-04,loathing,disgust,disgust,false,16,m,random
A-loathing-05,loathing,disgust,disgust,false,16,m,random
A-loathing-06,loathing,disgust,disgust,false,16,m,random
A-loathing-07,loathing,anger,anger,false,16,m,random
A-loathing-08,loathing,disgust,disgust,false,16,m,random
A-loathing-09,loathing,disgust,disgust,false,16,m,random
A-loathing-10,loathing,disgust,disgust,false,16,m,random
A-rage-01,rage,anger,anger,false,16,m,random
A-rage-02,rage,anger,anger,false,16,m,random
A-rage-03,rage,anger,anger,false,16,m,random
A-rage-04,rage,anger,anger,false,16,m,random
A-rage-05,rage,anger,anger,false,16,m,random
A-rage-06,rage,anger,anger,false,16,m,random
A-rage-07,rage,anger,anger,false,16,m,random
A-rage-08,rage,anger,anger,false,16,m,random
A-rage-09,rage,anger,anger,false,16,m,random
A-rage-10,rage,anger,anger,false,16,m,random
A-terror-01,terror,fear,fear,false,16,m,random
A-terror-02,terror,fear,fear,false,16,m,random
A-terror-03,terror,fear,fear,false,16,m,random
A-terror-04,terror,fear,fear,false,16,m,random
A-terror-05,terror,anger,anger,false,16,m,random
A-terror-06,terror,fear,fear,false,16,m,random
A-terror-07,terror,fear,fear,false,16,m,random
A-terror-08,terror,fear,fear,false,16,m,random
A-terror-09,terror,fear,fear,false,16,m,random
A-terror-10,terror,fear,fear,false,16,m,random
A-vigilance-01,vigilance,fear,fear,false,16,m,random
A-vigilance-02,vigilance,anxiety,anxiety,false,16,m,random
A-vigilance-03,vigilance,fear,fear,false,16,m,random
A-vigilance-04,vigilance,fear,fear,false,16,m,random
A-vigilance-05,vigilance,anxiety,anxiety,false,16,m,random
A-vigilance-06,vigilance,fear,fear,false,16,m,random
A-vigilance-07,vigilance,anxiety,fear,true,16,m,random
A-vigilance-08,vigilance,anticipation,anticipation,false,16,m,random
A-vigilance-09,vigilance,fear,fear,false,16,m,random
A-vigilance-10,vigilance,anxiety,anxiety,false,16,m,random
A-admiration-01,admiration,love,love,false,17,m,random
A-admiration-02,admiration,trust,trust,false,17,m,random
A-admiration-03,admiration,trust,trust,false,17,m,random
A-admiration-04,admiration,trust,trust,false,17,m,random
A-admiration-05,admiration,trust,trust,false,17,m,random
A-admiration-06,admiration,trust,trust,false,17,m,random
A-admiration-07,admiration,trust,trust,false,17,m,random
A-admiration-08,admiration,trust,trust,false,17,m,random
A-admiration-09,admiration,anger,anger,false,17,m,random
A-admiration-10,admiration,trust,trust,false,17,m,random
A-amazement-01,amazement,surprise,surprise,false,17,m,random
A-amazement-02,amazement,surprise,surprise,false,17,m,random
A-amazement-03,amazement,surprise,surprise,false,17,m,random
A-amazement-04,amazement,surprise,surprise,false,17,m,random
A-amazement-05,amazement,surprise,surprise,false,17,m,random
A-amazement-06,amazement,fear,fear,false,17,m,random
A-amazement-07,amazement,surprise,surprise,false,17,m,random
A-amazement-08,amazement,joy,joy,false,17,m,random
A-amazement-09,amazement,surprise,surprise,false,17,m,random
A-amazement-10,amazement,surprise,surprise,false,17,m,random
A-ecstasy-01,ecstasy,joy,joy,false,17,m,random
A-ecstasy-02,ecstasy,joy,joy,false,17,m,random
A-ecstasy-03,ecstasy,happiness,happiness,false,17,m,random
A-ecstasy-04,ecstasy,joy,joy,false,17,m,random
A-ecstasy-05,ecstasy,joy,joy,false,17,m,random
A-ecstasy-06,ecstasy,joy,joy,false,17,m,random
A-ecstasy-07,ecstasy,joy,joy,false,17,m,random
A-ecstasy-08,ecstasy,joy,joy,false,17,m,random
A-ecstasy-09,ecstasy,joy,joy,false,17,m,random
A-ecstasy-10,ecstasy,joy,joy,false,17,m,random
A-grief-01,grief,sadness,sadness,false,17,m,random
A-grief-02,grief,anger,anger,false,17,m,random
A-grief-03,grief,sadness,sadness,false,17,m,random
A-grief-04,grief,sadness,sadness,false,17,m,random
A-grief-05,grief,sadness,sadness,false,17,m,random
A-grief-06,grief,sadness,sadness,false,17,m,random
A-grief-07,grief,sadness,sadness,false,17,m,random
A-grief-08,grief,sadness,sadness,false,17,m,random
A-grief-09,grief,sadness,sadness,false,17,m,random
A-grief-10,grief,sadness,sadness,false,17,m,random
A-loathing-01,loathing,disgust,disgust,false,17,m,random
A-loathing-02,loathing,anger,disgust,true,17,m,random
A-loathing-03,loathing,anger,anger,false,17,m,random
A-loathing-04,loathing,disgust,disgust,false,17,m,random
A-loathing-05,loathing,disgust,disgust,false,17,m,random
A-loathing-06,loathing,disgust,disgust,false,17,m,random
A-loathing-07,loathing,anger,anger,false,17,m,random
A-loathing-08,loathing,disgust,disgust,false,17,m,random
A-loathing-09,loathing,disgust,disgust,false,17,m,random
A-loathing-10,loathing,disgust,disgust,false,17,m,random
A-rage-01,rage,anger,anger,false,17,m,random
A-rage-02,rage,anger,anger,false,17,m,random
A-rage-03,rage,anger,anger,false,17,m,random
A-rage-04,rage,anger,anger,false,17,m,random
A-rage-05,rage,anger,anger,false,17,m,random
A-rage-06,rage,anger,anger,false,17,m,random
A-rage-07,rage,anger,anger,false,17,m,random
A-rage-08,rage,anger,anger,false,17,m,random
A-rage-09,rage,anger,anger,false,17,m,random
A-rage-10,rage,anger,anger,false,17,m,random
A-terror-01,terror,fear,fear,false,17,m,random
A-terror-02,terror,fear,fear,false,17,m,random
A-terror-03,terror,fear,fear,false,17,m,random
A-terror-04,terror,fear,fear,false,17,m,random
A-terror-05,terror,anger,anger,false,17,m,random
A-terror-06,terror,fear,fear,false,17,m,random
A-terror-07,terror,fear,fear,false,17,m,random
A-terror-08,terror,fear,fear,false,17,m,random
A-terror-09,terror,fear,fear,false,17,m,random
A-terror-10,terror,fear,fear,false,17,m,random
A-vigilance-01,vigilance,fear,fear,false,17,m,random
A-vigilance-02,vigilance,anxiety,fear,true,17,m,random
A-vigilance-03,vigilance,fear,fear,false,17,m,random
A-vigilance-04,vigilance,fear,fear,false,17,m,random
A-vigilance-05,vigilance,anxiety,anxiety,false,17,m,random
A-vigilance-06,vigilance,fear,fear,false,17,m,random
A-vigilance-07,vigilance,anxiety,anxiety,false,17,m,random
A-vigilance-08,vigilance,anticipation,anticipation,false,17,m,random
A-vigilance-09,vigilance,fear,fear,false,17,m,random
A-vigilance-10,vigilance,anxiety,anxiety,false,17,m,random
A-admiration-01,admiration,love,love,false,18,m,random
A-admiration-02,admiration,trust,trust,false,18,m,random
A-admiration-03,admiration,trust,trust,false,18,m,random
A-admiration-04,admiration,trust,trust,false,18,m,random
A-admiration-05,admiration,trust,trust,false,18,m,random
A-admiration-06,admiration,trust,trust,false,18,m,random
A-admiration-07,admiration,trust,trust,false,18,m,random
A-admiration-08,admiration,trust,trust,false,18,m,random
A-admiration-09,admiration,anger,anger,false,18,m,random
A-admiration-10,admiration,trust,trust,false,18,m,random
A-amazement-01,amazement,surprise,surprise,false,18,m,random
A-amazement-02,amazement,surprise,surprise,false,18,m,random
A-amazement-03,amazement,surprise,surprise,false,18,m,random
A-amazement-04,amazement,surprise,surprise,false,18,m,random
A-amazement-05,amazement,surprise,surprise,false,18,m,random
A-amazement-06,amazement,fear,fear,false,18,m,random
A-amazement-07,amazement,surprise,surprise,false,18,m,random
A-amazement-08,amazement,joy,joy,false,18,m,random
A-amazement-09,amazement,surprise,surprise,false,18,m,random
A-amazement-10,amazement,surprise,surprise,false,18,m,random
A-ecstasy-01,ecstasy,joy,joy,false,18,m,random
A-ecstasy-02,ecstasy,joy,joy,false,18,m,random
A-ecstasy-03,ecstasy,happiness,happiness,false,18,m,random
A-ecstasy-04,ecstasy,joy,joy,false,18,m,random
A-ecstasy-05,ecstasy,joy,joy,false,18,m,random
A-ecstasy-06,ecstasy,joy,joy,false,18,m,random
A-ecstasy-07,ecstasy,joy,joy,false,18,m,random
A-ecstasy-08,ecstasy,joy,joy,false,18,m,random
A-ecstasy-09,ecstasy,joy,joy,false,18,m,random
A-ecstasy-10,ecstasy,joy,joy,false,18,m,random
A-grief-01,grief,sadness,sadness,false,18,m,random
A-grief-02,grief,anger,anger,false,18,m,random
A-grief-03,grief,sadness,sadness,false,18,m,random
A-grief-04,grief,sadness,sadness,false,18,m,random
A-grief-05,grief,sadness,sadness,false,18,m,random
A-grief-06,grief,sadness,sadness,false,18,m,random
A-grief-07,grief,sadness,sadness,false,18,m,random
A-grief-08,grief,sadness,sadness,false,18,m,random
A-grief-09,grief,sadness,sadness,false,18,m,random
A-grief-10,grief,sadness,sadness,false,18,m,random
A-loathing-01,loathing,disgust,disgust,false,18,m,random
A-loathing-02,loathing,anger,disgust,true,18,m,random
A-loathing-03,loathing,anger,anger,false,18,m,random
A-loathing-04,loathing,disgust,disgust,false,18,m,random
A-loathing-05,loathing,disgust,disgust,false,18,m,random
A-loathing-06,loathing,disgust,disgust,false,18,m,random
A-loathing-07,loathing,anger,anger,false,18,m,random
A-loathing-08,loathing,disgust,disgust,false,18,m,random
A-loathing-09,loathing,disgust,disgust,false,18,m,random
A-loathing-10,loathing,disgust,disgust,false,18,m,random
A-rage-01,rage,anger,anger,false,18,m,random
A-rage-02,rage,anger,anger,false,18,m,random
A-rage-03,rage,anger,anger,false,18,m,random
A-rage-04,rage,anger,anger,false,18,m,random
A-rage-05,rage,anger,anger,false,18,m,random
A-rage-06,rage,anger,anger,false,18,m,random
A-rage-07,rage,anger,anger,false,18,m,random
A-rage-08,rage,anger,anger,false,18,m,random
A-rage-09,rage,anger,anger,false,18,m,random
A-rage-10,rage,anger,anger,false,18,m,random
A-terror-01,terror,fear,fear,false,18,m,random
A-terror-02,terror,fear,fear,false,18,m,random
A-terror-03,terror,fear,fear,false,18,m,random
A-terror-04,terror,fear,fear,false,18,m,random
A-terror-05,terror,anger,anger,false,18,m,random
A-terror-06,terror,fear,fear,false,18,m,random
A-terror-07,terror,fear,fear,false,18,m,random
A-terror-08,terror,fear,fear,false,18,m,random
A-terror-09,terror,fear,fear,false,18,m,random
A-terror-10,terror,fear,fear,false,18,m,random
A-vigilance-01,vigilance,fear,fear,false,18,m,random
A-vigilance-02,vigilance,anxiety,fear,true,18,m,random
A-vigilance-03,vigilance,fear,fear,false,18,m,random
A-vigilance-04,vigilance,fear,fear,false,18,m,random
A-vigilance-05,vigilance,anxiety,anticipation,true,18,m,random
A-vigilance-06,vigilance,fear,fear,false,18,m,random
A-vigilance-07,vigilance,anxiety,fear,true,18,m,random
A-vigilance-08,vigilance,anticipation,anticipation,false,18,m,random
A-vigilance-09,vigilance,fear,fear,false,18,m,random
A-vigilance-10,vigilance,anxiety,anxiety,false,18,m,random
A-admiration-01,admiration,love,love,false,19,m,random
A-admiration-02,admiration,trust,trust,false,19,m,random
A-admiration-03,admiration,trust,trust,false,19,m,random
A-admiration-04,admiration,trust,trust,false,19,m,random
A-admiration-05,admiration,trust,trust,false,19,m,random
A-admiration-06,admiration,trust,trust,false,19,m,random
A-admiration-07,admiration,trust,trust,false,19,m,random
A-admiration-08,admiration,trust,trust,false,19,m,random
A-admiration-09,admiration,anger,anger,false,19,m,random
A-admiration-10,admiration,trust,trust,false,19,m,random
A-amazement-01,amazement,surprise,surprise,false,19,m,random
A-amazement-02,amazement,surprise,surprise,false,19,m,random
A-amazement-03,amazement,surprise,surprise,false,19,m,random
A-amazement-04,amazement,surprise,surprise,false,19,m,random
A-amazement-05,amazement,surprise,surprise,false,19,m,random
A-amazement-06,amazement,fear,fear,false,19,m,random
A-amazement-07,amazement,surprise,surprise,false,19,m,random
A-amazement-08,amazement,joy,joy,false,19,m,random
A-amazement-09,amazement,surprise,surprise,false,19,m,random
A-amazement-10,amazement,surprise,surprise,false,19,m,random
A-ecstasy-01,ecstasy,joy,joy,false,19,m,random
A-ecstasy-02,ecstasy,joy,joy,false,19,m,random
A-ecstasy-03,ecstasy,happiness,happiness,false,19,m,random
A-ecstasy-04,ecstasy,joy,joy,false,19,m,random
A-ecstasy-05,ecstasy,joy,joy,false,19,m,random
A-ecstasy-06,ecstasy,joy,joy,false,19,m,random
A-ecstasy-07,ecstasy,joy,joy,false,19,m,random
A-ecstasy-08,ecstasy,joy,joy,false,19,m,random
A-ecstasy-09,ecstasy,joy,joy,false,19,m,random
A-ecstasy-10,ecstasy,joy,joy,false,19,m,random
A-grief-01,grief,sadness,sadness,false,19,m,random
A-grief-02,grief,anger,anger,false,19,m,random
A-grief-03,grief,sadness,sadness,false,19,m,random
A-grief-04,grief,sadness,sadness,false,19,m,random
A-grief-05,grief,sadness,sadness,false,19,m,random
A-grief-06,grief,sadness,sadness,false,19,m,random
A-grief-07,grief,sadness,sadness,false,19,m,random
A-grief-08,grief,sadness,sadness,false,19,m,random
A-grief-09,grief,sadness,sadness,false,19,m,random
A-grief-10,grief,sadness,sadness,false,19,m,random
A-loathing-01,loathing,disgust,disgust,false,19,m,random
A-loathing-02,loathing,anger,anger,false,19,m,random
A-loathing-03,loathing,anger,anger,false,19,m,random
A-loathing-04,loathing,disgust,disgust,false,19,m,random
A-loathing-05,loathing,disgust,disgust,false,19,m,random
A-loathing-06,loathing,disgust,disgust,false,19,m,random
A-loathing-07,loathing,anger,anger,false,19,m,random
A-loathing-08,loathing,disgust,disgust,false,19,m,random
A-loathing-09,loathing,disgust,disgust,false,19,m,random
A-loathing-10,loathing,disgust,disgust,false,19,m,random
A-rage-01,rage,anger,anger,false,19,m,random
A-rage-02,rage,anger,anger,false,19,m,random
A-rage-03,rage,anger,anger,false,19,m,random
A-rage-04,rage,anger,anger,false,19,m,random
A-rage-05,rage,anger,anger,false,19,m,random
A-rage-06,rage,anger,anger,false,19,m,random
A-rage-07,rage,anger,anger,false,19,m,random
A-rage-08,rage,anger,anger,false,19,m,random
A-rage-09,rage,anger,anger,false,19,m,random
A-rage-10,rage,anger,anger,false,19,m,random
A-terror-01,terror,fear,fear,false,19,m,random
A-terror-02,terror,fear,fear,false,19,m,random
A-terror-03,terror,fear,fear,false,19,m,random
A-terror-04,terror,fear,fear,false,19,m,random
A-terror-05,terror,anger,anger,false,19,m,random
A-terror-06,terror,fear,fear,false,19,m,random
A-terror-07,terror,fear,fear,false,19,m,random
A-terror-08,terror,fear,fear,false,19,m,random
A-terror-09,terror,fear,fear,false,19,m,random
A-terror-10,terror,fear,fear,false,19,m,random
A-vigilance-01,vigilance,fear,fear,false,19,m,random
A-vigilance-02,vigilance,anxiety,fear,true,19,m,random
A-vigilance-03,vigilance,fear,fear,false,19,m,random
A-vigilance-04,vigilance,fear,fear,false,19,m,random
A-vigilance-05,vigilance,anxiety,anxiety,false,19,m,random
A-vigilance-06,vigilance,fear,fear,false,19,m,random
A-vigilance-07,vigilance,anxiety,anxiety,false,19,m,random
A-vigilance-08,vigilance,anticipation,anticipation,false,19,m,random
A-vigilance-09,vigilance,fear,fear,false,19,m,random
A-vigilance-10,vigilance,anxiety,anxiety,false,19,m,random
A-admiration-01,admiration,love,trust,true,20,m,random
A-admiration-02,admiration,trust,trust,false,20,m,random
A-admiration-03,admiration,trust,trust,false,20,m,random
A-admiration-04,admiration,trust,trust,false,20,m,random
A-admiration-05,admiration,trust,trust,false,20,m,random
A-admiration-06,admiration,trust,trust,false,20,m,random
A-admiration-07,admiration,trust,trust,false,20,m,random
A-admiration-08,admiration,trust,trust,false,20,m,random
A-admiration-09,admiration,anger,anger,false,20,m,random
A-admiration-10,admiration,trust,trust,false,20,m,random
A-amazement-01,amazement,surprise,surprise,false,20,m,random
A-amazement-02,amazement,surprise,surprise,false,20,m,random
A-amazement-03,amazement,surprise,surprise,false,20,m,random
A-amazement-04,amazement,surprise,surprise,false,20,m,random
A-amazement-05,amazement,surprise,surprise,false,20,m,random
A-amazement-06,amazement,fear,fear,false,20,m,random
A-amazement-07,amazement,surprise,surprise,false,20,m,random
A-amazement-08,amazement,joy,joy,false,20,m,random
A-amazement-09,amazement,surprise,surprise,false,20,m,random
A-amazement-10,amazement,surprise,surprise,false,20,m,random
A-ecstasy-01,ecstasy,joy,joy,false,20,m,random
A-ecstasy-02,ecstasy,joy,joy,false,20,m,random
A-ecstasy-03,ecstasy,happiness,happiness,false,20,m,random
A-ecstasy-04,ecstasy,joy,joy,false,20,m,random
A-ecstasy-05,ecstasy,joy,joy,false,20,m,random
A-ecstasy-06,ecstasy,joy,joy,false,20,m,random
A-ecstasy-07,ecstasy,joy,joy,false,20,m,random
A-ecstasy-08,ecstasy,joy,joy,false,20,m,random
A-ecstasy-09,ecstasy,joy,joy,false,20,m,random
A-ecstasy-10,ecstasy,joy,joy,false,20,m,random
A-grief-01,grief,sadness,sadness,false,20,m,random
A-grief-02,grief,anger,anger,false,20,m,random
A-grief-03,grief,sadness,sadness,false,20,m,random
A-grief-04,grief,sadness,sadness,false,20,m,random
A-grief-05,grief,sadness,sadness,false,20,m,random
A-grief-06,grief,sadness,sadness,false,20,m,random
A-grief-07,grief,sadness,sadness,false,20,m,random
A-grief-08,grief,sadness,sadness,false,20,m,random
A-grief-09,grief,sadness,sadness,false,20,m,random
A-grief-10,grief,sadness,sadness,false,20,m,random
A-loathing-01,loathing,disgust,disgust,false,20,m,random
A-loathing-02,loathing,anger,disgust,true,20,m,random
A-loathing-03,loathing,anger,anger,false,20,m,random
A-loathing-04,loathing,disgust,disgust,false,20,m,random
A-loathing-05,loathing,disgust,disgust,false,20,m,random
A-loathing-06,loathing,disgust,disgust,false,20,m,random
A-loathing-07,loathing,anger,anger,false,20,m,random
A-loathing-08,loathing,disgust,disgust,false,20,m,random
A-loathing-09,loathing,disgust,disgust,false,20,m,random
A-loathing-10,loathing,disgust,disgust,false,20,m,random
A-rage-01,rage,anger,anger,false,20,m,random
A-rage-02,rage,anger,anger,false,20,m,random
A-rage-03,rage,anger,anger,false,20,m,random
A-rage-04,rage,anger,anger,false,20,m,random
A-rage-05,rage,anger,anger,false,20,m,random
A-rage-06,rage,anger,anger,false,20,m,random
A-rage-07,rage,anger,anger,false,20,m,random
A-rage-08,rage,anger,anger,false,20,m,random
A-rage-09,rage,anger,anger,false,20,m,random
A-rage-10,rage,anger,anger,false,20,m,random
A-terror-01,terror,fear,fear,false,20,m,random
A-terror-02,terror,fear,fear,false,20,m,random
A-terror-03,terror,fear,fear,false,20,m,random
A-terror-04,terror,fear,fear,false,20,m,random
A-terror-05,terror,anger,anger,false,20,m,random
A-terror-06,terror,fear,fear,false,20,m,random
A-terror-07,terror,fear,fear,false,20,m,random
A-terror-08,terror,fear,fear,false,20,m,random
A-terror-09,terror,fear,fear,false,20,m,random
A-terror-10,terror,fear,fear,false,20,m,random
A-vigilance-01,vigilance,fear,fear,false,20,m,random
A-vigilance-02,vigilance,anxiety,fear,true,20,m,random
A-vigilance-03,vigilance,fear,fear,false,20,m,random
A-vigilance-04,vigilance,fear,fear,false,20,m,random
A-vigilance-05,vigilance,anxiety,anticipation,true,20,m,random
A-vigilance-06,vigilance,fear,fear,false,20,m,random
A-vigilance-07,vigilance,anxiety,anxiety,false,20,m,random
A-vigilance-08,vigilance,anticipation,anticipation,false,20,m,random
A-vigilance-09,vigilance,fear,fear,false,20,m,random
A-vigilance-10,vigilance,anxiety,anxiety,false,20,m,random
A-admiration-01,admiration,love,love,false,21,m,random
A-admiration-02,admiration,trust,trust,false,21,m,random
A-admiration-03,admiration,trust,trust,false,21,m,random
A-admiration-04,admiration,trust,trust,false,21,m,random
A-admiration-05,admiration,trust,trust,false,21,m,random
A-admiration-06,admiration,trust,trust,false,21,m,random
A-admiration-07,admiration,trust,trust,false,21,m,random
A-admiration-08,admiration,trust,trust,false,21,m,random
A-admiration-09,admiration,anger,anger,false,21,m,random
A-admiration-10,admiration,trust,trust,false,21,m,random
A-amazement-01,amazement,surprise,surprise,false,21,m,random
A-amazement-02,amazement,surprise,surprise,false,21,m,random
A-amazement-03,amazement,surprise,surprise,false,21,m,random
A-amazement-04,amazement,surprise,surprise,false,21,m,random
A-amazement-05,amazement,surprise,surprise,false,21,m,random
A-amazement-06,amazement,fear,fear,false,21,m,random
A-amazement-07,amazement,surprise,surprise,false,21,m,random
A-amazement-08,amazement,joy,joy,false,21,m,random
A-amazement-09,amazement,surprise,surprise,false,21,m,random
A-amazement-10,amazement,surprise,surprise,false,21,m,random
A-ecstasy-01,ecstasy,joy,joy,false,21,m,random
A-ecstasy-02,ecstasy,joy,joy,false,21,m,random
A-ecstasy-03,ecstasy,happiness,joy,true,21,m,random
A-ecstasy-04,ecstasy,joy,joy,false,21,m,random
A-ecstasy-05,ecstasy,joy,joy,false,21,m,random
A-ecstasy-06,ecstasy,joy,joy,false,21,m,random
A-ecstasy-07,ecstasy,joy,joy,false,21,m,random
A-ecstasy-08,ecstasy,joy,joy,false,21,m,random
A-ecstasy-09,ecstasy,joy,joy,false,21,m,random
A-ecstasy-10,ecstasy,joy,joy,false,21,m,random
A-grief-01,grief,sadness,sadness,false,21,m,random
A-grief-02,grief,anger,anger,false,21,m,random
A-grief-03,grief,sadness,sadness,false,21,m,random
A-grief-04,grief,sadness,sadness,false,21,m,random
A-grief-05,grief,sadness,sadness,false,21,m,random
A-grief-06,grief,sadness,sadness,false,21,m,random
A-grief-07,grief,sadness,sadness,false,21,m,random
A-grief-08,grief,sadness,sadness,false,21,m,random
A-grief-09,grief,sadness,sadness,false,21,m,random
A-grief-10,grief,sadness,sadness,false,21,m,random
A-loathing-01,loathing,disgust,disgust,false,21,m,random
A-loathing-02,loathing,anger,anger,false,21,m,random
A-loathing-03,loathing,anger,anger,false,21,m,random
A-loathing-04,loathing,disgust,disgust,false,21,m,random
A-loathing-05,loathing,disgust,disgust,false,21,m,random
A-loathing-06,loathing,disgust,disgust,false,21,m,random
A-loathing-07,loathing,anger,anger,false,21,m,random
A-loathing-08,loathing,disgust,disgust,false,21,m,random
A-loathing-09,loathing,disgust,disgust,false,21,m,random
A-loathing-10,loathing,disgust,disgust,false,21,m,random
A-rage-01,rage,anger,anger,false,21,m,random
A-rage-02,rage,anger,anger,false,21,m,random
A-rage-03,rage,anger,anger,false,21,m,random
A-rage-04,rage,anger,anger,false,21,m,random
A-rage-05,rage,anger,anger,false,21,m,random
A-rage-06,rage,anger,anger,false,21,m,random
A-rage-07,rage,anger,anger,false,21,m,random
A-rage-08,rage,anger,anger,false,21,m,random
A-rage-09,rage,anger,anger,false,21,m,random
A-rage-10,rage,anger,anger,false,21,m,random
A-terror-01,terror,fear,fear,false,21,m,random
A-terror-02,terror,fear,fear,false,21,m,random
A-terror-03,terror,fear,fear,false,21,m,random
A-terror-04,terror,fear,fear,false,21,m,random
A-terror-05,terror,anger,anger,false,21,m,random
A-terror-06,terror,fear,fear,false,21,m,random
A-terror-07,terror,fear,fear,false,21,m,random
A-terror-08,terror,fear,fear,false,21,m,random
A-terror-09,terror,fear,fear,false,21,m,random
A-terror-10,terror,fear,fear,false,21,m,random
A-vigilance-01,vigilance,fear,fear,false,21,m,random
A-vigilance-02,vigilance,anxiety,fear,true,21,m,random
A-vigilance-03,vigilance,fear,fear,false,21,m,random
A-vigilance-04,vigilance,fear,fear,false,21,m,random
A-vigilance-05,vigilance,anxiety,anticipation,true,21,m,random
A-vigilance-06,vigilance,fear,fear,false,21,m,random
A-vigilance-07,vigilance,anxiety,anxiety,false,21,m,random
A-vigilance-08,vigilance,anticipation,anticipation,false,21,m,random
A-vigilance-09,vigilance,fear,fear,false,21,m,random
A-vigilance-10,vigilance,anxiety,anxiety,false,21,m,random
A-admiration-01,admiration,love,trust,true,22,m,random
A-admiration-02,admiration,trust,trust,false,22,m,random
A-admiration-03,admiration,trust,trust,false,22,m,random
A-admiration-04,admiration,trust,trust,false,22,m,random
A-admiration-05,admiration,trust,trust,false,22,m,random
A-admiration-06,admiration,trust,trust,false,22,m,random
A-admiration-07,admiration,trust,trust,false,22,m,random
A-admiration-08,admiration,trust,trust,false,22,m,random
A-admiration-09,admiration,anger,anger,false,22,m,random
A-admiration-10,admiration,trust,trust,false,22,m,random
A-amazement-01,amazement,surprise,surprise,false,22,m,random
A-amazement-02,amazement,surprise,surprise,false,22,m,random
A-amazement-03,amazement,surprise,surprise,false,22,m,random
A-amazement-04,amazement,surprise,surprise,false,22,m,random
A-amazement-05,amazement,surprise,surprise,false,22,m,random
A-amazement-06,amazement,fear,confusion,true,22,m,random
A-amazement-07,amazement,surprise,surprise,false,22,m,random
A-amazement-08,amazement,joy,joy,false,22,m,random
A-amazement-09,amazement,surprise,surprise,false,22,m,random
A-amazement-10,amazement,surprise,surprise,false,22,m,random
A-ecstasy-01,ecstasy,joy,joy,false,22,m,random
A-ecstasy-02,ecstasy,joy,joy,false,22,m,random
A-ecstasy-03,ecstasy,happiness,joy,true,22,m,random
A-ecstasy-04,ecstasy,joy,joy,false,22,m,random
A-ecstasy-05,ecstasy,joy,joy,false,22,m,random
A-ecstasy-06,ecstasy,joy,joy,false,22,m,random
A-ecstasy-07,ecstasy,joy,joy,false,22,m,random
A-ecstasy-08,ecstasy,joy,joy,false,22,m,random
A-ecstasy-09,ecstasy,joy,joy,false,22,m,random
A-ecstasy-10,ecstasy,joy,joy,false,22,m,random
A-grief-01,grief,sadness,sadness,false,22,m,random
A-grief-02,grief,anger,anger,false,22,m,random
A-grief-03,grief,sadness,sadness,false,22,m,random
A-grief-04,grief,sadness,sadness,false,22,m,random
A-grief-05,grief,sadness,sadness,false,22,m,random
A-grief-06,grief,sadness,sadness,false,22,m,random
A-grief-07,grief,sadness,sadness,false,22,m,random
A-grief-08,grief,sadness,sadness,false,22,m,random
A-grief-09,grief,sadness,sadness,false,22,m,random
A-grief-10,grief,sadness,sadness,false,22,m,random
A-loathing-01,loathing,disgust,disgust,false,22,m,random
A-loathing-02,loathing,anger,anger,false,22,m,random
A-loathing-03,loathing,anger,anger,false,22,m,random
A-loathing-04,loathing,disgust,disgust,false,22,m,random
A-loathing-05,loathing,disgust,disgust,false,22,m,random
A-loathing-06,loathing,disgust,disgust,false,22,m,random
A-loathing-07,loathing,anger,anger,false,22,m,random
A-loathing-08,loathing,disgust,disgust,false,22,m,random
A-loathing-09,loathing,disgust,disgust,false,22,m,random
A-loathing-10,loathing,disgust,disgust,false,22,m,random
A-rage-01,rage,anger,anger,false,22,m,random
A-rage-02,rage,anger,anger,false,22,m,random
A-rage-03,rage,anger,anger,false,22,m,random
A-rage-04,rage,anger,anger,false,22,m,random
A-rage-05,rage,anger,anger,false,22,m,random
A-rage-06,rage,anger,anger,false,22,m,random
A-rage-07,rage,anger,anger,false,22,m,random
A-rage-08,rage,anger,anger,false,22,m,random
A-rage-09,rage,anger,anger,false,22,m,random
A-rage-10,rage,anger,anger,false,22,m,random
A-terror-01,terror,fear,fear,false,22,m,random
A-terror-02,terror,fear,fear,false,22,m,random
A-terror-03,terror,fear,fear,false,22,m,random
A-terror-04,terror,fear,fear,false,22,m,random
A-terror-05,terror,anger,anger,false,22,m,random
A-terror-06,terror,fear,fear,false,22,m,random
A-terror-07,terror,fear,fear,false,22,m,random
A-terror-08,terror,fear,fear,false,22,m,random
A-terror-09,terror,fear,fear,false,22,m,random
A-terror-10,terror,fear,fear,false,22,m,random
A-vigilance-01,vigilance,fear,fear,false,22,m,random
A-vigilance-02,vigilance,anxiety,anxiety,false,22,m,random
A-vigilance-03,vigilance,fear,fear,false,22,m,random
A-vigilance-04,vigilance,fear,anxiety,true,22,m,random
A-vigilance-05,vigilance,anxiety,anticipation,true,22,m,random
A-vigilance-06,vigilance,fear,fear,false,22,m,random
A-vigilance-07,vigilance,anxiety,anxiety,false,22,m,random
A-vigilance-08,vigilance,anticipation,anticipation,false,22,m,random
A-vigilance-09,vigilance,fear,fear,false,22,m,random
A-vigilance-10,vigilance,anxiety,anxiety,false,22,m,random
A-admiration-01,admiration,love,love,false,23,m,random
A-admiration-02,admiration,trust,trust,false,23,m,random
A-admiration-03,admiration,trust,trust,false,23,m,random
A-admiration-04,admiration,trust,trust,false,23,m,random
A-admiration-05,admiration,trust,trust,false,23,m,random
A-admiration-06,admiration,trust,trust,false,23,m,random
A-admiration-07,admiration,trust,trust,false,23,m,random
A-admiration-08,admiration,trust,trust,false,23,m,random
A-admiration-09,admiration,anger,anger,false,23,m,random
A-admiration-10,admiration,trust,trust,false,23,m,random
A-amazement-01,amazement,surprise,surprise,false,23,m,random
A-amazement-02,amazement,surprise,surprise,false,23,m,random
A-amazement-03,amazement,surprise,surprise,false,23,m,random
A-amazement-04,amazement,surprise,surprise,false,23,m,random
A-amazement-05,amazement,surprise,surprise,false,23,m,random
A-amazement-06,amazement,fear,confusion,true,23,m,random
A-amazement-07,amazement,surprise,surprise,false,23,m,random
A-amazement-08,amazement,joy,joy,false,23,m,random
A-amazement-09,amazement,surprise,surprise,false,23,m,random
A-amazement-10,amazement,surprise,surprise,false,23,m,random
A-ecstasy-01,ecstasy,joy,joy,false,23,m,random
A-ecstasy-02,ecstasy,joy,joy,false,23,m,random
A-ecstasy-03,ecstasy,happiness,joy,true,23,m,random
A-ecstasy-04,ecstasy,joy,joy,false,23,m,random
A-ecstasy-05,ecstasy,joy,joy,false,23,m,random
A-ecstasy-06,ecstasy,joy,joy,false,23,m,random
A-ecstasy-07,ecstasy,joy,joy,false,23,m,random
A-ecstasy-08,ecstasy,joy,joy,false,23,m,random
A-ecstasy-09,ecstasy,joy,joy,false,23,m,random
A-ecstasy-10,ecstasy,joy,joy,false,23,m,random
A-grief-01,grief,sadness,sadness,false,23,m,random
A-grief-02,grief,anger,sadness,true,23,m,random
A-grief-03,grief,sadness,sadness,false,23,m,random
A-grief-04,grief,sadness,sadness,false,23,m,random
A-grief-05,grief,sadness,sadness,false,23,m,random
A-grief-06,grief,sadness,sadness,false,23,m,random
A-grief-07,grief,sadness,sadness,false,23,m,random
A-grief-08,grief,sadness,sadness,false,23,m,random
A-grief-09,grief,sadness,sadness,false,23,m,random
A-grief-10,grief,sadness,sadness,false,23,m,random
A-loathing-01,loathing,disgust,disgust,false,23,m,random
A-loathing-02,loathing,anger,anger,false,23,m,random
A-loathing-03,loathing,anger,anger,false,23,m,random
A-loathing-04,loathing,disgust,disgust,false,23,m,random
A-loathing-05,loathing,disgust,disgust,false,23,m,random
A-loathing-06,loathing,disgust,disgust,false,23,m,random
A-loathing-07,loathing,anger,anger,false,23,m,random
A-loathing-08,loathing,disgust,disgust,false,23,m,random
A-loathing-09,loathing,disgust,disgust,false,23,m,random
A-loathing-10,loathing,disgust,disgust,false,23,m,random
A-rage-01,rage,anger,anger,false,23,m,random
A-rage-02,rage,anger,anger,false,23,m,random
A-rage-03,rage,anger,anger,false,23,m,random
A-rage-04,rage,anger,anger,false,23,m,random
A-rage-05,rage,anger,anger,false,23,m,random
A-rage-06,rage,anger,anger,false,23,m,random
A-rage-07,rage,anger,anger,false,23,m,random
A-rage-08,rage,anger,anger,false,23,m,random
A-rage-09,rage,anger,anger,false,23,m,random
A-rage-10,rage,anger,anger,false,23,m,random
A-terror-01,terror,fear,fear,false,23,m,random
A-terror-02,terror,fear,fear,false,23,m,random
A-terror-03,terror,fear,fear,false,23,m,random
A-terror-04,terror,fear,fear,false,23,m,random
A-terror-05,terror,anger,anger,false,23,m,random
A-terror-06,terror,fear,fear,false,23,m,random
A-terror-07,terror,fear,fear,false,23,m,random
A-terror-08,terror,fear,fear,false,23,m,random
A-terror-09,terror,fear,fear,false,23,m,random
A-terror-10,terror,fear,fear,false,23,m,random
A-vigilance-01,vigilance,fear,fear,false,23,m,random
A-vigilance-02,vigilance,anxiety,anxiety,false,23,m,random
A-vigilance-03,vigilance,fear,fear,false,23,m,random
A-vigilance-04,vigilance,fear,anxiety,true,23,m,random
A-vigilance-05,vigilance,anxiety,anxiety,false,23,m,random
A-vigilance-06,vigilance,fear,fear,false,23,m,random
A-vigilance-07,vigilance,anxiety,anxiety,false,23,m,random
A-vigilance-08,vigilance,anticipation,anxiety,true,23,m,random
A-vigilance-09,vigilance,fear,anxiety,true,23,m,random
A-vigilance-10,vigilance,anxiety,anxiety,false,23,m,random
A-admiration-01,admiration,love,love,false,24,m,random
A-admiration-02,admiration,trust,trust,false,24,m,random
A-admiration-03,admiration,trust,trust,false,24,m,random
A-admiration-04,admiration,trust,trust,false,24,m,random
A-admiration-05,admiration,trust,trust,false,24,m,random
A-admiration-06,admiration,trust,joy,true,24,m,random
A-admiration-07,admiration,trust,trust,false,24,m,random
A-admiration-08,admiration,trust,trust,false,24,m,random
A-admiration-09,admiration,anger,anger,false,24,m,random
A-admiration-10,admiration,trust,trust,false,24,m,random
A-amazement-01,amazement,surprise,surprise,false,24,m,random
A-amazement-02,amazement,surprise,surprise,false,24,m,random
A-amazement-03,amazement,surprise,surprise,false,24,m,random
A-amazement-04,amazement,surprise,surprise,false,24,m,random
A-amazement-05,amazement,surprise,surprise,false,24,m,random
A-amazement-06,amazement,fear,fear,false,24,m,random
A-amazement-07,amazement,surprise,surprise,false,24,m,random
A-amazement-08,amazement,joy,joy,false,24,m,random
A-amazement-09,amazement,surprise,surprise,false,24,m,random
A-amazement-10,amazement,surprise,surprise,false,24,m,random
A-ecstasy-01,ecstasy,joy,joy,false,24,m,random
A-ecstasy-02,ecstasy,joy,joy,false,24,m,random
A-ecstasy-03,ecstasy,happiness,joy,true,24,m,random
A-ecstasy-04,ecstasy,joy,joy,false,24,m,random
A-ecstasy-05,ecstasy,joy,joy,false,24,m,random
A-ecstasy-06,ecstasy,joy,joy,false,24,m,random
A-ecstasy-07,ecstasy,joy,joy,false,24,m,random
A-ecstasy-08,ecstasy,joy,joy,false,24,m,random
A-ecstasy-09,ecstasy,joy,joy,false,24,m,random
A-ecstasy-10,ecstasy,joy,joy,false,24,m,random
A-grief-01,grief,sadness,sadness,false,24,m,random
A-grief-02,grief,anger,anger,false,24,m,random
A-grief-03,grief,sadness,sadness,false,24,m,random
A-grief-04,grief,sadness,sadness,false,24,m,random
A-grief-05,grief,sadness,sadness,false,24,m,random
A-grief-06,grief,sadness,sadness,false,24,m,random
A-grief-07,grief,sadness,sadness,false,24,m,random
A-grief-08,grief,sadness,sadness,false,24,m,random
A-grief-09,grief,sadness,sadness,false,24,m,random
A-grief-10,grief,sadness,sadness,false,24,m,random
A-loathing-01,loathing,disgust,disgust,false,24,m,random
A-loathing-02,loathing,anger,anger,false,24,m,random
A-loathing-03,loathing,anger,anger,false,24,m,random
A-loathing-04,loathing,disgust,disgust,false,24,m,random
A-loathing-05,loathing,disgust,disgust,false,24,m,random
A-loathing-06,loathing,disgust,disgust,false,24,m,random
A-loathing-07,loathing,anger,anger,false,24,m,random
A-loathing-08,loathing,disgust,disgust,false,24,m,random
A-loathing-09,loathing,disgust,disgust,false,24,m,random
A-loathing-10,loathing,disgust,disgust,false,24,m,random
A-rage-01,rage,anger,anger,false,24,m,random
A-rage-02,rage,anger,anger,false,24,m,random
A-rage-03,rage,anger,anger,false,24,m,random
A-rage-04,rage,anger,anger,false,24,m,random
A-rage-05,rage,anger,anger,false,24,m,random
A-rage-06,rage,anger,anger,false,24,m,random
A-rage-07,rage,anger,anger,false,24,m,random
A-rage-08,rage,anger,anger,false,24,m,random
A-rage-09,rage,anger,anger,false,24,m,random
A-rage-10,rage,anger,anger,false,24,m,random
A-terror-01,terror,fear,fear,false,24,m,random
A-terror-02,terror,fear,fear,false,24,m,random
A-terror-03,terror,fear,fear,false,24,m,random
A-terror-04,terror,fear,fear,false,24,m,random
A-terror-05,terror,anger,anger,false,24,m,random
A-terror-06,terror,fear,fear,false,24,m,random
A-terror-07,terror,fear,fear,false,24,m,random
A-terror-08,terror,fear,fear,false,24,m,random
A-terror-09,terror,fear,fear,false,24,m,random
A-terror-10,terror,fear,fear,false,24,m,random
A-vigilance-01,vigilance,fear,fear,false,24,m,random
A-vigilance-02,vigilance,anxiety,fear,true,24,m,random
A-vigilance-03,vigilance,fear,fear,false,24,m,random
A-vigilance-04,vigilance,fear,fear,false,24,m,random
A-vigilance-05,vigilance,anxiety,anxiety,false,24,m,random
A-vigilance-06,vigilance,fear,fear,false,24,m,random
A-vigilance-07,vigilance,anxiety,fear,true,24,m,random
A-vigilance-08,vigilance,anticipation,anticipation,false,24,m,random
A-vigilance-09,vigilance,fear,fear,false,24,m,random
A-vigilance-10,vigilance,anxiety,anxiety,false,24,m,random
A-admiration-01,admiration,love,love,false,25,m,random
A-admiration-02,admiration,trust,trust,false,25,m,random
A-admiration-03,admiration,trust,trust,false,25,m,random
A-admiration-04,admiration,trust,trust,false,25,m,random
A-admiration-05,admiration,trust,trust,false,25,m,random
A-admiration-06,admiration,trust,trust,false,25,m,random
A-admiration-07,admiration,trust,trust,false,25,m,random
A-admiration-08,admiration,trust,trust,false,25,m,random
A-admiration-09,admiration,anger,anger,false,25,m,random
A-admiration-10,admiration,trust,trust,false,25,m,random
A-amazement-01,amazement,surprise,surprise,false,25,m,random
A-amazement-02,amazement,surprise,surprise,false,25,m,random
A-amazement-03,amazement,surprise,surprise,false,25,m,random
A-amazement-04,amazement,surprise,surprise,false,25,m,random
A-amazement-05,amazement,surprise,surprise,false,25,m,random
A-amazement-06,amazement,fear,fear,false,25,m,random
A-amazement-07,amazement,surprise,surprise,false,25,m,random
A-amazement-08,amazement,joy,joy,false,25,m,random
A-amazement-09,amazement,surprise,surprise,false,25,m,random
A-amazement-10,amazement,surprise,surprise,false,25,m,random
A-ecstasy-01,ecstasy,joy,joy,false,25,m,random
A-ecstasy-02,ecstasy,joy,joy,false,25,m,random
A-ecstasy-03,ecstasy,happiness,happiness,false,25,m,random
A-ecstasy-04,ecstasy,joy,joy,false,25,m,random
A-ecstasy-05,ecstasy,joy,joy,false,25,m,random
A-ecstasy-06,ecstasy,joy,joy,false,25,m,random
A-ecstasy-07,ecstasy,joy,joy,false,25,m,random
A-ecstasy-08,ecstasy,joy,joy,false,25,m,random
A-ecstasy-09,ecstasy,joy,joy,false,25,m,random
A-ecstasy-10,ecstasy,joy,joy,false,25,m,random
A-grief-01,grief,sadness,sadness,false,25,m,random
A-grief-02,grief,anger,anger,false,25,m,random
A-grief-03,grief,sadness,sadness,false,25,m,random
A-grief-04,grief,sadness,sadness,false,25,m,random
A-grief-05,grief,sadness,sadness,false,25,m,random
A-grief-06,grief,sadness,sadness,false,25,m,random
A-grief-07,grief,sadness,sadness,false,25,m,random
A-grief-08,grief,sadness,sadness,false,25,m,random
A-grief-09,grief,sadness,sadness,false,25,m,random
A-grief-10,grief,sadness,sadness,false,25,m,random
A-loathing-01,loathing,disgust,disgust,false,25,m,random
A-loathing-02,loathing,anger,anger,false,25,m,random
A-loathing-03,loathing,anger,anger,false,25,m,random
A-loathing-04,loathing,disgust,disgust,false,25,m,random
A-loathing-05,loathing,disgust,disgust,false,25,m,random
A-loathing-06,loathing,disgust,disgust,false,25,m,random
A-loathing-07,loathing,anger,anger,false,25,m,random
A-loathing-08,loathing,disgust,disgust,false,25,m,random
A-loathing-09,loathing,disgust,disgust,false,25,m,random
A-loathing-10,loathing,disgust,disgust,false,25,m,random
A-rage-01,rage,anger,anger,false,25,m,random
A-rage-02,rage,anger,anger,false,25,m,random
A-rage-03,rage,anger,anger,false,25,m,random
A-rage-04,rage,anger,anger,false,25,m,random
A-rage-05,rage,anger,anger,false,25,m,random
A-rage-06,rage,anger,anger,false,25,m,random
A-rage-07,rage,anger,anger,false,25,m,random
A-rage-08,rage,anger,anger,false,25,m,random
A-rage-09,rage,anger,anger,false,25,m,random
A-rage-10,rage,anger,anger,false,25,m,random
A-terror-01,terror,fear,fear,false,25,m,random
A-terror-02,terror,fear,fear,false,25,m,random
A-terror-03,terror,fear,fear,false,25,m,random
A-terror-04,terror,fear,fear,false,25,m,random
A-terror-05,terror,anger,anger,false,25,m,random
A-terror-06,terror,fear,fear,false,25,m,random
A-terror-07,terror,fear,fear,false,25,m,random
A-terror-08,terror,fear,fear,false,25,m,random
A-terror-09,terror,fear,fear,false,25,m,random
A-terror-10,terror,fear,fear,false,25,m,random
A-vigilance-01,vigilance,fear,fear,false,25,m,random
A-vigilance-02,vigilance,anxiety,fear,true,25,m,random
A-vigilance-03,vigilance,fear,fear,false,25,m,random
A-vigilance-04,vigilance,fear,fear,false,25,m,random
A-vigilance-05,vigilance,anxiety,anxiety,false,25,m,random
A-vigilance-06,vigilance,fear,fear,false,25,m,random
A-vigilance-07,vigilance,anxiety,anxiety,false,25,m,random
A-vigilance-08,vigilance,anticipation,anticipation,false,25,m,random
A-vigilance-09,vigilance,fear,fear,false,25,m,random
A-vigilance-10,vigilance,anxiety,anxiety,false,25,m,random
A-admiration-01,admiration,love,love,false,26,m,random
A-admiration-02,admiration,trust,trust,false,26,m,random
A-admiration-03,admiration,trust,trust,false,26,m,random
A-admiration-04,admiration,trust,trust,false,26,m,random
A-admiration-05,admiration,trust,trust,false,26,m,random
A-admiration-06,admiration,trust,trust,false,26,m,random
A-admiration-07,admiration,trust,trust,false,26,m,random
A-admiration-08,admiration,trust,trust,false,26,m,random
A-admiration-09,admiration,anger,anger,false,26,m,random
A-admiration-10,admiration,trust,trust,false,26,m,random
A-amazement-01,amazement,surprise,surprise,false,26,m,random
A-amazement-02,amazement,surprise,surprise,false,26,m,random
A-amazement-03,amazement,surprise,surprise,false,26,m,random
A-amazement-04,amazement,surprise,surprise,false,26,m,random
A-amazement-05,amazement,surprise,surprise,false,26,m,random
A-amazement-06,amazement,fear,fear,false,26,m,random
A-amazement-07,amazement,surprise,surprise,false,26,m,random
A-amazement-08,amazement,joy,joy,false,26,m,random
A-amazement-09,amazement,surprise,surprise,false,26,m,random
A-amazement-10,amazement,surprise,surprise,false,26,m,random
A-ecstasy-01,ecstasy,joy,joy,false,26,m,random
A-ecstasy-02,ecstasy,joy,joy,false,26,m,random
A-ecstasy-03,ecstasy,happiness,happiness,false,26,m,random
A-ecstasy-04,ecstasy,joy,joy,false,26,m,random
A-ecstasy-05,ecstasy,joy,joy,false,26,m,random
A-ecstasy-06,ecstasy,joy,joy,false,26,m,random
A-ecstasy-07,ecstasy,joy,joy,false,26,m,random
A-ecstasy-08,ecstasy,joy,joy,false,26,m,random
A-ecstasy-09,ecstasy,joy,joy,false,26,m,random
A-ecstasy-10,ecstasy,joy,joy,false,26,m,random
A-grief-01,grief,sadness,sadness,false,26,m,random
A-grief-02,grief,anger,sadness,true,26,m,random
A-grief-03,grief,sadness,sadness,false,26,m,random
A-grief-04,grief,sadness,sadness,false,26,m,random
A-grief-05,grief,sadness,sadness,false,26,m,random
A-grief-06,grief,sadness,sadness,false,26,m,random
A-grief-07,grief,sadness,sadness,false,26,m,random
A-grief-08,grief,sadness,sadness,false,26,m,random
A-grief-09,grief,sadness,sadness,false,26,m,random
A-grief-10,grief,sadness,sadness,false,26,m,random
A-loathing-01,loathing,disgust,disgust,false,26,m,random
A-loathing-02,loathing,anger,anger,false,26,m,random
A-loathing-03,loathing,anger,anger,false,26,m,random
A-loathing-04,loathing,disgust,disgust,false,26,m,random
A-loathing-05,loathing,disgust,disgust,false,26,m,random
A-loathing-06,loathing,disgust,disgust,false,26,m,random
A-loathing-07,loathing,anger,anger,false,26,m,random
A-loathing-08,loathing,disgust,disgust,false,26,m,random
A-loathing-09,loathing,disgust,disgust,false,26,m,random
A-loathing-10,loathing,disgust,disgust,false,26,m,random
A-rage-01,rage,anger,anger,false,26,m,random
A-rage-02,rage,anger,anger,false,26,m,random
A-rage-03,rage,anger,anger,false,26,m,random
A-rage-04,rage,anger,anger,false,26,m,random
A-rage-05,rage,anger,anger,false,26,m,random
A-rage-06,rage,anger,anger,false,26,m,random
A-rage-07,rage,anger,anger,false,26,m,random
A-rage-08,rage,anger,anger,false,26,m,random
A-rage-09,rage,anger,anger,false,26,m,random
A-rage-10,rage,anger,anger,false,26,m,random
A-terror-01,terror,fear,fear,false,26,m,random
A-terror-02,terror,fear,fear,false,26,m,random
A-terror-03,terror,fear,fear,false,26,m,random
A-terror-04,terror,fear,fear,false,26,m,random
A-terror-05,terror,anger,anger,false,26,m,random
A-terror-06,terror,fear,fear,false,26,m,random
A-terror-07,terror,fear,fear,false,26,m,random
A-terror-08,terror,fear,fear,false,26,m,random
A-terror-09,terror,fear,fear,false,26,m,random
A-terror-10,terror,fear,fear,false,26,m,random
A-vigilance-01,vigilance,fear,fear,false,26,m,random
A-vigilance-02,vigilance,anxiety,fear,true,26,m,random
A-vigilance-03,vigilance,fear,fear,false,26,m,random
A-vigilance-04,vigilance,fear,fear,false,26,m,random
A-vigilance-05,vigilance,anxiety,anxiety,false,26,m,random
A-vigilance-06,vigilance,fear,fear,false,26,m,random
A-vigilance-07,vigilance,anxiety,anxiety,false,26,m,random
A-vigilance-08,vigilance,anticipation,anticipation,false,26,m,random
A-vigilance-09,vigilance,fear,fear,false,26,m,random
A-vigilance-10,vigilance,anxiety,anxiety,false,26,m,random
A-admiration-01,admiration,love,love,false,27,m,random
A-admiration-02,admiration,trust,trust,false,27,m,random
A-admiration-03,admiration,trust,trust,false,27,m,random
A-admiration-04,admiration,trust,trust,false,27,m,random
A-admiration-05,admiration,trust,trust,false,27,m,random
A-admiration-06,admiration,trust,happiness,true,27,m,random
A-admiration-07,admiration,trust,trust,false,27,m,random
A-admiration-08,admiration,trust,trust,false,27,m,random
A-admiration-09,admiration,anger,anger,false,27,m,random
A-admiration-10,admiration,trust,trust,false,27,m,random
A-amazement-01,amazement,surprise,surprise,false,27,m,random
A-amazement-02,amazement,surprise,surprise,false,27,m,random
A-amazement-03,amazement,surprise,joy,true,27,m,random
A-amazement-04,amazement,surprise,surprise,false,27,m,random
A-amazement-05,amazement,surprise,surprise,false,27,m,random
A-amazement-06,amazement,fear,fear,false,27,m,random
A-amazement-07,amazement,surprise,surprise,false,27,m,random
A-amazement-08,amazement,joy,joy,false,27,m,random
A-amazement-09,amazement,surprise,surprise,false,27,m,random
A-amazement-10,amazement,surprise,surprise,false,27,m,random
A-ecstasy-01,ecstasy,joy,happiness,true,27,m,random
A-ecstasy-02,ecstasy,joy,joy,false,27,m,random
A-ecstasy-03,ecstasy,happiness,joy,true,27,m,random
A-ecstasy-04,ecstasy,joy,joy,false,27,m,random
A-ecstasy-05,ecstasy,joy,joy,false,27,m,random
A-ecstasy-06,ecstasy,joy,joy,false,27,m,random
A-ecstasy-07,ecstasy,joy,joy,false,27,m,random
A-ecstasy-08,ecstasy,joy,joy,false,27,m,random
A-ecstasy-09,ecstasy,joy,joy,false,27,m,random
A-ecstasy-10,ecstasy,joy,joy,false,27,m,random
A-grief-01,grief,sadness,sadness,false,27,m,random
A-grief-02,grief,anger,anger,false,27,m,random
A-grief-03,grief,sadness,sadness,false,27,m,random
A-grief-04,grief,sadness,sadness,false,27,m,random
A-grief-05,grief,sadness,sadness,false,27,m,random
A-grief-06,grief,sadness,sadness,false,27,m,random
A-grief-07,grief,sadness,sadness,false,27,m,random
A-grief-08,grief,sadness,sadness,false,27,m,random
A-grief-09,grief,sadness,sadness,false,27,m,random
A-grief-10,grief,sadness,sadness,false,27,m,random
A-loathing-01,loathing,disgust,disgust,false,27,m,random
A-loathing-02,loathing,anger,anger,false,27,m,random
A-loathing-03,loathing,anger,anger,false,27,m,random
A-loathing-04,loathing,disgust,disgust,false,27,m,random
A-loathing-05,loathing,disgust,disgust,false,27,m,random
A-loathing-06,loathing,disgust,disgust,false,27,m,random
A-loathing-07,loathing,anger,anger,false,27,m,random
A-loathing-08,loathing,disgust,disgust,false,27,m,random
A-loathing-09,loathing,disgust,disgust,false,27,m,random
A-loathing-10,loathing,disgust,disgust,false,27,m,random
A-rage-01,rage,anger,anger,false,27,m,random
A-rage-02,rage,anger,anger,false,27,m,random
A-rage-03,rage,anger,anger,false,27,m,random
A-rage-04,rage,anger,anger,false,27,m,random
A-rage-05,rage,anger,anger,false,27,m,random
A-rage-06,rage,anger,anger,false,27,m,random
A-rage-07,rage,anger,anger,false,27,m,random
A-rage-08,rage,anger,anger,false,27,m,random
A-rage-09,rage,anger,anger,false,27,m,random
A-rage-10,rage,anger,anger,false,27,m,random
A-terror-01,terror,fear,fear,false,27,m,random
A-terror-02,terror,fear,fear,false,27,m,random
A-terror-03,terror,fear,fear,false,27,m,random
A-terror-04,terror,fear,fear,false,27,m,random
A-terror-05,terror,anger,anger,false,27,m,random
A-terror-06,terror,fear,fear,false,27,m,random
A-terror-07,terror,fear,fear,false,27,m,random
A-terror-08,terror,fear,fear,false,27,m,random
A-terror-09,terror,fear,fear,false,27,m,random
A-terror-10,terror,fear,fear,false,27,m,random
A-vigilance-01,vigilance,fear,fear,false,27,m,random
A-vigilance-02,vigilance,anxiety,fear,true,27,m,random
A-vigilance-03,vigilance,fear,fear,false,27,m,random
A-vigilance-04,vigilance,fear,fear,false,27,m,random
A-vigilance-05,vigilance,anxiety,anticipation,true,27,m,random
A-vigilance-06,vigilance,fear,fear,false,27,m,random
A-vigilance-07,vigilance,anxiety,anxiety,false,27,m,random
A-vigilance-08,vigilance,anticipation,anticipation,false,27,m,random
A-vigilance-09,vigilance,fear,fear,false,27,m,random
A-vigilance-10,vigilance,anxiety,anxiety,false,27,m,random
A-admiration-01,admiration,love,happiness,true,28,m,random
A-admiration-02,admiration,trust,trust,false,28,m,random
A-admiration-03,admiration,trust,trust,false,28,m,random
A-admiration-04,admiration,trust,trust,false,28,m,random
A-admiration-05,admiration,trust,trust,false,28,m,random
A-admiration-06,admiration,trust,trust,false,28,m,random
A-admiration-07,admiration,trust,trust,false,28,m,random
A-admiration-08,admiration,trust,trust,false,28,m,random
A-admiration-09,admiration,anger,anger,false,28,m,random
A-admiration-10,admiration,trust,trust,false,28,m,random
A-amazement-01,amazement,surprise,surprise,false,28,m,random
A-amazement-02,amazement,surprise,surprise,false,28,m,random
A-amazement-03,amazement,surprise,joy,true,28,m,random
A-amazement-04,amazement,surprise,surprise,false,28,m,random
A-amazement-05,amazement,surprise,surprise,false,28,m,random
A-amazement-06,amazement,fear,fear,false,28,m,random
A-amazement-07,amazement,surprise,joy,true,28,m,random
A-amazement-08,amazement,joy,joy,false,28,m,random
A-amazement-09,amazement,surprise,surprise,false,28,m,random
A-amazement-10,amazement,surprise,surprise,false,28,m,random
A-ecstasy-01,ecstasy,joy,joy,false,28,m,random
A-ecstasy-02,ecstasy,joy,joy,false,28,m,random
A-ecstasy-03,ecstasy,happiness,happiness,false,28,m,random
A-ecstasy-04,ecstasy,joy,joy,false,28,m,random
A-ecstasy-05,ecstasy,joy,joy,false,28,m,random
A-ecstasy-06,ecstasy,joy,joy,false,28,m,random
A-ecstasy-07,ecstasy,joy,joy,false,28,m,random
A-ecstasy-08,ecstasy,joy,joy,false,28,m,random
A-ecstasy-09,ecstasy,joy,delight,true,28,m,random
A-ecstasy-10,ecstasy,joy,joy,false,28,m,random
A-grief-01,grief,sadness,sadness,false,28,m,random
A-grief-02,grief,anger,sadness,true,28,m,random
A-grief-03,grief,sadness,sadness,false,28,m,random
A-grief-04,grief,sadness,sadness,false,28,m,random
A-grief-05,grief,sadness,sadness,false,28,m,random
A-grief-06,grief,sadness,sadness,false,28,m,random
A-grief-07,grief,sadness,sadness,false,28,m,random
A-grief-08,grief,sadness,sadness,false,28,m,random
A-grief-09,grief,sadness,sadness,false,28,m,random
A-grief-10,grief,sadness,sadness,false,28,m,random
A-loathing-01,loathing,disgust,disgust,false,28,m,random
A-loathing-02,loathing,anger,anger,false,28,m,random
A-loathing-03,loathing,anger,anger,false,28,m,random
A-loathing-04,loathing,disgust,disgust,false,28,m,random
A-loathing-05,loathing,disgust,disgust,false,28,m,random
A-loathing-06,loathing,disgust,disgust,false,28,m,random
A-loathing-07,loathing,anger,anger,false,28,m,random
A-loathing-08,loathing,disgust,disgust,false,28,m,random
A-loathing-09,loathing,disgust,disgust,false,28,m,random
A-loathing-10,loathing,disgust,disgust,false,28,m,random
A-rage-01,rage,anger,anger,false,28,m,random
A-rage-02,rage,anger,anger,false,28,m,random
A-rage-03,rage,anger,anger,false,28,m,random
A-rage-04,rage,anger,anger,false,28,m,random
A-rage-05,rage,anger,anger,false,28,m,random
A-rage-06,rage,anger,anger,false,28,m,random
A-rage-07,rage,anger,anger,false,28,m,random
A-rage-08,rage,anger,anger,false,28,m,random
A-rage-09,rage,anger,anger,false,28,m,random
A-rage-10,rage,anger,anger,false,28,m,random
A-terror-01,terror,fear,fear,false,28,m,random
A-terror-02,terror,fear,fear,false,28,m,random
A-terror-03,terror,fear,fear,false,28,m,random
A-terror-04,terror,fear,fear,false,28,m,random
A-terror-05,terror,anger,anger,false,28,m,random
A-terror-06,terror,fear,fear,false,28,m,random
A-terror-07,terror,fear,fear,false,28,m,random
A-terror-08,terror,fear,fear,false,28,m,random
A-terror-09,terror,fear,fear,false,28,m,random
A-terror-10,terror,fear,fear,false,28,m,random
A-vigilance-01,vigilance,fear,fear,false,28,m,random
A-vigilance-02,vigilance,anxiety,fear,true,28,m,random
A-vigilance-03,vigilance,fear,fear,false,28,m,random
A-vigilance-04,vigilance,fear,anxiety,true,28,m,random
A-vigilance-05,vigilance,anxiety,anxiety,false,28,m,random
A-vigilance-06,vigilance,fear,anxiety,true,28,m,random
A-vigilance-07,vigilance,anxiety,anxiety,false,28,m,random
A-vigilance-08,vigilance,anticipation,anticipation,false,28,m,random
A-vigilance-09,vigilance,fear,anxiety,true,28,m,random
A-vigilance-10,vigilance,anxiety,anxiety,false,28,m,random
A-admiration-01,admiration,love,trust,true,29,m,random
A-admiration-02,admiration,trust,trust,false,29,m,random
A-admiration-03,admiration,trust,trust,false,29,m,random
A-admiration-04,admiration,trust,trust,false,29,m,random
A-admiration-05,admiration,trust,trust,false,29,m,random
A-admiration-06,admiration,trust,trust,false,29,m,random
A-admiration-07,admiration,trust,trust,false,29,m,random
A-admiration-08,admiration,trust,trust,false,29,m,random
A-admiration-09,admiration,anger,anger,false,29,m,random
A-admiration-10,admiration,trust,trust,false,29,m,random
A-amazement-01,amazement,surprise,surprise,false,29,m,random
A-amazement-02,amazement,surprise,surprise,false,29,m,random
A-amazement-03,amazement,surprise,surprise,false,29,m,random
A-amazement-04,amazement,surprise,surprise,false,29,m,random
A-amazement-05,amazement,surprise,surprise,false,29,m,random
A-amazement-06,amazement,fear,confusion,true,29,m,random
A-amazement-07,amazement,surprise,happiness,true,29,m,random
A-amazement-08,amazement,joy,joy,false,29,m,random
A-amazement-09,amazement,surprise,surprise,false,29,m,random
A-amazement-10,amazement,surprise,surprise,false,29,m,random
A-ecstasy-01,ecstasy,joy,joy,false,29,m,random
A-ecstasy-02,ecstasy,joy,joy,false,29,m,random
A-ecstasy-03,ecstasy,happiness,happiness,false,29,m,random
A-ecstasy-04,ecstasy,joy,joy,false,29,m,random
A-ecstasy-05,ecstasy,joy,joy,false,29,m,random
A-ecstasy-06,ecstasy,joy,joy,false,29,m,random
A-ecstasy-07,ecstasy,joy,joy,false,29,m,random
A-ecstasy-08,ecstasy,joy,joy,false,29,m,random
A-ecstasy-09,ecstasy,joy,joy,false,29,m,random
A-ecstasy-10,ecstasy,joy,joy,false,29,m,random
A-grief-01,grief,sadness,sadness,false,29,m,random
A-grief-02,grief,anger,anger,false,29,m,random
A-grief-03,grief,sadness,sadness,false,29,m,random
A-grief-04,grief,sadness,sadness,false,29,m,random
A-grief-05,grief,sadness,sadness,false,29,m,random
A-grief-06,grief,sadness,sadness,false,29,m,random
A-grief-07,grief,sadness,sadness,false,29,m,random
A-grief-08,grief,sadness,sadness,false,29,m,random
A-grief-09,grief,sadness,sadness,false,29,m,random
A-grief-10,grief,sadness,sadness,false,29,m,random
A-loathing-01,loathing,disgust,disgust,false,29,m,random
A-loathing-02,loathing,anger,anger,false,29,m,random
A-loathing-03,loathing,anger,anger,false,29,m,random
A-loathing-04,loathing,disgust,anger,true,29,m,random
A-loathing-05,loathing,disgust,disgust,false,29,m,random
A-loathing-06,loathing,disgust,disgust,false,29,m,random
A-loathing-07,loathing,anger,anger,false,29,m,random
A-loathing-08,loathing,disgust,disgust,false,29,m,random
A-loathing-09,loathing,disgust,disgust,false,29,m,random
A-loathing-10,loathing,disgust,disgust,false,29,m,random
A-rage-01,rage,anger,anger,false,29,m,random
A-rage-02,rage,anger,anger,false,29,m,random
A-rage-03,rage,anger,anger,false,29,m,random
A-rage-04,rage,anger,anger,false,29,m,random
A-rage-05,rage,anger,anger,false,29,m,random
A-rage-06,rage,anger,anger,false,29,m,random
A-rage-07,rage,anger,anger,false,29,m,random
A-rage-08,rage,anger,anger,false,29,m,random
A-rage-09,rage,anger,anger,false,29,m,random
A-rage-10,rage,anger,anger,false,29,m,random
A-terror-01,terror,fear,fear,false,29,m,random
A-terror-02,terror,fear,fear,false,29,m,random
A-terror-03,terror,fear,fear,false,29,m,random
A-terror-04,terror,fear,fear,false,29,m,random
A-terror-05,terror,anger,anger,false,29,m,random
A-terror-06,terror,fear,fear,false,29,m,random
A-terror-07,terror,fear,fear,false,29,m,random
A-terror-08,terror,fear,fear,false,29,m,random
A-terror-09,terror,fear,fear,false,29,m,random
A-terror-10,terror,fear,fear,false,29,m,random
A-vigilance-01,vigilance,fear,fear,false,29,m,random
A-vigilance-02,vigilance,anxiety,fear,true,29,m,random
A-vigilance-03,vigilance,fear,fear,false,29,m,random
A-vigilance-04,vigilance,fear,fear,false,29,m,random
A-vigilance-05,vigilance,anxiety,anxiety,false,29,m,random
A-vigilance-06,vigilance,fear,fear,false,29,m,random
A-vigilance-07,vigilance,anxiety,anxiety,false,29,m,random
A-vigilance-08,vigilance,anticipation,anticipation,false,29,m,random
A-vigilance-09,vigilance,fear,fear,false,29,m,random
A-vigilance-10,vigilance,anxiety,anxiety,false,29,m,random
A-admiration-01,admiration,love,trust,true,30,m,random
A-admiration-02,admiration,trust,trust,false,30,m,random
A-admiration-03,admiration,trust,trust,false,30,m,random
A-admiration-04,admiration,trust,trust,false,30,m,random
A-admiration-05,admiration,trust,trust,false,30,m,random
A-admiration-06,admiration,trust,trust,false,30,m,random
A-admiration-07,admiration,trust,trust,false,30,m,random
A-admiration-08,admiration,trust,trust,false,30,m,random
A-admiration-09,admiration,anger,anger,false,30,m,random
A-admiration-10,admiration,trust,trust,false,30,m,random
A-amazement-01,amazement,surprise,surprise,false,30,m,random
A-amazement-02,amazement,surprise,surprise,false,30,m,random
A-amazement-03,amazement,surprise,surprise,false,30,m,random
A-amazement-04,amazement,surprise,surprise,false,30,m,random
A-amazement-05,amazement,surprise,surprise,false,30,m,random
A-amazement-06,amazement,fear,confusion,true,30,m,random
A-amazement-07,amazement,surprise,surprise,false,30,m,random
A-amazement-08,amazement,joy,joy,false,30,m,random
A-amazement-09,amazement,surprise,surprise,false,30,m,random
A-amazement-10,amazement,surprise,surprise,false,30,m,random
A-ecstasy-01,ecstasy,joy,joy,false,30,m,random
A-ecstasy-02,ecstasy,joy,joy,false,30,m,random
A-ecstasy-03,ecstasy,happiness,joy,true,30,m,random
A-ecstasy-04,ecstasy,joy,joy,false,30,m,random
A-ecstasy-05,ecstasy,joy,joy,false,30,m,random
A-ecstasy-06,ecstasy,joy,joy,false,30,m,random
A-ecstasy-07,ecstasy,joy,joy,false,30,m,random
A-ecstasy-08,ecstasy,joy,joy,false,30,m,random
A-ecstasy-09,ecstasy,joy,joy,false,30,m,random
A-ecstasy-10,ecstasy,joy,joy,false,30,m,random
A-grief-01,grief,sadness,sadness,false,30,m,random
A-grief-02,grief,anger,sadness,true,30,m,random
A-grief-03,grief,sadness,sadness,false,30,m,random
A-grief-04,grief,sadness,sadness,false,30,m,random
A-grief-05,grief,sadness,sadness,false,30,m,random
A-grief-06,grief,sadness,sadness,false,30,m,random
A-grief-07,grief,sadness,sadness,false,30,m,random
A-grief-08,grief,sadness,sadness,false,30,m,random
A-grief-09,grief,sadness,sadness,false,30,m,random
A-grief-10,grief,sadness,sadness,false,30,m,random
A-loathing-01,loathing,disgust,disgust,false,30,m,random
A-loathing-02,loathing,anger,disgust,true,30,m,random
A-loathing-03,loathing,anger,anger,false,30,m,random
A-loathing-04,loathing,disgust,disgust,false,30,m,random
A-loathing-05,loathing,disgust,disgust,false,30,m,random
A-loathing-06,loathing,disgust,disgust,false,30,m,random
A-loathing-07,loathing,anger,anger,false,30,m,random
A-loathing-08,loathing,disgust,disgust,false,30,m,random
A-loathing-09,loathing,disgust,disgust,false,30,m,random
A-loathing-10,loathing,disgust,disgust,false,30,m,random
A-rage-01,rage,anger,anger,false,30,m,random
A-rage-02,rage,anger,anger,false,30,m,random
A-rage-03,rage,anger,anger,false,30,m,random
A-rage-04,rage,anger,anger,false,30,m,random
A-rage-05,rage,anger,anger,false,30,m,random
A-rage-06,rage,anger,anger,false,30,m,random
A-rage-07,rage,anger,anger,false,30,m,random
A-rage-08,rage,anger,anger,false,30,m,random
A-rage-09,rage,anger,anger,false,30,m,random
A-rage-10,rage,anger,anger,false,30,m,random
A-terror-01,terror,fear,fear,false,30,m,random
A-terror-02,terror,fear,fear,false,30,m,random
A-terror-03,terror,fear,fear,false,30,m,random
A-terror-04,terror,fear,fear,false,30,m,random
A-terror-05,terror,anger,anger,false,30,m,random
A-terror-06,terror,fear,fear,false,30,m,random
A-terror-07,terror,fear,fear,false,30,m,random
A-terror-08,terror,fear,fear,false,30,m,random
A-terror-09,terror,fear,fear,false,30,m,random
A-terror-10,terror,fear,fear,false,30,m,random
A-vigilance-01,vigilance,fear,fear,false,30,m,random
A-vigilance-02,vigilance,anxiety,anxiety,false,30,m,random
A-vigilance-03,vigilance,fear,fear,false,30,m,random
A-vigilance-04,vigilance,fear,anxiety,true,30,m,random
A-vigilance-05,vigilance,anxiety,anxiety,false,30,m,random
A-vigilance-06,vigilance,fear,anxiety,true,30,m,random
A-vigilance-07,vigilance,anxiety,anxiety,false,30,m,random
A-vigilance-08,vigilance,anticipation,anticipation,false,30,m,random
A-vigilance-09,vigilance,fear,anxiety,true,30,m,random
A-vigilance-10,vigilance,anxiety,anxiety,false,30,m,random
A-admiration-01,admiration,love,joy,true,31,m,random
A-admiration-02,admiration,trust,trust,false,31,m,random
A-admiration-03,admiration,trust,trust,false,31,m,random
A-admiration-04,admiration,trust,trust,false,31,m,random
A-admiration-05,admiration,trust,trust,false,31,m,random
A-admiration-06,admiration,trust,trust,false,31,m,random
A-admiration-07,admiration,trust,trust,false,31,m,random
A-admiration-08,admiration,trust,trust,false,31,m,random
A-admiration-09,admiration,anger,anger,false,31,m,random
A-admiration-10,admiration,trust,trust,false,31,m,random
A-amazement-01,amazement,surprise,joy,true,31,m,random
A-amazement-02,amazement,surprise,joy,true,31,m,random
A-amazement-03,amazement,surprise,joy,true,31,m,random
A-amazement-04,amazement,surprise,surprise,false,31,m,random
A-amazement-05,amazement,surprise,surprise,false,31,m,random
A-amazement-06,amazement,fear,fear,false,31,m,random
A-amazement-07,amazement,surprise,happiness,true,31,m,random
A-amazement-08,amazement,joy,joy,false,31,m,random
A-amazement-09,amazement,surprise,surprise,false,31,m,random
A-amazement-10,amazement,surprise,surprise,false,31,m,random
A-ecstasy-01,ecstasy,joy,joy,false,31,m,random
A-ecstasy-02,ecstasy,joy,joy,false,31,m,random
A-ecstasy-03,ecstasy,happiness,joy,true,31,m,random
A-ecstasy-04,ecstasy,joy,joy,false,31,m,random
A-ecstasy-05,ecstasy,joy,joy,false,31,m,random
A-ecstasy-06,ecstasy,joy,joy,false,31,m,random
A-ecstasy-07,ecstasy,joy,joy,false,31,m,random
A-ecstasy-08,ecstasy,joy,joy,false,31,m,random
A-ecstasy-09,ecstasy,joy,joy,false,31,m,random
A-ecstasy-10,ecstasy,joy,joy,false,31,m,random
A-grief-01,grief,sadness,sadness,false,31,m,random
A-grief-02,grief,anger,anger,false,31,m,random
A-grief-03,grief,sadness,sadness,false,31,m,random
A-grief-04,grief,sadness,sadness,false,31,m,random
A-grief-05,grief,sadness,sadness,false,31,m,random
A-grief-06,grief,sadness,sadness,false,31,m,random
A-grief-07,grief,sadness,sadness,false,31,m,random
A-grief-08,grief,sadness,sadness,false,31,m,random
A-grief-09,grief,sadness,sadness,false,31,m,random
A-grief-10,grief,sadness,sadness,false,31,m,random
A-loathing-01,loathing,disgust,disgust,false,31,m,random
A-loathing-02,loathing,anger,anger,false,31,m,random
A-loathing-03,loathing,anger,anger,false,31,m,random
A-loathing-04,loathing,disgust,disgust,false,31,m,random
A-loathing-05,loathing,disgust,disgust,false,31,m,random
A-loathing-06,loathing,disgust,disgust,false,31,m,random
A-loathing-07,loathing,anger,anger,false,31,m,random
A-loathing-08,loathing,disgust,disgust,false,31,m,random
A-loathing-09,loathing,disgust,disgust,false,31,m,random
A-loathing-10,loathing,disgust,disgust,false,31,m,random
A-rage-01,rage,anger,anger,false,31,m,random
A-rage-02,rage,anger,anger,false,31,m,random
A-rage-03,rage,anger,anger,false,31,m,random
A-rage-04,rage,anger,anger,false,31,m,random
A-rage-05,rage,anger,anger,false,31,m,random
A-rage-06,rage,anger,anger,false,31,m,random
A-rage-07,rage,anger,anger,false,31,m,random
A-rage-08,rage,anger,anger,false,31,m,random
A-rage-09,rage,anger,anger,false,31,m,random
A-rage-10,rage,anger,anger,false,31,m,random
A-terror-01,terror,fear,fear,false,31,m,random
A-terror-02,terror,fear,fear,false,31,m,random
A-terror-03,terror,fear,fear,false,31,m,random
A-terror-04,terror,fear,fear,false,31,m,random
A-terror-05,terror,anger,anger,false,31,m,random
A-terror-06,terror,fear,fear,false,31,m,random
A-terror-07,terror,fear,fear,false,31,m,random
A-terror-08,terror,fear,fear,false,31,m,random
A-terror-09,terror,fear,fear,false,31,m,random
A-terror-10,terror,fear,fear,false,31,m,random
A-vigilance-01,vigilance,fear,fear,false,31,m,random
A-vigilance-02,vigilance,anxiety,anxiety,false,31,m,random
A-vigilance-03,vigilance,fear,fear,false,31,m,random
A-vigilance-04,vigilance,fear,fear,false,31,m,random
A-vigilance-05,vigilance,anxiety,anxiety,false,31,m,random
A-vigilance-06,vigilance,fear,fear,false,31,m,random
A-vigilance-07,vigilance,anxiety,fear,true,31,m,random
A-vigilance-08,vigilance,anticipation,anticipation,false,31,m,random
A-vigilance-09,vigilance,fear,fear,false,31,m,random
A-vigilance-10,vigilance,anxiety,anxiety,false,31,m,random
A-admiration-01,admiration,love,trust,true,32,m,random
A-admiration-02,admiration,trust,trust,false,32,m,random
A-admiration-03,admiration,trust,trust,false,32,m,random
A-admiration-04,admiration,trust,trust,false,32,m,random
A-admiration-05,admiration,trust,trust,false,32,m,random
A-admiration-06,admiration,trust,trust,false,32,m,random
A-admiration-07,admiration,trust,trust,false,32,m,random
A-admiration-08,admiration,trust,trust,false,32,m,random
A-admiration-09,admiration,anger,anger,false,32,m,random
A-admiration-10,admiration,trust,trust,false,32,m,random
A-amazement-01,amazement,surprise,surprise,false,32,m,random
A-amazement-02,amazement,surprise,surprise,false,32,m,random
A-amazement-03,amazement,surprise,surprise,false,32,m,random
A-amazement-04,amazement,surprise,surprise,false,32,m,random
A-amazement-05,amazement,surprise,surprise,false,32,m,random
A-amazement-06,amazement,fear,confusion,true,32,m,random
A-amazement-07,amazement,surprise,surprise,false,32,m,random
A-amazement-08,amazement,joy,surprise,true,32,m,random
A-amazement-09,amazement,surprise,surprise,false,32,m,random
A-amazement-10,amazement,surprise,surprise,false,32,m,random
A-ecstasy-01,ecstasy,joy,joy,false,32,m,random
A-ecstasy-02,ecstasy,joy,joy,false,32,m,random
A-ecstasy-03,ecstasy,happiness,joy,true,32,m,random
A-ecstasy-04,ecstasy,joy,joy,false,32,m,random
A-ecstasy-05,ecstasy,joy,joy,false,32,m,random
A-ecstasy-06,ecstasy,joy,joy,false,32,m,random
A-ecstasy-07,ecstasy,joy,joy,false,32,m,random
A-ecstasy-08,ecstasy,joy,joy,false,32,m,random
A-ecstasy-09,ecstasy,joy,delight,true,32,m,random
A-ecstasy-10,ecstasy,joy,joy,false,32,m,random
A-grief-01,grief,sadness,sadness,false,32,m,random
A-grief-02,grief,anger,anger,false,32,m,random
A-grief-03,grief,sadness,sadness,false,32,m,random
A-grief-04,grief,sadness,sadness,false,32,m,random
A-grief-05,grief,sadness,sadness,false,32,m,random
A-grief-06,grief,sadness,sadness,false,32,m,random
A-grief-07,grief,sadness,sadness,false,32,m,random
A-grief-08,grief,sadness,sadness,false,32,m,random
A-grief-09,grief,sadness,sadness,false,32,m,random
A-grief-10,grief,sadness,sadness,false,32,m,random
A-loathing-01,loathing,disgust,disgust,false,32,m,random
A-loathing-02,loathing,anger,disgust,true,32,m,random
A-loathing-03,loathing,anger,anger,false,32,m,random
A-loathing-04,loathing,disgust,disgust,false,32,m,random
A-loathing-05,loathing,disgust,disgust,false,32,m,random
A-loathing-06,loathing,disgust,disgust,false,32,m,random
A-loathing-07,loathing,anger,anger,false,32,m,random
A-loathing-08,loathing,disgust,disgust,false,32,m,random
A-loathing-09,loathing,disgust,disgust,false,32,m,random
A-loathing-10,loathing,disgust,disgust,false,32,m,random
A-rage-01,rage,anger,anger,false,32,m,random
A-rage-02,rage,anger,anger,false,32,m,random
A-rage-03,rage,anger,anger,false,32,m,random
A-rage-04,rage,anger,anger,false,32,m,random
A-rage-05,rage,anger,anger,false,32,m,random
A-rage-06,rage,anger,anger,false,32,m,random
A-rage-07,rage,anger,anger,false,32,m,random
A-rage-08,rage,anger,anger,false,32,m,random
A-rage-09,rage,anger,anger,false,32,m,random
A-rage-10,rage,anger,anger,false,32,m,random
A-terror-01,terror,fear,fear,false,32,m,random
A-terror-02,terror,fear,fear,false,32,m,random
A-terror-03,terror,fear,fear,false,32,m,random
A-terror-04,terror,fear,fear,false,32,m,random
A-terror-05,terror,anger,anger,false,32,m,random
A-terror-06,terror,fear,anger,true,32,m,random
A-terror-07,terror,fear,fear,false,32,m,random
A-terror-08,terror,fear,fear,false,32,m,random
A-terror-09,terror,fear,fear,false,32,m,random
A-terror-10,terror,fear,fear,false,32,m,random
A-vigilance-01,vigilance,fear,fear,false,32,m,random
A-vigilance-02,vigilance,anxiety,anxiety,false,32,m,random
A-vigilance-03,vigilance,fear,fear,false,32,m,random
A-vigilance-04,vigilance,fear,anxiety,true,32,m,random
A-vigilance-05,vigilance,anxiety,anticipation,true,32,m,random
A-vigilance-06,vigilance,fear,fear,false,32,m,random
A-vigilance-07,vigilance,anxiety,anxiety,false,32,m,random
A-vigilance-08,vigilance,anticipation,anticipation,false,32,m,random
A-vigilance-09,vigilance,fear,anxiety,true,32,m,random
A-vigilance-10,vigilance,anxiety,anxiety,false,32,m,random
A-admiration-01,admiration,love,happiness,true,33,m,random
A-admiration-02,admiration,trust,trust,false,33,m,random
A-admiration-03,admiration,trust,trust,false,33,m,random
A-admiration-04,admiration,trust,trust,false,33,m,random
A-admiration-05,admiration,trust,trust,false,33,m,random
A-admiration-06,admiration,trust,trust,false,33,m,random
A-admiration-07,admiration,trust,trust,false,33,m,random
A-admiration-08,admiration,trust,trust,false,33,m,random
A-admiration-09,admiration,anger,anger,false,33,m,random
A-admiration-10,admiration,trust,trust,false,33,m,random
A-amazement-01,amazement,surprise,surprise,false,33,m,random
A-amazement-02,amazement,surprise,surprise,false,33,m,random
A-amazement-03,amazement,surprise,surprise,false,33,m,random
A-amazement-04,amazement,surprise,surprise,false,33,m,random
A-amazement-05,amazement,surprise,surprise,false,33,m,random
A-amazement-06,amazement,fear,confusion,true,33,m,random
A-amazement-07,amazement,surprise,surprise,false,33,m,random
A-amazement-08,amazement,joy,joy,false,33,m,random
A-amazement-09,amazement,surprise,surprise,false,33,m,random
A-amazement-10,amazement,surprise,surprise,false,33,m,random
A-ecstasy-01,ecstasy,joy,joy,false,33,m,random
A-ecstasy-02,ecstasy,joy,joy,false,33,m,random
A-ecstasy-03,ecstasy,happiness,happiness,false,33,m,random
A-ecstasy-04,ecstasy,joy,joy,false,33,m,random
A-ecstasy-05,ecstasy,joy,joy,false,33,m,random
A-ecstasy-06,ecstasy,joy,joy,false,33,m,random
A-ecstasy-07,ecstasy,joy,joy,false,33,m,random
A-ecstasy-08,ecstasy,joy,joy,false,33,m,random
A-ecstasy-09,ecstasy,joy,joy,false,33,m,random
A-ecstasy-10,ecstasy,joy,joy,false,33,m,random
A-grief-01,grief,sadness,sadness,false,33,m,random
A-grief-02,grief,anger,sadness,true,33,m,random
A-grief-03,grief,sadness,sadness,false,33,m,random
A-grief-04,grief,sadness,sadness,false,33,m,random
A-grief-05,grief,sadness,sadness,false,33,m,random
A-grief-06,grief,sadness,sadness,false,33,m,random
A-grief-07,grief,sadness,sadness,false,33,m,random
A-grief-08,grief,sadness,sadness,false,33,m,random
A-grief-09,grief,sadness,sadness,false,33,m,random
A-grief-10,grief,sadness,sadness,false,33,m,random
A-loathing-01,loathing,disgust,disgust,false,33,m,random
A-loathing-02,loathing,anger,disgust,true,33,m,random
A-loathing-03,loathing,anger,disgust,true,33,m,random
A-loathing-04,loathing,disgust,disgust,false,33,m,random
A-loathing-05,loathing,disgust,disgust,false,33,m,random
A-loathing-06,loathing,disgust,disgust,false,33,m,random
A-loathing-07,loathing,anger,anger,false,33,m,random
A-loathing-08,loathing,disgust,disgust,false,33,m,random
A-loathing-09,loathing,disgust,disgust,false,33,m,random
A-loathing-10,loathing,disgust,disgust,false,33,m,random
A-rage-01,rage,anger,anger,false,33,m,random
A-rage-02,rage,anger,anger,false,33,m,random
A-rage-03,rage,anger,anger,false,33,m,random
A-rage-04,rage,anger,anger,false,33,m,random
A-rage-05,rage,anger,anger,false,33,m,random
A-rage-06,rage,anger,anger,false,33,m,random
A-rage-07,rage,anger,anger,false,33,m,random
A-rage-08,rage,anger,anger,false,33,m,random
A-rage-09,rage,anger,anger,false,33,m,random
A-rage-10,rage,anger,anger,false,33,m,random
A-terror-01,terror,fear,fear,false,33,m,random
A-terror-02,terror,fear,fear,false,33,m,random
A-terror-03,terror,fear,fear,false,33,m,random
A-terror-04,terror,fear,fear,false,33,m,random
A-terror-05,terror,anger,anger,false,33,m,random
A-terror-06,terror,fear,fear,false,33,m,random
A-terror-07,terror,fear,fear,false,33,m,random
A-terror-08,terror,fear,fear,false,33,m,random
A-terror-09,terror,fear,fear,false,33,m,random
A-terror-10,terror,fear,fear,false,33,m,random
A-vigilance-01,vigilance,fear,fear,false,33,m,random
A-vigilance-02,vigilance,anxiety,anxiety,false,33,m,random
A-vigilance-03,vigilance,fear,fear,false,33,m,random
A-vigilance-04,vigilance,fear,anxiety,true,33,m,random
A-vigilance-05,vigilance,anxiety,anxiety,false,33,m,random
A-vigilance-06,vigilance,fear,fear,false,33,m,random
A-vigilance-07,vigilance,anxiety,fear,true,33,m,random
A-vigilance-08,vigilance,anticipation,anxiety,true,33,m,random
A-vigilance-09,vigilance,fear,anxiety,true,33,m,random
A-vigilance-10,vigilance,anxiety,anxiety,false,33,m,random
A-admiration-01,admiration,love,love,false,34,m,random
A-admiration-02,admiration,trust,trust,false,34,m,random
A-admiration-03,admiration,trust,trust,false,34,m,random
A-admiration-04,admiration,trust,trust,false,34,m,random
A-admiration-05,admiration,trust,trust,false,34,m,random
A-admiration-06,admiration,trust,trust,false,34,m,random
A-admiration-07,admiration,trust,trust,false,34,m,random
A-admiration-08,admiration,trust,trust,false,34,m,random
A-admiration-09,admiration,anger,anger,false,34,m,random
A-admiration-10,admiration,trust,trust,false,34,m,random
A-amazement-01,amazement,surprise,surprise,false,34,m,random
A-amazement-02,amazement,surprise,surprise,false,34,m,random
A-amazement-03,amazement,surprise,surprise,false,34,m,random
A-amazement-04,amazement,surprise,surprise,false,34,m,random
A-amazement-05,amazement,surprise,surprise,false,34,m,random
A-amazement-06,amazement,fear,confusion,true,34,m,random
A-amazement-07,amazement,surprise,surprise,false,34,m,random
A-amazement-08,amazement,joy,joy,false,34,m,random
A-amazement-09,amazement,surprise,surprise,false,34,m,random
A-amazement-10,amazement,surprise,surprise,false,34,m,random
A-ecstasy-01,ecstasy,joy,joy,false,34,m,random
A-ecstasy-02,ecstasy,joy,joy,false,34,m,random
A-ecstasy-03,ecstasy,happiness,joy,true,34,m,random
A-ecstasy-04,ecstasy,joy,joy,false,34,m,random
A-ecstasy-05,ecstasy,joy,joy,false,34,m,random
A-ecstasy-06,ecstasy,joy,joy,false,34,m,random
A-ecstasy-07,ecstasy,joy,joy,false,34,m,random
A-ecstasy-08,ecstasy,joy,joy,false,34,m,random
A-ecstasy-09,ecstasy,joy,joy,false,34,m,random
A-ecstasy-10,ecstasy,joy,joy,false,34,m,random
A-grief-01,grief,sadness,sadness,false,34,m,random
A-grief-02,grief,anger,anger,false,34,m,random
A-grief-03,grief,sadness,sadness,false,34,m,random
A-grief-04,grief,sadness,sadness,false,34,m,random
A-grief-05,grief,sadness,sadness,false,34,m,random
A-grief-06,grief,sadness,sadness,false,34,m,random
A-grief-07,grief,sadness,sadness,false,34,m,random
A-grief-08,grief,sadness,sadness,false,34,m,random
A-grief-09,grief,sadness,sadness,false,34,m,random
A-grief-10,grief,sadness,sadness,false,34,m,random
A-loathing-01,loathing,disgust,disgust,false,34,m,random
A-loathing-02,loathing,anger,anger,false,34,m,random
A-loathing-03,loathing,anger,anger,false,34,m,random
A-loathing-04,loathing,disgust,disgust,false,34,m,random
A-loathing-05,loathing,disgust,disgust,false,34,m,random
A-loathing-06,loathing,disgust,disgust,false,34,m,random
A-loathing-07,loathing,anger,anger,false,34,m,random
A-loathing-08,loathing,disgust,disgust,false,34,m,random
A-loathing-09,loathing,disgust,disgust,false,34,m,random
A-loathing-10,loathing,disgust,disgust,false,34,m,random
A-rage-01,rage,anger,anger,false,34,m,random
A-rage-02,rage,anger,anger,false,34,m,random
A-rage-03,rage,anger,anger,false,34,m,random
A-rage-04,rage,anger,anger,false,34,m,random
A-rage-05,rage,anger,anger,false,34,m,random
A-rage-06,rage,anger,anger,false,34,m,random
A-rage-07,rage,anger,anger,false,34,m,random
A-rage-08,rage,anger,anger,false,34,m,random
A-rage-09,rage,anger,anger,false,34,m,random
A-rage-10,rage,anger,anger,false,34,m,random
A-terror-01,terror,fear,fear,false,34,m,random
A-terror-02,terror,fear,fear,false,34,m,random
A-terror-03,terror,fear,fear,false,34,m,random
A-terror-04,terror,fear,fear,false,34,m,random
A-terror-05,terror,anger,anger,false,34,m,random
A-terror-06,terror,fear,fear,false,34,m,random
A-terror-07,terror,fear,fear,false,34,m,random
A-terror-08,terror,fear,fear,false,34,m,random
A-terror-09,terror,fear,fear,false,34,m,random
A-terror-10,terror,fear,fear,false,34,m,random
A-vigilance-01,vigilance,fear,fear,false,34,m,random
A-vigilance-02,vigilance,anxiety,fear,true,34,m,random
A-vigilance-03,vigilance,fear,fear,false,34,m,random
A-vigilance-04,vigilance,fear,anxiety,true,34,m,random
A-vigilance-05,vigilance,anxiety,anticipation,true,34,m,random
A-vigilance-06,vigilance,fear,anxiety,true,34,m,random
A-vigilance-07,vigilance,anxiety,fear,true,34,m,random
A-vigilance-08,vigilance,anticipation,anticipation,false,34,m,random
A-vigilance-09,vigilance,fear,fear,false,34,m,random
A-vigilance-10,vigilance,anxiety,anxiety,false,34,m,random
A-admiration-01,admiration,love,love,false,35,m,random
A-admiration-02,admiration,trust,trust,false,35,m,random
A-admiration-03,admiration,trust,trust,false,35,m,random
A-admiration-04,admiration,trust,trust,false,35,m,random
A-admiration-05,admiration,trust,trust,false,35,m,random
A-admiration-06,admiration,trust,trust,false,35,m,random
A-admiration-07,admiration,trust,trust,false,35,m,random
A-admiration-08,admiration,trust,trust,false,35,m,random
A-admiration-09,admiration,anger,anger,false,35,m,random
A-admiration-10,admiration,trust,trust,false,35,m,random
A-amazement-01,amazement,surprise,surprise,false,35,m,random
A-amazement-02,amazement,surprise,surprise,false,35,m,random
A-amazement-03,amazement,surprise,surprise,false,35,m,random
A-amazement-04,amazement,surprise,surprise,false,35,m,random
A-amazement-05,amazement,surprise,surprise,false,35,m,random
A-amazement-06,amazement,fear,fear,false,35,m,random
A-amazement-07,amazement,surprise,surprise,false,35,m,random
A-amazement-08,amazement,joy,joy,false,35,m,random
A-amazement-09,amazement,surprise,surprise,false,35,m,random
A-amazement-10,amazement,surprise,surprise,false,35,m,random
A-ecstasy-01,ecstasy,joy,joy,false,35,m,random
A-ecstasy-02,ecstasy,joy,joy,false,35,m,random
A-ecstasy-03,ecstasy,happiness,joy,true,35,m,random
A-ecstasy-04,ecstasy,joy,joy,false,35,m,random
A-ecstasy-05,ecstasy,joy,joy,false,35,m,random
A-ecstasy-06,ecstasy,joy,joy,false,35,m,random
A-ecstasy-07,ecstasy,joy,joy,false,35,m,random
A-ecstasy-08,ecstasy,joy,joy,false,35,m,random
A-ecstasy-09,ecstasy,joy,delight,true,35,m,random
A-ecstasy-10,ecstasy,joy,joy,false,35,m,random
A-grief-01,grief,sadness,sadness,false,35,m,random
A-grief-02,grief,anger,anger,false,35,m,random
A-grief-03,grief,sadness,sadness,false,35,m,random
A-grief-04,grief,sadness,sadness,false,35,m,random
A-grief-05,grief,sadness,sadness,false,35,m,random
A-grief-06,grief,sadness,sadness,false,35,m,random
A-grief-07,grief,sadness,sadness,false,35,m,random
A-grief-08,grief,sadness,sadness,false,35,m,random
A-grief-09,grief,sadness,sadness,false,35,m,random
A-grief-10,grief,sadness,sadness,false,35,m,random
A-loathing-01,loathing,disgust,disgust,false,35,m,random
A-loathing-02,loathing,anger,disgust,true,35,m,random
A-loathing-03,loathing,anger,anger,false,35,m,random
A-loathing-04,loathing,disgust,disgust,false,35,m,random
A-loathing-05,loathing,disgust,disgust,false,35,m,random
A-loathing-06,loathing,disgust,disgust,false,35,m,random
A-loathing-07,loathing,anger,anger,false,35,m,random
A-loathing-08,loathing,disgust,disgust,false,35,m,random
A-loathing-09,loathing,disgust,disgust,false,35,m,random
A-loathing-10,loathing,disgust,disgust,false,35,m,random
A-rage-01,rage,anger,anger,false,35,m,random
A-rage-02,rage,anger,anger,false,35,m,random
A-rage-03,rage,anger,anger,false,35,m,random
A-rage-04,rage,anger,anger,false,35,m,random
A-rage-05,rage,anger,anger,false,35,m,random
A-rage-06,rage,anger,anger,false,35,m,random
A-rage-07,rage,anger,anger,false,35,m,random
A-rage-08,rage,anger,anger,false,35,m,random
A-rage-09,rage,anger,anger,false,35,m,random
A-rage-10,rage,anger,anger,false,35,m,random
A-terror-01,terror,fear,fear,false,35,m,random
A-terror-02,terror,fear,fear,false,35,m,random
A-terror-03,terror,fear,fear,false,35,m,random
A-terror-04,terror,fear,fear,false,35,m,random
A-terror-05,terror,anger,anger,false,35,m,random
A-terror-06,terror,fear,fear,false,35,m,random
A-terror-07,terror,fear,fear,false,35,m,random
A-terror-08,terror,fear,fear,false,35,m,random
A-terror-09,terror,fear,fear,false,35,m,random
A-terror-10,terror,fear,fear,false,35,m,random
A-vigilance-01,vigilance,fear,fear,false,35,m,random
A-vigilance-02,vigilance,anxiety,anxiety,false,35,m,random
A-vigilance-03,vigilance,fear,fear,false,35,m,random
A-vigilance-04,vigilance,fear,fear,false,35,m,random
A-vigilance-05,vigilance,anxiety,anticipation,true,35,m,random
A-vigilance-06,vigilance,fear,fear,false,35,m,random
A-vigilance-07,vigilance,anxiety,fear,true,35,m,random
A-vigilance-08,vigilance,anticipation,anticipation,false,35,m,random
A-vigilance-09,vigilance,fear,fear,false,35,m,random
A-vigilance-10,vigilance,anxiety,anxiety,false,35,m,random
A-admiration-01,admiration,love,trust,true,36,m,random
A-admiration-02,admiration,trust,trust,false,36,m,random
A-admiration-03,admiration,trust,trust,false,36,m,random
A-admiration-04,admiration,trust,trust,false,36,m,random
A-admiration-05,admiration,trust,trust,false,36,m,random
A-admiration-06,admiration,trust,trust,false,36,m,random
A-admiration-07,admiration,trust,trust,false,36,m,random
A-admiration-08,admiration,trust,trust,false,36,m,random
A-admiration-09,admiration,anger,anger,false,36,m,random
A-admiration-10,admiration,trust,trust,false,36,m,random
A-amazement-01,amazement,surprise,surprise,false,36,m,random
A-amazement-02,amazement,surprise,surprise,false,36,m,random
A-amazement-03,amazement,surprise,joy,true,36,m,random
A-amazement-04,amazement,surprise,surprise,false,36,m,random
A-amazement-05,amazement,surprise,surprise,false,36,m,random
A-amazement-06,amazement,fear,confusion,true,36,m,random
A-amazement-07,amazement,surprise,surprise,false,36,m,random
A-amazement-08,amazement,joy,joy,false,36,m,random
A-amazement-09,amazement,surprise,surprise,false,36,m,random
A-amazement-10,amazement,surprise,surprise,false,36,m,random
A-ecstasy-01,ecstasy,joy,joy,false,36,m,random
A-ecstasy-02,ecstasy,joy,joy,false,36,m,random
A-ecstasy-03,ecstasy,happiness,joy,true,36,m,random
A-ecstasy-04,ecstasy,joy,joy,false,36,m,random
A-ecstasy-05,ecstasy,joy,joy,false,36,m,random
A-ecstasy-06,ecstasy,joy,joy,false,36,m,random
A-ecstasy-07,ecstasy,joy,joy,false,36,m,random
A-ecstasy-08,ecstasy,joy,joy,false,36,m,random
A-ecstasy-09,ecstasy,joy,delight,true,36,m,random
A-ecstasy-10,ecstasy,joy,joy,false,36,m,random
A-grief-01,grief,sadness,sadness,false,36,m,random
A-grief-02,grief,anger,anger,false,36,m,random
A-grief-03,grief,sadness,sadness,false,36,m,random
A-grief-04,grief,sadness,sadness,false,36,m,random
A-grief-05,grief,sadness,sadness,false,36,m,random
A-grief-06,grief,sadness,sadness,false,36,m,random
A-grief-07,grief,sadness,sadness,false,36,m,random
A-grief-08,grief,sadness,sadness,false,36,m,random
A-grief-09,grief,sadness,sadness,false,36,m,random
A-grief-10,grief,sadness,sadness,false,36,m,random
A-loathing-01,loathing,disgust,disgust,false,36,m,random
A-loathing-02,loathing,anger,anger,false,36,m,random
A-loathing-03,loathing,anger,anger,false,36,m,random
A-loathing-04,loathing,disgust,disgust,false,36,m,random
A-loathing-05,loathing,disgust,disgust,false,36,m,random
A-loathing-06,loathing,disgust,disgust,false,36,m,random
A-loathing-07,loathing,anger,anger,false,36,m,random
A-loathing-08,loathing,disgust,disgust,false,36,m,random
A-loathing-09,loathing,disgust,disgust,false,36,m,random
A-loathing-10,loathing,disgust,disgust,false,36,m,random
A-rage-01,rage,anger,anger,false,36,m,random
A-rage-02,rage,anger,anger,false,36,m,random
A-rage-03,rage,anger,anger,false,36,m,random
A-rage-04,rage,anger,anger,false,36,m,random
A-rage-05,rage,anger,anger,false,36,m,random
A-rage-06,rage,anger,anger,false,36,m,random
A-rage-07,rage,anger,anger,false,36,m,random
A-rage-08,rage,anger,anger,false,36,m,random
A-rage-09,rage,anger,anger,false,36,m,random
A-rage-10,rage,anger,anger,false,36,m,random
A-terror-01,terror,fear,fear,false,36,m,random
A-terror-02,terror,fear,fear,false,36,m,random
A-terror-03,terror,fear,fear,false,36,m,random
A-terror-04,terror,fear,fear,false,36,m,random
A-terror-05,terror,anger,anger,false,36,m,random
A-terror-06,terror,fear,fear,false,36,m,random
A-terror-07,terror,fear,fear,false,36,m,random
A-terror-08,terror,fear,fear,false,36,m,random
A-terror-09,terror,fear,fear,false,36,m,random
A-terror-10,terror,fear,fear,false,36,m,random
A-vigilance-01,vigilance,fear,fear,false,36,m,random
A-vigilance-02,vigilance,anxiety,anxiety,false,36,m,random
A-vigilance-03,vigilance,fear,fear,false,36,m,random
A-vigilance-04,vigilance,fear,fear,false,36,m,random
A-vigilance-05,vigilance,anxiety,anxiety,false,36,m,random
A-vigilance-06,vigilance,fear,fear,false,36,m,random
A-vigilance-07,vigilance,anxiety,anxiety,false,36,m,random
A-vigilance-08,vigilance,anticipation,anticipation,false,36,m,random
A-vigilance-09,vigilance,fear,fear,false,36,m,random
A-vigilance-10,vigilance,anxiety,anxiety,false,36,m,random
A-admiration-01,admiration,love,love,false,37,m,random
A-admiration-02,admiration,trust,trust,false,37,m,random
A-admiration-03,admiration,trust,trust,false,37,m,random
A-admiration-04,admiration,trust,trust,false,37,m,random
A-admiration-05,admiration,trust,trust,false,37,m,random
A-admiration-06,admiration,trust,trust,false,37,m,random
A-admiration-07,admiration,trust,trust,false,37,m,random
A-admiration-08,admiration,trust,trust,false,37,m,random
A-admiration-09,admiration,anger,anger,false,37,m,random
A-admiration-10,admiration,trust,trust,false,37,m,random
A-amazement-01,amazement,surprise,surprise,false,37,m,random
A-amazement-02,amazement,surprise,surprise,false,37,m,random
A-amazement-03,amazement,surprise,surprise,false,37,m,random
A-amazement-04,amazement,surprise,surprise,false,37,m,random
A-amazement-05,amazement,surprise,surprise,false,37,m,random
A-amazement-06,amazement,fear,fear,false,37,m,random
A-amazement-07,amazement,surprise,surprise,false,37,m,random
A-amazement-08,amazement,joy,joy,false,37,m,random
A-amazement-09,amazement,surprise,surprise,false,37,m,random
A-amazement-10,amazement,surprise,surprise,false,37,m,random
A-ecstasy-01,ecstasy,joy,joy,false,37,m,random
A-ecstasy-02,ecstasy,joy,joy,false,37,m,random
A-ecstasy-03,ecstasy,happiness,joy,true,37,m,random
A-ecstasy-04,ecstasy,joy,joy,false,37,m,random
A-ecstasy-05,ecstasy,joy,joy,false,37,m,random
A-ecstasy-06,ecstasy,joy,joy,false,37,m,random
A-ecstasy-07,ecstasy,joy,joy,false,37,m,random
A-ecstasy-08,ecstasy,joy,joy,false,37,m,random
A-ecstasy-09,ecstasy,joy,joy,false,37,m,random
A-ecstasy-10,ecstasy,joy,joy,false,37,m,random
A-grief-01,grief,sadness,sadness,false,37,m,random
A-grief-02,grief,anger,sadness,true,37,m,random
A-grief-03,grief,sadness,sadness,false,37,m,random
A-grief-04,grief,sadness,sadness,false,37,m,random
A-grief-05,grief,sadness,sadness,false,37,m,random
A-grief-06,grief,sadness,sadness,false,37,m,random
A-grief-07,grief,sadness,sadness,false,37,m,random
A-grief-08,grief,sadness,sadness,false,37,m,random
A-grief-09,grief,sadness,sadness,false,37,m,random
A-grief-10,grief,sadness,sadness,false,37,m,random
A-loathing-01,loathing,disgust,disgust,false,37,m,random
A-loathing-02,loathing,anger,anger,false,37,m,random
A-loathing-03,loathing,anger,anger,false,37,m,random
A-loathing-04,loathing,disgust,disgust,false,37,m,random
A-loathing-05,loathing,disgust,disgust,false,37,m,random
A-loathing-06,loathing,disgust,disgust,false,37,m,random
A-loathing-07,loathing,anger,anger,false,37,m,random
A-loathing-08,loathing,disgust,disgust,false,37,m,random
A-loathing-09,loathing,disgust,disgust,false,37,m,random
A-loathing-10,loathing,disgust,disgust,false,37,m,random
A-rage-01,rage,anger,anger,false,37,m,random
A-rage-02,rage,anger,anger,false,37,m,random
A-rage-03,rage,anger,anger,false,37,m,random
A-rage-04,rage,anger,anger,false,37,m,random
A-rage-05,rage,anger,anger,false,37,m,random
A-rage-06,rage,anger,anger,false,37,m,random
A-rage-07,rage,anger,anger,false,37,m,random
A-rage-08,rage,anger,anger,false,37,m,random
A-rage-09,rage,anger,anger,false,37,m,random
A-rage-10,rage,anger,anger,false,37,m,random
A-terror-01,terror,fear,fear,false,37,m,random
A-terror-02,terror,fear,fear,false,37,m,random
A-terror-03,terror,fear,fear,false,37,m,random
A-terror-04,terror,fear,fear,false,37,m,random
A-terror-05,terror,anger,anger,false,37,m,random
A-terror-06,terror,fear,fear,false,37,m,random
A-terror-07,terror,fear,fear,false,37,m,random
A-terror-08,terror,fear,fear,false,37,m,random
A-terror-09,terror,fear,fear,false,37,m,random
A-terror-10,terror,fear,fear,false,37,m,random
A-vigilance-01,vigilance,fear,fear,false,37,m,random
A-vigilance-02,vigilance,anxiety,fear,true,37,m,random
A-vigilance-03,vigilance,fear,fear,false,37,m,random
A-vigilance-04,vigilance,fear,anxiety,true,37,m,random
A-vigilance-05,vigilance,anxiety,anticipation,true,37,m,random
A-vigilance-06,vigilance,fear,fear,false,37,m,random
A-vigilance-07,vigilance,anxiety,anxiety,false,37,m,random
A-vigilance-08,vigilance,anticipation,anticipation,false,37,m,random
A-vigilance-09,vigilance,fear,fear,false,37,m,random
A-vigilance-10,vigilance,anxiety,anxiety,false,37,m,random
A-admiration-01,admiration,love,love,false,38,m,random
A-admiration-02,admiration,trust,trust,false,38,m,random
A-admiration-03,admiration,trust,trust,false,38,m,random
A-admiration-04,admiration,trust,trust,false,38,m,random
A-admiration-05,admiration,trust,trust,false,38,m,random
A-admiration-06,admiration,trust,trust,false,38,m,random
A-admiration-07,admiration,trust,trust,false,38,m,random
A-admiration-08,admiration,trust,trust,false,38,m,random
A-admiration-09,admiration,anger,anger,false,38,m,random
A-admiration-10,admiration,trust,trust,false,38,m,random
A-amazement-01,amazement,surprise,joy,true,38,m,random
A-amazement-02,amazement,surprise,joy,true,38,m,random
A-amazement-03,amazement,surprise,joy,true,38,m,random
A-amazement-04,amazement,surprise,surprise,false,38,m,random
A-amazement-05,amazement,surprise,surprise,false,38,m,random
A-amazement-06,amazement,fear,fear,false,38,m,random
A-amazement-07,amazement,surprise,surprise,false,38,m,random
A-amazement-08,amazement,joy,joy,false,38,m,random
A-amazement-09,amazement,surprise,surprise,false,38,m,random
A-amazement-10,amazement,surprise,surprise,false,38,m,random
A-ecstasy-01,ecstasy,joy,joy,false,38,m,random
A-ecstasy-02,ecstasy,joy,joy,false,38,m,random
A-ecstasy-03,ecstasy,happiness,joy,true,38,m,random
A-ecstasy-04,ecstasy,joy,joy,false,38,m,random
A-ecstasy-05,ecstasy,joy,joy,false,38,m,random
A-ecstasy-06,ecstasy,joy,joy,false,38,m,random
A-ecstasy-07,ecstasy,joy,joy,false,38,m,random
A-ecstasy-08,ecstasy,joy,joy,false,38,m,random
A-ecstasy-09,ecstasy,joy,joy,false,38,m,random
A-ecstasy-10,ecstasy,joy,joy,false,38,m,random
A-grief-01,grief,sadness,sadness,false,38,m,random
A-grief-02,grief,anger,sadness,true,38,m,random
A-grief-03,grief,sadness,sadness,false,38,m,random
A-grief-04,grief,sadness,sadness,false,38,m,random
A-grief-05,grief,sadness,sadness,false,38,m,random
A-grief-06,grief,sadness,sadness,false,38,m,random
A-grief-07,grief,sadness,sadness,false,38,m,random
A-grief-08,grief,sadness,sadness,false,38,m,random
A-grief-09,grief,sadness,sadness,false,38,m,random
A-grief-10,grief,sadness,sadness,false,38,m,random
A-loathing-01,loathing,disgust,disgust,false,38,m,random
A-loathing-02,loathing,anger,disgust,true,38,m,random
A-loathing-03,loathing,anger,anger,false,38,m,random
A-loathing-04,loathing,disgust,disgust,false,38,m,random
A-loathing-05,loathing,disgust,disgust,false,38,m,random
A-loathing-06,loathing,disgust,disgust,false,38,m,random
A-loathing-07,loathing,anger,anger,false,38,m,random
A-loathing-08,loathing,disgust,disgust,false,38,m,random
A-loathing-09,loathing,disgust,disgust,false,38,m,random
A-loathing-10,loathing,disgust,disgust,false,38,m,random
A-rage-01,rage,anger,anger,false,38,m,random
A-rage-02,rage,anger,anger,false,38,m,random
A-rage-03,rage,anger,anger,false,38,m,random
A-rage-04,rage,anger,anger,false,38,m,random
A-rage-05,rage,anger,anger,false,38,m,random
A-rage-06,rage,anger,anger,false,38,m,random
A-rage-07,rage,anger,anger,false,38,m,random
A-rage-08,rage,anger,anger,false,38,m,random
A-rage-09,rage,anger,anger,false,38,m,random
A-rage-10,rage,anger,anger,false,38,m,random
A-terror-01,terror,fear,fear,false,38,m,random
A-terror-02,terror,fear,fear,false,38,m,random
A-terror-03,terror,fear,fear,false,38,m,random
A-terror-04,terror,fear,fear,false,38,m,random
A-terror-05,terror,anger,anger,false,38,m,random
A-terror-06,terror,fear,fear,false,38,m,random
A-terror-07,terror,fear,fear,false,38,m,random
A-terror-08,terror,fear,fear,false,38,m,random
A-terror-09,terror,fear,fear,false,38,m,random
A-terror-10,terror,fear,fear,false,38,m,random
A-vigilance-01,vigilance,fear,fear,false,38,m,random
A-vigilance-02,vigilance,anxiety,fear,true,38,m,random
A-vigilance-03,vigilance,fear,fear,false,38,m,random
A-vigilance-04,vigilance,fear,fear,false,38,m,random
A-vigilance-05,vigilance,anxiety,anticipation,true,38,m,random
A-vigilance-06,vigilance,fear,fear,false,38,m,random
A-vigilance-07,vigilance,anxiety,fear,true,38,m,random
A-vigilance-08,vigilance,anticipation,anticipation,false,38,m,random
A-vigilance-09,vigilance,fear,fear,false,38,m,random
A-vigilance-10,vigilance,anxiety,anxiety,false,38,m,random
A-admiration-01,admiration,love,happiness,true,39,m,random
A-admiration-02,admiration,trust,trust,false,39,m,random
A-admiration-03,admiration,trust,trust,false,39,m,random
A-admiration-04,admiration,trust,trust,false,39,m,random
A-admiration-05,admiration,trust,trust,false,39,m,random
A-admiration-06,admiration,trust,trust,false,39,m,random
A-admiration-07,admiration,trust,trust,false,39,m,random
A-admiration-08,admiration,trust,trust,false,39,m,random
A-admiration-09,admiration,anger,anger,false,39,m,random
A-admiration-10,admiration,trust,trust,false,39,m,random
A-amazement-01,amazement,surprise,surprise,false,39,m,random
A-amazement-02,amazement,surprise,surprise,false,39,m,random
A-amazement-03,amazement,surprise,surprise,false,39,m,random
A-amazement-04,amazement,surprise,surprise,false,39,m,random
A-amazement-05,amazement,surprise,surprise,false,39,m,random
A-amazement-06,amazement,fear,surprise,true,39,m,random
A-amazement-07,amazement,surprise,surprise,false,39,m,random
A-amazement-08,amazement,joy,surprise,true,39,m,random
A-amazement-09,amazement,surprise,surprise,false,39,m,random
A-amazement-10,amazement,surprise,surprise,false,39,m,random
A-ecstasy-01,ecstasy,joy,happiness,true,39,m,random
A-ecstasy-02,ecstasy,joy,happiness,true,39,m,random
A-ecstasy-03,ecstasy,happiness,happiness,false,39,m,random
A-ecstasy-04,ecstasy,joy,happiness,true,39,m,random
A-ecstasy-05,ecstasy,joy,joy,false,39,m,random
A-ecstasy-06,ecstasy,joy,joy,false,39,m,random
A-ecstasy-07,ecstasy,joy,joy,false,39,m,random
A-ecstasy-08,ecstasy,joy,joy,false,39,m,random
A-ecstasy-09,ecstasy,joy,joy,false,39,m,random
A-ecstasy-10,ecstasy,joy,happiness,true,39,m,random
A-grief-01,grief,sadness,sadness,false,39,m,random
A-grief-02,grief,anger,sadness,true,39,m,random
A-grief-03,grief,sadness,sadness,false,39,m,random
A-grief-04,grief,sadness,sadness,false,39,m,random
A-grief-05,grief,sadness,sadness,false,39,m,random
A-grief-06,grief,sadness,sadness,false,39,m,random
A-grief-07,grief,sadness,sadness,false,39,m,random
A-grief-08,grief,sadness,sadness,false,39,m,random
A-grief-09,grief,sadness,sadness,false,39,m,random
A-grief-10,grief,sadness,sadness,false,39,m,random
A-loathing-01,loathing,disgust,disgust,false,39,m,random
A-loathing-02,loathing,anger,disgust,true,39,m,random
A-loathing-03,loathing,anger,anger,false,39,m,random
A-loathing-04,loathing,disgust,disgust,false,39,m,random
A-loathing-05,loathing,disgust,disgust,false,39,m,random
A-loathing-06,loathing,disgust,disgust,false,39,m,random
A-loathing-07,loathing,anger,disgust,true,39,m,random
A-loathing-08,loathing,disgust,disgust,false,39,m,random
A-loathing-09,loathing,disgust,disgust,false,39,m,random
A-loathing-10,loathing,disgust,disgust,false,39,m,random
A-rage-01,rage,anger,anger,false,39,m,random
A-rage-02,rage,anger,anger,false,39,m,random
A-rage-03,rage,anger,anger,false,39,m,random
A-rage-04,rage,anger,anger,false,39,m,random
A-rage-05,rage,anger,anger,false,39,m,random
A-rage-06,rage,anger,anger,false,39,m,random
A-rage-07,rage,anger,anger,false,39,m,random
A-rage-08,rage,anger,anger,false,39,m,random
A-rage-09,rage,anger,anger,false,39,m,random
A-rage-10,rage,anger,anger,false,39,m,random
A-terror-01,terror,fear,fear,false,39,m,random
A-terror-02,terror,fear,fear,false,39,m,random
A-terror-03,terror,fear,fear,false,39,m,random
A-terror-04,terror,fear,fear,false,39,m,random
A-terror-05,terror,anger,anger,false,39,m,random
A-terror-06,terror,fear,fear,false,39,m,random
A-terror-07,terror,fear,fear,false,39,m,random
A-terror-08,terror,fear,fear,false,39,m,random
A-terror-09,terror,fear,fear,false,39,m,random
A-terror-10,terror,fear,fear,false,39,m,random
A-vigilance-01,vigilance,fear,fear,false,39,m,random
A-vigilance-02,vigilance,anxiety,anxiety,false,39,m,random
A-vigilance-03,vigilance,fear,fear,false,39,m,random
A-vigilance-04,vigilance,fear,fear,false,39,m,random
A-vigilance-05,vigilance,anxiety,anxiety,false,39,m,random
A-vigilance-06,vigilance,fear,stress,true,39,m,random
A-vigilance-07,vigilance,anxiety,anxiety,false,39,m,random
A-vigilance-08,vigilance,anticipation,anticipation,false,39,m,random
A-vigilance-09,vigilance,fear,anxiety,true,39,m,random
A-vigilance-10,vigilance,anxiety,anxiety,false,39,m,random
A-admiration-01,admiration,love,happiness,true,40,m,random
A-admiration-02,admiration,trust,trust,false,40,m,random
A-admiration-03,admiration,trust,trust,false,40,m,random
A-admiration-04,admiration,trust,trust,false,40,m,random
A-admiration-05,admiration,trust,trust,false,40,m,random
A-admiration-06,admiration,trust,trust,false,40,m,random
A-admiration-07,admiration,trust,trust,false,40,m,random
A-admiration-08,admiration,trust,trust,false,40,m,random
A-admiration-09,admiration,anger,anger,false,40,m,random
A-admiration-10,admiration,trust,trust,false,40,m,random
A-amazement-01,amazement,surprise,surprise,false,40,m,random
A-amazement-02,amazement,surprise,joy,true,40,m,random
A-amazement-03,amazement,surprise,joy,true,40,m,random
A-amazement-04,amazement,surprise,surprise,false,40,m,random
A-amazement-05,amazement,surprise,surprise,false,40,m,random
A-amazement-06,amazement,fear,fear,false,40,m,random
A-amazement-07,amazement,surprise,joy,true,40,m,random
A-amazement-08,amazement,joy,joy,false,40,m,random
A-amazement-09,amazement,surprise,surprise,false,40,m,random
A-amazement-10,amazement,surprise,surprise,false,40,m,random
A-ecstasy-01,ecstasy,joy,joy,false,40,m,random
A-ecstasy-02,ecstasy,joy,joy,false,40,m,random
A-ecstasy-03,ecstasy,happiness,joy,true,40,m,random
A-ecstasy-04,ecstasy,joy,joy,false,40,m,random
A-ecstasy-05,ecstasy,joy,joy,false,40,m,random
A-ecstasy-06,ecstasy,joy,joy,false,40,m,random
A-ecstasy-07,ecstasy,joy,joy,false,40,m,random
A-ecstasy-08,ecstasy,joy,joy,false,40,m,random
A-ecstasy-09,ecstasy,joy,joy,false,40,m,random
A-ecstasy-10,ecstasy,joy,joy,false,40,m,random
A-grief-01,grief,sadness,sadness,false,40,m,random
A-grief-02,grief,anger,sadness,true,40,m,random
A-grief-03,grief,sadness,sadness,false,40,m,random
A-grief-04,grief,sadness,sadness,false,40,m,random
A-grief-05,grief,sadness,sadness,false,40,m,random
A-grief-06,grief,sadness,sadness,false,40,m,random
A-grief-07,grief,sadness,sadness,false,40,m,random
A-grief-08,grief,sadness,sadness,false,40,m,random
A-grief-09,grief,sadness,sadness,false,40,m,random
A-grief-10,grief,sadness,sadness,false,40,m,random
A-loathing-01,loathing,disgust,disgust,false,40,m,random
A-loathing-02,loathing,anger,anger,false,40,m,random
A-loathing-03,loathing,anger,anger,false,40,m,random
A-loathing-04,loathing,disgust,disgust,false,40,m,random
A-loathing-05,loathing,disgust,disgust,false,40,m,random
A-loathing-06,loathing,disgust,disgust,false,40,m,random
A-loathing-07,loathing,anger,disgust,true,40,m,random
A-loathing-08,loathing,disgust,disgust,false,40,m,random
A-loathing-09,loathing,disgust,disgust,false,40,m,random
A-loathing-10,loathing,disgust,disgust,false,40,m,random
A-rage-01,rage,anger,anger,false,40,m,random
A-rage-02,rage,anger,anger,false,40,m,random
A-rage-03,rage,anger,anger,false,40,m,random
A-rage-04,rage,anger,anger,false,40,m,random
A-rage-05,rage,anger,anger,false,40,m,random
A-rage-06,rage,anger,anger,false,40,m,random
A-rage-07,rage,anger,anger,false,40,m,random
A-rage-08,rage,anger,anger,false,40,m,random
A-rage-09,rage,anger,anger,false,40,m,random
A-rage-10,rage,anger,anger,false,40,m,random
A-terror-01,terror,fear,fear,false,40,m,random
A-terror-02,terror,fear,fear,false,40,m,random
A-terror-03,terror,fear,fear,false,40,m,random
A-terror-04,terror,fear,fear,false,40,m,random
A-terror-05,terror,anger,fear,true,40,m,random
A-terror-06,terror,fear,fear,false,40,m,random
A-terror-07,terror,fear,fear,false,40,m,random
A-terror-08,terror,fear,fear,false,40,m,random
A-terror-09,terror,fear,fear,false,40,m,random
A-terror-10,terror,fear,fear,false,40,m,random
A-vigilance-01,vigilance,fear,fear,false,40,m,random
A-vigilance-02,vigilance,anxiety,anxiety,false,40,m,random
A-vigilance-03,vigilance,fear,fear,false,40,m,random
A-vigilance-04,vigilance,fear,fear,false,40,m,random
A-vigilance-05,vigilance,anxiety,anxiety,false,40,m,random
A-vigilance-06,vigilance,fear,fear,false,40,m,random
A-vigilance-07,vigilance,anxiety,anxiety,false,40,m,random
A-vigilance-08,vigilance,anticipation,anxiety,true,40,m,random
A-vigilance-09,vigilance,fear,anxiety,true,40,m,random
A-vigilance-10,vigilance,anxiety,anxiety,false,40,m,random
A-admiration-01,admiration,love,trust,true,41,m,random
A-admiration-02,admiration,trust,trust,false,41,m,random
A-admiration-03,admiration,trust,trust,false,41,m,random
A-admiration-04,admiration,trust,trust,false,41,m,random
A-admiration-05,admiration,trust,trust,false,41,m,random
A-admiration-06,admiration,trust,trust,false,41,m,random
A-admiration-07,admiration,trust,trust,false,41,m,random
A-admiration-08,admiration,trust,trust,false,41,m,random
A-admiration-09,admiration,anger,anger,false,41,m,random
A-admiration-10,admiration,trust,trust,false,41,m,random
A-amazement-01,amazement,surprise,surprise,false,41,m,random
A-amazement-02,amazement,surprise,surprise,false,41,m,random
A-amazement-03,amazement,surprise,surprise,false,41,m,random
A-amazement-04,amazement,surprise,surprise,false,41,m,random
A-amazement-05,amazement,surprise,surprise,false,41,m,random
A-amazement-06,amazement,fear,fear,false,41,m,random
A-amazement-07,amazement,surprise,surprise,false,41,m,random
A-amazement-08,amazement,joy,joy,false,41,m,random
A-amazement-09,amazement,surprise,surprise,false,41,m,random
A-amazement-10,amazement,surprise,surprise,false,41,m,random
A-ecstasy-01,ecstasy,joy,joy,false,41,m,random
A-ecstasy-02,ecstasy,joy,joy,false,41,m,random
A-ecstasy-03,ecstasy,happiness,happiness,false,41,m,random
A-ecstasy-04,ecstasy,joy,joy,false,41,m,random
A-ecstasy-05,ecstasy,joy,joy,false,41,m,random
A-ecstasy-06,ecstasy,joy,joy,false,41,m,random
A-ecstasy-07,ecstasy,joy,joy,false,41,m,random
A-ecstasy-08,ecstasy,joy,joy,false,41,m,random
A-ecstasy-09,ecstasy,joy,joy,false,41,m,random
A-ecstasy-10,ecstasy,joy,joy,false,41,m,random
A-grief-01,grief,sadness,sadness,false,41,m,random
A-grief-02,grief,anger,anger,false,41,m,random
A-grief-03,grief,sadness,sadness,false,41,m,random
A-grief-04,grief,sadness,sadness,false,41,m,random
A-grief-05,grief,sadness,sadness,false,41,m,random
A-grief-06,grief,sadness,sadness,false,41,m,random
A-grief-07,grief,sadness,sadness,false,41,m,random
A-grief-08,grief,sadness,sadness,false,41,m,random
A-grief-09,grief,sadness,sadness,false,41,m,random
A-grief-10,grief,sadness,sadness,false,41,m,random
A-loathing-01,loathing,disgust,disgust,false,41,m,random
A-loathing-02,loathing,anger,anger,false,41,m,random
A-loathing-03,loathing,anger,anger,false,41,m,random
A-loathing-04,loathing,disgust,anger,true,41,m,random
A-loathing-05,loathing,disgust,disgust,false,41,m,random
A-loathing-06,loathing,disgust,disgust,false,41,m,random
A-loathing-07,loathing,anger,anger,false,41,m,random
A-loathing-08,loathing,disgust,disgust,false,41,m,random
A-loathing-09,loathing,disgust,disgust,false,41,m,random
A-loathing-10,loathing,disgust,anger,true,41,m,random
A-rage-01,rage,anger,anger,false,41,m,random
A-rage-02,rage,anger,anger,false,41,m,random
A-rage-03,rage,anger,anger,false,41,m,random
A-rage-04,rage,anger,anger,false,41,m,random
A-rage-05,rage,anger,anger,false,41,m,random
A-rage-06,rage,anger,anger,false,41,m,random
A-rage-07,rage,anger,anger,false,41,m,random
A-rage-08,rage,anger,anger,false,41,m,random
A-rage-09,rage,anger,anger,false,41,m,random
A-rage-10,rage,anger,anger,false,41,m,random
A-terror-01,terror,fear,fear,false,41,m,random
A-terror-02,terror,fear,fear,false,41,m,random
A-terror-03,terror,fear,fear,false,41,m,random
A-terror-04,terror,fear,fear,false,41,m,random
A-terror-05,terror,anger,anger,false,41,m,random
A-terror-06,terror,fear,anger,true,41,m,random
A-terror-07,terror,fear,fear,false,41,m,random
A-terror-08,terror,fear,fear,false,41,m,random
A-terror-09,terror,fear,fear,false,41,m,random
A-terror-10,terror,fear,fear,false,41,m,random
A-vigilance-01,vigilance,fear,fear,false,41,m,random
A-vigilance-02,vigilance,anxiety,anxiety,false,41,m,random
A-vigilance-03,vigilance,fear,fear,false,41,m,random
A-vigilance-04,vigilance,fear,fear,false,41,m,random
A-vigilance-05,vigilance,anxiety,anxiety,false,41,m,random
A-vigilance-06,vigilance,fear,fear,false,41,m,random
A-vigilance-07,vigilance,anxiety,anxiety,false,41,m,random
A-vigilance-08,vigilance,anticipation,anticipation,false,41,m,random
A-vigilance-09,vigilance,fear,fear,false,41,m,random
A-vigilance-10,vigilance,anxiety,anxiety,false,41,m,random
