id,emotion,original_pred,ko_pred,changed,layer,act_type,knockout_type
B-admiration-d1-v1,admiration,admiration,frustration,true,0,a,random
B-admiration-d1-v2,admiration,pride,pride,false,0,a,random
B-admiration-d1-v3,admiration,respect,pride,true,0,a,random
B-admiration-d1-v4,admiration,admiration,admiration,false,0,a,random
B-admiration-d2-v1,admiration,anger,anger,false,0,a,random
B-admiration-d2-v2,admiration,sadness,sadness,false,0,a,random
B-admiration-d2-v3,admiration,guilt,guilt,false,0,a,random
B-admiration-d2-v4,admiration,pride,pride,false,0,a,random
B-admiration-d3-v1,admiration,pride,pride,false,0,a,random
B-admiration-d3-v2,admiration,determination,determination,false,0,a,random
B-admiration-d3-v3,admiration,determination,determination,false,0,a,random
B-admiration-d3-v4,admiration,compassion,compassion,false,0,a,random
B-amazement-d1-v1,amazement,fear,fear,false,0,a,random
B-amazement-d1-v2,amazement,fear,fear,false,0,a,random
B-amazement-d1-v3,amazement,fear,fear,false,0,a,random
B-amazement-d1-v4,amazement,fear,fear,false,0,a,random
B-amazement-d2-v1,amazement,fear,fear,false,0,a,random
B-amazement-d2-v2,amazement,awe,admiration,true,0,a,random
B-amazement-d2-v3,amazement,relief,relief,false,0,a,random
B-amazement-d2-v4,amazement,relief,relief,false,0,a,random
B-amazement-d3-v1,amazement,pride,pride,false,0,a,random
B-amazement-d3-v2,amazement,excitement,excitement,false,0,a,random
B-amazement-d3-v3,amazement,relief,relief,false,0,a,random
B-amazement-d3-v4,amazement,surprise,surprise,false,0,a,random
B-ecstasy-d1-v1,ecstasy,joy,joy,false,0,a,random
B-ecstasy-d1-v2,ecstasy,fear,fear,false,0,a,random
B-ecstasy-d1-v3,ecstasy,pride,pride,false,0,a,random
B-ecstasy-d1-v4,ecstasy,pride,pride,false,0,a,random
B-ecstasy-d2-v1,ecstasy,happiness,joy,true,0,a,random
B-ecstasy-d2-v2,ecstasy,happiness,happiness,false,0,a,random
B-ecstasy-d2-v3,ecstasy,sadness,sadness,false,0,a,random
B-ecstasy-d2-v4,ecstasy,happiness,happiness,false,0,a,random
B-ecstasy-d3-v1,ecstasy,joy,joy,false,0,a,random
B-ecstasy-d3-v2,ecstasy,wonder,wonder,false,0,a,random
B-ecstasy-d3-v3,ecstasy,excitement,excitement,false,0,a,random
B-ecstasy-d3-v4,ecstasy,excitement,excitement,false,0,a,random
B-grief-d1-v1,grief,sadness,sadness,false,0,a,random
B-grief-d1-v2,grief,sadness,sadness,false,0,a,random
B-grief-d1-v3,grief,sadness,sadness,false,0,a,random
B-grief-d1-v4,grief,sadness,sadness,false,0,a,random
B-grief-d2-v1,grief,sadness,sadness,false,0,a,random
B-grief-d2-v2,grief,sadness,sadness,false,0,a,random
B-grief-d2-v3,grief,sadness,sadness,false,0,a,random
B-grief-d2-v4,grief,sadness,sadness,false,0,a,random
B-grief-d3-v1,grief,anger,anger,false,0,a,random
B-grief-d3-v2,grief,sadness,sadness,false,0,a,random
B-grief-d3-v3,grief,sadness,sadness,false,0,a,random
B-grief-d3-v4,grief,sadness,sadness,false,0,a,random
B-loathing-d1-v1,loathing,anger,anger,false,0,a,random
B-loathing-d1-v2,loathing,anger,anger,false,0,a,random
B-loathing-d1-v3,loathing,anger,anger,false,0,a,random
B-loathing-d1-v4,loathing,anger,anger,false,0,a,random
B-loathing-d2-v1,loathing,fear,fear,false,0,a,random
B-loathing-d2-v2,loathing,disgust,disgust,false,0,a,random
B-loathing-d2-v3,loathing,fear,fear,false,0,a,random
B-loathing-d2-v4,loathing,disgust,disgust,false,0,a,random
B-loathing-d3-v1,loathing,anger,anger,false,0,a,random
B-loathing-d3-v2,loathing,anger,anger,false,0,a,random
B-loathing-d3-v3,loathing,anger,anger,false,0,a,random
B-loathing-d3-v4,loathing,anger,anger,false,0,a,random
B-rage-d1-v1,rage,anger,anger,false,0,a,random
B-rage-d1-v2,rage,anger,anger,false,0,a,random
B-rage-d1-v3,rage,anger,anger,false,0,a,random
B-rage-d1-v4,rage,anger,anger,false,0,a,random
B-rage-d2-v1,rage,anger,anger,false,0,a,random
B-rage-d2-v2,rage,anger,anger,false,0,a,random
B-rage-d2-v3,rage,anger,anger,false,0,a,random
B-rage-d2-v4,rage,anger,anger,false,0,a,random
B-rage-d3-v1,rage,anger,anger,false,0,a,random
B-rage-d3-v2,rage,fear,fear,false,0,a,random
B-rage-d3-v3,rage,anger,anger,false,0,a,random
B-rage-d3-v4,rage,fear,fear,false,0,a,random
B-terror-d1-v1,terror,fear,fear,false,0,a,random
B-terror-d1-v2,terror,fear,fear,false,0,a,random
B-terror-d1-v3,terror,fear,fear,false,0,a,random
B-terror-d1-v4,terror,fear,fear,false,0,a,random
B-terror-d2-v1,terror,fear,fear,false,0,a,random
B-terror-d2-v2,terror,fear,fear,false,0,a,random
B-terror-d2-v3,terror,fear,fear,false,0,a,random
B-terror-d2-v4,terror,fear,fear,false,0,a,random
B-terror-d3-v1,terror,fear,fear,false,0,a,random
B-terror-d3-v2,terror,fear,fear,false,0,a,random
B-terror-d3-v3,terror,fear,fear,false,0,a,random
B-terror-d3-v4,terror,fear,fear,false,0,a,random
B-vigilance-d1-v1,vigilance,fear,anxiety,true,0,a,random
B-vigilance-d1-v2,vigilance,fear,fear,false,0,a,random
B-vigilance-d1-v3,vigilance,fear,fear,false,0,a,random
B-vigilance-d1-v4,vigilance,fear,fear,false,0,a,random
B-vigilance-d2-v1,vigilance,anxiety,anxiety,false,0,a,random
B-vigilance-d2-v2,vigilance,anxiety,anxiety,false,0,a,random
B-vigilance-d2-v3,vigilance,excitement,anxiety,true,0,a,random
B-vigilance-d2-v4,vigilance,concentration,concentration,false,0,a,random
B-vigilance-d3-v1,vigilance,anticipation,anticipation,false,0,a,random
B-vigilance-d3-v2,vigilance,fear,fear,false,0,a,random
B-vigilance-d3-v3,vigilance,fear,fear,false,0,a,random
B-vigilance-d3-v4,vigilance,fear,fear,false,0,a,random
B-admiration-d1-v1,admiration,admiration,admiration,false,1,a,random
B-admiration-d1-v2,admiration,pride,pride,false,1,a,random
B-admiration-d1-v3,admiration,respect,pride,true,1,a,random
B-admiration-d1-v4,admiration,admiration,admiration,false,1,a,random
B-admiration-d2-v1,admiration,anger,anger,false,1,a,random
B-admiration-d2-v2,admiration,sadness,sadness,false,1,a,random
B-admiration-d2-v3,admiration,guilt,guilt,false,1,a,random
B-admiration-d2-v4,admiration,pride,pride,false,1,a,random
B-admiration-d3-v1,admiration,pride,pride,false,1,a,random
B-admiration-d3-v2,admiration,determination,determination,false,1,a,random
B-admiration-d3-v3,admiration,determination,determination,false,1,a,random
B-admiration-d3-v4,admiration,compassion,compassion,false,1,a,random
B-amazement-d1-v1,amazement,fear,fear,false,1,a,random
B-amazement-d1-v2,amazement,fear,fear,false,1,a,random
B-amazement-d1-v3,amazement,fear,fear,false,1,a,random
B-amazement-d1-v4,amazement,fear,fear,false,1,a,random
B-amazement-d2-v1,amazement,fear,fear,false,1,a,random
B-amazement-d2-v2,amazement,awe,awe,false,1,a,random
B-amazement-d2-v3,amazement,relief,relief,false,1,a,random
B-amazement-d2-v4,amazement,relief,relief,false,1,a,random
B-amazement-d3-v1,amazement,pride,pride,false,1,a,random
B-amazement-d3-v2,amazement,excitement,excitement,false,1,a,random
B-amazement-d3-v3,amazement,relief,relief,false,1,a,random
B-amazement-d3-v4,amazement,surprise,surprise,false,1,a,random
B-ecstasy-d1-v1,ecstasy,joy,joy,false,1,a,random
B-ecstasy-d1-v2,ecstasy,fear,fear,false,1,a,random
B-ecstasy-d1-v3,ecstasy,pride,pride,false,1,a,random
B-ecstasy-d1-v4,ecstasy,pride,pride,false,1,a,random
B-ecstasy-d2-v1,ecstasy,happiness,happiness,false,1,a,random
B-ecstasy-d2-v2,ecstasy,happiness,happiness,false,1,a,random
B-ecstasy-d2-v3,ecstasy,sadness,sadness,false,1,a,random
B-ecstasy-d2-v4,ecstasy,happiness,happiness,false,1,a,random
B-ecstasy-d3-v1,ecstasy,joy,joy,false,1,a,random
B-ecstasy-d3-v2,ecstasy,wonder,wonder,false,1,a,random
B-ecstasy-d3-v3,ecstasy,excitement,excitement,false,1,a,random
B-ecstasy-d3-v4,ecstasy,excitement,excitement,false,1,a,random
B-grief-d1-v1,grief,sadness,sadness,false,1,a,random
B-grief-d1-v2,grief,sadness,sadness,false,1,a,random
B-grief-d1-v3,grief,sadness,sadness,false,1,a,random
B-grief-d1-v4,grief,sadness,sadness,false,1,a,random
B-grief-d2-v1,grief,sadness,sadness,false,1,a,random
B-grief-d2-v2,grief,sadness,sadness,false,1,a,random
B-grief-d2-v3,grief,sadness,sadness,false,1,a,random
B-grief-d2-v4,grief,sadness,sadness,false,1,a,random
B-grief-d3-v1,grief,anger,anger,false,1,a,random
B-grief-d3-v2,grief,sadness,sadness,false,1,a,random
B-grief-d3-v3,grief,sadness,sadness,false,1,a,random
B-grief-d3-v4,grief,sadness,sadness,false,1,a,random
B-loathing-d1-v1,loathing,anger,anger,false,1,a,random
B-loathing-d1-v2,loathing,anger,anger,false,1,a,random
B-loathing-d1-v3,loathing,anger,anger,false,1,a,random
B-loathing-d1-v4,loathing,anger,anger,false,1,a,random
B-loathing-d2-v1,loathing,fear,fear,false,1,a,random
B-loathing-d2-v2,loathing,disgust,disgust,false,1,a,random
B-loathing-d2-v3,loathing,fear,fear,false,1,a,random
B-loathing-d2-v4,loathing,disgust,disgust,false,1,a,random
B-loathing-d3-v1,loathing,anger,anger,false,1,a,random
B-loathing-d3-v2,loathing,anger,anger,false,1,a,random
B-loathing-d3-v3,loathing,anger,anger,false,1,a,random
B-loathing-d3-v4,loathing,anger,anger,false,1,a,random
B-rage-d1-v1,rage,anger,anger,false,1,a,random
B-rage-d1-v2,rage,anger,anger,false,1,a,random
B-rage-d1-v3,rage,anger,anger,false,1,a,random
B-rage-d1-v4,rage,anger,anger,false,1,a,random
B-rage-d2-v1,rage,anger,anger,false,1,a,random
B-rage-d2-v2,rage,anger,anger,false,1,a,random
B-rage-d2-v3,rage,anger,anger,false,1,a,random
B-rage-d2-v4,rage,anger,anger,false,1,a,random
B-rage-d3-v1,rage,anger,anger,false,1,a,random
B-rage-d3-v2,rage,fear,fear,false,1,a,random
B-rage-d3-v3,rage,anger,anger,false,1,a,random
B-rage-d3-v4,rage,fear,fear,false,1,a,random
B-terror-d1-v1,terror,fear,fear,false,1,a,random
B-terror-d1-v2,terror,fear,fear,false,1,a,random
B-terror-d1-v3,terror,fear,fear,false,1,a,random
B-terror-d1-v4,terror,fear,fear,false,1,a,random
B-terror-d2-v1,terror,fear,fear,false,1,a,random
B-terror-d2-v2,terror,fear,fear,false,1,a,random
B-terror-d2-v3,terror,fear,fear,false,1,a,random
B-terror-d2-v4,terror,fear,fear,false,1,a,random
B-terror-d3-v1,terror,fear,fear,false,1,a,random
B-terror-d3-v2,terror,fear,fear,false,1,a,random
B-terror-d3-v3,terror,fear,fear,false,1,a,random
B-terror-d3-v4,terror,fear,fear,false,1,a,random
B-vigilance-d1-v1,vigilance,fear,fear,false,1,a,random
B-vigilance-d1-v2,vigilance,fear,fear,false,1,a,random
B-vigilance-d1-v3,vigilance,fear,fear,false,1,a,random
B-vigilance-d1-v4,vigilance,fear,fear,false,1,a,random
B-vigilance-d2-v1,vigilance,anxiety,anxiety,false,1,a,random
B-vigilance-d2-v2,vigilance,anxiety,anxiety,false,1,a,random
B-vigilance-d2-v3,vigilance,excitement,anxiety,true,1,a,random
B-vigilance-d2-v4,vigilance,concentration,concentration,false,1,a,random
B-vigilance-d3-v1,vigilance,anticipation,anticipation,false,1,a,random
B-vigilance-d3-v2,vigilance,fear,fear,false,1,a,random
B-vigilance-d3-v3,vigilance,fear,fear,false,1,a,random
B-vigilance-d3-v4,vigilance,fear,fear,false,1,a,random
B-admiration-d1-v1,admiration,admiration,admiration,false,2,a,random
B-admiration-d1-v2,admiration,pride,pride,false,2,a,random
B-admiration-d1-v3,admiration,respect,pride,true,2,a,random
B-admiration-d1-v4,admiration,admiration,admiration,false,2,a,random
B-admiration-d2-v1,admiration,anger,anger,false,2,a,random
B-admiration-d2-v2,admiration,sadness,sadness,false,2,a,random
B-admiration-d2-v3,admiration,guilt,guilt,false,2,a,random
B-admiration-d2-v4,admiration,pride,pride,false,2,a,random
B-admiration-d3-v1,admiration,pride,pride,false,2,a,random
B-admiration-d3-v2,admiration,determination,determination,false,2,a,random
B-admiration-d3-v3,admiration,determination,determination,false,2,a,random
B-admiration-d3-v4,admiration,compassion,compassion,false,2,a,random
B-amazement-d1-v1,amazement,fear,fear,false,2,a,random
B-amazement-d1-v2,amazement,fear,fear,false,2,a,random
B-amazement-d1-v3,amazement,fear,fear,false,2,a,random
B-amazement-d1-v4,amazement,fear,fear,false,2,a,random
B-amazement-d2-v1,amazement,fear,fear,false,2,a,random
B-amazement-d2-v2,amazement,awe,awe,false,2,a,random
B-amazement-d2-v3,amazement,relief,relief,false,2,a,random
B-amazement-d2-v4,amazement,relief,relief,false,2,a,random
B-amazement-d3-v1,amazement,pride,pride,false,2,a,random
B-amazement-d3-v2,amazement,excitement,excitement,false,2,a,random
B-amazement-d3-v3,amazement,relief,relief,false,2,a,random
B-amazement-d3-v4,amazement,surprise,surprise,false,2,a,random
B-ecstasy-d1-v1,ecstasy,joy,joy,false,2,a,random
B-ecstasy-d1-v2,ecstasy,fear,fear,false,2,a,random
B-ecstasy-d1-v3,ecstasy,pride,pride,false,2,a,random
B-ecstasy-d1-v4,ecstasy,pride,pride,false,2,a,random
B-ecstasy-d2-v1,ecstasy,happiness,happiness,false,2,a,random
B-ecstasy-d2-v2,ecstasy,happiness,happiness,false,2,a,random
B-ecstasy-d2-v3,ecstasy,sadness,sadness,false,2,a,random
B-ecstasy-d2-v4,ecstasy,happiness,happiness,false,2,a,random
B-ecstasy-d3-v1,ecstasy,joy,joy,false,2,a,random
B-ecstasy-d3-v2,ecstasy,wonder,wonder,false,2,a,random
B-ecstasy-d3-v3,ecstasy,excitement,excitement,false,2,a,random
B-ecstasy-d3-v4,ecstasy,excitement,excitement,false,2,a,random
B-grief-d1-v1,grief,sadness,sadness,false,2,a,random
B-grief-d1-v2,grief,sadness,sadness,false,2,a,random
B-grief-d1-v3,grief,sadness,sadness,false,2,a,random
B-grief-d1-v4,grief,sadness,sadness,false,2,a,random
B-grief-d2-v1,grief,sadness,sadness,false,2,a,random
B-grief-d2-v2,grief,sadness,sadness,false,2,a,random
B-grief-d2-v3,grief,sadness,sadness,false,2,a,random
B-grief-d2-v4,grief,sadness,sadness,false,2,a,random
B-grief-d3-v1,grief,anger,anger,false,2,a,random
B-grief-d3-v2,grief,sadness,sadness,false,2,a,random
B-grief-d3-v3,grief,sadness,sadness,false,2,a,random
B-grief-d3-v4,grief,sadness,sadness,false,2,a,random
B-loathing-d1-v1,loathing,anger,anger,false,2,a,random
B-loathing-d1-v2,loathing,anger,anger,false,2,a,random
B-loathing-d1-v3,loathing,anger,anger,false,2,a,random
B-loathing-d1-v4,loathing,anger,anger,false,2,a,random
B-loathing-d2-v1,loathing,fear,fear,false,2,a,random
B-loathing-d2-v2,loathing,disgust,disgust,false,2,a,random
B-loathing-d2-v3,loathing,fear,fear,false,2,a,random
B-loathing-d2-v4,loathing,disgust,disgust,false,2,a,random
B-loathing-d3-v1,loathing,anger,anger,false,2,a,random
B-loathing-d3-v2,loathing,anger,anger,false,2,a,random
B-loathing-d3-v3,loathing,anger,anger,false,2,a,random
B-loathing-d3-v4,loathing,anger,anger,false,2,a,random
B-rage-d1-v1,rage,anger,anger,false,2,a,random
B-rage-d1-v2,rage,anger,anger,false,2,a,random
B-rage-d1-v3,rage,anger,anger,false,2,a,random
B-rage-d1-v4,rage,anger,anger,false,2,a,random
B-rage-d2-v1,rage,anger,anger,false,2,a,random
B-rage-d2-v2,rage,anger,anger,false,2,a,random
B-rage-d2-v3,rage,anger,anger,false,2,a,random
B-rage-d2-v4,rage,anger,anger,false,2,a,random
B-rage-d3-v1,rage,anger,anger,false,2,a,random
B-rage-d3-v2,rage,fear,fear,false,2,a,random
B-rage-d3-v3,rage,anger,anger,false,2,a,random
B-rage-d3-v4,rage,fear,fear,false,2,a,random
B-terror-d1-v1,terror,fear,fear,false,2,a,random
B-terror-d1-v2,terror,fear,fear,false,2,a,random
B-terror-d1-v3,terror,fear,fear,false,2,a,random
B-terror-d1-v4,terror,fear,fear,false,2,a,random
B-terror-d2-v1,terror,fear,fear,false,2,a,random
B-terror-d2-v2,terror,fear,fear,false,2,a,random
B-terror-d2-v3,terror,fear,fear,false,2,a,random
B-terror-d2-v4,terror,fear,fear,false,2,a,random
B-terror-d3-v1,terror,fear,fear,false,2,a,random
B-terror-d3-v2,terror,fear,fear,false,2,a,random
B-terror-d3-v3,terror,fear,fear,false,2,a,random
B-terror-d3-v4,terror,fear,fear,false,2,a,random
B-vigilance-d1-v1,vigilance,fear,fear,false,2,a,random
B-vigilance-d1-v2,vigilance,fear,fear,false,2,a,random
B-vigilance-d1-v3,vigilance,fear,fear,false,2,a,random
B-vigilance-d1-v4,vigilance,fear,fear,false,2,a,random
B-vigilance-d2-v1,vigilance,anxiety,anxiety,false,2,a,random
B-vigilance-d2-v2,vigilance,anxiety,anxiety,false,2,a,random
B-vigilance-d2-v3,vigilance,excitement,excitement,false,2,a,random
B-vigilance-d2-v4,vigilance,concentration,concentration,false,2,a,random
B-vigilance-d3-v1,vigilance,anticipation,anticipation,false,2,a,random
B-vigilance-d3-v2,vigilance,fear,fear,false,2,a,random
B-vigilance-d3-v3,vigilance,fear,fear,false,2,a,random
B-vigilance-d3-v4,vigilance,fear,fear,false,2,a,random
B-admiration-d1-v1,admiration,admiration,admiration,false,3,a,random
B-admiration-d1-v2,admiration,pride,pride,false,3,a,random
B-admiration-d1-v3,admiration,respect,respect,false,3,a,random
B-admiration-d1-v4,admiration,admiration,admiration,false,3,a,random
B-admiration-d2-v1,admiration,anger,anger,false,3,a,random
B-admiration-d2-v2,admiration,sadness,sadness,false,3,a,random
B-admiration-d2-v3,admiration,guilt,guilt,false,3,a,random
B-admiration-d2-v4,admiration,pride,pride,false,3,a,random
B-admiration-d3-v1,admiration,pride,pride,false,3,a,random
B-admiration-d3-v2,admiration,determination,determination,false,3,a,random
B-admiration-d3-v3,admiration,determination,determination,false,3,a,random
B-admiration-d3-v4,admiration,compassion,compassion,false,3,a,random
B-amazement-d1-v1,amazement,fear,fear,false,3,a,random
B-amazement-d1-v2,amazement,fear,fear,false,3,a,random
B-amazement-d1-v3,amazement,fear,fear,false,3,a,random
B-amazement-d1-v4,amazement,fear,fear,false,3,a,random
B-amazement-d2-v1,amazement,fear,fear,false,3,a,random
B-amazement-d2-v2,amazement,awe,awe,false,3,a,random
B-amazement-d2-v3,amazement,relief,relief,false,3,a,random
B-amazement-d2-v4,amazement,relief,relief,false,3,a,random
B-amazement-d3-v1,amazement,pride,pride,false,3,a,random
B-amazement-d3-v2,amazement,excitement,awe,true,3,a,random
B-amazement-d3-v3,amazement,relief,relief,false,3,a,random
B-amazement-d3-v4,amazement,surprise,surprise,false,3,a,random
B-ecstasy-d1-v1,ecstasy,joy,joy,false,3,a,random
B-ecstasy-d1-v2,ecstasy,fear,fear,false,3,a,random
B-ecstasy-d1-v3,ecstasy,pride,pride,false,3,a,random
B-ecstasy-d1-v4,ecstasy,pride,pride,false,3,a,random
B-ecstasy-d2-v1,ecstasy,happiness,joy,true,3,a,random
B-ecstasy-d2-v2,ecstasy,happiness,happiness,false,3,a,random
B-ecstasy-d2-v3,ecstasy,sadness,sadness,false,3,a,random
B-ecstasy-d2-v4,ecstasy,happiness,happiness,false,3,a,random
B-ecstasy-d3-v1,ecstasy,joy,joy,false,3,a,random
B-ecstasy-d3-v2,ecstasy,wonder,wonder,false,3,a,random
B-ecstasy-d3-v3,ecstasy,excitement,excitement,false,3,a,random
B-ecstasy-d3-v4,ecstasy,excitement,excitement,false,3,a,random
B-grief-d1-v1,grief,sadness,sadness,false,3,a,random
B-grief-d1-v2,grief,sadness,sadness,false,3,a,random
B-grief-d1-v3,grief,sadness,sadness,false,3,a,random
B-grief-d1-v4,grief,sadness,sadness,false,3,a,random
B-grief-d2-v1,grief,sadness,sadness,false,3,a,random
B-grief-d2-v2,grief,sadness,sadness,false,3,a,random
B-grief-d2-v3,grief,sadness,sadness,false,3,a,random
B-grief-d2-v4,grief,sadness,sadness,false,3,a,random
B-grief-d3-v1,grief,anger,anger,false,3,a,random
B-grief-d3-v2,grief,sadness,sadness,false,3,a,random
B-grief-d3-v3,grief,sadness,sadness,false,3,a,random
B-grief-d3-v4,grief,sadness,sadness,false,3,a,random
B-loathing-d1-v1,loathing,anger,anger,false,3,a,random
B-loathing-d1-v2,loathing,anger,anger,false,3,a,random
B-loathing-d1-v3,loathing,anger,anger,false,3,a,random
B-loathing-d1-v4,loathing,anger,anger,false,3,a,random
B-loathing-d2-v1,loathing,fear,fear,false,3,a,random
B-loathing-d2-v2,loathing,disgust,disgust,false,3,a,random
B-loathing-d2-v3,loathing,fear,fear,false,3,a,random
B-loathing-d2-v4,loathing,disgust,disgust,false,3,a,random
B-loathing-d3-v1,loathing,anger,anger,false,3,a,random
B-loathing-d3-v2,loathing,anger,anger,false,3,a,random
B-loathing-d3-v3,loathing,anger,anger,false,3,a,random
B-loathing-d3-v4,loathing,anger,anger,false,3,a,random
B-rage-d1-v1,rage,anger,anger,false,3,a,random
B-rage-d1-v2,rage,anger,anger,false,3,a,random
B-rage-d1-v3,rage,anger,anger,false,3,a,random
B-rage-d1-v4,rage,anger,anger,false,3,a,random
B-rage-d2-v1,rage,anger,anger,false,3,a,random
B-rage-d2-v2,rage,anger,anger,false,3,a,random
B-rage-d2-v3,rage,anger,anger,false,3,a,random
B-rage-d2-v4,rage,anger,anger,false,3,a,random
B-rage-d3-v1,rage,anger,anger,false,3,a,random
B-rage-d3-v2,rage,fear,fear,false,3,a,random
B-rage-d3-v3,rage,anger,anger,false,3,a,random
B-rage-d3-v4,rage,fear,fear,false,3,a,random
B-terror-d1-v1,terror,fear,fear,false,3,a,random
B-terror-d1-v2,terror,fear,fear,false,3,a,random
B-terror-d1-v3,terror,fear,fear,false,3,a,random
B-terror-d1-v4,terror,fear,fear,false,3,a,random
B-terror-d2-v1,terror,fear,fear,false,3,a,random
B-terror-d2-v2,terror,fear,fear,false,3,a,random
B-terror-d2-v3,terror,fear,fear,false,3,a,random
B-terror-d2-v4,terror,fear,fear,false,3,a,random
B-terror-d3-v1,terror,fear,fear,false,3,a,random
B-terror-d3-v2,terror,fear,fear,false,3,a,random
B-terror-d3-v3,terror,fear,fear,false,3,a,random
B-terror-d3-v4,terror,fear,fear,false,3,a,random
B-vigilance-d1-v1,vigilance,fear,fear,false,3,a,random
B-vigilance-d1-v2,vigilance,fear,fear,false,3,a,random
B-vigilance-d1-v3,vigilance,fear,fear,false,3,a,random
B-vigilance-d1-v4,vigilance,fear,fear,false,3,a,random
B-vigilance-d2-v1,vigilance,anxiety,anxiety,false,3,a,random
B-vigilance-d2-v2,vigilance,anxiety,anxiety,false,3,a,random
B-vigilance-d2-v3,vigilance,excitement,excitement,false,3,a,random
B-vigilance-d2-v4,vigilance,concentration,concentration,false,3,a,random
B-vigilance-d3-v1,vigilance,anticipation,anticipation,false,3,a,random
B-vigilance-d3-v2,vigilance,fear,fear,false,3,a,random
B-vigilance-d3-v3,vigilance,fear,fear,false,3,a,random
B-vigilance-d3-v4,vigilance,fear,fear,false,3,a,random
B-admiration-d1-v1,admiration,admiration,admiration,false,4,a,random
B-admiration-d1-v2,admiration,pride,pride,false,4,a,random
B-admiration-d1-v3,admiration,respect,pride,true,4,a,random
B-admiration-d1-v4,admiration,admiration,admiration,false,4,a,random
B-admiration-d2-v1,admiration,anger,anger,false,4,a,random
B-admiration-d2-v2,admiration,sadness,sadness,false,4,a,random
B-admiration-d2-v3,admiration,guilt,guilt,false,4,a,random
B-admiration-d2-v4,admiration,pride,pride,false,4,a,random
B-admiration-d3-v1,admiration,pride,pride,false,4,a,random
B-admiration-d3-v2,admiration,determination,determination,false,4,a,random
B-admiration-d3-v3,admiration,determination,determination,false,4,a,random
B-admiration-d3-v4,admiration,compassion,compassion,false,4,a,random
B-amazement-d1-v1,amazement,fear,fear,false,4,a,random
B-amazement-d1-v2,amazement,fear,fear,false,4,a,random
B-amazement-d1-v3,amazement,fear,fear,false,4,a,random
B-amazement-d1-v4,amazement,fear,fear,false,4,a,random
B-amazement-d2-v1,amazement,fear,fear,false,4,a,random
B-amazement-d2-v2,amazement,awe,awe,false,4,a,random
B-amazement-d2-v3,amazement,relief,relief,false,4,a,random
B-amazement-d2-v4,amazement,relief,relief,false,4,a,random
B-amazement-d3-v1,amazement,pride,pride,false,4,a,random
B-amazement-d3-v2,amazement,excitement,excitement,false,4,a,random
B-amazement-d3-v3,amazement,relief,relief,false,4,a,random
B-amazement-d3-v4,amazement,surprise,surprise,false,4,a,random
B-ecstasy-d1-v1,ecstasy,joy,joy,false,4,a,random
B-ecstasy-d1-v2,ecstasy,fear,fear,false,4,a,random
B-ecstasy-d1-v3,ecstasy,pride,pride,false,4,a,random
B-ecstasy-d1-v4,ecstasy,pride,pride,false,4,a,random
B-ecstasy-d2-v1,ecstasy,happiness,happiness,false,4,a,random
B-ecstasy-d2-v2,ecstasy,happiness,happiness,false,4,a,random
B-ecstasy-d2-v3,ecstasy,sadness,sadness,false,4,a,random
B-ecstasy-d2-v4,ecstasy,happiness,happiness,false,4,a,random
B-ecstasy-d3-v1,ecstasy,joy,joy,false,4,a,random
B-ecstasy-d3-v2,ecstasy,wonder,wonder,false,4,a,random
B-ecstasy-d3-v3,ecstasy,excitement,excitement,false,4,a,random
B-ecstasy-d3-v4,ecstasy,excitement,excitement,false,4,a,random
B-grief-d1-v1,grief,sadness,sadness,false,4,a,random
B-grief-d1-v2,grief,sadness,sadness,false,4,a,random
B-grief-d1-v3,grief,sadness,sadness,false,4,a,random
B-grief-d1-v4,grief,sadness,sadness,false,4,a,random
B-grief-d2-v1,grief,sadness,sadness,false,4,a,random
B-grief-d2-v2,grief,sadness,sadness,false,4,a,random
B-grief-d2-v3,grief,sadness,sadness,false,4,a,random
B-grief-d2-v4,grief,sadness,sadness,false,4,a,random
B-grief-d3-v1,grief,anger,anger,false,4,a,random
B-grief-d3-v2,grief,sadness,sadness,false,4,a,random
B-grief-d3-v3,grief,sadness,sadness,false,4,a,random
B-grief-d3-v4,grief,sadness,sadness,false,4,a,random
B-loathing-d1-v1,loathing,anger,anger,false,4,a,random
B-loathing-d1-v2,loathing,anger,anger,false,4,a,random
B-loathing-d1-v3,loathing,anger,anger,false,4,a,random
B-loathing-d1-v4,loathing,anger,anger,false,4,a,random
B-loathing-d2-v1,loathing,fear,fear,false,4,a,random
B-loathing-d2-v2,loathing,disgust,disgust,false,4,a,random
B-loathing-d2-v3,loathing,fear,fear,false,4,a,random
B-loathing-d2-v4,loathing,disgust,disgust,false,4,a,random
B-loathing-d3-v1,loathing,anger,anger,false,4,a,random
B-loathing-d3-v2,loathing,anger,anger,false,4,a,random
B-loathing-d3-v3,loathing,anger,anger,false,4,a,random
B-loathing-d3-v4,loathing,anger,anger,false,4,a,random
B-rage-d1-v1,rage,anger,anger,false,4,a,random
B-rage-d1-v2,rage,anger,anger,false,4,a,random
B-rage-d1-v3,rage,anger,anger,false,4,a,random
B-rage-d1-v4,rage,anger,anger,false,4,a,random
B-rage-d2-v1,rage,anger,anger,false,4,a,random
B-rage-d2-v2,rage,anger,anger,false,4,a,random
B-rage-d2-v3,rage,anger,anger,false,4,a,random
B-rage-d2-v4,rage,anger,anger,false,4,a,random
B-rage-d3-v1,rage,anger,anger,false,4,a,random
B-rage-d3-v2,rage,fear,fear,false,4,a,random
B-rage-d3-v3,rage,anger,anger,false,4,a,random
B-rage-d3-v4,rage,fear,fear,false,4,a,random
B-terror-d1-v1,terror,fear,fear,false,4,a,random
B-terror-d1-v2,terror,fear,fear,false,4,a,random
B-terror-d1-v3,terror,fear,fear,false,4,a,random
B-terror-d1-v4,terror,fear,fear,false,4,a,random
B-terror-d2-v1,terror,fear,fear,false,4,a,random
B-terror-d2-v2,terror,fear,fear,false,4,a,random
B-terror-d2-v3,terror,fear,fear,false,4,a,random
B-terror-d2-v4,terror,fear,fear,false,4,a,random
B-terror-d3-v1,terror,fear,fear,false,4,a,random
B-terror-d3-v2,terror,fear,fear,false,4,a,random
B-terror-d3-v3,terror,fear,fear,false,4,a,random
B-terror-d3-v4,terror,fear,fear,false,4,a,random
B-vigilance-d1-v1,vigilance,fear,fear,false,4,a,random
B-vigilance-d1-v2,vigilance,fear,fear,false,4,a,random
B-vigilance-d1-v3,vigilance,fear,fear,false,4,a,random
B-vigilance-d1-v4,vigilance,fear,fear,false,4,a,random
B-vigilance-d2-v1,vigilance,anxiety,anxiety,false,4,a,random
B-vigilance-d2-v2,vigilance,anxiety,anxiety,false,4,a,random
B-vigilance-d2-v3,vigilance,excitement,excitement,false,4,a,random
B-vigilance-d2-v4,vigilance,concentration,concentration,false,4,a,random
B-vigilance-d3-v1,vigilance,anticipation,anticipation,false,4,a,random
B-vigilance-d3-v2,vigilance,fear,fear,false,4,a,random
B-vigilance-d3-v3,vigilance,fear,fear,false,4,a,random
B-vigilance-d3-v4,vigilance,fear,fear,false,4,a,random
B-admiration-d1-v1,admiration,admiration,admiration,false,5,a,random
B-admiration-d1-v2,admiration,pride,pride,false,5,a,random
B-admiration-d1-v3,admiration,respect,admiration,true,5,a,random
B-admiration-d1-v4,admiration,admiration,admiration,false,5,a,random
B-admiration-d2-v1,admiration,anger,anger,false,5,a,random
B-admiration-d2-v2,admiration,sadness,sadness,false,5,a,random
B-admiration-d2-v3,admiration,guilt,guilt,false,5,a,random
B-admiration-d2-v4,admiration,pride,pride,false,5,a,random
B-admiration-d3-v1,admiration,pride,pride,false,5,a,random
B-admiration-d3-v2,admiration,determination,determination,false,5,a,random
B-admiration-d3-v3,admiration,determination,determination,false,5,a,random
B-admiration-d3-v4,admiration,compassion,compassion,false,5,a,random
B-amazement-d1-v1,amazement,fear,fear,false,5,a,random
B-amazement-d1-v2,amazement,fear,fear,false,5,a,random
B-amazement-d1-v3,amazement,fear,fear,false,5,a,random
B-amazement-d1-v4,amazement,fear,fear,false,5,a,random
B-amazement-d2-v1,amazement,fear,fear,false,5,a,random
B-amazement-d2-v2,amazement,awe,awe,false,5,a,random
B-amazement-d2-v3,amazement,relief,relief,false,5,a,random
B-amazement-d2-v4,amazement,relief,relief,false,5,a,random
B-amazement-d3-v1,amazement,pride,pride,false,5,a,random
B-amazement-d3-v2,amazement,excitement,awe,true,5,a,random
B-amazement-d3-v3,amazement,relief,relief,false,5,a,random
B-amazement-d3-v4,amazement,surprise,surprise,false,5,a,random
B-ecstasy-d1-v1,ecstasy,joy,joy,false,5,a,random
B-ecstasy-d1-v2,ecstasy,fear,fear,false,5,a,random
B-ecstasy-d1-v3,ecstasy,pride,pride,false,5,a,random
B-ecstasy-d1-v4,ecstasy,pride,pride,false,5,a,random
B-ecstasy-d2-v1,ecstasy,happiness,joy,true,5,a,random
B-ecstasy-d2-v2,ecstasy,happiness,happiness,false,5,a,random
B-ecstasy-d2-v3,ecstasy,sadness,sadness,false,5,a,random
B-ecstasy-d2-v4,ecstasy,happiness,happiness,false,5,a,random
B-ecstasy-d3-v1,ecstasy,joy,joy,false,5,a,random
B-ecstasy-d3-v2,ecstasy,wonder,wonder,false,5,a,random
B-ecstasy-d3-v3,ecstasy,excitement,excitement,false,5,a,random
B-ecstasy-d3-v4,ecstasy,excitement,excitement,false,5,a,random
B-grief-d1-v1,grief,sadness,sadness,false,5,a,random
B-grief-d1-v2,grief,sadness,sadness,false,5,a,random
B-grief-d1-v3,grief,sadness,sadness,false,5,a,random
B-grief-d1-v4,grief,sadness,sadness,false,5,a,random
B-grief-d2-v1,grief,sadness,sadness,false,5,a,random
B-grief-d2-v2,grief,sadness,sadness,false,5,a,random
B-grief-d2-v3,grief,sadness,sadness,false,5,a,random
B-grief-d2-v4,grief,sadness,sadness,false,5,a,random
B-grief-d3-v1,grief,anger,anger,false,5,a,random
B-grief-d3-v2,grief,sadness,sadness,false,5,a,random
B-grief-d3-v3,grief,sadness,sadness,false,5,a,random
B-grief-d3-v4,grief,sadness,sadness,false,5,a,random
B-loathing-d1-v1,loathing,anger,anger,false,5,a,random
B-loathing-d1-v2,loathing,anger,anger,false,5,a,random
B-loathing-d1-v3,loathing,anger,anger,false,5,a,random
B-loathing-d1-v4,loathing,anger,anger,false,5,a,random
B-loathing-d2-v1,loathing,fear,fear,false,5,a,random
B-loathing-d2-v2,loathing,disgust,disgust,false,5,a,random
B-loathing-d2-v3,loathing,fear,fear,false,5,a,random
B-loathing-d2-v4,loathing,disgust,disgust,false,5,a,random
B-loathing-d3-v1,loathing,anger,anger,false,5,a,random
B-loathing-d3-v2,loathing,anger,anger,false,5,a,random
B-loathing-d3-v3,loathing,anger,anger,false,5,a,random
B-loathing-d3-v4,loathing,anger,anger,false,5,a,random
B-rage-d1-v1,rage,anger,anger,false,5,a,random
B-rage-d1-v2,rage,anger,anger,false,5,a,random
B-rage-d1-v3,rage,anger,anger,false,5,a,random
B-rage-d1-v4,rage,anger,anger,false,5,a,random
B-rage-d2-v1,rage,anger,anger,false,5,a,random
B-rage-d2-v2,rage,anger,anger,false,5,a,random
B-rage-d2-v3,rage,anger,anger,false,5,a,random
B-rage-d2-v4,rage,anger,anger,false,5,a,random
B-rage-d3-v1,rage,anger,anger,false,5,a,random
B-rage-d3-v2,rage,fear,fear,false,5,a,random
B-rage-d3-v3,rage,anger,anger,false,5,a,random
B-rage-d3-v4,rage,fear,anger,true,5,a,random
B-terror-d1-v1,terror,fear,fear,false,5,a,random
B-terror-d1-v2,terror,fear,fear,false,5,a,random
B-terror-d1-v3,terror,fear,fear,false,5,a,random
B-terror-d1-v4,terror,fear,fear,false,5,a,random
B-terror-d2-v1,terror,fear,fear,false,5,a,random
B-terror-d2-v2,terror,fear,fear,false,5,a,random
B-terror-d2-v3,terror,fear,fear,false,5,a,random
B-terror-d2-v4,terror,fear,fear,false,5,a,random
B-terror-d3-v1,terror,fear,fear,false,5,a,random
B-terror-d3-v2,terror,fear,fear,false,5,a,random
B-terror-d3-v3,terror,fear,fear,false,5,a,random
B-terror-d3-v4,terror,fear,fear,false,5,a,random
B-vigilance-d1-v1,vigilance,fear,fear,false,5,a,random
B-vigilance-d1-v2,vigilance,fear,fear,false,5,a,random
B-vigilance-d1-v3,vigilance,fear,fear,false,5,a,random
B-vigilance-d1-v4,vigilance,fear,fear,false,5,a,random
B-vigilance-d2-v1,vigilance,anxiety,anxiety,false,5,a,random
B-vigilance-d2-v2,vigilance,anxiety,anxiety,false,5,a,random
B-vigilance-d2-v3,vigilance,excitement,excitement,false,5,a,random
B-vigilance-d2-v4,vigilance,concentration,concentration,false,5,a,random
B-vigilance-d3-v1,vigilance,anticipation,anticipation,false,5,a,random
B-vigilance-d3-v2,vigilance,fear,fear,false,5,a,random
B-vigilance-d3-v3,vigilance,fear,fear,false,5,a,random
B-vigilance-d3-v4,vigilance,fear,fear,false,5,a,random
B-admiration-d1-v1,admiration,admiration,admiration,false,6,a,random
B-admiration-d1-v2,admiration,pride,pride,false,6,a,random
B-admiration-d1-v3,admiration,respect,pride,true,6,a,random
B-admiration-d1-v4,admiration,admiration,admiration,false,6,a,random
B-admiration-d2-v1,admiration,anger,anger,false,6,a,random
B-admiration-d2-v2,admiration,sadness,sadness,false,6,a,random
B-admiration-d2-v3,admiration,guilt,guilt,false,6,a,random
B-admiration-d2-v4,admiration,pride,pride,false,6,a,random
B-admiration-d3-v1,admiration,pride,pride,false,6,a,random
B-admiration-d3-v2,admiration,determination,determination,false,6,a,random
B-admiration-d3-v3,admiration,determination,determination,false,6,a,random
B-admiration-d3-v4,admiration,compassion,compassion,false,6,a,random
B-amazement-d1-v1,amazement,fear,fear,false,6,a,random
B-amazement-d1-v2,amazement,fear,fear,false,6,a,random
B-amazement-d1-v3,amazement,fear,fear,false,6,a,random
B-amazement-d1-v4,amazement,fear,fear,false,6,a,random
B-amazement-d2-v1,amazement,fear,fear,false,6,a,random
B-amazement-d2-v2,amazement,awe,awe,false,6,a,random
B-amazement-d2-v3,amazement,relief,relief,false,6,a,random
B-amazement-d2-v4,amazement,relief,relief,false,6,a,random
B-amazement-d3-v1,amazement,pride,pride,false,6,a,random
B-amazement-d3-v2,amazement,excitement,excitement,false,6,a,random
B-amazement-d3-v3,amazement,relief,relief,false,6,a,random
B-amazement-d3-v4,amazement,surprise,surprise,false,6,a,random
B-ecstasy-d1-v1,ecstasy,joy,joy,false,6,a,random
B-ecstasy-d1-v2,ecstasy,fear,fear,false,6,a,random
B-ecstasy-d1-v3,ecstasy,pride,pride,false,6,a,random
B-ecstasy-d1-v4,ecstasy,pride,pride,false,6,a,random
B-ecstasy-d2-v1,ecstasy,happiness,happiness,false,6,a,random
B-ecstasy-d2-v2,ecstasy,happiness,happiness,false,6,a,random
B-ecstasy-d2-v3,ecstasy,sadness,sadness,false,6,a,random
B-ecstasy-d2-v4,ecstasy,happiness,happiness,false,6,a,random
B-ecstasy-d3-v1,ecstasy,joy,joy,false,6,a,random
B-ecstasy-d3-v2,ecstasy,wonder,wonder,false,6,a,random
B-ecstasy-d3-v3,ecstasy,excitement,excitement,false,6,a,random
B-ecstasy-d3-v4,ecstasy,excitement,excitement,false,6,a,random
B-grief-d1-v1,grief,sadness,sadness,false,6,a,random
B-grief-d1-v2,grief,sadness,sadness,false,6,a,random
B-grief-d1-v3,grief,sadness,sadness,false,6,a,random
B-grief-d1-v4,grief,sadness,sadness,false,6,a,random
B-grief-d2-v1,grief,sadness,sadness,false,6,a,random
B-grief-d2-v2,grief,sadness,sadness,false,6,a,random
B-grief-d2-v3,grief,sadness,sadness,false,6,a,random
B-grief-d2-v4,grief,sadness,sadness,false,6,a,random
B-grief-d3-v1,grief,anger,anger,false,6,a,random
B-grief-d3-v2,grief,sadness,sadness,false,6,a,random
B-grief-d3-v3,grief,sadness,sadness,false,6,a,random
B-grief-d3-v4,grief,sadness,sadness,false,6,a,random
B-loathing-d1-v1,loathing,anger,anger,false,6,a,random
B-loathing-d1-v2,loathing,anger,anger,false,6,a,random
B-loathing-d1-v3,loathing,anger,anger,false,6,a,random
B-loathing-d1-v4,loathing,anger,anger,false,6,a,random
B-loathing-d2-v1,loathing,fear,fear,false,6,a,random
B-loathing-d2-v2,loathing,disgust,disgust,false,6,a,random
B-loathing-d2-v3,loathing,fear,fear,false,6,a,random
B-loathing-d2-v4,loathing,disgust,disgust,false,6,a,random
B-loathing-d3-v1,loathing,anger,anger,false,6,a,random
B-loathing-d3-v2,loathing,anger,anger,false,6,a,random
B-loathing-d3-v3,loathing,anger,anger,false,6,a,random
B-loathing-d3-v4,loathing,anger,anger,false,6,a,random
B-rage-d1-v1,rage,anger,anger,false,6,a,random
B-rage-d1-v2,rage,anger,anger,false,6,a,random
B-rage-d1-v3,rage,anger,anger,false,6,a,random
B-rage-d1-v4,rage,anger,anger,false,6,a,random
B-rage-d2-v1,rage,anger,anger,false,6,a,random
B-rage-d2-v2,rage,anger,anger,false,6,a,random
B-rage-d2-v3,rage,anger,anger,false,6,a,random
B-rage-d2-v4,rage,anger,anger,false,6,a,random
B-rage-d3-v1,rage,anger,anger,false,6,a,random
B-rage-d3-v2,rage,fear,fear,false,6,a,random
B-rage-d3-v3,rage,anger,anger,false,6,a,random
B-rage-d3-v4,rage,fear,fear,false,6,a,random
B-terror-d1-v1,terror,fear,fear,false,6,a,random
B-terror-d1-v2,terror,fear,fear,false,6,a,random
B-terror-d1-v3,terror,fear,fear,false,6,a,random
B-terror-d1-v4,terror,fear,fear,false,6,a,random
B-terror-d2-v1,terror,fear,fear,false,6,a,random
B-terror-d2-v2,terror,fear,fear,false,6,a,random
B-terror-d2-v3,terror,fear,fear,false,6,a,random
B-terror-d2-v4,terror,fear,fear,false,6,a,random
B-terror-d3-v1,terror,fear,fear,false,6,a,random
B-terror-d3-v2,terror,fear,fear,false,6,a,random
B-terror-d3-v3,terror,fear,fear,false,6,a,random
B-terror-d3-v4,terror,fear,fear,false,6,a,random
B-vigilance-d1-v1,vigilance,fear,fear,false,6,a,random
B-vigilance-d1-v2,vigilance,fear,fear,false,6,a,random
B-vigilance-d1-v3,vigilance,fear,anxiety,true,6,a,random
B-vigilance-d1-v4,vigilance,fear,fear,false,6,a,random
B-vigilance-d2-v1,vigilance,anxiety,anxiety,false,6,a,random
B-vigilance-d2-v2,vigilance,anxiety,fear,true,6,a,random
B-vigilance-d2-v3,vigilance,excitement,excitement,false,6,a,random
B-vigilance-d2-v4,vigilance,concentration,concentration,false,6,a,random
B-vigilance-d3-v1,vigilance,anticipation,anticipation,false,6,a,random
B-vigilance-d3-v2,vigilance,fear,fear,false,6,a,random
B-vigilance-d3-v3,vigilance,fear,fear,false,6,a,random
B-vigilance-d3-v4,vigilance,fear,fear,false,6,a,random
B-admiration-d1-v1,admiration,admiration,admiration,false,7,a,random
B-admiration-d1-v2,admiration,pride,pride,false,7,a,random
B-admiration-d1-v3,admiration,respect,respect,false,7,a,random
B-admiration-d1-v4,admiration,admiration,admiration,false,7,a,random
B-admiration-d2-v1,admiration,anger,anger,false,7,a,random
B-admiration-d2-v2,admiration,sadness,sadness,false,7,a,random
B-admiration-d2-v3,admiration,guilt,guilt,false,7,a,random
B-admiration-d2-v4,admiration,pride,pride,false,7,a,random
B-admiration-d3-v1,admiration,pride,pride,false,7,a,random
B-admiration-d3-v2,admiration,determination,determination,false,7,a,random
B-admiration-d3-v3,admiration,determination,determination,false,7,a,random
B-admiration-d3-v4,admiration,compassion,compassion,false,7,a,random
B-amazement-d1-v1,amazement,fear,fear,false,7,a,random
B-amazement-d1-v2,amazement,fear,fear,false,7,a,random
B-amazement-d1-v3,amazement,fear,fear,false,7,a,random
B-amazement-d1-v4,amazement,fear,fear,false,7,a,random
B-amazement-d2-v1,amazement,fear,fear,false,7,a,random
B-amazement-d2-v2,amazement,awe,awe,false,7,a,random
B-amazement-d2-v3,amazement,relief,relief,false,7,a,random
B-amazement-d2-v4,amazement,relief,relief,false,7,a,random
B-amazement-d3-v1,amazement,pride,pride,false,7,a,random
B-amazement-d3-v2,amazement,excitement,excitement,false,7,a,random
B-amazement-d3-v3,amazement,relief,relief,false,7,a,random
B-amazement-d3-v4,amazement,surprise,surprise,false,7,a,random
B-ecstasy-d1-v1,ecstasy,joy,joy,false,7,a,random
B-ecstasy-d1-v2,ecstasy,fear,fear,false,7,a,random
B-ecstasy-d1-v3,ecstasy,pride,pride,false,7,a,random
B-ecstasy-d1-v4,ecstasy,pride,pride,false,7,a,random
B-ecstasy-d2-v1,ecstasy,happiness,joy,true,7,a,random
B-ecstasy-d2-v2,ecstasy,happiness,happiness,false,7,a,random
B-ecstasy-d2-v3,ecstasy,sadness,sadness,false,7,a,random
B-ecstasy-d2-v4,ecstasy,happiness,happiness,false,7,a,random
B-ecstasy-d3-v1,ecstasy,joy,joy,false,7,a,random
B-ecstasy-d3-v2,ecstasy,wonder,awe,true,7,a,random
B-ecstasy-d3-v3,ecstasy,excitement,excitement,false,7,a,random
B-ecstasy-d3-v4,ecstasy,excitement,excitement,false,7,a,random
B-grief-d1-v1,grief,sadness,sadness,false,7,a,random
B-grief-d1-v2,grief,sadness,sadness,false,7,a,random
B-grief-d1-v3,grief,sadness,sadness,false,7,a,random
B-grief-d1-v4,grief,sadness,sadness,false,7,a,random
B-grief-d2-v1,grief,sadness,sadness,false,7,a,random
B-grief-d2-v2,grief,sadness,sadness,false,7,a,random
B-grief-d2-v3,grief,sadness,sadness,false,7,a,random
B-grief-d2-v4,grief,sadness,sadness,false,7,a,random
B-grief-d3-v1,grief,anger,anger,false,7,a,random
B-grief-d3-v2,grief,sadness,sadness,false,7,a,random
B-grief-d3-v3,grief,sadness,sadness,false,7,a,random
B-grief-d3-v4,grief,sadness,sadness,false,7,a,random
B-loathing-d1-v1,loathing,anger,anger,false,7,a,random
B-loathing-d1-v2,loathing,anger,anger,false,7,a,random
B-loathing-d1-v3,loathing,anger,anger,false,7,a,random
B-loathing-d1-v4,loathing,anger,anger,false,7,a,random
B-loathing-d2-v1,loathing,fear,disgust,true,7,a,random
B-loathing-d2-v2,loathing,disgust,disgust,false,7,a,random
B-loathing-d2-v3,loathing,fear,fear,false,7,a,random
B-loathing-d2-v4,loathing,disgust,disgust,false,7,a,random
B-loathing-d3-v1,loathing,anger,anger,false,7,a,random
B-loathing-d3-v2,loathing,anger,anger,false,7,a,random
B-loathing-d3-v3,loathing,anger,anger,false,7,a,random
B-loathing-d3-v4,loathing,anger,anger,false,7,a,random
B-rage-d1-v1,rage,anger,anger,false,7,a,random
B-rage-d1-v2,rage,anger,anger,false,7,a,random
B-rage-d1-v3,rage,anger,anger,false,7,a,random
B-rage-d1-v4,rage,anger,anger,false,7,a,random
B-rage-d2-v1,rage,anger,anger,false,7,a,random
B-rage-d2-v2,rage,anger,anger,false,7,a,random
B-rage-d2-v3,rage,anger,anger,false,7,a,random
B-rage-d2-v4,rage,anger,anger,false,7,a,random
B-rage-d3-v1,rage,anger,anger,false,7,a,random
B-rage-d3-v2,rage,fear,fear,false,7,a,random
B-rage-d3-v3,rage,anger,anger,false,7,a,random
B-rage-d3-v4,rage,fear,anger,true,7,a,random
B-terror-d1-v1,terror,fear,fear,false,7,a,random
B-terror-d1-v2,terror,fear,fear,false,7,a,random
B-terror-d1-v3,terror,fear,fear,false,7,a,random
B-terror-d1-v4,terror,fear,fear,false,7,a,random
B-terror-d2-v1,terror,fear,fear,false,7,a,random
B-terror-d2-v2,terror,fear,fear,false,7,a,random
B-terror-d2-v3,terror,fear,fear,false,7,a,random
B-terror-d2-v4,terror,fear,fear,false,7,a,random
B-terror-d3-v1,terror,fear,fear,false,7,a,random
B-terror-d3-v2,terror,fear,fear,false,7,a,random
B-terror-d3-v3,terror,fear,fear,false,7,a,random
B-terror-d3-v4,terror,fear,fear,false,7,a,random
B-vigilance-d1-v1,vigilance,fear,fear,false,7,a,random
B-vigilance-d1-v2,vigilance,fear,fear,false,7,a,random
B-vigilance-d1-v3,vigilance,fear,fear,false,7,a,random
B-vigilance-d1-v4,vigilance,fear,fear,false,7,a,random
B-vigilance-d2-v1,vigilance,anxiety,anxiety,false,7,a,random
B-vigilance-d2-v2,vigilance,anxiety,anxiety,false,7,a,random
B-vigilance-d2-v3,vigilance,excitement,excitement,false,7,a,random
B-vigilance-d2-v4,vigilance,concentration,concentration,false,7,a,random
B-vigilance-d3-v1,vigilance,anticipation,anticipation,false,7,a,random
B-vigilance-d3-v2,vigilance,fear,fear,false,7,a,random
B-vigilance-d3-v3,vigilance,fear,fear,false,7,a,random
B-vigilance-d3-v4,vigilance,fear,fear,false,7,a,random
B-admiration-d1-v1,admiration,admiration,admiration,false,8,a,random
B-admiration-d1-v2,admiration,pride,pride,false,8,a,random
B-admiration-d1-v3,admiration,respect,pride,true,8,a,random
B-admiration-d1-v4,admiration,admiration,admiration,false,8,a,random
B-admiration-d2-v1,admiration,anger,anger,false,8,a,random
B-admiration-d2-v2,admiration,sadness,sadness,false,8,a,random
B-admiration-d2-v3,admiration,guilt,guilt,false,8,a,random
B-admiration-d2-v4,admiration,pride,pride,false,8,a,random
B-admiration-d3-v1,admiration,pride,pride,false,8,a,random
B-admiration-d3-v2,admiration,determination,determination,false,8,a,random
B-admiration-d3-v3,admiration,determination,determination,false,8,a,random
B-admiration-d3-v4,admiration,compassion,compassion,false,8,a,random
B-amazement-d1-v1,amazement,fear,fear,false,8,a,random
B-amazement-d1-v2,amazement,fear,fear,false,8,a,random
B-amazement-d1-v3,amazement,fear,fear,false,8,a,random
B-amazement-d1-v4,amazement,fear,fear,false,8,a,random
B-amazement-d2-v1,amazement,fear,fear,false,8,a,random
B-amazement-d2-v2,amazement,awe,awe,false,8,a,random
B-amazement-d2-v3,amazement,relief,relief,false,8,a,random
B-amazement-d2-v4,amazement,relief,relief,false,8,a,random
B-amazement-d3-v1,amazement,pride,pride,false,8,a,random
B-amazement-d3-v2,amazement,excitement,excitement,false,8,a,random
B-amazement-d3-v3,amazement,relief,relief,false,8,a,random
B-amazement-d3-v4,amazement,surprise,surprise,false,8,a,random
B-ecstasy-d1-v1,ecstasy,joy,joy,false,8,a,random
B-ecstasy-d1-v2,ecstasy,fear,fear,false,8,a,random
B-ecstasy-d1-v3,ecstasy,pride,pride,false,8,a,random
B-ecstasy-d1-v4,ecstasy,pride,pride,false,8,a,random
B-ecstasy-d2-v1,ecstasy,happiness,joy,true,8,a,random
B-ecstasy-d2-v2,ecstasy,happiness,happiness,false,8,a,random
B-ecstasy-d2-v3,ecstasy,sadness,sadness,false,8,a,random
B-ecstasy-d2-v4,ecstasy,happiness,happiness,false,8,a,random
B-ecstasy-d3-v1,ecstasy,joy,joy,false,8,a,random
B-ecstasy-d3-v2,ecstasy,wonder,wonder,false,8,a,random
B-ecstasy-d3-v3,ecstasy,excitement,excitement,false,8,a,random
B-ecstasy-d3-v4,ecstasy,excitement,excitement,false,8,a,random
B-grief-d1-v1,grief,sadness,sadness,false,8,a,random
B-grief-d1-v2,grief,sadness,sadness,false,8,a,random
B-grief-d1-v3,grief,sadness,sadness,false,8,a,random
B-grief-d1-v4,grief,sadness,sadness,false,8,a,random
B-grief-d2-v1,grief,sadness,sadness,false,8,a,random
B-grief-d2-v2,grief,sadness,sadness,false,8,a,random
B-grief-d2-v3,grief,sadness,sadness,false,8,a,random
B-grief-d2-v4,grief,sadness,sadness,false,8,a,random
B-grief-d3-v1,grief,anger,anger,false,8,a,random
B-grief-d3-v2,grief,sadness,sadness,false,8,a,random
B-grief-d3-v3,grief,sadness,sadness,false,8,a,random
B-grief-d3-v4,grief,sadness,sadness,false,8,a,random
B-loathing-d1-v1,loathing,anger,anger,false,8,a,random
B-loathing-d1-v2,loathing,anger,anger,false,8,a,random
B-loathing-d1-v3,loathing,anger,anger,false,8,a,random
B-loathing-d1-v4,loathing,anger,anger,false,8,a,random
B-loathing-d2-v1,loathing,fear,fear,false,8,a,random
B-loathing-d2-v2,loathing,disgust,disgust,false,8,a,random
B-loathing-d2-v3,loathing,fear,fear,false,8,a,random
B-loathing-d2-v4,loathing,disgust,disgust,false,8,a,random
B-loathing-d3-v1,loathing,anger,anger,false,8,a,random
B-loathing-d3-v2,loathing,anger,anger,false,8,a,random
B-loathing-d3-v3,loathing,anger,anger,false,8,a,random
B-loathing-d3-v4,loathing,anger,anger,false,8,a,random
B-rage-d1-v1,rage,anger,anger,false,8,a,random
B-rage-d1-v2,rage,anger,anger,false,8,a,random
B-rage-d1-v3,rage,anger,anger,false,8,a,random
B-rage-d1-v4,rage,anger,anger,false,8,a,random
B-rage-d2-v1,rage,anger,anger,false,8,a,random
B-rage-d2-v2,rage,anger,anger,false,8,a,random
B-rage-d2-v3,rage,anger,anger,false,8,a,random
B-rage-d2-v4,rage,anger,anger,false,8,a,random
B-rage-d3-v1,rage,anger,anger,false,8,a,random
B-rage-d3-v2,rage,fear,fear,false,8,a,random
B-rage-d3-v3,rage,anger,anger,false,8,a,random
B-rage-d3-v4,rage,fear,fear,false,8,a,random
B-terror-d1-v1,terror,fear,fear,false,8,a,random
B-terror-d1-v2,terror,fear,fear,false,8,a,random
B-terror-d1-v3,terror,fear,fear,false,8,a,random
B-terror-d1-v4,terror,fear,fear,false,8,a,random
B-terror-d2-v1,terror,fear,fear,false,8,a,random
B-terror-d2-v2,terror,fear,fear,false,8,a,random
B-terror-d2-v3,terror,fear,fear,false,8,a,random
B-terror-d2-v4,terror,fear,fear,false,8,a,random
B-terror-d3-v1,terror,fear,fear,false,8,a,random
B-terror-d3-v2,terror,fear,fear,false,8,a,random
B-terror-d3-v3,terror,fear,fear,false,8,a,random
B-terror-d3-v4,terror,fear,fear,false,8,a,random
B-vigilance-d1-v1,vigilance,fear,fear,false,8,a,random
B-vigilance-d1-v2,vigilance,fear,fear,false,8,a,random
B-vigilance-d1-v3,vigilance,fear,fear,false,8,a,random
B-vigilance-d1-v4,vigilance,fear,fear,false,8,a,random
B-vigilance-d2-v1,vigilance,anxiety,anxiety,false,8,a,random
B-vigilance-d2-v2,vigilance,anxiety,anxiety,false,8,a,random
B-vigilance-d2-v3,vigilance,excitement,excitement,false,8,a,random
B-vigilance-d2-v4,vigilance,concentration,concentration,false,8,a,random
B-vigilance-d3-v1,vigilance,anticipation,anticipation,false,8,a,random
B-vigilance-d3-v2,vigilance,fear,fear,false,8,a,random
B-vigilance-d3-v3,vigilance,fear,fear,false,8,a,random
B-vigilance-d3-v4,vigilance,fear,fear,false,8,a,random
B-admiration-d1-v1,admiration,admiration,admiration,false,9,a,random
B-admiration-d1-v2,admiration,pride,pride,false,9,a,random
B-admiration-d1-v3,admiration,respect,respect,false,9,a,random
B-admiration-d1-v4,admiration,admiration,admiration,false,9,a,random
B-admiration-d2-v1,admiration,anger,anger,false,9,a,random
B-admiration-d2-v2,admiration,sadness,sadness,false,9,a,random
B-admiration-d2-v3,admiration,guilt,guilt,false,9,a,random
B-admiration-d2-v4,admiration,pride,pride,false,9,a,random
B-admiration-d3-v1,admiration,pride,pride,false,9,a,random
B-admiration-d3-v2,admiration,determination,determination,false,9,a,random
B-admiration-d3-v3,admiration,determination,determination,false,9,a,random
B-admiration-d3-v4,admiration,compassion,compassion,false,9,a,random
B-amazement-d1-v1,amazement,fear,fear,false,9,a,random
B-amazement-d1-v2,amazement,fear,fear,false,9,a,random
B-amazement-d1-v3,amazement,fear,fear,false,9,a,random
B-amazement-d1-v4,amazement,fear,fear,false,9,a,random
B-amazement-d2-v1,amazement,fear,fear,false,9,a,random
B-amazement-d2-v2,amazement,awe,awe,false,9,a,random
B-amazement-d2-v3,amazement,relief,relief,false,9,a,random
B-amazement-d2-v4,amazement,relief,relief,false,9,a,random
B-amazement-d3-v1,amazement,pride,pride,false,9,a,random
B-amazement-d3-v2,amazement,excitement,excitement,false,9,a,random
B-amazement-d3-v3,amazement,relief,relief,false,9,a,random
B-amazement-d3-v4,amazement,surprise,surprise,false,9,a,random
B-ecstasy-d1-v1,ecstasy,joy,joy,false,9,a,random
B-ecstasy-d1-v2,ecstasy,fear,fear,false,9,a,random
B-ecstasy-d1-v3,ecstasy,pride,joy,true,9,a,random
B-ecstasy-d1-v4,ecstasy,pride,pride,false,9,a,random
B-ecstasy-d2-v1,ecstasy,happiness,happiness,false,9,a,random
B-ecstasy-d2-v2,ecstasy,happiness,happiness,false,9,a,random
B-ecstasy-d2-v3,ecstasy,sadness,sadness,false,9,a,random
B-ecstasy-d2-v4,ecstasy,happiness,happiness,false,9,a,random
B-ecstasy-d3-v1,ecstasy,joy,joy,false,9,a,random
B-ecstasy-d3-v2,ecstasy,wonder,wonder,false,9,a,random
B-ecstasy-d3-v3,ecstasy,excitement,excitement,false,9,a,random
B-ecstasy-d3-v4,ecstasy,excitement,excitement,false,9,a,random
B-grief-d1-v1,grief,sadness,sadness,false,9,a,random
B-grief-d1-v2,grief,sadness,sadness,false,9,a,random
B-grief-d1-v3,grief,sadness,sadness,false,9,a,random
B-grief-d1-v4,grief,sadness,sadness,false,9,a,random
B-grief-d2-v1,grief,sadness,sadness,false,9,a,random
B-grief-d2-v2,grief,sadness,sadness,false,9,a,random
B-grief-d2-v3,grief,sadness,sadness,false,9,a,random
B-grief-d2-v4,grief,sadness,sadness,false,9,a,random
B-grief-d3-v1,grief,anger,anger,false,9,a,random
B-grief-d3-v2,grief,sadness,sadness,false,9,a,random
B-grief-d3-v3,grief,sadness,sadness,false,9,a,random
B-grief-d3-v4,grief,sadness,sadness,false,9,a,random
B-loathing-d1-v1,loathing,anger,anger,false,9,a,random
B-loathing-d1-v2,loathing,anger,anger,false,9,a,random
B-loathing-d1-v3,loathing,anger,anger,false,9,a,random
B-loathing-d1-v4,loathing,anger,anger,false,9,a,random
B-loathing-d2-v1,loathing,fear,fear,false,9,a,random
B-loathing-d2-v2,loathing,disgust,disgust,false,9,a,random
B-loathing-d2-v3,loathing,fear,fear,false,9,a,random
B-loathing-d2-v4,loathing,disgust,disgust,false,9,a,random
B-loathing-d3-v1,loathing,anger,anger,false,9,a,random
B-loathing-d3-v2,loathing,anger,anger,false,9,a,random
B-loathing-d3-v3,loathing,anger,anger,false,9,a,random
B-loathing-d3-v4,loathing,anger,anger,false,9,a,random
B-rage-d1-v1,rage,anger,anger,false,9,a,random
B-rage-d1-v2,rage,anger,anger,false,9,a,random
B-rage-d1-v3,rage,anger,anger,false,9,a,random
B-rage-d1-v4,rage,anger,anger,false,9,a,random
B-rage-d2-v1,rage,anger,anger,false,9,a,random
B-rage-d2-v2,rage,anger,anger,false,9,a,random
B-rage-d2-v3,rage,anger,anger,false,9,a,random
B-rage-d2-v4,rage,anger,anger,false,9,a,random
B-rage-d3-v1,rage,anger,anger,false,9,a,random
B-rage-d3-v2,rage,fear,fear,false,9,a,random
B-rage-d3-v3,rage,anger,anger,false,9,a,random
B-rage-d3-v4,rage,fear,fear,false,9,a,random
B-terror-d1-v1,terror,fear,fear,false,9,a,random
B-terror-d1-v2,terror,fear,fear,false,9,a,random
B-terror-d1-v3,terror,fear,fear,false,9,a,random
B-terror-d1-v4,terror,fear,fear,false,9,a,random
B-terror-d2-v1,terror,fear,fear,false,9,a,random
B-terror-d2-v2,terror,fear,fear,false,9,a,random
B-terror-d2-v3,terror,fear,fear,false,9,a,random
B-terror-d2-v4,terror,fear,fear,false,9,a,random
B-terror-d3-v1,terror,fear,fear,false,9,a,random
B-terror-d3-v2,terror,fear,fear,false,9,a,random
B-terror-d3-v3,terror,fear,fear,false,9,a,random
B-terror-d3-v4,terror,fear,fear,false,9,a,random
B-vigilance-d1-v1,vigilance,fear,fear,false,9,a,random
B-vigilance-d1-v2,vigilance,fear,fear,false,9,a,random
B-vigilance-d1-v3,vigilance,fear,fear,false,9,a,random
B-vigilance-d1-v4,vigilance,fear,fear,false,9,a,random
B-vigilance-d2-v1,vigilance,anxiety,anxiety,false,9,a,random
B-vigilance-d2-v2,vigilance,anxiety,anxiety,false,9,a,random
B-vigilance-d2-v3,vigilance,excitement,excitement,false,9,a,random
B-vigilance-d2-v4,vigilance,concentration,concentration,false,9,a,random
B-vigilance-d3-v1,vigilance,anticipation,anticipation,false,9,a,random
B-vigilance-d3-v2,vigilance,fear,fear,false,9,a,random
B-vigilance-d3-v3,vigilance,fear,fear,false,9,a,random
B-vigilance-d3-v4,vigilance,fear,fear,false,9,a,random
B-admiration-d1-v1,admiration,admiration,admiration,false,10,a,random
B-admiration-d1-v2,admiration,pride,pride,false,10,a,random
B-admiration-d1-v3,admiration,respect,respect,false,10,a,random
B-admiration-d1-v4,admiration,admiration,admiration,false,10,a,random
B-admiration-d2-v1,admiration,anger,anger,false,10,a,random
B-admiration-d2-v2,admiration,sadness,sadness,false,10,a,random
B-admiration-d2-v3,admiration,guilt,guilt,false,10,a,random
B-admiration-d2-v4,admiration,pride,pride,false,10,a,random
B-admiration-d3-v1,admiration,pride,pride,false,10,a,random
B-admiration-d3-v2,admiration,determination,determination,false,10,a,random
B-admiration-d3-v3,admiration,determination,determination,false,10,a,random
B-admiration-d3-v4,admiration,compassion,compassion,false,10,a,random
B-amazement-d1-v1,amazement,fear,fear,false,10,a,random
B-amazement-d1-v2,amazement,fear,fear,false,10,a,random
B-amazement-d1-v3,amazement,fear,fear,false,10,a,random
B-amazement-d1-v4,amazement,fear,fear,false,10,a,random
B-amazement-d2-v1,amazement,fear,fear,false,10,a,random
B-amazement-d2-v2,amazement,awe,awe,false,10,a,random
B-amazement-d2-v3,amazement,relief,relief,false,10,a,random
B-amazement-d2-v4,amazement,relief,relief,false,10,a,random
B-amazement-d3-v1,amazement,pride,pride,false,10,a,random
B-amazement-d3-v2,amazement,excitement,excitement,false,10,a,random
B-amazement-d3-v3,amazement,relief,relief,false,10,a,random
B-amazement-d3-v4,amazement,surprise,surprise,false,10,a,random
B-ecstasy-d1-v1,ecstasy,joy,joy,false,10,a,random
B-ecstasy-d1-v2,ecstasy,fear,fear,false,10,a,random
B-ecstasy-d1-v3,ecstasy,pride,pride,false,10,a,random
B-ecstasy-d1-v4,ecstasy,pride,pride,false,10,a,random
B-ecstasy-d2-v1,ecstasy,happiness,joy,true,10,a,random
B-ecstasy-d2-v2,ecstasy,happiness,happiness,false,10,a,random
B-ecstasy-d2-v3,ecstasy,sadness,sadness,false,10,a,random
B-ecstasy-d2-v4,ecstasy,happiness,happiness,false,10,a,random
B-ecstasy-d3-v1,ecstasy,joy,joy,false,10,a,random
B-ecstasy-d3-v2,ecstasy,wonder,wonder,false,10,a,random
B-ecstasy-d3-v3,ecstasy,excitement,excitement,false,10,a,random
B-ecstasy-d3-v4,ecstasy,excitement,excitement,false,10,a,random
B-grief-d1-v1,grief,sadness,sadness,false,10,a,random
B-grief-d1-v2,grief,sadness,sadness,false,10,a,random
B-grief-d1-v3,grief,sadness,sadness,false,10,a,random
B-grief-d1-v4,grief,sadness,sadness,false,10,a,random
B-grief-d2-v1,grief,sadness,sadness,false,10,a,random
B-grief-d2-v2,grief,sadness,sadness,false,10,a,random
B-grief-d2-v3,grief,sadness,sadness,false,10,a,random
B-grief-d2-v4,grief,sadness,sadness,false,10,a,random
B-grief-d3-v1,grief,anger,anger,false,10,a,random
B-grief-d3-v2,grief,sadness,sadness,false,10,a,random
B-grief-d3-v3,grief,sadness,sadness,false,10,a,random
B-grief-d3-v4,grief,sadness,sadness,false,10,a,random
B-loathing-d1-v1,loathing,anger,anger,false,10,a,random
B-loathing-d1-v2,loathing,anger,anger,false,10,a,random
B-loathing-d1-v3,loathing,anger,anger,false,10,a,random
B-loathing-d1-v4,loathing,anger,anger,false,10,a,random
B-loathing-d2-v1,loathing,fear,disgust,true,10,a,random
B-loathing-d2-v2,loathing,disgust,disgust,false,10,a,random
B-loathing-d2-v3,loathing,fear,fear,false,10,a,random
B-loathing-d2-v4,loathing,disgust,disgust,false,10,a,random
B-loathing-d3-v1,loathing,anger,anger,false,10,a,random
B-loathing-d3-v2,loathing,anger,anger,false,10,a,random
B-loathing-d3-v3,loathing,anger,anger,false,10,a,random
B-loathing-d3-v4,loathing,anger,anger,false,10,a,random
B-rage-d1-v1,rage,anger,anger,false,10,a,random
B-rage-d1-v2,rage,anger,anger,false,10,a,random
B-rage-d1-v3,rage,anger,anger,false,10,a,random
B-rage-d1-v4,rage,anger,anger,false,10,a,random
B-rage-d2-v1,rage,anger,anger,false,10,a,random
B-rage-d2-v2,rage,anger,anger,false,10,a,random
B-rage-d2-v3,rage,anger,anger,false,10,a,random
B-rage-d2-v4,rage,anger,anger,false,10,a,random
B-rage-d3-v1,rage,anger,anger,false,10,a,random
B-rage-d3-v2,rage,fear,fear,false,10,a,random
B-rage-d3-v3,rage,anger,anger,false,10,a,random
B-rage-d3-v4,rage,fear,fear,false,10,a,random
B-terror-d1-v1,terror,fear,fear,false,10,a,random
B-terror-d1-v2,terror,fear,fear,false,10,a,random
B-terror-d1-v3,terror,fear,fear,false,10,a,random
B-terror-d1-v4,terror,fear,fear,false,10,a,random
B-terror-d2-v1,terror,fear,fear,false,10,a,random
B-terror-d2-v2,terror,fear,fear,false,10,a,random
B-terror-d2-v3,terror,fear,fear,false,10,a,random
B-terror-d2-v4,terror,fear,fear,false,10,a,random
B-terror-d3-v1,terror,fear,fear,false,10,a,random
B-terror-d3-v2,terror,fear,fear,false,10,a,random
B-terror-d3-v3,terror,fear,fear,false,10,a,random
B-terror-d3-v4,terror,fear,fear,false,10,a,random
B-vigilance-d1-v1,vigilance,fear,fear,false,10,a,random
B-vigilance-d1-v2,vigilance,fear,fear,false,10,a,random
B-vigilance-d1-v3,vigilance,fear,anxiety,true,10,a,random
B-vigilance-d1-v4,vigilance,fear,fear,false,10,a,random
B-vigilance-d2-v1,vigilance,anxiety,anxiety,false,10,a,random
B-vigilance-d2-v2,vigilance,anxiety,anxiety,false,10,a,random
B-vigilance-d2-v3,vigilance,excitement,excitement,false,10,a,random
B-vigilance-d2-v4,vigilance,concentration,concentration,false,10,a,random
B-vigilance-d3-v1,vigilance,anticipation,anticipation,false,10,a,random
B-vigilance-d3-v2,vigilance,fear,fear,false,10,a,random
B-vigilance-d3-v3,vigilance,fear,fear,false,10,a,random
B-vigilance-d3-v4,vigilance,fear,fear,false,10,a,random
B-admiration-d1-v1,admiration,admiration,admiration,false,11,a,random
B-admiration-d1-v2,admiration,pride,pride,false,11,a,random
B-admiration-d1-v3,admiration,respect,respect,false,11,a,random
B-admiration-d1-v4,admiration,admiration,admiration,false,11,a,random
B-admiration-d2-v1,admiration,anger,anger,false,11,a,random
B-admiration-d2-v2,admiration,sadness,sadness,false,11,a,random
B-admiration-d2-v3,admiration,guilt,guilt,false,11,a,random
B-admiration-d2-v4,admiration,pride,pride,false,11,a,random
B-admiration-d3-v1,admiration,pride,pride,false,11,a,random
B-admiration-d3-v2,admiration,determination,determination,false,11,a,random
B-admiration-d3-v3,admiration,determination,determination,false,11,a,random
B-admiration-d3-v4,admiration,compassion,compassion,false,11,a,random
B-amazement-d1-v1,amazement,fear,fear,false,11,a,random
B-amazement-d1-v2,amazement,fear,fear,false,11,a,random
B-amazement-d1-v3,amazement,fear,fear,false,11,a,random
B-amazement-d1-v4,amazement,fear,fear,false,11,a,random
B-amazement-d2-v1,amazement,fear,fear,false,11,a,random
B-amazement-d2-v2,amazement,awe,awe,false,11,a,random
B-amazement-d2-v3,amazement,relief,relief,false,11,a,random
B-amazement-d2-v4,amazement,relief,relief,false,11,a,random
B-amazement-d3-v1,amazement,pride,pride,false,11,a,random
B-amazement-d3-v2,amazement,excitement,excitement,false,11,a,random
B-amazement-d3-v3,amazement,relief,relief,false,11,a,random
B-amazement-d3-v4,amazement,surprise,surprise,false,11,a,random
B-ecstasy-d1-v1,ecstasy,joy,joy,false,11,a,random
B-ecstasy-d1-v2,ecstasy,fear,fear,false,11,a,random
B-ecstasy-d1-v3,ecstasy,pride,joy,true,11,a,random
B-ecstasy-d1-v4,ecstasy,pride,pride,false,11,a,random
B-ecstasy-d2-v1,ecstasy,happiness,happiness,false,11,a,random
B-ecstasy-d2-v2,ecstasy,happiness,happiness,false,11,a,random
B-ecstasy-d2-v3,ecstasy,sadness,sadness,false,11,a,random
B-ecstasy-d2-v4,ecstasy,happiness,happiness,false,11,a,random
B-ecstasy-d3-v1,ecstasy,joy,joy,false,11,a,random
B-ecstasy-d3-v2,ecstasy,wonder,awe,true,11,a,random
B-ecstasy-d3-v3,ecstasy,excitement,excitement,false,11,a,random
B-ecstasy-d3-v4,ecstasy,excitement,excitement,false,11,a,random
B-grief-d1-v1,grief,sadness,sadness,false,11,a,random
B-grief-d1-v2,grief,sadness,sadness,false,11,a,random
B-grief-d1-v3,grief,sadness,sadness,false,11,a,random
B-grief-d1-v4,grief,sadness,sadness,false,11,a,random
B-grief-d2-v1,grief,sadness,sadness,false,11,a,random
B-grief-d2-v2,grief,sadness,sadness,false,11,a,random
B-grief-d2-v3,grief,sadness,sadness,false,11,a,random
B-grief-d2-v4,grief,sadness,sadness,false,11,a,random
B-grief-d3-v1,grief,anger,anger,false,11,a,random
B-grief-d3-v2,grief,sadness,sadness,false,11,a,random
B-grief-d3-v3,grief,sadness,sadness,false,11,a,random
B-grief-d3-v4,grief,sadness,sadness,false,11,a,random
B-loathing-d1-v1,loathing,anger,anger,false,11,a,random
B-loathing-d1-v2,loathing,anger,anger,false,11,a,random
B-loathing-d1-v3,loathing,anger,anger,false,11,a,random
B-loathing-d1-v4,loathing,anger,anger,false,11,a,random
B-loathing-d2-v1,loathing,fear,fear,false,11,a,random
B-loathing-d2-v2,loathing,disgust,disgust,false,11,a,random
B-loathing-d2-v3,loathing,fear,fear,false,11,a,random
B-loathing-d2-v4,loathing,disgust,disgust,false,11,a,random
B-loathing-d3-v1,loathing,anger,anger,false,11,a,random
B-loathing-d3-v2,loathing,anger,anger,false,11,a,random
B-loathing-d3-v3,loathing,anger,anger,false,11,a,random
B-loathing-d3-v4,loathing,anger,anger,false,11,a,random
B-rage-d1-v1,rage,anger,anger,false,11,a,random
B-rage-d1-v2,rage,anger,anger,false,11,a,random
B-rage-d1-v3,rage,anger,anger,false,11,a,random
B-rage-d1-v4,rage,anger,anger,false,11,a,random
B-rage-d2-v1,rage,anger,anger,false,11,a,random
B-rage-d2-v2,rage,anger,anger,false,11,a,random
B-rage-d2-v3,rage,anger,anger,false,11,a,random
B-rage-d2-v4,rage,anger,anger,false,11,a,random
B-rage-d3-v1,rage,anger,anger,false,11,a,random
B-rage-d3-v2,rage,fear,fear,false,11,a,random
B-rage-d3-v3,rage,anger,anger,false,11,a,random
B-rage-d3-v4,rage,fear,fear,false,11,a,random
B-terror-d1-v1,terror,fear,fear,false,11,a,random
B-terror-d1-v2,terror,fear,fear,false,11,a,random
B-terror-d1-v3,terror,fear,fear,false,11,a,random
B-terror-d1-v4,terror,fear,fear,false,11,a,random
B-terror-d2-v1,terror,fear,fear,false,11,a,random
B-terror-d2-v2,terror,fear,fear,false,11,a,random
B-terror-d2-v3,terror,fear,fear,false,11,a,random
B-terror-d2-v4,terror,fear,fear,false,11,a,random
B-terror-d3-v1,terror,fear,fear,false,11,a,random
B-terror-d3-v2,terror,fear,fear,false,11,a,random
B-terror-d3-v3,terror,fear,fear,false,11,a,random
B-terror-d3-v4,terror,fear,fear,false,11,a,random
B-vigilance-d1-v1,vigilance,fear,fear,false,11,a,random
B-vigilance-d1-v2,vigilance,fear,fear,false,11,a,random
B-vigilance-d1-v3,vigilance,fear,fear,false,11,a,random
B-vigilance-d1-v4,vigilance,fear,fear,false,11,a,random
B-vigilance-d2-v1,vigilance,anxiety,anxiety,false,11,a,random
B-vigilance-d2-v2,vigilance,anxiety,fear,true,11,a,random
B-vigilance-d2-v3,vigilance,excitement,excitement,false,11,a,random
B-vigilance-d2-v4,vigilance,concentration,concentration,false,11,a,random
B-vigilance-d3-v1,vigilance,anticipation,anticipation,false,11,a,random
B-vigilance-d3-v2,vigilance,fear,fear,false,11,a,random
B-vigilance-d3-v3,vigilance,fear,fear,false,11,a,random
B-vigilance-d3-v4,vigilance,fear,fear,false,11,a,random
B-admiration-d1-v1,admiration,admiration,admiration,false,12,a,random
B-admiration-d1-v2,admiration,pride,pride,false,12,a,random
B-admiration-d1-v3,admiration,respect,respect,false,12,a,random
B-admiration-d1-v4,admiration,admiration,admiration,false,12,a,random
B-admiration-d2-v1,admiration,anger,anger,false,12,a,random
B-admiration-d2-v2,admiration,sadness,sadness,false,12,a,random
B-admiration-d2-v3,admiration,guilt,guilt,false,12,a,random
B-admiration-d2-v4,admiration,pride,pride,false,12,a,random
B-admiration-d3-v1,admiration,pride,pride,false,12,a,random
B-admiration-d3-v2,admiration,determination,determination,false,12,a,random
B-admiration-d3-v3,admiration,determination,determination,false,12,a,random
B-admiration-d3-v4,admiration,compassion,compassion,false,12,a,random
B-amazement-d1-v1,amazement,fear,fear,false,12,a,random
B-amazement-d1-v2,amazement,fear,fear,false,12,a,random
B-amazement-d1-v3,amazement,fear,fear,false,12,a,random
B-amazement-d1-v4,amazement,fear,fear,false,12,a,random
B-amazement-d2-v1,amazement,fear,fear,false,12,a,random
B-amazement-d2-v2,amazement,awe,admiration,true,12,a,random
B-amazement-d2-v3,amazement,relief,relief,false,12,a,random
B-amazement-d2-v4,amazement,relief,relief,false,12,a,random
B-amazement-d3-v1,amazement,pride,pride,false,12,a,random
B-amazement-d3-v2,amazement,excitement,excitement,false,12,a,random
B-amazement-d3-v3,amazement,relief,relief,false,12,a,random
B-amazement-d3-v4,amazement,surprise,surprise,false,12,a,random
B-ecstasy-d1-v1,ecstasy,joy,joy,false,12,a,random
B-ecstasy-d1-v2,ecstasy,fear,fear,false,12,a,random
B-ecstasy-d1-v3,ecstasy,pride,pride,false,12,a,random
B-ecstasy-d1-v4,ecstasy,pride,pride,false,12,a,random
B-ecstasy-d2-v1,ecstasy,happiness,happiness,false,12,a,random
B-ecstasy-d2-v2,ecstasy,happiness,happiness,false,12,a,random
B-ecstasy-d2-v3,ecstasy,sadness,sadness,false,12,a,random
B-ecstasy-d2-v4,ecstasy,happiness,happiness,false,12,a,random
B-ecstasy-d3-v1,ecstasy,joy,joy,false,12,a,random
B-ecstasy-d3-v2,ecstasy,wonder,wonder,false,12,a,random
B-ecstasy-d3-v3,ecstasy,excitement,excitement,false,12,a,random
B-ecstasy-d3-v4,ecstasy,excitement,excitement,false,12,a,random
B-grief-d1-v1,grief,sadness,sadness,false,12,a,random
B-grief-d1-v2,grief,sadness,sadness,false,12,a,random
B-grief-d1-v3,grief,sadness,sadness,false,12,a,random
B-grief-d1-v4,grief,sadness,sadness,false,12,a,random
B-grief-d2-v1,grief,sadness,sadness,false,12,a,random
B-grief-d2-v2,grief,sadness,sadness,false,12,a,random
B-grief-d2-v3,grief,sadness,sadness,false,12,a,random
B-grief-d2-v4,grief,sadness,sadness,false,12,a,random
B-grief-d3-v1,grief,anger,anger,false,12,a,random
B-grief-d3-v2,grief,sadness,sadness,false,12,a,random
B-grief-d3-v3,grief,sadness,sadness,false,12,a,random
B-grief-d3-v4,grief,sadness,sadness,false,12,a,random
B-loathing-d1-v1,loathing,anger,anger,false,12,a,random
B-loathing-d1-v2,loathing,anger,anger,false,12,a,random
B-loathing-d1-v3,loathing,anger,anger,false,12,a,random
B-loathing-d1-v4,loathing,anger,anger,false,12,a,random
B-loathing-d2-v1,loathing,fear,fear,false,12,a,random
B-loathing-d2-v2,loathing,disgust,disgust,false,12,a,random
B-loathing-d2-v3,loathing,fear,fear,false,12,a,random
B-loathing-d2-v4,loathing,disgust,disgust,false,12,a,random
B-loathing-d3-v1,loathing,anger,anger,false,12,a,random
B-loathing-d3-v2,loathing,anger,anger,false,12,a,random
B-loathing-d3-v3,loathing,anger,anger,false,12,a,random
B-loathing-d3-v4,loathing,anger,anger,false,12,a,random
B-rage-d1-v1,rage,anger,anger,false,12,a,random
B-rage-d1-v2,rage,anger,anger,false,12,a,random
B-rage-d1-v3,rage,anger,anger,false,12,a,random
B-rage-d1-v4,rage,anger,anger,false,12,a,random
B-rage-d2-v1,rage,anger,anger,false,12,a,random
B-rage-d2-v2,rage,anger,anger,false,12,a,random
B-rage-d2-v3,rage,anger,anger,false,12,a,random
B-rage-d2-v4,rage,anger,anger,false,12,a,random
B-rage-d3-v1,rage,anger,anger,false,12,a,random
B-rage-d3-v2,rage,fear,fear,false,12,a,random
B-rage-d3-v3,rage,anger,anger,false,12,a,random
B-rage-d3-v4,rage,fear,fear,false,12,a,random
B-terror-d1-v1,terror,fear,fear,false,12,a,random
B-terror-d1-v2,terror,fear,fear,false,12,a,random
B-terror-d1-v3,terror,fear,fear,false,12,a,random
B-terror-d1-v4,terror,fear,fear,false,12,a,random
B-terror-d2-v1,terror,fear,fear,false,12,a,random
B-terror-d2-v2,terror,fear,fear,false,12,a,random
B-terror-d2-v3,terror,fear,fear,false,12,a,random
B-terror-d2-v4,terror,fear,fear,false,12,a,random
B-terror-d3-v1,terror,fear,fear,false,12,a,random
B-terror-d3-v2,terror,fear,fear,false,12,a,random
B-terror-d3-v3,terror,fear,fear,false,12,a,random
B-terror-d3-v4,terror,fear,fear,false,12,a,random
B-vigilance-d1-v1,vigilance,fear,fear,false,12,a,random
B-vigilance-d1-v2,vigilance,fear,fear,false,12,a,random
B-vigilance-d1-v3,vigilance,fear,anxiety,true,12,a,random
B-vigilance-d1-v4,vigilance,fear,fear,false,12,a,random
B-vigilance-d2-v1,vigilance,anxiety,anxiety,false,12,a,random
B-vigilance-d2-v2,vigilance,anxiety,anxiety,false,12,a,random
B-vigilance-d2-v3,vigilance,excitement,excitement,false,12,a,random
B-vigilance-d2-v4,vigilance,concentration,concentration,false,12,a,random
B-vigilance-d3-v1,vigilance,anticipation,anticipation,false,12,a,random
B-vigilance-d3-v2,vigilance,fear,fear,false,12,a,random
B-vigilance-d3-v3,vigilance,fear,fear,false,12,a,random
B-vigilance-d3-v4,vigilance,fear,fear,false,12,a,random
B-admiration-d1-v1,admiration,admiration,frustration,true,13,a,random
B-admiration-d1-v2,admiration,pride,pride,false,13,a,random
B-admiration-d1-v3,admiration,respect,admiration,true,13,a,random
B-admiration-d1-v4,admiration,admiration,awe,true,13,a,random
B-admiration-d2-v1,admiration,anger,anger,false,13,a,random
B-admiration-d2-v2,admiration,sadness,sadness,false,13,a,random
B-admiration-d2-v3,admiration,guilt,guilt,false,13,a,random
B-admiration-d2-v4,admiration,pride,pride,false,13,a,random
B-admiration-d3-v1,admiration,pride,pride,false,13,a,random
B-admiration-d3-v2,admiration,determination,determination,false,13,a,random
B-admiration-d3-v3,admiration,determination,determination,false,13,a,random
B-admiration-d3-v4,admiration,compassion,sadness,true,13,a,random
B-amazement-d1-v1,amazement,fear,fear,false,13,a,random
B-amazement-d1-v2,amazement,fear,fear,false,13,a,random
B-amazement-d1-v3,amazement,fear,fear,false,13,a,random
B-amazement-d1-v4,amazement,fear,fear,false,13,a,random
B-amazement-d2-v1,amazement,fear,fear,false,13,a,random
B-amazement-d2-v2,amazement,awe,admiration,true,13,a,random
B-amazement-d2-v3,amazement,relief,relief,false,13,a,random
B-amazement-d2-v4,amazement,relief,relief,false,13,a,random
B-amazement-d3-v1,amazement,pride,pride,false,13,a,random
B-amazement-d3-v2,amazement,excitement,excitement,false,13,a,random
B-amazement-d3-v3,amazement,relief,relief,false,13,a,random
B-amazement-d3-v4,amazement,surprise,surprise,false,13,a,random
B-ecstasy-d1-v1,ecstasy,joy,joy,false,13,a,random
B-ecstasy-d1-v2,ecstasy,fear,fear,false,13,a,random
B-ecstasy-d1-v3,ecstasy,pride,pride,false,13,a,random
B-ecstasy-d1-v4,ecstasy,pride,pride,false,13,a,random
B-ecstasy-d2-v1,ecstasy,happiness,joy,true,13,a,random
B-ecstasy-d2-v2,ecstasy,happiness,happiness,false,13,a,random
B-ecstasy-d2-v3,ecstasy,sadness,sadness,false,13,a,random
B-ecstasy-d2-v4,ecstasy,happiness,happiness,false,13,a,random
B-ecstasy-d3-v1,ecstasy,joy,joy,false,13,a,random
B-ecstasy-d3-v2,ecstasy,wonder,wonder,false,13,a,random
B-ecstasy-d3-v3,ecstasy,excitement,excitement,false,13,a,random
B-ecstasy-d3-v4,ecstasy,excitement,excitement,false,13,a,random
B-grief-d1-v1,grief,sadness,sadness,false,13,a,random
B-grief-d1-v2,grief,sadness,sadness,false,13,a,random
B-grief-d1-v3,grief,sadness,sadness,false,13,a,random
B-grief-d1-v4,grief,sadness,sadness,false,13,a,random
B-grief-d2-v1,grief,sadness,sadness,false,13,a,random
B-grief-d2-v2,grief,sadness,sadness,false,13,a,random
B-grief-d2-v3,grief,sadness,sadness,false,13,a,random
B-grief-d2-v4,grief,sadness,sadness,false,13,a,random
B-grief-d3-v1,grief,anger,anger,false,13,a,random
B-grief-d3-v2,grief,sadness,sadness,false,13,a,random
B-grief-d3-v3,grief,sadness,sadness,false,13,a,random
B-grief-d3-v4,grief,sadness,sadness,false,13,a,random
B-loathing-d1-v1,loathing,anger,anger,false,13,a,random
B-loathing-d1-v2,loathing,anger,anger,false,13,a,random
B-loathing-d1-v3,loathing,anger,anger,false,13,a,random
B-loathing-d1-v4,loathing,anger,anger,false,13,a,random
B-loathing-d2-v1,loathing,fear,fear,false,13,a,random
B-loathing-d2-v2,loathing,disgust,disgust,false,13,a,random
B-loathing-d2-v3,loathing,fear,fear,false,13,a,random
B-loathing-d2-v4,loathing,disgust,disgust,false,13,a,random
B-loathing-d3-v1,loathing,anger,anger,false,13,a,random
B-loathing-d3-v2,loathing,anger,anger,false,13,a,random
B-loathing-d3-v3,loathing,anger,anger,false,13,a,random
B-loathing-d3-v4,loathing,anger,anger,false,13,a,random
B-rage-d1-v1,rage,anger,anger,false,13,a,random
B-rage-d1-v2,rage,anger,anger,false,13,a,random
B-rage-d1-v3,rage,anger,anger,false,13,a,random
B-rage-d1-v4,rage,anger,anger,false,13,a,random
B-rage-d2-v1,rage,anger,anger,false,13,a,random
B-rage-d2-v2,rage,anger,anger,false,13,a,random
B-rage-d2-v3,rage,anger,anger,false,13,a,random
B-rage-d2-v4,rage,anger,anger,false,13,a,random
B-rage-d3-v1,rage,anger,anger,false,13,a,random
B-rage-d3-v2,rage,fear,fear,false,13,a,random
B-rage-d3-v3,rage,anger,anger,false,13,a,random
B-rage-d3-v4,rage,fear,anger,true,13,a,random
B-terror-d1-v1,terror,fear,fear,false,13,a,random
B-terror-d1-v2,terror,fear,fear,false,13,a,random
B-terror-d1-v3,terror,fear,fear,false,13,a,random
B-terror-d1-v4,terror,fear,fear,false,13,a,random
B-terror-d2-v1,terror,fear,fear,false,13,a,random
B-terror-d2-v2,terror,fear,fear,false,13,a,random
B-terror-d2-v3,terror,fear,fear,false,13,a,random
B-terror-d2-v4,terror,fear,fear,false,13,a,random
B-terror-d3-v1,terror,fear,fear,false,13,a,random
B-terror-d3-v2,terror,fear,fear,false,13,a,random
B-terror-d3-v3,terror,fear,fear,false,13,a,random
B-terror-d3-v4,terror,fear,fear,false,13,a,random
B-vigilance-d1-v1,vigilance,fear,fear,false,13,a,random
B-vigilance-d1-v2,vigilance,fear,fear,false,13,a,random
B-vigilance-d1-v3,vigilance,fear,fear,false,13,a,random
B-vigilance-d1-v4,vigilance,fear,fear,false,13,a,random
B-vigilance-d2-v1,vigilance,anxiety,anxiety,false,13,a,random
B-vigilance-d2-v2,vigilance,anxiety,anxiety,false,13,a,random
B-vigilance-d2-v3,vigilance,excitement,anxiety,true,13,a,random
B-vigilance-d2-v4,vigilance,concentration,concentration,false,13,a,random
B-vigilance-d3-v1,vigilance,anticipation,anticipation,false,13,a,random
B-vigilance-d3-v2,vigilance,fear,fear,false,13,a,random
B-vigilance-d3-v3,vigilance,fear,fear,false,13,a,random
B-vigilance-d3-v4,vigilance,fear,fear,false,13,a,random
B-admiration-d1-v1,admiration,admiration,admiration,false,14,a,random
B-admiration-d1-v2,admiration,pride,pride,false,14,a,random
B-admiration-d1-v3,admiration,respect,respect,false,14,a,random
B-admiration-d1-v4,admiration,admiration,pride,true,14,a,random
B-admiration-d2-v1,admiration,anger,anger,false,14,a,random
B-admiration-d2-v2,admiration,sadness,sadness,false,14,a,random
B-admiration-d2-v3,admiration,guilt,guilt,false,14,a,random
B-admiration-d2-v4,admiration,pride,pride,false,14,a,random
B-admiration-d3-v1,admiration,pride,pride,false,14,a,random
B-admiration-d3-v2,admiration,determination,determination,false,14,a,random
B-admiration-d3-v3,admiration,determination,determination,false,14,a,random
B-admiration-d3-v4,admiration,compassion,compassion,false,14,a,random
B-amazement-d1-v1,amazement,fear,fear,false,14,a,random
B-amazement-d1-v2,amazement,fear,fear,false,14,a,random
B-amazement-d1-v3,amazement,fear,fear,false,14,a,random
B-amazement-d1-v4,amazement,fear,fear,false,14,a,random
B-amazement-d2-v1,amazement,fear,fear,false,14,a,random
B-amazement-d2-v2,amazement,awe,admiration,true,14,a,random
B-amazement-d2-v3,amazement,relief,relief,false,14,a,random
B-amazement-d2-v4,amazement,relief,relief,false,14,a,random
B-amazement-d3-v1,amazement,pride,pride,false,14,a,random
B-amazement-d3-v2,amazement,excitement,excitement,false,14,a,random
B-amazement-d3-v3,amazement,relief,relief,false,14,a,random
B-amazement-d3-v4,amazement,surprise,surprise,false,14,a,random
B-ecstasy-d1-v1,ecstasy,joy,joy,false,14,a,random
B-ecstasy-d1-v2,ecstasy,fear,fear,false,14,a,random
B-ecstasy-d1-v3,ecstasy,pride,pride,false,14,a,random
B-ecstasy-d1-v4,ecstasy,pride,pride,false,14,a,random
B-ecstasy-d2-v1,ecstasy,happiness,joy,true,14,a,random
B-ecstasy-d2-v2,ecstasy,happiness,happiness,false,14,a,random
B-ecstasy-d2-v3,ecstasy,sadness,sadness,false,14,a,random
B-ecstasy-d2-v4,ecstasy,happiness,happiness,false,14,a,random
B-ecstasy-d3-v1,ecstasy,joy,joy,false,14,a,random
B-ecstasy-d3-v2,ecstasy,wonder,wonder,false,14,a,random
B-ecstasy-d3-v3,ecstasy,excitement,excitement,false,14,a,random
B-ecstasy-d3-v4,ecstasy,excitement,excitement,false,14,a,random
B-grief-d1-v1,grief,sadness,sadness,false,14,a,random
B-grief-d1-v2,grief,sadness,sadness,false,14,a,random
B-grief-d1-v3,grief,sadness,sadness,false,14,a,random
B-grief-d1-v4,grief,sadness,sadness,false,14,a,random
B-grief-d2-v1,grief,sadness,sadness,false,14,a,random
B-grief-d2-v2,grief,sadness,sadness,false,14,a,random
B-grief-d2-v3,grief,sadness,sadness,false,14,a,random
B-grief-d2-v4,grief,sadness,sadness,false,14,a,random
B-grief-d3-v1,grief,anger,anger,false,14,a,random
B-grief-d3-v2,grief,sadness,sadness,false,14,a,random
B-grief-d3-v3,grief,sadness,sadness,false,14,a,random
B-grief-d3-v4,grief,sadness,sadness,false,14,a,random
B-loathing-d1-v1,loathing,anger,anger,false,14,a,random
B-loathing-d1-v2,loathing,anger,anger,false,14,a,random
B-loathing-d1-v3,loathing,anger,anger,false,14,a,random
B-loathing-d1-v4,loathing,anger,anger,false,14,a,random
B-loathing-d2-v1,loathing,fear,fear,false,14,a,random
B-loathing-d2-v2,loathing,disgust,disgust,false,14,a,random
B-loathing-d2-v3,loathing,fear,fear,false,14,a,random
B-loathing-d2-v4,loathing,disgust,disgust,false,14,a,random
B-loathing-d3-v1,loathing,anger,anger,false,14,a,random
B-loathing-d3-v2,loathing,anger,anger,false,14,a,random
B-loathing-d3-v3,loathing,anger,anger,false,14,a,random
B-loathing-d3-v4,loathing,anger,anger,false,14,a,random
B-rage-d1-v1,rage,anger,anger,false,14,a,random
B-rage-d1-v2,rage,anger,anger,false,14,a,random
B-rage-d1-v3,rage,anger,anger,false,14,a,random
B-rage-d1-v4,rage,anger,anger,false,14,a,random
B-rage-d2-v1,rage,anger,anger,false,14,a,random
B-rage-d2-v2,rage,anger,anger,false,14,a,random
B-rage-d2-v3,rage,anger,anger,false,14,a,random
B-rage-d2-v4,rage,anger,anger,false,14,a,random
B-rage-d3-v1,rage,anger,anger,false,14,a,random
B-rage-d3-v2,rage,fear,fear,false,14,a,random
B-rage-d3-v3,rage,anger,anger,false,14,a,random
B-rage-d3-v4,rage,fear,fear,false,14,a,random
B-terror-d1-v1,terror,fear,fear,false,14,a,random
B-terror-d1-v2,terror,fear,fear,false,14,a,random
B-terror-d1-v3,terror,fear,fear,false,14,a,random
B-terror-d1-v4,terror,fear,fear,false,14,a,random
B-terror-d2-v1,terror,fear,fear,false,14,a,random
B-terror-d2-v2,terror,fear,fear,false,14,a,random
B-terror-d2-v3,terror,fear,fear,false,14,a,random
B-terror-d2-v4,terror,fear,fear,false,14,a,random
B-terror-d3-v1,terror,fear,fear,false,14,a,random
B-terror-d3-v2,terror,fear,fear,false,14,a,random
B-terror-d3-v3,terror,fear,fear,false,14,a,random
B-terror-d3-v4,terror,fear,fear,false,14,a,random
B-vigilance-d1-v1,vigilance,fear,fear,false,14,a,random
B-vigilance-d1-v2,vigilance,fear,fear,false,14,a,random
B-vigilance-d1-v3,vigilance,fear,anxiety,true,14,a,random
B-vigilance-d1-v4,vigilance,fear,fear,false,14,a,random
B-vigilance-d2-v1,vigilance,anxiety,anxiety,false,14,a,random
B-vigilance-d2-v2,vigilance,anxiety,anxiety,false,14,a,random
B-vigilance-d2-v3,vigilance,excitement,excitement,false,14,a,random
B-vigilance-d2-v4,vigilance,concentration,concentration,false,14,a,random
B-vigilance-d3-v1,vigilance,anticipation,anticipation,false,14,a,random
B-vigilance-d3-v2,vigilance,fear,fear,false,14,a,random
B-vigilance-d3-v3,vigilance,fear,fear,false,14,a,random
B-vigilance-d3-v4,vigilance,fear,fear,false,14,a,random
B-admiration-d1-v1,admiration,admiration,admiration,false,15,a,random
B-admiration-d1-v2,admiration,pride,pride,false,15,a,random
B-admiration-d1-v3,admiration,respect,pride,true,15,a,random
B-admiration-d1-v4,admiration,admiration,pride,true,15,a,random
B-admiration-d2-v1,admiration,anger,anger,false,15,a,random
B-admiration-d2-v2,admiration,sadness,sadness,false,15,a,random
B-admiration-d2-v3,admiration,guilt,guilt,false,15,a,random
B-admiration-d2-v4,admiration,pride,pride,false,15,a,random
B-admiration-d3-v1,admiration,pride,pride,false,15,a,random
B-admiration-d3-v2,admiration,determination,determination,false,15,a,random
B-admiration-d3-v3,admiration,determination,determination,false,15,a,random
B-admiration-d3-v4,admiration,compassion,compassion,false,15,a,random
B-amazement-d1-v1,amazement,fear,fear,false,15,a,random
B-amazement-d1-v2,amazement,fear,fear,false,15,a,random
B-amazement-d1-v3,amazement,fear,fear,false,15,a,random
B-amazement-d1-v4,amazement,fear,fear,false,15,a,random
B-amazement-d2-v1,amazement,fear,fear,false,15,a,random
B-amazement-d2-v2,amazement,awe,admiration,true,15,a,random
B-amazement-d2-v3,amazement,relief,relief,false,15,a,random
B-amazement-d2-v4,amazement,relief,relief,false,15,a,random
B-amazement-d3-v1,amazement,pride,pride,false,15,a,random
B-amazement-d3-v2,amazement,excitement,awe,true,15,a,random
B-amazement-d3-v3,amazement,relief,relief,false,15,a,random
B-amazement-d3-v4,amazement,surprise,surprise,false,15,a,random
B-ecstasy-d1-v1,ecstasy,joy,joy,false,15,a,random
B-ecstasy-d1-v2,ecstasy,fear,fear,false,15,a,random
B-ecstasy-d1-v3,ecstasy,pride,pride,false,15,a,random
B-ecstasy-d1-v4,ecstasy,pride,pride,false,15,a,random
B-ecstasy-d2-v1,ecstasy,happiness,happiness,false,15,a,random
B-ecstasy-d2-v2,ecstasy,happiness,happiness,false,15,a,random
B-ecstasy-d2-v3,ecstasy,sadness,sadness,false,15,a,random
B-ecstasy-d2-v4,ecstasy,happiness,happiness,false,15,a,random
B-ecstasy-d3-v1,ecstasy,joy,joy,false,15,a,random
B-ecstasy-d3-v2,ecstasy,wonder,wonder,false,15,a,random
B-ecstasy-d3-v3,ecstasy,excitement,excitement,false,15,a,random
B-ecstasy-d3-v4,ecstasy,excitement,excitement,false,15,a,random
B-grief-d1-v1,grief,sadness,sadness,false,15,a,random
B-grief-d1-v2,grief,sadness,sadness,false,15,a,random
B-grief-d1-v3,grief,sadness,sadness,false,15,a,random
B-grief-d1-v4,grief,sadness,sadness,false,15,a,random
B-grief-d2-v1,grief,sadness,sadness,false,15,a,random
B-grief-d2-v2,grief,sadness,sadness,false,15,a,random
B-grief-d2-v3,grief,sadness,sadness,false,15,a,random
B-grief-d2-v4,grief,sadness,sadness,false,15,a,random
B-grief-d3-v1,grief,anger,anger,false,15,a,random
B-grief-d3-v2,grief,sadness,sadness,false,15,a,random
B-grief-d3-v3,grief,sadness,sadness,false,15,a,random
B-grief-d3-v4,grief,sadness,sadness,false,15,a,random
B-loathing-d1-v1,loathing,anger,anger,false,15,a,random
B-loathing-d1-v2,loathing,anger,anger,false,15,a,random
B-loathing-d1-v3,loathing,anger,anger,false,15,a,random
B-loathing-d1-v4,loathing,anger,anger,false,15,a,random
B-loathing-d2-v1,loathing,fear,disgust,true,15,a,random
B-loathing-d2-v2,loathing,disgust,disgust,false,15,a,random
B-loathing-d2-v3,loathing,fear,fear,false,15,a,random
B-loathing-d2-v4,loathing,disgust,disgust,false,15,a,random
B-loathing-d3-v1,loathing,anger,anger,false,15,a,random
B-loathing-d3-v2,loathing,anger,anger,false,15,a,random
B-loathing-d3-v3,loathing,anger,anger,false,15,a,random
B-loathing-d3-v4,loathing,anger,anger,false,15,a,random
B-rage-d1-v1,rage,anger,anger,false,15,a,random
B-rage-d1-v2,rage,anger,anger,false,15,a,random
B-rage-d1-v3,rage,anger,anger,false,15,a,random
B-rage-d1-v4,rage,anger,anger,false,15,a,random
B-rage-d2-v1,rage,anger,anger,false,15,a,random
B-rage-d2-v2,rage,anger,anger,false,15,a,random
B-rage-d2-v3,rage,anger,anger,false,15,a,random
B-rage-d2-v4,rage,anger,anger,false,15,a,random
B-rage-d3-v1,rage,anger,anger,false,15,a,random
B-rage-d3-v2,rage,fear,fear,false,15,a,random
B-rage-d3-v3,rage,anger,anger,false,15,a,random
B-rage-d3-v4,rage,fear,fear,false,15,a,random
B-terror-d1-v1,terror,fear,fear,false,15,a,random
B-terror-d1-v2,terror,fear,fear,false,15,a,random
B-terror-d1-v3,terror,fear,fear,false,15,a,random
B-terror-d1-v4,terror,fear,fear,false,15,a,random
B-terror-d2-v1,terror,fear,fear,false,15,a,random
B-terror-d2-v2,terror,fear,fear,false,15,a,random
B-terror-d2-v3,terror,fear,fear,false,15,a,random
B-terror-d2-v4,terror,fear,fear,false,15,a,random
B-terror-d3-v1,terror,fear,fear,false,15,a,random
B-terror-d3-v2,terror,fear,fear,false,15,a,random
B-terror-d3-v3,terror,fear,fear,false,15,a,random
B-terror-d3-v4,terror,fear,fear,false,15,a,random
B-vigilance-d1-v1,vigilance,fear,fear,false,15,a,random
B-vigilance-d1-v2,vigilance,fear,fear,false,15,a,random
B-vigilance-d1-v3,vigilance,fear,fear,false,15,a,random
B-vigilance-d1-v4,vigilance,fear,fear,false,15,a,random
B-vigilance-d2-v1,vigilance,anxiety,anxiety,false,15,a,random
B-vigilance-d2-v2,vigilance,anxiety,fear,true,15,a,random
B-vigilance-d2-v3,vigilance,excitement,excitement,false,15,a,random
B-vigilance-d2-v4,vigilance,concentration,anxiety,true,15,a,random
B-vigilance-d3-v1,vigilance,anticipation,anxiety,true,15,a,random
B-vigilance-d3-v2,vigilance,fear,fear,false,15,a,random
B-vigilance-d3-v3,vigilance,fear,fear,false,15,a,random
B-vigilance-d3-v4,vigilance,fear,fear,false,15,a,random
B-admiration-d1-v1,admiration,admiration,admiration,false,16,a,random
B-admiration-d1-v2,admiration,pride,pride,false,16,a,random
B-admiration-d1-v3,admiration,respect,respect,false,16,a,random
B-admiration-d1-v4,admiration,admiration,pride,true,16,a,random
B-admiration-d2-v1,admiration,anger,anger,false,16,a,random
B-admiration-d2-v2,admiration,sadness,sadness,false,16,a,random
B-admiration-d2-v3,admiration,guilt,guilt,false,16,a,random
B-admiration-d2-v4,admiration,pride,pride,false,16,a,random
B-admiration-d3-v1,admiration,pride,pride,false,16,a,random
B-admiration-d3-v2,admiration,determination,determination,false,16,a,random
B-admiration-d3-v3,admiration,determination,determination,false,16,a,random
B-admiration-d3-v4,admiration,compassion,compassion,false,16,a,random
B-amazement-d1-v1,amazement,fear,fear,false,16,a,random
B-amazement-d1-v2,amazement,fear,fear,false,16,a,random
B-amazement-d1-v3,amazement,fear,fear,false,16,a,random
B-amazement-d1-v4,amazement,fear,fear,false,16,a,random
B-amazement-d2-v1,amazement,fear,fear,false,16,a,random
B-amazement-d2-v2,amazement,awe,awe,false,16,a,random
B-amazement-d2-v3,amazement,relief,relief,false,16,a,random
B-amazement-d2-v4,amazement,relief,relief,false,16,a,random
B-amazement-d3-v1,amazement,pride,pride,false,16,a,random
B-amazement-d3-v2,amazement,excitement,excitement,false,16,a,random
B-amazement-d3-v3,amazement,relief,relief,false,16,a,random
B-amazement-d3-v4,amazement,surprise,surprise,false,16,a,random
B-ecstasy-d1-v1,ecstasy,joy,joy,false,16,a,random
B-ecstasy-d1-v2,ecstasy,fear,fear,false,16,a,random
B-ecstasy-d1-v3,ecstasy,pride,pride,false,16,a,random
B-ecstasy-d1-v4,ecstasy,pride,pride,false,16,a,random
B-ecstasy-d2-v1,ecstasy,happiness,joy,true,16,a,random
B-ecstasy-d2-v2,ecstasy,happiness,happiness,false,16,a,random
B-ecstasy-d2-v3,ecstasy,sadness,sadness,false,16,a,random
B-ecstasy-d2-v4,ecstasy,happiness,happiness,false,16,a,random
B-ecstasy-d3-v1,ecstasy,joy,joy,false,16,a,random
B-ecstasy-d3-v2,ecstasy,wonder,wonder,false,16,a,random
B-ecstasy-d3-v3,ecstasy,excitement,excitement,false,16,a,random
B-ecstasy-d3-v4,ecstasy,excitement,excitement,false,16,a,random
B-grief-d1-v1,grief,sadness,sadness,false,16,a,random
B-grief-d1-v2,grief,sadness,sadness,false,16,a,random
B-grief-d1-v3,grief,sadness,sadness,false,16,a,random
B-grief-d1-v4,grief,sadness,sadness,false,16,a,random
B-grief-d2-v1,grief,sadness,sadness,false,16,a,random
B-grief-d2-v2,grief,sadness,sadness,false,16,a,random
B-grief-d2-v3,grief,sadness,sadness,false,16,a,random
B-grief-d2-v4,grief,sadness,sadness,false,16,a,random
B-grief-d3-v1,grief,anger,anger,false,16,a,random
B-grief-d3-v2,grief,sadness,sadness,false,16,a,random
B-grief-d3-v3,grief,sadness,sadness,false,16,a,random
B-grief-d3-v4,grief,sadness,sadness,false,16,a,random
B-loathing-d1-v1,loathing,anger,anger,false,16,a,random
B-loathing-d1-v2,loathing,anger,anger,false,16,a,random
B-loathing-d1-v3,loathing,anger,anger,false,16,a,random
B-loathing-d1-v4,loathing,anger,anger,false,16,a,random
B-loathing-d2-v1,loathing,fear,fear,false,16,a,random
B-loathing-d2-v2,loathing,disgust,disgust,false,16,a,random
B-loathing-d2-v3,loathing,fear,fear,false,16,a,random
B-loathing-d2-v4,loathing,disgust,disgust,false,16,a,random
B-loathing-d3-v1,loathing,anger,anger,false,16,a,random
B-loathing-d3-v2,loathing,anger,anger,false,16,a,random
B-loathing-d3-v3,loathing,anger,anger,false,16,a,random
B-loathing-d3-v4,loathing,anger,anger,false,16,a,random
B-rage-d1-v1,rage,anger,anger,false,16,a,random
B-rage-d1-v2,rage,anger,anger,false,16,a,random
B-rage-d1-v3,rage,anger,anger,false,16,a,random
B-rage-d1-v4,rage,anger,anger,false,16,a,random
B-rage-d2-v1,rage,anger,anger,false,16,a,random
B-rage-d2-v2,rage,anger,anger,false,16,a,random
B-rage-d2-v3,rage,anger,anger,false,16,a,random
B-rage-d2-v4,rage,anger,anger,false,16,a,random
B-rage-d3-v1,rage,anger,anger,false,16,a,random
B-rage-d3-v2,rage,fear,fear,false,16,a,random
B-rage-d3-v3,rage,anger,anger,false,16,a,random
B-rage-d3-v4,rage,fear,fear,false,16,a,random
B-terror-d1-v1,terror,fear,fear,false,16,a,random
B-terror-d1-v2,terror,fear,fear,false,16,a,random
B-terror-d1-v3,terror,fear,fear,false,16,a,random
B-terror-d1-v4,terror,fear,fear,false,16,a,random
B-terror-d2-v1,terror,fear,fear,false,16,a,random
B-terror-d2-v2,terror,fear,fear,false,16,a,random
B-terror-d2-v3,terror,fear,fear,false,16,a,random
B-terror-d2-v4,terror,fear,fear,false,16,a,random
B-terror-d3-v1,terror,fear,fear,false,16,a,random
B-terror-d3-v2,terror,fear,fear,false,16,a,random
B-terror-d3-v3,terror,fear,fear,false,16,a,random
B-terror-d3-v4,terror,fear,fear,false,16,a,random
B-vigilance-d1-v1,vigilance,fear,fear,false,16,a,random
B-vigilance-d1-v2,vigilance,fear,fear,false,16,a,random
B-vigilance-d1-v3,vigilance,fear,anxiety,true,16,a,random
B-vigilance-d1-v4,vigilance,fear,fear,false,16,a,random
B-vigilance-d2-v1,vigilance,anxiety,anxiety,false,16,a,random
B-vigilance-d2-v2,vigilance,anxiety,anxiety,false,16,a,random
B-vigilance-d2-v3,vigilance,excitement,anxiety,true,16,a,random
B-vigilance-d2-v4,vigilance,concentration,concentration,false,16,a,random
B-vigilance-d3-v1,vigilance,anticipation,anxiety,true,16,a,random
B-vigilance-d3-v2,vigilance,fear,fear,false,16,a,random
B-vigilance-d3-v3,vigilance,fear,fear,false,16,a,random
B-vigilance-d3-v4,vigilance,fear,fear,false,16,a,random
B-admiration-d1-v1,admiration,admiration,admiration,false,17,a,random
B-admiration-d1-v2,admiration,pride,pride,false,17,a,random
B-admiration-d1-v3,admiration,respect,respect,false,17,a,random
B-admiration-d1-v4,admiration,admiration,pride,true,17,a,random
B-admiration-d2-v1,admiration,anger,anger,false,17,a,random
B-admiration-d2-v2,admiration,sadness,sadness,false,17,a,random
B-admiration-d2-v3,admiration,guilt,guilt,false,17,a,random
B-admiration-d2-v4,admiration,pride,pride,false,17,a,random
B-admiration-d3-v1,admiration,pride,pride,false,17,a,random
B-admiration-d3-v2,admiration,determination,determination,false,17,a,random
B-admiration-d3-v3,admiration,determination,determination,false,17,a,random
B-admiration-d3-v4,admiration,compassion,admiration,true,17,a,random
B-amazement-d1-v1,amazement,fear,fear,false,17,a,random
B-amazement-d1-v2,amazement,fear,fear,false,17,a,random
B-amazement-d1-v3,amazement,fear,fear,false,17,a,random
B-amazement-d1-v4,amazement,fear,fear,false,17,a,random
B-amazement-d2-v1,amazement,fear,fear,false,17,a,random
B-amazement-d2-v2,amazement,awe,admiration,true,17,a,random
B-amazement-d2-v3,amazement,relief,relief,false,17,a,random
B-amazement-d2-v4,amazement,relief,relief,false,17,a,random
B-amazement-d3-v1,amazement,pride,pride,false,17,a,random
B-amazement-d3-v2,amazement,excitement,excitement,false,17,a,random
B-amazement-d3-v3,amazement,relief,relief,false,17,a,random
B-amazement-d3-v4,amazement,surprise,surprise,false,17,a,random
B-ecstasy-d1-v1,ecstasy,joy,joy,false,17,a,random
B-ecstasy-d1-v2,ecstasy,fear,fear,false,17,a,random
B-ecstasy-d1-v3,ecstasy,pride,pride,false,17,a,random
B-ecstasy-d1-v4,ecstasy,pride,pride,false,17,a,random
B-ecstasy-d2-v1,ecstasy,happiness,joy,true,17,a,random
B-ecstasy-d2-v2,ecstasy,happiness,happiness,false,17,a,random
B-ecstasy-d2-v3,ecstasy,sadness,sadness,false,17,a,random
B-ecstasy-d2-v4,ecstasy,happiness,happiness,false,17,a,random
B-ecstasy-d3-v1,ecstasy,joy,joy,false,17,a,random
B-ecstasy-d3-v2,ecstasy,wonder,wonder,false,17,a,random
B-ecstasy-d3-v3,ecstasy,excitement,excitement,false,17,a,random
B-ecstasy-d3-v4,ecstasy,excitement,excitement,false,17,a,random
B-grief-d1-v1,grief,sadness,sadness,false,17,a,random
B-grief-d1-v2,grief,sadness,sadness,false,17,a,random
B-grief-d1-v3,grief,sadness,sadness,false,17,a,random
B-grief-d1-v4,grief,sadness,sadness,false,17,a,random
B-grief-d2-v1,grief,sadness,sadness,false,17,a,random
B-grief-d2-v2,grief,sadness,sadness,false,17,a,random
B-grief-d2-v3,grief,sadness,sadness,false,17,a,random
B-grief-d2-v4,grief,sadness,sadness,false,17,a,random
B-grief-d3-v1,grief,anger,anger,false,17,a,random
B-grief-d3-v2,grief,sadness,sadness,false,17,a,random
B-grief-d3-v3,grief,sadness,sadness,false,17,a,random
B-grief-d3-v4,grief,sadness,sadness,false,17,a,random
B-loathing-d1-v1,loathing,anger,anger,false,17,a,random
B-loathing-d1-v2,loathing,anger,anger,false,17,a,random
B-loathing-d1-v3,loathing,anger,anger,false,17,a,random
B-loathing-d1-v4,loathing,anger,anger,false,17,a,random
B-loathing-d2-v1,loathing,fear,fear,false,17,a,random
B-loathing-d2-v2,loathing,disgust,disgust,false,17,a,random
B-loathing-d2-v3,loathing,fear,fear,false,17,a,random
B-loathing-d2-v4,loathing,disgust,disgust,false,17,a,random
B-loathing-d3-v1,loathing,anger,anger,false,17,a,random
B-loathing-d3-v2,loathing,anger,anger,false,17,a,random
B-loathing-d3-v3,loathing,anger,anger,false,17,a,random
B-loathing-d3-v4,loathing,anger,anger,false,17,a,random
B-rage-d1-v1,rage,anger,anger,false,17,a,random
B-rage-d1-v2,rage,anger,anger,false,17,a,random
B-rage-d1-v3,rage,anger,anger,false,17,a,random
B-rage-d1-v4,rage,anger,anger,false,17,a,random
B-rage-d2-v1,rage,anger,anger,false,17,a,random
B-rage-d2-v2,rage,anger,anger,false,17,a,random
B-rage-d2-v3,rage,anger,anger,false,17,a,random
B-rage-d2-v4,rage,anger,anger,false,17,a,random
B-rage-d3-v1,rage,anger,anger,false,17,a,random
B-rage-d3-v2,rage,fear,fear,false,17,a,random
B-rage-d3-v3,rage,anger,anger,false,17,a,random
B-rage-d3-v4,rage,fear,fear,false,17,a,random
B-terror-d1-v1,terror,fear,fear,false,17,a,random
B-terror-d1-v2,terror,fear,fear,false,17,a,random
B-terror-d1-v3,terror,fear,fear,false,17,a,random
B-terror-d1-v4,terror,fear,fear,false,17,a,random
B-terror-d2-v1,terror,fear,fear,false,17,a,random
B-terror-d2-v2,terror,fear,fear,false,17,a,random
B-terror-d2-v3,terror,fear,fear,false,17,a,random
B-terror-d2-v4,terror,fear,fear,false,17,a,random
B-terror-d3-v1,terror,fear,fear,false,17,a,random
B-terror-d3-v2,terror,fear,fear,false,17,a,random
B-terror-d3-v3,terror,fear,fear,false,17,a,random
B-terror-d3-v4,terror,fear,fear,false,17,a,random
B-vigilance-d1-v1,vigilance,fear,fear,false,17,a,random
B-vigilance-d1-v2,vigilance,fear,fear,false,17,a,random
B-vigilance-d1-v3,vigilance,fear,anxiety,true,17,a,random
B-vigilance-d1-v4,vigilance,fear,fear,false,17,a,random
B-vigilance-d2-v1,vigilance,anxiety,anxiety,false,17,a,random
B-vigilance-d2-v2,vigilance,anxiety,anxiety,false,17,a,random
B-vigilance-d2-v3,vigilance,excitement,anxiety,true,17,a,random
B-vigilance-d2-v4,vigilance,concentration,concentration,false,17,a,random
B-vigilance-d3-v1,vigilance,anticipation,anticipation,false,17,a,random
B-vigilance-d3-v2,vigilance,fear,fear,false,17,a,random
B-vigilance-d3-v3,vigilance,fear,fear,false,17,a,random
B-vigilance-d3-v4,vigilance,fear,fear,false,17,a,random
B-admiration-d1-v1,admiration,admiration,frustration,true,18,a,random
B-admiration-d1-v2,admiration,pride,pride,false,18,a,random
B-admiration-d1-v3,admiration,respect,pride,true,18,a,random
B-admiration-d1-v4,admiration,admiration,admiration,false,18,a,random
B-admiration-d2-v1,admiration,anger,pride,true,18,a,random
B-admiration-d2-v2,admiration,sadness,sadness,false,18,a,random
B-admiration-d2-v3,admiration,guilt,guilt,false,18,a,random
B-admiration-d2-v4,admiration,pride,pride,false,18,a,random
B-admiration-d3-v1,admiration,pride,pride,false,18,a,random
B-admiration-d3-v2,admiration,determination,determination,false,18,a,random
B-admiration-d3-v3,admiration,determination,determination,false,18,a,random
B-admiration-d3-v4,admiration,compassion,compassion,false,18,a,random
B-amazement-d1-v1,amazement,fear,fear,false,18,a,random
B-amazement-d1-v2,amazement,fear,fear,false,18,a,random
B-amazement-d1-v3,amazement,fear,fear,false,18,a,random
B-amazement-d1-v4,amazement,fear,fear,false,18,a,random
B-amazement-d2-v1,amazement,fear,fear,false,18,a,random
B-amazement-d2-v2,amazement,awe,admiration,true,18,a,random
B-amazement-d2-v3,amazement,relief,relief,false,18,a,random
B-amazement-d2-v4,amazement,relief,relief,false,18,a,random
B-amazement-d3-v1,amazement,pride,pride,false,18,a,random
B-amazement-d3-v2,amazement,excitement,awe,true,18,a,random
B-amazement-d3-v3,amazement,relief,relief,false,18,a,random
B-amazement-d3-v4,amazement,surprise,surprise,false,18,a,random
B-ecstasy-d1-v1,ecstasy,joy,joy,false,18,a,random
B-ecstasy-d1-v2,ecstasy,fear,joy,true,18,a,random
B-ecstasy-d1-v3,ecstasy,pride,joy,true,18,a,random
B-ecstasy-d1-v4,ecstasy,pride,pride,false,18,a,random
B-ecstasy-d2-v1,ecstasy,happiness,joy,true,18,a,random
B-ecstasy-d2-v2,ecstasy,happiness,happiness,false,18,a,random
B-ecstasy-d2-v3,ecstasy,sadness,sadness,false,18,a,random
B-ecstasy-d2-v4,ecstasy,happiness,happiness,false,18,a,random
B-ecstasy-d3-v1,ecstasy,joy,joy,false,18,a,random
B-ecstasy-d3-v2,ecstasy,wonder,awe,true,18,a,random
B-ecstasy-d3-v3,ecstasy,excitement,excitement,false,18,a,random
B-ecstasy-d3-v4,ecstasy,excitement,excitement,false,18,a,random
B-grief-d1-v1,grief,sadness,sadness,false,18,a,random
B-grief-d1-v2,grief,sadness,sadness,false,18,a,random
B-grief-d1-v3,grief,sadness,sadness,false,18,a,random
B-grief-d1-v4,grief,sadness,sadness,false,18,a,random
B-grief-d2-v1,grief,sadness,sadness,false,18,a,random
B-grief-d2-v2,grief,sadness,sadness,false,18,a,random
B-grief-d2-v3,grief,sadness,sadness,false,18,a,random
B-grief-d2-v4,grief,sadness,sadness,false,18,a,random
B-grief-d3-v1,grief,anger,anger,false,18,a,random
B-grief-d3-v2,grief,sadness,sadness,false,18,a,random
B-grief-d3-v3,grief,sadness,sadness,false,18,a,random
B-grief-d3-v4,grief,sadness,sadness,false,18,a,random
B-loathing-d1-v1,loathing,anger,anger,false,18,a,random
B-loathing-d1-v2,loathing,anger,anger,false,18,a,random
B-loathing-d1-v3,loathing,anger,anger,false,18,a,random
B-loathing-d1-v4,loathing,anger,anger,false,18,a,random
B-loathing-d2-v1,loathing,fear,fear,false,18,a,random
B-loathing-d2-v2,loathing,disgust,disgust,false,18,a,random
B-loathing-d2-v3,loathing,fear,fear,false,18,a,random
B-loathing-d2-v4,loathing,disgust,disgust,false,18,a,random
B-loathing-d3-v1,loathing,anger,anger,false,18,a,random
B-loathing-d3-v2,loathing,anger,anger,false,18,a,random
B-loathing-d3-v3,loathing,anger,anger,false,18,a,random
B-loathing-d3-v4,loathing,anger,anger,false,18,a,random
B-rage-d1-v1,rage,anger,anger,false,18,a,random
B-rage-d1-v2,rage,anger,anger,false,18,a,random
B-rage-d1-v3,rage,anger,anger,false,18,a,random
B-rage-d1-v4,rage,anger,anger,false,18,a,random
B-rage-d2-v1,rage,anger,anger,false,18,a,random
B-rage-d2-v2,rage,anger,anger,false,18,a,random
B-rage-d2-v3,rage,anger,anger,false,18,a,random
B-rage-d2-v4,rage,anger,anger,false,18,a,random
B-rage-d3-v1,rage,anger,anger,false,18,a,random
B-rage-d3-v2,rage,fear,fear,false,18,a,random
B-rage-d3-v3,rage,anger,anger,false,18,a,random
B-rage-d3-v4,rage,fear,fear,false,18,a,random
B-terror-d1-v1,terror,fear,fear,false,18,a,random
B-terror-d1-v2,terror,fear,fear,false,18,a,random
B-terror-d1-v3,terror,fear,fear,false,18,a,random
B-terror-d1-v4,terror,fear,fear,false,18,a,random
B-terror-d2-v1,terror,fear,fear,false,18,a,random
B-terror-d2-v2,terror,fear,fear,false,18,a,random
B-terror-d2-v3,terror,fear,fear,false,18,a,random
B-terror-d2-v4,terror,fear,fear,false,18,a,random
B-terror-d3-v1,terror,fear,fear,false,18,a,random
B-terror-d3-v2,terror,fear,fear,false,18,a,random
B-terror-d3-v3,terror,fear,fear,false,18,a,random
B-terror-d3-v4,terror,fear,fear,false,18,a,random
B-vigilance-d1-v1,vigilance,fear,fear,false,18,a,random
B-vigilance-d1-v2,vigilance,fear,fear,false,18,a,random
B-vigilance-d1-v3,vigilance,fear,fear,false,18,a,random
B-vigilance-d1-v4,vigilance,fear,fear,false,18,a,random
B-vigilance-d2-v1,vigilance,anxiety,anxiety,false,18,a,random
B-vigilance-d2-v2,vigilance,anxiety,fear,true,18,a,random
B-vigilance-d2-v3,vigilance,excitement,anxiety,true,18,a,random
B-vigilance-d2-v4,vigilance,concentration,concentration,false,18,a,random
B-vigilance-d3-v1,vigilance,anticipation,anticipation,false,18,a,random
B-vigilance-d3-v2,vigilance,fear,fear,false,18,a,random
B-vigilance-d3-v3,vigilance,fear,fear,false,18,a,random
B-vigilance-d3-v4,vigilance,fear,fear,false,18,a,random
B-admiration-d1-v1,admiration,admiration,admiration,false,19,a,random
B-admiration-d1-v2,admiration,pride,pride,false,19,a,random
B-admiration-d1-v3,admiration,respect,respect,false,19,a,random
B-admiration-d1-v4,admiration,admiration,awe,true,19,a,random
B-admiration-d2-v1,admiration,anger,anger,false,19,a,random
B-admiration-d2-v2,admiration,sadness,sadness,false,19,a,random
B-admiration-d2-v3,admiration,guilt,guilt,false,19,a,random
B-admiration-d2-v4,admiration,pride,pride,false,19,a,random
B-admiration-d3-v1,admiration,pride,pride,false,19,a,random
B-admiration-d3-v2,admiration,determination,determination,false,19,a,random
B-admiration-d3-v3,admiration,determination,determination,false,19,a,random
B-admiration-d3-v4,admiration,compassion,compassion,false,19,a,random
B-amazement-d1-v1,amazement,fear,fear,false,19,a,random
B-amazement-d1-v2,amazement,fear,fear,false,19,a,random
B-amazement-d1-v3,amazement,fear,fear,false,19,a,random
B-amazement-d1-v4,amazement,fear,fear,false,19,a,random
B-amazement-d2-v1,amazement,fear,fear,false,19,a,random
B-amazement-d2-v2,amazement,awe,awe,false,19,a,random
B-amazement-d2-v3,amazement,relief,relief,false,19,a,random
B-amazement-d2-v4,amazement,relief,relief,false,19,a,random
B-amazement-d3-v1,amazement,pride,pride,false,19,a,random
B-amazement-d3-v2,amazement,excitement,awe,true,19,a,random
B-amazement-d3-v3,amazement,relief,relief,false,19,a,random
B-amazement-d3-v4,amazement,surprise,surprise,false,19,a,random
B-ecstasy-d1-v1,ecstasy,joy,joy,false,19,a,random
B-ecstasy-d1-v2,ecstasy,fear,sadness,true,19,a,random
B-ecstasy-d1-v3,ecstasy,pride,joy,true,19,a,random
B-ecstasy-d1-v4,ecstasy,pride,pride,false,19,a,random
B-ecstasy-d2-v1,ecstasy,happiness,joy,true,19,a,random
B-ecstasy-d2-v2,ecstasy,happiness,happiness,false,19,a,random
B-ecstasy-d2-v3,ecstasy,sadness,sadness,false,19,a,random
B-ecstasy-d2-v4,ecstasy,happiness,happiness,false,19,a,random
B-ecstasy-d3-v1,ecstasy,joy,joy,false,19,a,random
B-ecstasy-d3-v2,ecstasy,wonder,wonder,false,19,a,random
B-ecstasy-d3-v3,ecstasy,excitement,excitement,false,19,a,random
B-ecstasy-d3-v4,ecstasy,excitement,excitement,false,19,a,random
B-grief-d1-v1,grief,sadness,sadness,false,19,a,random
B-grief-d1-v2,grief,sadness,sadness,false,19,a,random
B-grief-d1-v3,grief,sadness,sadness,false,19,a,random
B-grief-d1-v4,grief,sadness,sadness,false,19,a,random
B-grief-d2-v1,grief,sadness,sadness,false,19,a,random
B-grief-d2-v2,grief,sadness,sadness,false,19,a,random
B-grief-d2-v3,grief,sadness,sadness,false,19,a,random
B-grief-d2-v4,grief,sadness,sadness,false,19,a,random
B-grief-d3-v1,grief,anger,anger,false,19,a,random
B-grief-d3-v2,grief,sadness,sadness,false,19,a,random
B-grief-d3-v3,grief,sadness,sadness,false,19,a,random
B-grief-d3-v4,grief,sadness,sadness,false,19,a,random
B-loathing-d1-v1,loathing,anger,anger,false,19,a,random
B-loathing-d1-v2,loathing,anger,anger,false,19,a,random
B-loathing-d1-v3,loathing,anger,anger,false,19,a,random
B-loathing-d1-v4,loathing,anger,anger,false,19,a,random
B-loathing-d2-v1,loathing,fear,disgust,true,19,a,random
B-loathing-d2-v2,loathing,disgust,disgust,false,19,a,random
B-loathing-d2-v3,loathing,fear,fear,false,19,a,random
B-loathing-d2-v4,loathing,disgust,disgust,false,19,a,random
B-loathing-d3-v1,loathing,anger,anger,false,19,a,random
B-loathing-d3-v2,loathing,anger,anger,false,19,a,random
B-loathing-d3-v3,loathing,anger,anger,false,19,a,random
B-loathing-d3-v4,loathing,anger,anger,false,19,a,random
B-rage-d1-v1,rage,anger,anger,false,19,a,random
B-rage-d1-v2,rage,anger,anger,false,19,a,random
B-rage-d1-v3,rage,anger,anger,false,19,a,random
B-rage-d1-v4,rage,anger,anger,false,19,a,random
B-rage-d2-v1,rage,anger,anger,false,19,a,random
B-rage-d2-v2,rage,anger,anger,false,19,a,random
B-rage-d2-v3,rage,anger,anger,false,19,a,random
B-rage-d2-v4,rage,anger,anger,false,19,a,random
B-rage-d3-v1,rage,anger,anger,false,19,a,random
B-rage-d3-v2,rage,fear,fear,false,19,a,random
B-rage-d3-v3,rage,anger,anger,false,19,a,random
B-rage-d3-v4,rage,fear,anger,true,19,a,random
B-terror-d1-v1,terror,fear,fear,false,19,a,random
B-terror-d1-v2,terror,fear,fear,false,19,a,random
B-terror-d1-v3,terror,fear,fear,false,19,a,random
B-terror-d1-v4,terror,fear,fear,false,19,a,random
B-terror-d2-v1,terror,fear,fear,false,19,a,random
B-terror-d2-v2,terror,fear,fear,false,19,a,random
B-terror-d2-v3,terror,fear,fear,false,19,a,random
B-terror-d2-v4,terror,fear,fear,false,19,a,random
B-terror-d3-v1,terror,fear,fear,false,19,a,random
B-terror-d3-v2,terror,fear,fear,false,19,a,random
B-terror-d3-v3,terror,fear,fear,false,19,a,random
B-terror-d3-v4,terror,fear,fear,false,19,a,random
B-vigilance-d1-v1,vigilance,fear,fear,false,19,a,random
B-vigilance-d1-v2,vigilance,fear,fear,false,19,a,random
B-vigilance-d1-v3,vigilance,fear,fear,false,19,a,random
B-vigilance-d1-v4,vigilance,fear,fear,false,19,a,random
B-vigilance-d2-v1,vigilance,anxiety,anxiety,false,19,a,random
B-vigilance-d2-v2,vigilance,anxiety,anxiety,false,19,a,random
B-vigilance-d2-v3,vigilance,excitement,excitement,false,19,a,random
B-vigilance-d2-v4,vigilance,concentration,concentration,false,19,a,random
B-vigilance-d3-v1,vigilance,anticipation,anticipation,false,19,a,random
B-vigilance-d3-v2,vigilance,fear,fear,false,19,a,random
B-vigilance-d3-v3,vigilance,fear,fear,false,19,a,random
B-vigilance-d3-v4,vigilance,fear,fear,false,19,a,random
B-admiration-d1-v1,admiration,admiration,frustration,true,20,a,random
B-admiration-d1-v2,admiration,pride,pride,false,20,a,random
B-admiration-d1-v3,admiration,respect,pride,true,20,a,random
B-admiration-d1-v4,admiration,admiration,pride,true,20,a,random
B-admiration-d2-v1,admiration,anger,anger,false,20,a,random
B-admiration-d2-v2,admiration,sadness,sadness,false,20,a,random
B-admiration-d2-v3,admiration,guilt,guilt,false,20,a,random
B-admiration-d2-v4,admiration,pride,pride,false,20,a,random
B-admiration-d3-v1,admiration,pride,pride,false,20,a,random
B-admiration-d3-v2,admiration,determination,determination,false,20,a,random
B-admiration-d3-v3,admiration,determination,determination,false,20,a,random
B-admiration-d3-v4,admiration,compassion,empathy,true,20,a,random
B-amazement-d1-v1,amazement,fear,fear,false,20,a,random
B-amazement-d1-v2,amazement,fear,fear,false,20,a,random
B-amazement-d1-v3,amazement,fear,fear,false,20,a,random
B-amazement-d1-v4,amazement,fear,fear,false,20,a,random
B-amazement-d2-v1,amazement,fear,fear,false,20,a,random
B-amazement-d2-v2,amazement,awe,awe,false,20,a,random
B-amazement-d2-v3,amazement,relief,relief,false,20,a,random
B-amazement-d2-v4,amazement,relief,relief,false,20,a,random
B-amazement-d3-v1,amazement,pride,pride,false,20,a,random
B-amazement-d3-v2,amazement,excitement,awe,true,20,a,random
B-amazement-d3-v3,amazement,relief,relief,false,20,a,random
B-amazement-d3-v4,amazement,surprise,surprise,false,20,a,random
B-ecstasy-d1-v1,ecstasy,joy,joy,false,20,a,random
B-ecstasy-d1-v2,ecstasy,fear,fear,false,20,a,random
B-ecstasy-d1-v3,ecstasy,pride,pride,false,20,a,random
B-ecstasy-d1-v4,ecstasy,pride,pride,false,20,a,random
B-ecstasy-d2-v1,ecstasy,happiness,joy,true,20,a,random
B-ecstasy-d2-v2,ecstasy,happiness,happiness,false,20,a,random
B-ecstasy-d2-v3,ecstasy,sadness,sadness,false,20,a,random
B-ecstasy-d2-v4,ecstasy,happiness,happiness,false,20,a,random
B-ecstasy-d3-v1,ecstasy,joy,joy,false,20,a,random
B-ecstasy-d3-v2,ecstasy,wonder,wonder,false,20,a,random
B-ecstasy-d3-v3,ecstasy,excitement,excitement,false,20,a,random
B-ecstasy-d3-v4,ecstasy,excitement,excitement,false,20,a,random
B-grief-d1-v1,grief,sadness,sadness,false,20,a,random
B-grief-d1-v2,grief,sadness,sadness,false,20,a,random
B-grief-d1-v3,grief,sadness,sadness,false,20,a,random
B-grief-d1-v4,grief,sadness,sadness,false,20,a,random
B-grief-d2-v1,grief,sadness,sadness,false,20,a,random
B-grief-d2-v2,grief,sadness,sadness,false,20,a,random
B-grief-d2-v3,grief,sadness,sadness,false,20,a,random
B-grief-d2-v4,grief,sadness,sadness,false,20,a,random
B-grief-d3-v1,grief,anger,anger,false,20,a,random
B-grief-d3-v2,grief,sadness,sadness,false,20,a,random
B-grief-d3-v3,grief,sadness,sadness,false,20,a,random
B-grief-d3-v4,grief,sadness,sadness,false,20,a,random
B-loathing-d1-v1,loathing,anger,anger,false,20,a,random
B-loathing-d1-v2,loathing,anger,anger,false,20,a,random
B-loathing-d1-v3,loathing,anger,anger,false,20,a,random
B-loathing-d1-v4,loathing,anger,anger,false,20,a,random
B-loathing-d2-v1,loathing,fear,fear,false,20,a,random
B-loathing-d2-v2,loathing,disgust,disgust,false,20,a,random
B-loathing-d2-v3,loathing,fear,fear,false,20,a,random
B-loathing-d2-v4,loathing,disgust,disgust,false,20,a,random
B-loathing-d3-v1,loathing,anger,anger,false,20,a,random
B-loathing-d3-v2,loathing,anger,anger,false,20,a,random
B-loathing-d3-v3,loathing,anger,anger,false,20,a,random
B-loathing-d3-v4,loathing,anger,anger,false,20,a,random
B-rage-d1-v1,rage,anger,anger,false,20,a,random
B-rage-d1-v2,rage,anger,anger,false,20,a,random
B-rage-d1-v3,rage,anger,anger,false,20,a,random
B-rage-d1-v4,rage,anger,anger,false,20,a,random
B-rage-d2-v1,rage,anger,anger,false,20,a,random
B-rage-d2-v2,rage,anger,anger,false,20,a,random
B-rage-d2-v3,rage,anger,anger,false,20,a,random
B-rage-d2-v4,rage,anger,anger,false,20,a,random
B-rage-d3-v1,rage,anger,anger,false,20,a,random
B-rage-d3-v2,rage,fear,fear,false,20,a,random
B-rage-d3-v3,rage,anger,anger,false,20,a,random
B-rage-d3-v4,rage,fear,anger,true,20,a,random
B-terror-d1-v1,terror,fear,fear,false,20,a,random
B-terror-d1-v2,terror,fear,fear,false,20,a,random
B-terror-d1-v3,terror,fear,fear,false,20,a,random
B-terror-d1-v4,terror,fear,fear,false,20,a,random
B-terror-d2-v1,terror,fear,fear,false,20,a,random
B-terror-d2-v2,terror,fear,fear,false,20,a,random
B-terror-d2-v3,terror,fear,fear,false,20,a,random
B-terror-d2-v4,terror,fear,fear,false,20,a,random
B-terror-d3-v1,terror,fear,fear,false,20,a,random
B-terror-d3-v2,terror,fear,fear,false,20,a,random
B-terror-d3-v3,terror,fear,fear,false,20,a,random
B-terror-d3-v4,terror,fear,fear,false,20,a,random
B-vigilance-d1-v1,vigilance,fear,fear,false,20,a,random
B-vigilance-d1-v2,vigilance,fear,fear,false,20,a,random
B-vigilance-d1-v3,vigilance,fear,fear,false,20,a,random
B-vigilance-d1-v4,vigilance,fear,fear,false,20,a,random
B-vigilance-d2-v1,vigilance,anxiety,anxiety,false,20,a,random
B-vigilance-d2-v2,vigilance,anxiety,fear,true,20,a,random
B-vigilance-d2-v3,vigilance,excitement,excitement,false,20,a,random
B-vigilance-d2-v4,vigilance,concentration,concentration,false,20,a,random
B-vigilance-d3-v1,vigilance,anticipation,fear,true,20,a,random
B-vigilance-d3-v2,vigilance,fear,fear,false,20,a,random
B-vigilance-d3-v3,vigilance,fear,fear,false,20,a,random
B-vigilance-d3-v4,vigilance,fear,fear,false,20,a,random
B-admiration-d1-v1,admiration,admiration,admiration,false,21,a,random
B-admiration-d1-v2,admiration,pride,pride,false,21,a,random
B-admiration-d1-v3,admiration,respect,respect,false,21,a,random
B-admiration-d1-v4,admiration,admiration,admiration,false,21,a,random
B-admiration-d2-v1,admiration,anger,guilt,true,21,a,random
B-admiration-d2-v2,admiration,sadness,sadness,false,21,a,random
B-admiration-d2-v3,admiration,guilt,guilt,false,21,a,random
B-admiration-d2-v4,admiration,pride,pride,false,21,a,random
B-admiration-d3-v1,admiration,pride,pride,false,21,a,random
B-admiration-d3-v2,admiration,determination,determination,false,21,a,random
B-admiration-d3-v3,admiration,determination,determination,false,21,a,random
B-admiration-d3-v4,admiration,compassion,compassion,false,21,a,random
B-amazement-d1-v1,amazement,fear,fear,false,21,a,random
B-amazement-d1-v2,amazement,fear,fear,false,21,a,random
B-amazement-d1-v3,amazement,fear,fear,false,21,a,random
B-amazement-d1-v4,amazement,fear,fear,false,21,a,random
B-amazement-d2-v1,amazement,fear,fear,false,21,a,random
B-amazement-d2-v2,amazement,awe,admiration,true,21,a,random
B-amazement-d2-v3,amazement,relief,relief,false,21,a,random
B-amazement-d2-v4,amazement,relief,relief,false,21,a,random
B-amazement-d3-v1,amazement,pride,pride,false,21,a,random
B-amazement-d3-v2,amazement,excitement,surprise,true,21,a,random
B-amazement-d3-v3,amazement,relief,relief,false,21,a,random
B-amazement-d3-v4,amazement,surprise,awe,true,21,a,random
B-ecstasy-d1-v1,ecstasy,joy,joy,false,21,a,random
B-ecstasy-d1-v2,ecstasy,fear,fear,false,21,a,random
B-ecstasy-d1-v3,ecstasy,pride,pride,false,21,a,random
B-ecstasy-d1-v4,ecstasy,pride,pride,false,21,a,random
B-ecstasy-d2-v1,ecstasy,happiness,joy,true,21,a,random
B-ecstasy-d2-v2,ecstasy,happiness,happiness,false,21,a,random
B-ecstasy-d2-v3,ecstasy,sadness,sadness,false,21,a,random
B-ecstasy-d2-v4,ecstasy,happiness,happiness,false,21,a,random
B-ecstasy-d3-v1,ecstasy,joy,joy,false,21,a,random
B-ecstasy-d3-v2,ecstasy,wonder,wonder,false,21,a,random
B-ecstasy-d3-v3,ecstasy,excitement,excitement,false,21,a,random
B-ecstasy-d3-v4,ecstasy,excitement,excitement,false,21,a,random
B-grief-d1-v1,grief,sadness,sadness,false,21,a,random
B-grief-d1-v2,grief,sadness,sadness,false,21,a,random
B-grief-d1-v3,grief,sadness,sadness,false,21,a,random
B-grief-d1-v4,grief,sadness,sadness,false,21,a,random
B-grief-d2-v1,grief,sadness,sadness,false,21,a,random
B-grief-d2-v2,grief,sadness,sadness,false,21,a,random
B-grief-d2-v3,grief,sadness,sadness,false,21,a,random
B-grief-d2-v4,grief,sadness,sadness,false,21,a,random
B-grief-d3-v1,grief,anger,anger,false,21,a,random
B-grief-d3-v2,grief,sadness,sadness,false,21,a,random
B-grief-d3-v3,grief,sadness,sadness,false,21,a,random
B-grief-d3-v4,grief,sadness,sadness,false,21,a,random
B-loathing-d1-v1,loathing,anger,anger,false,21,a,random
B-loathing-d1-v2,loathing,anger,anger,false,21,a,random
B-loathing-d1-v3,loathing,anger,anger,false,21,a,random
B-loathing-d1-v4,loathing,anger,anger,false,21,a,random
B-loathing-d2-v1,loathing,fear,disgust,true,21,a,random
B-loathing-d2-v2,loathing,disgust,disgust,false,21,a,random
B-loathing-d2-v3,loathing,fear,fear,false,21,a,random
B-loathing-d2-v4,loathing,disgust,disgust,false,21,a,random
B-loathing-d3-v1,loathing,anger,anger,false,21,a,random
B-loathing-d3-v2,loathing,anger,anger,false,21,a,random
B-loathing-d3-v3,loathing,anger,anger,false,21,a,random
B-loathing-d3-v4,loathing,anger,anger,false,21,a,random
B-rage-d1-v1,rage,anger,anger,false,21,a,random
B-rage-d1-v2,rage,anger,anger,false,21,a,random
B-rage-d1-v3,rage,anger,anger,false,21,a,random
B-rage-d1-v4,rage,anger,anger,false,21,a,random
B-rage-d2-v1,rage,anger,anger,false,21,a,random
B-rage-d2-v2,rage,anger,anger,false,21,a,random
B-rage-d2-v3,rage,anger,anger,false,21,a,random
B-rage-d2-v4,rage,anger,anger,false,21,a,random
B-rage-d3-v1,rage,anger,anger,false,21,a,random
B-rage-d3-v2,rage,fear,fear,false,21,a,random
B-rage-d3-v3,rage,anger,anger,false,21,a,random
B-rage-d3-v4,rage,fear,anger,true,21,a,random
B-terror-d1-v1,terror,fear,fear,false,21,a,random
B-terror-d1-v2,terror,fear,fear,false,21,a,random
B-terror-d1-v3,terror,fear,fear,false,21,a,random
B-terror-d1-v4,terror,fear,fear,false,21,a,random
B-terror-d2-v1,terror,fear,fear,false,21,a,random
B-terror-d2-v2,terror,fear,fear,false,21,a,random
B-terror-d2-v3,terror,fear,fear,false,21,a,random
B-terror-d2-v4,terror,fear,fear,false,21,a,random
B-terror-d3-v1,terror,fear,fear,false,21,a,random
B-terror-d3-v2,terror,fear,fear,false,21,a,random
B-terror-d3-v3,terror,fear,fear,false,21,a,random
B-terror-d3-v4,terror,fear,fear,false,21,a,random
B-vigilance-d1-v1,vigilance,fear,fear,false,21,a,random
B-vigilance-d1-v2,vigilance,fear,fear,false,21,a,random
B-vigilance-d1-v3,vigilance,fear,fear,false,21,a,random
B-vigilance-d1-v4,vigilance,fear,fear,false,21,a,random
B-vigilance-d2-v1,vigilance,anxiety,anxiety,false,21,a,random
B-vigilance-d2-v2,vigilance,anxiety,fear,true,21,a,random
B-vigilance-d2-v3,vigilance,excitement,anxiety,true,21,a,random
B-vigilance-d2-v4,vigilance,concentration,fear,true,21,a,random
B-vigilance-d3-v1,vigilance,anticipation,fear,true,21,a,random
B-vigilance-d3-v2,vigilance,fear,fear,false,21,a,random
B-vigilance-d3-v3,vigilance,fear,fear,false,21,a,random
B-vigilance-d3-v4,vigilance,fear,fear,false,21,a,random
B-admiration-d1-v1,admiration,admiration,awe,true,22,a,random
B-admiration-d1-v2,admiration,pride,pride,false,22,a,random
B-admiration-d1-v3,admiration,respect,admiration,true,22,a,random
B-admiration-d1-v4,admiration,admiration,awe,true,22,a,random
B-admiration-d2-v1,admiration,anger,anger,false,22,a,random
B-admiration-d2-v2,admiration,sadness,sadness,false,22,a,random
B-admiration-d2-v3,admiration,guilt,guilt,false,22,a,random
B-admiration-d2-v4,admiration,pride,pride,false,22,a,random
B-admiration-d3-v1,admiration,pride,pride,false,22,a,random
B-admiration-d3-v2,admiration,determination,determination,false,22,a,random
B-admiration-d3-v3,admiration,determination,determination,false,22,a,random
B-admiration-d3-v4,admiration,compassion,admiration,true,22,a,random
B-amazement-d1-v1,amazement,fear,fear,false,22,a,random
B-amazement-d1-v2,amazement,fear,fear,false,22,a,random
B-amazement-d1-v3,amazement,fear,fear,false,22,a,random
B-amazement-d1-v4,amazement,fear,fear,false,22,a,random
B-amazement-d2-v1,amazement,fear,relief,true,22,a,random
B-amazement-d2-v2,amazement,awe,awe,false,22,a,random
B-amazement-d2-v3,amazement,relief,fear,true,22,a,random
B-amazement-d2-v4,amazement,relief,relief,false,22,a,random
B-amazement-d3-v1,amazement,pride,pride,false,22,a,random
B-amazement-d3-v2,amazement,excitement,excitement,false,22,a,random
B-amazement-d3-v3,amazement,relief,relief,false,22,a,random
B-amazement-d3-v4,amazement,surprise,surprise,false,22,a,random
B-ecstasy-d1-v1,ecstasy,joy,joy,false,22,a,random
B-ecstasy-d1-v2,ecstasy,fear,fear,false,22,a,random
B-ecstasy-d1-v3,ecstasy,pride,joy,true,22,a,random
B-ecstasy-d1-v4,ecstasy,pride,pride,false,22,a,random
B-ecstasy-d2-v1,ecstasy,happiness,happiness,false,22,a,random
B-ecstasy-d2-v2,ecstasy,happiness,joy,true,22,a,random
B-ecstasy-d2-v3,ecstasy,sadness,sadness,false,22,a,random
B-ecstasy-d2-v4,ecstasy,happiness,happiness,false,22,a,random
B-ecstasy-d3-v1,ecstasy,joy,joy,false,22,a,random
B-ecstasy-d3-v2,ecstasy,wonder,wonder,false,22,a,random
B-ecstasy-d3-v3,ecstasy,excitement,excitement,false,22,a,random
B-ecstasy-d3-v4,ecstasy,excitement,excitement,false,22,a,random
B-grief-d1-v1,grief,sadness,sadness,false,22,a,random
B-grief-d1-v2,grief,sadness,sadness,false,22,a,random
B-grief-d1-v3,grief,sadness,anger,true,22,a,random
B-grief-d1-v4,grief,sadness,sadness,false,22,a,random
B-grief-d2-v1,grief,sadness,sadness,false,22,a,random
B-grief-d2-v2,grief,sadness,sadness,false,22,a,random
B-grief-d2-v3,grief,sadness,sadness,false,22,a,random
B-grief-d2-v4,grief,sadness,sadness,false,22,a,random
B-grief-d3-v1,grief,anger,anger,false,22,a,random
B-grief-d3-v2,grief,sadness,sadness,false,22,a,random
B-grief-d3-v3,grief,sadness,sadness,false,22,a,random
B-grief-d3-v4,grief,sadness,sadness,false,22,a,random
B-loathing-d1-v1,loathing,anger,anger,false,22,a,random
B-loathing-d1-v2,loathing,anger,anger,false,22,a,random
B-loathing-d1-v3,loathing,anger,anger,false,22,a,random
B-loathing-d1-v4,loathing,anger,anger,false,22,a,random
B-loathing-d2-v1,loathing,fear,fear,false,22,a,random
B-loathing-d2-v2,loathing,disgust,disgust,false,22,a,random
B-loathing-d2-v3,loathing,fear,fear,false,22,a,random
B-loathing-d2-v4,loathing,disgust,disgust,false,22,a,random
B-loathing-d3-v1,loathing,anger,anger,false,22,a,random
B-loathing-d3-v2,loathing,anger,anger,false,22,a,random
B-loathing-d3-v3,loathing,anger,anger,false,22,a,random
B-loathing-d3-v4,loathing,anger,anger,false,22,a,random
B-rage-d1-v1,rage,anger,anger,false,22,a,random
B-rage-d1-v2,rage,anger,anger,false,22,a,random
B-rage-d1-v3,rage,anger,anger,false,22,a,random
B-rage-d1-v4,rage,anger,anger,false,22,a,random
B-rage-d2-v1,rage,anger,anger,false,22,a,random
B-rage-d2-v2,rage,anger,anger,false,22,a,random
B-rage-d2-v3,rage,anger,anger,false,22,a,random
B-rage-d2-v4,rage,anger,anger,false,22,a,random
B-rage-d3-v1,rage,anger,anger,false,22,a,random
B-rage-d3-v2,rage,fear,anger,true,22,a,random
B-rage-d3-v3,rage,anger,anger,false,22,a,random
B-rage-d3-v4,rage,fear,anger,true,22,a,random
B-terror-d1-v1,terror,fear,fear,false,22,a,random
B-terror-d1-v2,terror,fear,fear,false,22,a,random
B-terror-d1-v3,terror,fear,fear,false,22,a,random
B-terror-d1-v4,terror,fear,fear,false,22,a,random
B-terror-d2-v1,terror,fear,fear,false,22,a,random
B-terror-d2-v2,terror,fear,fear,false,22,a,random
B-terror-d2-v3,terror,fear,fear,false,22,a,random
B-terror-d2-v4,terror,fear,fear,false,22,a,random
B-terror-d3-v1,terror,fear,fear,false,22,a,random
B-terror-d3-v2,terror,fear,fear,false,22,a,random
B-terror-d3-v3,terror,fear,fear,false,22,a,random
B-terror-d3-v4,terror,fear,fear,false,22,a,random
B-vigilance-d1-v1,vigilance,fear,fear,false,22,a,random
B-vigilance-d1-v2,vigilance,fear,fear,false,22,a,random
B-vigilance-d1-v3,vigilance,fear,fear,false,22,a,random
B-vigilance-d1-v4,vigilance,fear,fear,false,22,a,random
B-vigilance-d2-v1,vigilance,anxiety,anxiety,false,22,a,random
B-vigilance-d2-v2,vigilance,anxiety,anxiety,false,22,a,random
B-vigilance-d2-v3,vigilance,excitement,excitement,false,22,a,random
B-vigilance-d2-v4,vigilance,concentration,concentration,false,22,a,random
B-vigilance-d3-v1,vigilance,anticipation,anticipation,false,22,a,random
B-vigilance-d3-v2,vigilance,fear,fear,false,22,a,random
B-vigilance-d3-v3,vigilance,fear,fear,false,22,a,random
B-vigilance-d3-v4,vigilance,fear,fear,false,22,a,random
B-admiration-d1-v1,admiration,admiration,admiration,false,23,a,random
B-admiration-d1-v2,admiration,pride,pride,false,23,a,random
B-admiration-d1-v3,admiration,respect,respect,false,23,a,random
B-admiration-d1-v4,admiration,admiration,admiration,false,23,a,random
B-admiration-d2-v1,admiration,anger,anger,false,23,a,random
B-admiration-d2-v2,admiration,sadness,sadness,false,23,a,random
B-admiration-d2-v3,admiration,guilt,guilt,false,23,a,random
B-admiration-d2-v4,admiration,pride,pride,false,23,a,random
B-admiration-d3-v1,admiration,pride,pride,false,23,a,random
B-admiration-d3-v2,admiration,determination,determination,false,23,a,random
B-admiration-d3-v3,admiration,determination,determination,false,23,a,random
B-admiration-d3-v4,admiration,compassion,sadness,true,23,a,random
B-amazement-d1-v1,amazement,fear,fear,false,23,a,random
B-amazement-d1-v2,amazement,fear,fear,false,23,a,random
B-amazement-d1-v3,amazement,fear,fear,false,23,a,random
B-amazement-d1-v4,amazement,fear,fear,false,23,a,random
B-amazement-d2-v1,amazement,fear,fear,false,23,a,random
B-amazement-d2-v2,amazement,awe,awe,false,23,a,random
B-amazement-d2-v3,amazement,relief,relief,false,23,a,random
B-amazement-d2-v4,amazement,relief,relief,false,23,a,random
B-amazement-d3-v1,amazement,pride,pride,false,23,a,random
B-amazement-d3-v2,amazement,excitement,excitement,false,23,a,random
B-amazement-d3-v3,amazement,relief,relief,false,23,a,random
B-amazement-d3-v4,amazement,surprise,surprise,false,23,a,random
B-ecstasy-d1-v1,ecstasy,joy,joy,false,23,a,random
B-ecstasy-d1-v2,ecstasy,fear,sadness,true,23,a,random
B-ecstasy-d1-v3,ecstasy,pride,pride,false,23,a,random
B-ecstasy-d1-v4,ecstasy,pride,pride,false,23,a,random
B-ecstasy-d2-v1,ecstasy,happiness,happiness,false,23,a,random
B-ecstasy-d2-v2,ecstasy,happiness,joy,true,23,a,random
B-ecstasy-d2-v3,ecstasy,sadness,sadness,false,23,a,random
B-ecstasy-d2-v4,ecstasy,happiness,happiness,false,23,a,random
B-ecstasy-d3-v1,ecstasy,joy,joy,false,23,a,random
B-ecstasy-d3-v2,ecstasy,wonder,wonder,false,23,a,random
B-ecstasy-d3-v3,ecstasy,excitement,excitement,false,23,a,random
B-ecstasy-d3-v4,ecstasy,excitement,excitement,false,23,a,random
B-grief-d1-v1,grief,sadness,sadness,false,23,a,random
B-grief-d1-v2,grief,sadness,sadness,false,23,a,random
B-grief-d1-v3,grief,sadness,sadness,false,23,a,random
B-grief-d1-v4,grief,sadness,sadness,false,23,a,random
B-grief-d2-v1,grief,sadness,sadness,false,23,a,random
B-grief-d2-v2,grief,sadness,sadness,false,23,a,random
B-grief-d2-v3,grief,sadness,sadness,false,23,a,random
B-grief-d2-v4,grief,sadness,sadness,false,23,a,random
B-grief-d3-v1,grief,anger,anger,false,23,a,random
B-grief-d3-v2,grief,sadness,sadness,false,23,a,random
B-grief-d3-v3,grief,sadness,sadness,false,23,a,random
B-grief-d3-v4,grief,sadness,sadness,false,23,a,random
B-loathing-d1-v1,loathing,anger,anger,false,23,a,random
B-loathing-d1-v2,loathing,anger,anger,false,23,a,random
B-loathing-d1-v3,loathing,anger,anger,false,23,a,random
B-loathing-d1-v4,loathing,anger,anger,false,23,a,random
B-loathing-d2-v1,loathing,fear,fear,false,23,a,random
B-loathing-d2-v2,loathing,disgust,disgust,false,23,a,random
B-loathing-d2-v3,loathing,fear,fear,false,23,a,random
B-loathing-d2-v4,loathing,disgust,disgust,false,23,a,random
B-loathing-d3-v1,loathing,anger,anger,false,23,a,random
B-loathing-d3-v2,loathing,anger,anger,false,23,a,random
B-loathing-d3-v3,loathing,anger,disgust,true,23,a,random
B-loathing-d3-v4,loathing,anger,anger,false,23,a,random
B-rage-d1-v1,rage,anger,anger,false,23,a,random
B-rage-d1-v2,rage,anger,anger,false,23,a,random
B-rage-d1-v3,rage,anger,anger,false,23,a,random
B-rage-d1-v4,rage,anger,anger,false,23,a,random
B-rage-d2-v1,rage,anger,anger,false,23,a,random
B-rage-d2-v2,rage,anger,anger,false,23,a,random
B-rage-d2-v3,rage,anger,anger,false,23,a,random
B-rage-d2-v4,rage,anger,anger,false,23,a,random
B-rage-d3-v1,rage,anger,anger,false,23,a,random
B-rage-d3-v2,rage,fear,anger,true,23,a,random
B-rage-d3-v3,rage,anger,anger,false,23,a,random
B-rage-d3-v4,rage,fear,anger,true,23,a,random
B-terror-d1-v1,terror,fear,fear,false,23,a,random
B-terror-d1-v2,terror,fear,fear,false,23,a,random
B-terror-d1-v3,terror,fear,fear,false,23,a,random
B-terror-d1-v4,terror,fear,fear,false,23,a,random
B-terror-d2-v1,terror,fear,fear,false,23,a,random
B-terror-d2-v2,terror,fear,fear,false,23,a,random
B-terror-d2-v3,terror,fear,fear,false,23,a,random
B-terror-d2-v4,terror,fear,fear,false,23,a,random
B-terror-d3-v1,terror,fear,fear,false,23,a,random
B-terror-d3-v2,terror,fear,fear,false,23,a,random
B-terror-d3-v3,terror,fear,fear,false,23,a,random
B-terror-d3-v4,terror,fear,fear,false,23,a,random
B-vigilance-d1-v1,vigilance,fear,fear,false,23,a,random
B-vigilance-d1-v2,vigilance,fear,fear,false,23,a,random
B-vigilance-d1-v3,vigilance,fear,anxiety,true,23,a,random
B-vigilance-d1-v4,vigilance,fear,fear,false,23,a,random
B-vigilance-d2-v1,vigilance,anxiety,anxiety,false,23,a,random
B-vigilance-d2-v2,vigilance,anxiety,fear,true,23,a,random
B-vigilance-d2-v3,vigilance,excitement,excitement,false,23,a,random
B-vigilance-d2-v4,vigilance,concentration,fear,true,23,a,random
B-vigilance-d3-v1,vigilance,anticipation,anticipation,false,23,a,random
B-vigilance-d3-v2,vigilance,fear,fear,false,23,a,random
B-vigilance-d3-v3,vigilance,fear,fear,false,23,a,random
B-vigilance-d3-v4,vigilance,fear,fear,false,23,a,random
B-admiration-d1-v1,admiration,admiration,admiration,false,24,a,random
B-admiration-d1-v2,admiration,pride,pride,false,24,a,random
B-admiration-d1-v3,admiration,respect,pride,true,24,a,random
B-admiration-d1-v4,admiration,admiration,admiration,false,24,a,random
B-admiration-d2-v1,admiration,anger,guilt,true,24,a,random
B-admiration-d2-v2,admiration,sadness,sadness,false,24,a,random
B-admiration-d2-v3,admiration,guilt,guilt,false,24,a,random
B-admiration-d2-v4,admiration,pride,pride,false,24,a,random
B-admiration-d3-v1,admiration,pride,pride,false,24,a,random
B-admiration-d3-v2,admiration,determination,determination,false,24,a,random
B-admiration-d3-v3,admiration,determination,determination,false,24,a,random
B-admiration-d3-v4,admiration,compassion,admiration,true,24,a,random
B-amazement-d1-v1,amazement,fear,fear,false,24,a,random
B-amazement-d1-v2,amazement,fear,fear,false,24,a,random
B-amazement-d1-v3,amazement,fear,awe,true,24,a,random
B-amazement-d1-v4,amazement,fear,fear,false,24,a,random
B-amazement-d2-v1,amazement,fear,fear,false,24,a,random
B-amazement-d2-v2,amazement,awe,awe,false,24,a,random
B-amazement-d2-v3,amazement,relief,relief,false,24,a,random
B-amazement-d2-v4,amazement,relief,relief,false,24,a,random
B-amazement-d3-v1,amazement,pride,pride,false,24,a,random
B-amazement-d3-v2,amazement,excitement,excitement,false,24,a,random
B-amazement-d3-v3,amazement,relief,relief,false,24,a,random
B-amazement-d3-v4,amazement,surprise,surprise,false,24,a,random
B-ecstasy-d1-v1,ecstasy,joy,joy,false,24,a,random
B-ecstasy-d1-v2,ecstasy,fear,fear,false,24,a,random
B-ecstasy-d1-v3,ecstasy,pride,joy,true,24,a,random
B-ecstasy-d1-v4,ecstasy,pride,pride,false,24,a,random
B-ecstasy-d2-v1,ecstasy,happiness,joy,true,24,a,random
B-ecstasy-d2-v2,ecstasy,happiness,happiness,false,24,a,random
B-ecstasy-d2-v3,ecstasy,sadness,sadness,false,24,a,random
B-ecstasy-d2-v4,ecstasy,happiness,happiness,false,24,a,random
B-ecstasy-d3-v1,ecstasy,joy,joy,false,24,a,random
B-ecstasy-d3-v2,ecstasy,wonder,wonder,false,24,a,random
B-ecstasy-d3-v3,ecstasy,excitement,excitement,false,24,a,random
B-ecstasy-d3-v4,ecstasy,excitement,excitement,false,24,a,random
B-grief-d1-v1,grief,sadness,sadness,false,24,a,random
B-grief-d1-v2,grief,sadness,sadness,false,24,a,random
B-grief-d1-v3,grief,sadness,sadness,false,24,a,random
B-grief-d1-v4,grief,sadness,sadness,false,24,a,random
B-grief-d2-v1,grief,sadness,anger,true,24,a,random
B-grief-d2-v2,grief,sadness,sadness,false,24,a,random
B-grief-d2-v3,grief,sadness,sadness,false,24,a,random
B-grief-d2-v4,grief,sadness,sadness,false,24,a,random
B-grief-d3-v1,grief,anger,anger,false,24,a,random
B-grief-d3-v2,grief,sadness,sadness,false,24,a,random
B-grief-d3-v3,grief,sadness,sadness,false,24,a,random
B-grief-d3-v4,grief,sadness,sadness,false,24,a,random
B-loathing-d1-v1,loathing,anger,anger,false,24,a,random
B-loathing-d1-v2,loathing,anger,anger,false,24,a,random
B-loathing-d1-v3,loathing,anger,anger,false,24,a,random
B-loathing-d1-v4,loathing,anger,anger,false,24,a,random
B-loathing-d2-v1,loathing,fear,disgust,true,24,a,random
B-loathing-d2-v2,loathing,disgust,disgust,false,24,a,random
B-loathing-d2-v3,loathing,fear,fear,false,24,a,random
B-loathing-d2-v4,loathing,disgust,disgust,false,24,a,random
B-loathing-d3-v1,loathing,anger,anger,false,24,a,random
B-loathing-d3-v2,loathing,anger,anger,false,24,a,random
B-loathing-d3-v3,loathing,anger,disgust,true,24,a,random
B-loathing-d3-v4,loathing,anger,anger,false,24,a,random
B-rage-d1-v1,rage,anger,anger,false,24,a,random
B-rage-d1-v2,rage,anger,anger,false,24,a,random
B-rage-d1-v3,rage,anger,anger,false,24,a,random
B-rage-d1-v4,rage,anger,anger,false,24,a,random
B-rage-d2-v1,rage,anger,anger,false,24,a,random
B-rage-d2-v2,rage,anger,anger,false,24,a,random
B-rage-d2-v3,rage,anger,anger,false,24,a,random
B-rage-d2-v4,rage,anger,anger,false,24,a,random
B-rage-d3-v1,rage,anger,anger,false,24,a,random
B-rage-d3-v2,rage,fear,fear,false,24,a,random
B-rage-d3-v3,rage,anger,anger,false,24,a,random
B-rage-d3-v4,rage,fear,fear,false,24,a,random
B-terror-d1-v1,terror,fear,fear,false,24,a,random
B-terror-d1-v2,terror,fear,fear,false,24,a,random
B-terror-d1-v3,terror,fear,fear,false,24,a,random
B-terror-d1-v4,terror,fear,fear,false,24,a,random
B-terror-d2-v1,terror,fear,fear,false,24,a,random
B-terror-d2-v2,terror,fear,fear,false,24,a,random
B-terror-d2-v3,terror,fear,fear,false,24,a,random
B-terror-d2-v4,terror,fear,fear,false,24,a,random
B-terror-d3-v1,terror,fear,fear,false,24,a,random
B-terror-d3-v2,terror,fear,fear,false,24,a,random
B-terror-d3-v3,terror,fear,fear,false,24,a,random
B-terror-d3-v4,terror,fear,fear,false,24,a,random
B-vigilance-d1-v1,vigilance,fear,anxiety,true,24,a,random
B-vigilance-d1-v2,vigilance,fear,fear,false,24,a,random
B-vigilance-d1-v3,vigilance,fear,fear,false,24,a,random
B-vigilance-d1-v4,vigilance,fear,fear,false,24,a,random
B-vigilance-d2-v1,vigilance,anxiety,anxiety,false,24,a,random
B-vigilance-d2-v2,vigilance,anxiety,anxiety,false,24,a,random
B-vigilance-d2-v3,vigilance,excitement,anxiety,true,24,a,random
B-vigilance-d2-v4,vigilance,concentration,concentration,false,24,a,random
B-vigilance-d3-v1,vigilance,anticipation,anticipation,false,24,a,random
B-vigilance-d3-v2,vigilance,fear,fear,false,24,a,random
B-vigilance-d3-v3,vigilance,fear,fear,false,24,a,random
B-vigilance-d3-v4,vigilance,fear,fear,false,24,a,random
B-admiration-d1-v1,admiration,admiration,awe,true,25,a,random
B-admiration-d1-v2,admiration,pride,pride,false,25,a,random
B-admiration-d1-v3,admiration,respect,respect,false,25,a,random
B-admiration-d1-v4,admiration,admiration,admiration,false,25,a,random
B-admiration-d2-v1,admiration,anger,anger,false,25,a,random
B-admiration-d2-v2,admiration,sadness,sadness,false,25,a,random
B-admiration-d2-v3,admiration,guilt,guilt,false,25,a,random
B-admiration-d2-v4,admiration,pride,pride,false,25,a,random
B-admiration-d3-v1,admiration,pride,pride,false,25,a,random
B-admiration-d3-v2,admiration,determination,determination,false,25,a,random
B-admiration-d3-v3,admiration,determination,determination,false,25,a,random
B-admiration-d3-v4,admiration,compassion,sadness,true,25,a,random
B-amazement-d1-v1,amazement,fear,fear,false,25,a,random
B-amazement-d1-v2,amazement,fear,fear,false,25,a,random
B-amazement-d1-v3,amazement,fear,fear,false,25,a,random
B-amazement-d1-v4,amazement,fear,fear,false,25,a,random
B-amazement-d2-v1,amazement,fear,fear,false,25,a,random
B-amazement-d2-v2,amazement,awe,awe,false,25,a,random
B-amazement-d2-v3,amazement,relief,courage,true,25,a,random
B-amazement-d2-v4,amazement,relief,relief,false,25,a,random
B-amazement-d3-v1,amazement,pride,pride,false,25,a,random
B-amazement-d3-v2,amazement,excitement,curiosity,true,25,a,random
B-amazement-d3-v3,amazement,relief,relief,false,25,a,random
B-amazement-d3-v4,amazement,surprise,surprise,false,25,a,random
B-ecstasy-d1-v1,ecstasy,joy,joy,false,25,a,random
B-ecstasy-d1-v2,ecstasy,fear,fear,false,25,a,random
B-ecstasy-d1-v3,ecstasy,pride,happiness,true,25,a,random
B-ecstasy-d1-v4,ecstasy,pride,joy,true,25,a,random
B-ecstasy-d2-v1,ecstasy,happiness,happiness,false,25,a,random
B-ecstasy-d2-v2,ecstasy,happiness,happiness,false,25,a,random
B-ecstasy-d2-v3,ecstasy,sadness,sadness,false,25,a,random
B-ecstasy-d2-v4,ecstasy,happiness,happiness,false,25,a,random
B-ecstasy-d3-v1,ecstasy,joy,joy,false,25,a,random
B-ecstasy-d3-v2,ecstasy,wonder,wonder,false,25,a,random
B-ecstasy-d3-v3,ecstasy,excitement,excitement,false,25,a,random
B-ecstasy-d3-v4,ecstasy,excitement,excitement,false,25,a,random
B-grief-d1-v1,grief,sadness,grief,true,25,a,random
B-grief-d1-v2,grief,sadness,sadness,false,25,a,random
B-grief-d1-v3,grief,sadness,sadness,false,25,a,random
B-grief-d1-v4,grief,sadness,sadness,false,25,a,random
B-grief-d2-v1,grief,sadness,sadness,false,25,a,random
B-grief-d2-v2,grief,sadness,sadness,false,25,a,random
B-grief-d2-v3,grief,sadness,sadness,false,25,a,random
B-grief-d2-v4,grief,sadness,sadness,false,25,a,random
B-grief-d3-v1,grief,anger,anger,false,25,a,random
B-grief-d3-v2,grief,sadness,sadness,false,25,a,random
B-grief-d3-v3,grief,sadness,sadness,false,25,a,random
B-grief-d3-v4,grief,sadness,sadness,false,25,a,random
B-loathing-d1-v1,loathing,anger,anger,false,25,a,random
B-loathing-d1-v2,loathing,anger,anger,false,25,a,random
B-loathing-d1-v3,loathing,anger,anger,false,25,a,random
B-loathing-d1-v4,loathing,anger,anger,false,25,a,random
B-loathing-d2-v1,loathing,fear,fear,false,25,a,random
B-loathing-d2-v2,loathing,disgust,disgust,false,25,a,random
B-loathing-d2-v3,loathing,fear,fear,false,25,a,random
B-loathing-d2-v4,loathing,disgust,disgust,false,25,a,random
B-loathing-d3-v1,loathing,anger,anger,false,25,a,random
B-loathing-d3-v2,loathing,anger,anger,false,25,a,random
B-loathing-d3-v3,loathing,anger,anger,false,25,a,random
B-loathing-d3-v4,loathing,anger,anger,false,25,a,random
B-rage-d1-v1,rage,anger,anger,false,25,a,random
B-rage-d1-v2,rage,anger,anger,false,25,a,random
B-rage-d1-v3,rage,anger,anger,false,25,a,random
B-rage-d1-v4,rage,anger,anger,false,25,a,random
B-rage-d2-v1,rage,anger,anger,false,25,a,random
B-rage-d2-v2,rage,anger,anger,false,25,a,random
B-rage-d2-v3,rage,anger,anger,false,25,a,random
B-rage-d2-v4,rage,anger,fear,true,25,a,random
B-rage-d3-v1,rage,anger,anger,false,25,a,random
B-rage-d3-v2,rage,fear,fear,false,25,a,random
B-rage-d3-v3,rage,anger,anger,false,25,a,random
B-rage-d3-v4,rage,fear,anger,true,25,a,random
B-terror-d1-v1,terror,fear,fear,false,25,a,random
B-terror-d1-v2,terror,fear,fear,false,25,a,random
B-terror-d1-v3,terror,fear,fear,false,25,a,random
B-terror-d1-v4,terror,fear,fear,false,25,a,random
B-terror-d2-v1,terror,fear,fear,false,25,a,random
B-terror-d2-v2,terror,fear,fear,false,25,a,random
B-terror-d2-v3,terror,fear,fear,false,25,a,random
B-terror-d2-v4,terror,fear,fear,false,25,a,random
B-terror-d3-v1,terror,fear,fear,false,25,a,random
B-terror-d3-v2,terror,fear,fear,false,25,a,random
B-terror-d3-v3,terror,fear,fear,false,25,a,random
B-terror-d3-v4,terror,fear,fear,false,25,a,random
B-vigilance-d1-v1,vigilance,fear,anxiety,true,25,a,random
B-vigilance-d1-v2,vigilance,fear,fear,false,25,a,random
B-vigilance-d1-v3,vigilance,fear,fear,false,25,a,random
B-vigilance-d1-v4,vigilance,fear,fear,false,25,a,random
B-vigilance-d2-v1,vigilance,anxiety,anxiety,false,25,a,random
B-vigilance-d2-v2,vigilance,anxiety,anxiety,false,25,a,random
B-vigilance-d2-v3,vigilance,excitement,anticipation,true,25,a,random
B-vigilance-d2-v4,vigilance,concentration,concentration,false,25,a,random
B-vigilance-d3-v1,vigilance,anticipation,fear,true,25,a,random
B-vigilance-d3-v2,vigilance,fear,fear,false,25,a,random
B-vigilance-d3-v3,vigilance,fear,fear,false,25,a,random
B-vigilance-d3-v4,vigilance,fear,fear,false,25,a,random
B-admiration-d1-v1,admiration,admiration,awe,true,26,a,random
B-admiration-d1-v2,admiration,pride,pride,false,26,a,random
B-admiration-d1-v3,admiration,respect,respect,false,26,a,random
B-admiration-d1-v4,admiration,admiration,awe,true,26,a,random
B-admiration-d2-v1,admiration,anger,guilt,true,26,a,random
B-admiration-d2-v2,admiration,sadness,sadness,false,26,a,random
B-admiration-d2-v3,admiration,guilt,guilt,false,26,a,random
B-admiration-d2-v4,admiration,pride,pride,false,26,a,random
B-admiration-d3-v1,admiration,pride,pride,false,26,a,random
B-admiration-d3-v2,admiration,determination,determination,false,26,a,random
B-admiration-d3-v3,admiration,determination,determination,false,26,a,random
B-admiration-d3-v4,admiration,compassion,sadness,true,26,a,random
B-amazement-d1-v1,amazement,fear,fear,false,26,a,random
B-amazement-d1-v2,amazement,fear,fear,false,26,a,random
B-amazement-d1-v3,amazement,fear,fear,false,26,a,random
B-amazement-d1-v4,amazement,fear,fear,false,26,a,random
B-amazement-d2-v1,amazement,fear,fear,false,26,a,random
B-amazement-d2-v2,amazement,awe,awe,false,26,a,random
B-amazement-d2-v3,amazement,relief,relief,false,26,a,random
B-amazement-d2-v4,amazement,relief,relief,false,26,a,random
B-amazement-d3-v1,amazement,pride,pride,false,26,a,random
B-amazement-d3-v2,amazement,excitement,awe,true,26,a,random
B-amazement-d3-v3,amazement,relief,relief,false,26,a,random
B-amazement-d3-v4,amazement,surprise,surprise,false,26,a,random
B-ecstasy-d1-v1,ecstasy,joy,joy,false,26,a,random
B-ecstasy-d1-v2,ecstasy,fear,joy,true,26,a,random
B-ecstasy-d1-v3,ecstasy,pride,joy,true,26,a,random
B-ecstasy-d1-v4,ecstasy,pride,pride,false,26,a,random
B-ecstasy-d2-v1,ecstasy,happiness,happiness,false,26,a,random
B-ecstasy-d2-v2,ecstasy,happiness,happiness,false,26,a,random
B-ecstasy-d2-v3,ecstasy,sadness,sadness,false,26,a,random
B-ecstasy-d2-v4,ecstasy,happiness,happiness,false,26,a,random
B-ecstasy-d3-v1,ecstasy,joy,joy,false,26,a,random
B-ecstasy-d3-v2,ecstasy,wonder,wonder,false,26,a,random
B-ecstasy-d3-v3,ecstasy,excitement,excitement,false,26,a,random
B-ecstasy-d3-v4,ecstasy,excitement,excitement,false,26,a,random
B-grief-d1-v1,grief,sadness,sadness,false,26,a,random
B-grief-d1-v2,grief,sadness,sadness,false,26,a,random
B-grief-d1-v3,grief,sadness,sadness,false,26,a,random
B-grief-d1-v4,grief,sadness,sadness,false,26,a,random
B-grief-d2-v1,grief,sadness,sadness,false,26,a,random
B-grief-d2-v2,grief,sadness,sadness,false,26,a,random
B-grief-d2-v3,grief,sadness,sadness,false,26,a,random
B-grief-d2-v4,grief,sadness,sadness,false,26,a,random
B-grief-d3-v1,grief,anger,sadness,true,26,a,random
B-grief-d3-v2,grief,sadness,sadness,false,26,a,random
B-grief-d3-v3,grief,sadness,sadness,false,26,a,random
B-grief-d3-v4,grief,sadness,sadness,false,26,a,random
B-loathing-d1-v1,loathing,anger,anger,false,26,a,random
B-loathing-d1-v2,loathing,anger,anger,false,26,a,random
B-loathing-d1-v3,loathing,anger,anger,false,26,a,random
B-loathing-d1-v4,loathing,anger,anger,false,26,a,random
B-loathing-d2-v1,loathing,fear,fear,false,26,a,random
B-loathing-d2-v2,loathing,disgust,disgust,false,26,a,random
B-loathing-d2-v3,loathing,fear,fear,false,26,a,random
B-loathing-d2-v4,loathing,disgust,disgust,false,26,a,random
B-loathing-d3-v1,loathing,anger,anger,false,26,a,random
B-loathing-d3-v2,loathing,anger,anger,false,26,a,random
B-loathing-d3-v3,loathing,anger,anger,false,26,a,random
B-loathing-d3-v4,loathing,anger,anger,false,26,a,random
B-rage-d1-v1,rage,anger,anger,false,26,a,random
B-rage-d1-v2,rage,anger,anger,false,26,a,random
B-rage-d1-v3,rage,anger,anger,false,26,a,random
B-rage-d1-v4,rage,anger,anger,false,26,a,random
B-rage-d2-v1,rage,anger,anger,false,26,a,random
B-rage-d2-v2,rage,anger,anger,false,26,a,random
B-rage-d2-v3,rage,anger,anger,false,26,a,random
B-rage-d2-v4,rage,anger,anger,false,26,a,random
B-rage-d3-v1,rage,anger,anger,false,26,a,random
B-rage-d3-v2,rage,fear,anger,true,26,a,random
B-rage-d3-v3,rage,anger,anger,false,26,a,random
B-rage-d3-v4,rage,fear,fear,false,26,a,random
B-terror-d1-v1,terror,fear,fear,false,26,a,random
B-terror-d1-v2,terror,fear,fear,false,26,a,random
B-terror-d1-v3,terror,fear,fear,false,26,a,random
B-terror-d1-v4,terror,fear,fear,false,26,a,random
B-terror-d2-v1,terror,fear,fear,false,26,a,random
B-terror-d2-v2,terror,fear,fear,false,26,a,random
B-terror-d2-v3,terror,fear,fear,false,26,a,random
B-terror-d2-v4,terror,fear,fear,false,26,a,random
B-terror-d3-v1,terror,fear,fear,false,26,a,random
B-terror-d3-v2,terror,fear,fear,false,26,a,random
B-terror-d3-v3,terror,fear,fear,false,26,a,random
B-terror-d3-v4,terror,fear,fear,false,26,a,random
B-vigilance-d1-v1,vigilance,fear,anxiety,true,26,a,random
B-vigilance-d1-v2,vigilance,fear,fear,false,26,a,random
B-vigilance-d1-v3,vigilance,fear,fear,false,26,a,random
B-vigilance-d1-v4,vigilance,fear,fear,false,26,a,random
B-vigilance-d2-v1,vigilance,anxiety,anxiety,false,26,a,random
B-vigilance-d2-v2,vigilance,anxiety,fear,true,26,a,random
B-vigilance-d2-v3,vigilance,excitement,anxiety,true,26,a,random
B-vigilance-d2-v4,vigilance,concentration,concentration,false,26,a,random
B-vigilance-d3-v1,vigilance,anticipation,anxiety,true,26,a,random
B-vigilance-d3-v2,vigilance,fear,fear,false,26,a,random
B-vigilance-d3-v3,vigilance,fear,fear,false,26,a,random
B-vigilance-d3-v4,vigilance,fear,fear,false,26,a,random
B-admiration-d1-v1,admiration,admiration,admiration,false,27,a,random
B-admiration-d1-v2,admiration,pride,pride,false,27,a,random
B-admiration-d1-v3,admiration,respect,respect,false,27,a,random
B-admiration-d1-v4,admiration,admiration,pride,true,27,a,random
B-admiration-d2-v1,admiration,anger,anger,false,27,a,random
B-admiration-d2-v2,admiration,sadness,sadness,false,27,a,random
B-admiration-d2-v3,admiration,guilt,guilt,false,27,a,random
B-admiration-d2-v4,admiration,pride,pride,false,27,a,random
B-admiration-d3-v1,admiration,pride,pride,false,27,a,random
B-admiration-d3-v2,admiration,determination,determination,false,27,a,random
B-admiration-d3-v3,admiration,determination,determination,false,27,a,random
B-admiration-d3-v4,admiration,compassion,hope,true,27,a,random
B-amazement-d1-v1,amazement,fear,fear,false,27,a,random
B-amazement-d1-v2,amazement,fear,fear,false,27,a,random
B-amazement-d1-v3,amazement,fear,awe,true,27,a,random
B-amazement-d1-v4,amazement,fear,fear,false,27,a,random
B-amazement-d2-v1,amazement,fear,fear,false,27,a,random
B-amazement-d2-v2,amazement,awe,admiration,true,27,a,random
B-amazement-d2-v3,amazement,relief,relief,false,27,a,random
B-amazement-d2-v4,amazement,relief,fear,true,27,a,random
B-amazement-d3-v1,amazement,pride,pride,false,27,a,random
B-amazement-d3-v2,amazement,excitement,excitement,false,27,a,random
B-amazement-d3-v3,amazement,relief,relief,false,27,a,random
B-amazement-d3-v4,amazement,surprise,surprise,false,27,a,random
B-ecstasy-d1-v1,ecstasy,joy,happiness,true,27,a,random
B-ecstasy-d1-v2,ecstasy,fear,fear,false,27,a,random
B-ecstasy-d1-v3,ecstasy,pride,joy,true,27,a,random
B-ecstasy-d1-v4,ecstasy,pride,pride,false,27,a,random
B-ecstasy-d2-v1,ecstasy,happiness,happiness,false,27,a,random
B-ecstasy-d2-v2,ecstasy,happiness,joy,true,27,a,random
B-ecstasy-d2-v3,ecstasy,sadness,sadness,false,27,a,random
B-ecstasy-d2-v4,ecstasy,happiness,happiness,false,27,a,random
B-ecstasy-d3-v1,ecstasy,joy,joy,false,27,a,random
B-ecstasy-d3-v2,ecstasy,wonder,wonder,false,27,a,random
B-ecstasy-d3-v3,ecstasy,excitement,surprise,true,27,a,random
B-ecstasy-d3-v4,ecstasy,excitement,excitement,false,27,a,random
B-grief-d1-v1,grief,sadness,sadness,false,27,a,random
B-grief-d1-v2,grief,sadness,sadness,false,27,a,random
B-grief-d1-v3,grief,sadness,sadness,false,27,a,random
B-grief-d1-v4,grief,sadness,sadness,false,27,a,random
B-grief-d2-v1,grief,sadness,sadness,false,27,a,random
B-grief-d2-v2,grief,sadness,sadness,false,27,a,random
B-grief-d2-v3,grief,sadness,sadness,false,27,a,random
B-grief-d2-v4,grief,sadness,sadness,false,27,a,random
B-grief-d3-v1,grief,anger,sadness,true,27,a,random
B-grief-d3-v2,grief,sadness,sadness,false,27,a,random
B-grief-d3-v3,grief,sadness,sadness,false,27,a,random
B-grief-d3-v4,grief,sadness,sadness,false,27,a,random
B-loathing-d1-v1,loathing,anger,anger,false,27,a,random
B-loathing-d1-v2,loathing,anger,anger,false,27,a,random
B-loathing-d1-v3,loathing,anger,anger,false,27,a,random
B-loathing-d1-v4,loathing,anger,anger,false,27,a,random
B-loathing-d2-v1,loathing,fear,fear,false,27,a,random
B-loathing-d2-v2,loathing,disgust,disgust,false,27,a,random
B-loathing-d2-v3,loathing,fear,fear,false,27,a,random
B-loathing-d2-v4,loathing,disgust,disgust,false,27,a,random
B-loathing-d3-v1,loathing,anger,anger,false,27,a,random
B-loathing-d3-v2,loathing,anger,anger,false,27,a,random
B-loathing-d3-v3,loathing,anger,anger,false,27,a,random
B-loathing-d3-v4,loathing,anger,anger,false,27,a,random
B-rage-d1-v1,rage,anger,anger,false,27,a,random
B-rage-d1-v2,rage,anger,anger,false,27,a,random
B-rage-d1-v3,rage,anger,anger,false,27,a,random
B-rage-d1-v4,rage,anger,anger,false,27,a,random
B-rage-d2-v1,rage,anger,anger,false,27,a,random
B-rage-d2-v2,rage,anger,anger,false,27,a,random
B-rage-d2-v3,rage,anger,anger,false,27,a,random
B-rage-d2-v4,rage,anger,anger,false,27,a,random
B-rage-d3-v1,rage,anger,anger,false,27,a,random
B-rage-d3-v2,rage,fear,fear,false,27,a,random
B-rage-d3-v3,rage,anger,anger,false,27,a,random
B-rage-d3-v4,rage,fear,anger,true,27,a,random
B-terror-d1-v1,terror,fear,fear,false,27,a,random
B-terror-d1-v2,terror,fear,fear,false,27,a,random
B-terror-d1-v3,terror,fear,fear,false,27,a,random
B-terror-d1-v4,terror,fear,fear,false,27,a,random
B-terror-d2-v1,terror,fear,fear,false,27,a,random
B-terror-d2-v2,terror,fear,fear,false,27,a,random
B-terror-d2-v3,terror,fear,fear,false,27,a,random
B-terror-d2-v4,terror,fear,fear,false,27,a,random
B-terror-d3-v1,terror,fear,fear,false,27,a,random
B-terror-d3-v2,terror,fear,fear,false,27,a,random
B-terror-d3-v3,terror,fear,fear,false,27,a,random
B-terror-d3-v4,terror,fear,fear,false,27,a,random
B-vigilance-d1-v1,vigilance,fear,fear,false,27,a,random
B-vigilance-d1-v2,vigilance,fear,fear,false,27,a,random
B-vigilance-d1-v3,vigilance,fear,anxiety,true,27,a,random
B-vigilance-d1-v4,vigilance,fear,fear,false,27,a,random
B-vigilance-d2-v1,vigilance,anxiety,anxiety,false,27,a,random
B-vigilance-d2-v2,vigilance,anxiety,anxiety,false,27,a,random
B-vigilance-d2-v3,vigilance,excitement,anticipation,true,27,a,random
B-vigilance-d2-v4,vigilance,concentration,fear,true,27,a,random
B-vigilance-d3-v1,vigilance,anticipation,anticipation,false,27,a,random
B-vigilance-d3-v2,vigilance,fear,fear,false,27,a,random
B-vigilance-d3-v3,vigilance,fear,fear,false,27,a,random
B-vigilance-d3-v4,vigilance,fear,fear,false,27,a,random
B-admiration-d1-v1,admiration,admiration,admiration,false,28,a,random
B-admiration-d1-v2,admiration,pride,pride,false,28,a,random
B-admiration-d1-v3,admiration,respect,respect,false,28,a,random
B-admiration-d1-v4,admiration,admiration,admiration,false,28,a,random
B-admiration-d2-v1,admiration,anger,anger,false,28,a,random
B-admiration-d2-v2,admiration,sadness,sadness,false,28,a,random
B-admiration-d2-v3,admiration,guilt,guilt,false,28,a,random
B-admiration-d2-v4,admiration,pride,pride,false,28,a,random
B-admiration-d3-v1,admiration,pride,pride,false,28,a,random
B-admiration-d3-v2,admiration,determination,determination,false,28,a,random
B-admiration-d3-v3,admiration,determination,determination,false,28,a,random
B-admiration-d3-v4,admiration,compassion,compassion,false,28,a,random
B-amazement-d1-v1,amazement,fear,fear,false,28,a,random
B-amazement-d1-v2,amazement,fear,fear,false,28,a,random
B-amazement-d1-v3,amazement,fear,awe,true,28,a,random
B-amazement-d1-v4,amazement,fear,fear,false,28,a,random
B-amazement-d2-v1,amazement,fear,fear,false,28,a,random
B-amazement-d2-v2,amazement,awe,pride,true,28,a,random
B-amazement-d2-v3,amazement,relief,relief,false,28,a,random
B-amazement-d2-v4,amazement,relief,relief,false,28,a,random
B-amazement-d3-v1,amazement,pride,pride,false,28,a,random
B-amazement-d3-v2,amazement,excitement,excitement,false,28,a,random
B-amazement-d3-v3,amazement,relief,relief,false,28,a,random
B-amazement-d3-v4,amazement,surprise,surprise,false,28,a,random
B-ecstasy-d1-v1,ecstasy,joy,happiness,true,28,a,random
B-ecstasy-d1-v2,ecstasy,fear,fear,false,28,a,random
B-ecstasy-d1-v3,ecstasy,pride,joy,true,28,a,random
B-ecstasy-d1-v4,ecstasy,pride,pride,false,28,a,random
B-ecstasy-d2-v1,ecstasy,happiness,happiness,false,28,a,random
B-ecstasy-d2-v2,ecstasy,happiness,happiness,false,28,a,random
B-ecstasy-d2-v3,ecstasy,sadness,sadness,false,28,a,random
B-ecstasy-d2-v4,ecstasy,happiness,happiness,false,28,a,random
B-ecstasy-d3-v1,ecstasy,joy,joy,false,28,a,random
B-ecstasy-d3-v2,ecstasy,wonder,awe,true,28,a,random
B-ecstasy-d3-v3,ecstasy,excitement,excitement,false,28,a,random
B-ecstasy-d3-v4,ecstasy,excitement,excitement,false,28,a,random
B-grief-d1-v1,grief,sadness,sadness,false,28,a,random
B-grief-d1-v2,grief,sadness,sadness,false,28,a,random
B-grief-d1-v3,grief,sadness,sadness,false,28,a,random
B-grief-d1-v4,grief,sadness,sadness,false,28,a,random
B-grief-d2-v1,grief,sadness,sadness,false,28,a,random
B-grief-d2-v2,grief,sadness,sadness,false,28,a,random
B-grief-d2-v3,grief,sadness,sadness,false,28,a,random
B-grief-d2-v4,grief,sadness,sadness,false,28,a,random
B-grief-d3-v1,grief,anger,anger,false,28,a,random
B-grief-d3-v2,grief,sadness,sadness,false,28,a,random
B-grief-d3-v3,grief,sadness,sadness,false,28,a,random
B-grief-d3-v4,grief,sadness,sadness,false,28,a,random
B-loathing-d1-v1,loathing,anger,anger,false,28,a,random
B-loathing-d1-v2,loathing,anger,anger,false,28,a,random
B-loathing-d1-v3,loathing,anger,anger,false,28,a,random
B-loathing-d1-v4,loathing,anger,anger,false,28,a,random
B-loathing-d2-v1,loathing,fear,fear,false,28,a,random
B-loathing-d2-v2,loathing,disgust,disgust,false,28,a,random
B-loathing-d2-v3,loathing,fear,fear,false,28,a,random
B-loathing-d2-v4,loathing,disgust,disgust,false,28,a,random
B-loathing-d3-v1,loathing,anger,anger,false,28,a,random
B-loathing-d3-v2,loathing,anger,anger,false,28,a,random
B-loathing-d3-v3,loathing,anger,anger,false,28,a,random
B-loathing-d3-v4,loathing,anger,anger,false,28,a,random
B-rage-d1-v1,rage,anger,anger,false,28,a,random
B-rage-d1-v2,rage,anger,anger,false,28,a,random
B-rage-d1-v3,rage,anger,anger,false,28,a,random
B-rage-d1-v4,rage,anger,anger,false,28,a,random
B-rage-d2-v1,rage,anger,anger,false,28,a,random
B-rage-d2-v2,rage,anger,anger,false,28,a,random
B-rage-d2-v3,rage,anger,anger,false,28,a,random
B-rage-d2-v4,rage,anger,anger,false,28,a,random
B-rage-d3-v1,rage,anger,anger,false,28,a,random
B-rage-d3-v2,rage,fear,anger,true,28,a,random
B-rage-d3-v3,rage,anger,anger,false,28,a,random
B-rage-d3-v4,rage,fear,fear,false,28,a,random
B-terror-d1-v1,terror,fear,fear,false,28,a,random
B-terror-d1-v2,terror,fear,fear,false,28,a,random
B-terror-d1-v3,terror,fear,fear,false,28,a,random
B-terror-d1-v4,terror,fear,fear,false,28,a,random
B-terror-d2-v1,terror,fear,fear,false,28,a,random
B-terror-d2-v2,terror,fear,fear,false,28,a,random
B-terror-d2-v3,terror,fear,fear,false,28,a,random
B-terror-d2-v4,terror,fear,fear,false,28,a,random
B-terror-d3-v1,terror,fear,fear,false,28,a,random
B-terror-d3-v2,terror,fear,fear,false,28,a,random
B-terror-d3-v3,terror,fear,fear,false,28,a,random
B-terror-d3-v4,terror,fear,fear,false,28,a,random
B-vigilance-d1-v1,vigilance,fear,fear,false,28,a,random
B-vigilance-d1-v2,vigilance,fear,fear,false,28,a,random
B-vigilance-d1-v3,vigilance,fear,anxiety,true,28,a,random
B-vigilance-d1-v4,vigilance,fear,fear,false,28,a,random
B-vigilance-d2-v1,vigilance,anxiety,anxiety,false,28,a,random
B-vigilance-d2-v2,vigilance,anxiety,anxiety,false,28,a,random
B-vigilance-d2-v3,vigilance,excitement,excitement,false,28,a,random
B-vigilance-d2-v4,vigilance,concentration,concentration,false,28,a,random
B-vigilance-d3-v1,vigilance,anticipation,anticipation,false,28,a,random
B-vigilance-d3-v2,vigilance,fear,fear,false,28,a,random
B-vigilance-d3-v3,vigilance,fear,fear,false,28,a,random
B-vigilance-d3-v4,vigilance,fear,fear,false,28,a,random
B-admiration-d1-v1,admiration,admiration,admiration,false,29,a,random
B-admiration-d1-v2,admiration,pride,pride,false,29,a,random
B-admiration-d1-v3,admiration,respect,pride,true,29,a,random
B-admiration-d1-v4,admiration,admiration,admiration,false,29,a,random
B-admiration-d2-v1,admiration,anger,anger,false,29,a,random
B-admiration-d2-v2,admiration,sadness,sadness,false,29,a,random
B-admiration-d2-v3,admiration,guilt,guilt,false,29,a,random
B-admiration-d2-v4,admiration,pride,happiness,true,29,a,random
B-admiration-d3-v1,admiration,pride,pride,false,29,a,random
B-admiration-d3-v2,admiration,determination,determination,false,29,a,random
B-admiration-d3-v3,admiration,determination,determination,false,29,a,random
B-admiration-d3-v4,admiration,compassion,sadness,true,29,a,random
B-amazement-d1-v1,amazement,fear,fear,false,29,a,random
B-amazement-d1-v2,amazement,fear,fear,false,29,a,random
B-amazement-d1-v3,amazement,fear,awe,true,29,a,random
B-amazement-d1-v4,amazement,fear,fear,false,29,a,random
B-amazement-d2-v1,amazement,fear,fear,false,29,a,random
B-amazement-d2-v2,amazement,awe,admiration,true,29,a,random
B-amazement-d2-v3,amazement,relief,relief,false,29,a,random
B-amazement-d2-v4,amazement,relief,fear,true,29,a,random
B-amazement-d3-v1,amazement,pride,pride,false,29,a,random
B-amazement-d3-v2,amazement,excitement,excitement,false,29,a,random
B-amazement-d3-v3,amazement,relief,relief,false,29,a,random
B-amazement-d3-v4,amazement,surprise,surprise,false,29,a,random
B-ecstasy-d1-v1,ecstasy,joy,joy,false,29,a,random
B-ecstasy-d1-v2,ecstasy,fear,sadness,true,29,a,random
B-ecstasy-d1-v3,ecstasy,pride,pride,false,29,a,random
B-ecstasy-d1-v4,ecstasy,pride,pride,false,29,a,random
B-ecstasy-d2-v1,ecstasy,happiness,joy,true,29,a,random
B-ecstasy-d2-v2,ecstasy,happiness,happiness,false,29,a,random
B-ecstasy-d2-v3,ecstasy,sadness,sadness,false,29,a,random
B-ecstasy-d2-v4,ecstasy,happiness,happiness,false,29,a,random
B-ecstasy-d3-v1,ecstasy,joy,joy,false,29,a,random
B-ecstasy-d3-v2,ecstasy,wonder,wonder,false,29,a,random
B-ecstasy-d3-v3,ecstasy,excitement,excitement,false,29,a,random
B-ecstasy-d3-v4,ecstasy,excitement,excitement,false,29,a,random
B-grief-d1-v1,grief,sadness,sadness,false,29,a,random
B-grief-d1-v2,grief,sadness,sadness,false,29,a,random
B-grief-d1-v3,grief,sadness,sadness,false,29,a,random
B-grief-d1-v4,grief,sadness,sadness,false,29,a,random
B-grief-d2-v1,grief,sadness,sadness,false,29,a,random
B-grief-d2-v2,grief,sadness,sadness,false,29,a,random
B-grief-d2-v3,grief,sadness,sadness,false,29,a,random
B-grief-d2-v4,grief,sadness,sadness,false,29,a,random
B-grief-d3-v1,grief,anger,sadness,true,29,a,random
B-grief-d3-v2,grief,sadness,sadness,false,29,a,random
B-grief-d3-v3,grief,sadness,sadness,false,29,a,random
B-grief-d3-v4,grief,sadness,sadness,false,29,a,random
B-loathing-d1-v1,loathing,anger,anger,false,29,a,random
B-loathing-d1-v2,loathing,anger,anger,false,29,a,random
B-loathing-d1-v3,loathing,anger,anger,false,29,a,random
B-loathing-d1-v4,loathing,anger,anger,false,29,a,random
B-loathing-d2-v1,loathing,fear,fear,false,29,a,random
B-loathing-d2-v2,loathing,disgust,disgust,false,29,a,random
B-loathing-d2-v3,loathing,fear,fear,false,29,a,random
B-loathing-d2-v4,loathing,disgust,disgust,false,29,a,random
B-loathing-d3-v1,loathing,anger,anger,false,29,a,random
B-loathing-d3-v2,loathing,anger,anger,false,29,a,random
B-loathing-d3-v3,loathing,anger,anger,false,29,a,random
B-loathing-d3-v4,loathing,anger,anger,false,29,a,random
B-rage-d1-v1,rage,anger,anger,false,29,a,random
B-rage-d1-v2,rage,anger,anger,false,29,a,random
B-rage-d1-v3,rage,anger,anger,false,29,a,random
B-rage-d1-v4,rage,anger,anger,false,29,a,random
B-rage-d2-v1,rage,anger,anger,false,29,a,random
B-rage-d2-v2,rage,anger,anger,false,29,a,random
B-rage-d2-v3,rage,anger,anger,false,29,a,random
B-rage-d2-v4,rage,anger,anger,false,29,a,random
B-rage-d3-v1,rage,anger,anger,false,29,a,random
B-rage-d3-v2,rage,fear,fear,false,29,a,random
B-rage-d3-v3,rage,anger,anger,false,29,a,random
B-rage-d3-v4,rage,fear,fear,false,29,a,random
B-terror-d1-v1,terror,fear,fear,false,29,a,random
B-terror-d1-v2,terror,fear,fear,false,29,a,random
B-terror-d1-v3,terror,fear,fear,false,29,a,random
B-terror-d1-v4,terror,fear,fear,false,29,a,random
B-terror-d2-v1,terror,fear,fear,false,29,a,random
B-terror-d2-v2,terror,fear,fear,false,29,a,random
B-terror-d2-v3,terror,fear,fear,false,29,a,random
B-terror-d2-v4,terror,fear,fear,false,29,a,random
B-terror-d3-v1,terror,fear,fear,false,29,a,random
B-terror-d3-v2,terror,fear,fear,false,29,a,random
B-terror-d3-v3,terror,fear,fear,false,29,a,random
B-terror-d3-v4,terror,fear,fear,false,29,a,random
B-vigilance-d1-v1,vigilance,fear,fear,false,29,a,random
B-vigilance-d1-v2,vigilance,fear,fear,false,29,a,random
B-vigilance-d1-v3,vigilance,fear,fear,false,29,a,random
B-vigilance-d1-v4,vigilance,fear,fear,false,29,a,random
B-vigilance-d2-v1,vigilance,anxiety,anxiety,false,29,a,random
B-vigilance-d2-v2,vigilance,anxiety,anxiety,false,29,a,random
B-vigilance-d2-v3,vigilance,excitement,excitement,false,29,a,random
B-vigilance-d2-v4,vigilance,concentration,anxiety,true,29,a,random
B-vigilance-d3-v1,vigilance,anticipation,anxiety,true,29,a,random
B-vigilance-d3-v2,vigilance,fear,fear,false,29,a,random
B-vigilance-d3-v3,vigilance,fear,fear,false,29,a,random
B-vigilance-d3-v4,vigilance,fear,fear,false,29,a,random
B-admiration-d1-v1,admiration,admiration,frustration,true,30,a,random
B-admiration-d1-v2,admiration,pride,pride,false,30,a,random
B-admiration-d1-v3,admiration,respect,pride,true,30,a,random
B-admiration-d1-v4,admiration,admiration,admiration,false,30,a,random
B-admiration-d2-v1,admiration,anger,anger,false,30,a,random
B-admiration-d2-v2,admiration,sadness,sadness,false,30,a,random
B-admiration-d2-v3,admiration,guilt,guilt,false,30,a,random
B-admiration-d2-v4,admiration,pride,pride,false,30,a,random
B-admiration-d3-v1,admiration,pride,pride,false,30,a,random
B-admiration-d3-v2,admiration,determination,determination,false,30,a,random
B-admiration-d3-v3,admiration,determination,determination,false,30,a,random
B-admiration-d3-v4,admiration,compassion,compassion,false,30,a,random
B-amazement-d1-v1,amazement,fear,fear,false,30,a,random
B-amazement-d1-v2,amazement,fear,fear,false,30,a,random
B-amazement-d1-v3,amazement,fear,fear,false,30,a,random
B-amazement-d1-v4,amazement,fear,fear,false,30,a,random
B-amazement-d2-v1,amazement,fear,fear,false,30,a,random
B-amazement-d2-v2,amazement,awe,awe,false,30,a,random
B-amazement-d2-v3,amazement,relief,relief,false,30,a,random
B-amazement-d2-v4,amazement,relief,relief,false,30,a,random
B-amazement-d3-v1,amazement,pride,pride,false,30,a,random
B-amazement-d3-v2,amazement,excitement,surprise,true,30,a,random
B-amazement-d3-v3,amazement,relief,relief,false,30,a,random
B-amazement-d3-v4,amazement,surprise,surprise,false,30,a,random
B-ecstasy-d1-v1,ecstasy,joy,happiness,true,30,a,random
B-ecstasy-d1-v2,ecstasy,fear,fear,false,30,a,random
B-ecstasy-d1-v3,ecstasy,pride,pride,false,30,a,random
B-ecstasy-d1-v4,ecstasy,pride,pride,false,30,a,random
B-ecstasy-d2-v1,ecstasy,happiness,joy,true,30,a,random
B-ecstasy-d2-v2,ecstasy,happiness,joy,true,30,a,random
B-ecstasy-d2-v3,ecstasy,sadness,sadness,false,30,a,random
B-ecstasy-d2-v4,ecstasy,happiness,happiness,false,30,a,random
B-ecstasy-d3-v1,ecstasy,joy,joy,false,30,a,random
B-ecstasy-d3-v2,ecstasy,wonder,awe,true,30,a,random
B-ecstasy-d3-v3,ecstasy,excitement,excitement,false,30,a,random
B-ecstasy-d3-v4,ecstasy,excitement,excitement,false,30,a,random
B-grief-d1-v1,grief,sadness,sadness,false,30,a,random
B-grief-d1-v2,grief,sadness,sadness,false,30,a,random
B-grief-d1-v3,grief,sadness,sadness,false,30,a,random
B-grief-d1-v4,grief,sadness,sadness,false,30,a,random
B-grief-d2-v1,grief,sadness,sadness,false,30,a,random
B-grief-d2-v2,grief,sadness,sadness,false,30,a,random
B-grief-d2-v3,grief,sadness,sadness,false,30,a,random
B-grief-d2-v4,grief,sadness,sadness,false,30,a,random
B-grief-d3-v1,grief,anger,anger,false,30,a,random
B-grief-d3-v2,grief,sadness,sadness,false,30,a,random
B-grief-d3-v3,grief,sadness,sadness,false,30,a,random
B-grief-d3-v4,grief,sadness,sadness,false,30,a,random
B-loathing-d1-v1,loathing,anger,anger,false,30,a,random
B-loathing-d1-v2,loathing,anger,anger,false,30,a,random
B-loathing-d1-v3,loathing,anger,anger,false,30,a,random
B-loathing-d1-v4,loathing,anger,anger,false,30,a,random
B-loathing-d2-v1,loathing,fear,disgust,true,30,a,random
B-loathing-d2-v2,loathing,disgust,disgust,false,30,a,random
B-loathing-d2-v3,loathing,fear,fear,false,30,a,random
B-loathing-d2-v4,loathing,disgust,disgust,false,30,a,random
B-loathing-d3-v1,loathing,anger,anger,false,30,a,random
B-loathing-d3-v2,loathing,anger,anger,false,30,a,random
B-loathing-d3-v3,loathing,anger,anger,false,30,a,random
B-loathing-d3-v4,loathing,anger,anger,false,30,a,random
B-rage-d1-v1,rage,anger,anger,false,30,a,random
B-rage-d1-v2,rage,anger,anger,false,30,a,random
B-rage-d1-v3,rage,anger,anger,false,30,a,random
B-rage-d1-v4,rage,anger,anger,false,30,a,random
B-rage-d2-v1,rage,anger,anger,false,30,a,random
B-rage-d2-v2,rage,anger,anger,false,30,a,random
B-rage-d2-v3,rage,anger,anger,false,30,a,random
B-rage-d2-v4,rage,anger,anger,false,30,a,random
B-rage-d3-v1,rage,anger,anger,false,30,a,random
B-rage-d3-v2,rage,fear,fear,false,30,a,random
B-rage-d3-v3,rage,anger,anger,false,30,a,random
B-rage-d3-v4,rage,fear,fear,false,30,a,random
B-terror-d1-v1,terror,fear,fear,false,30,a,random
B-terror-d1-v2,terror,fear,fear,false,30,a,random
B-terror-d1-v3,terror,fear,fear,false,30,a,random
B-terror-d1-v4,terror,fear,fear,false,30,a,random
B-terror-d2-v1,terror,fear,fear,false,30,a,random
B-terror-d2-v2,terror,fear,fear,false,30,a,random
B-terror-d2-v3,terror,fear,fear,false,30,a,random
B-terror-d2-v4,terror,fear,fear,false,30,a,random
B-terror-d3-v1,terror,fear,fear,false,30,a,random
B-terror-d3-v2,terror,fear,fear,false,30,a,random
B-terror-d3-v3,terror,fear,fear,false,30,a,random
B-terror-d3-v4,terror,fear,fear,false,30,a,random
B-vigilance-d1-v1,vigilance,fear,anxiety,true,30,a,random
B-vigilance-d1-v2,vigilance,fear,fear,false,30,a,random
B-vigilance-d1-v3,vigilance,fear,fear,false,30,a,random
B-vigilance-d1-v4,vigilance,fear,fear,false,30,a,random
B-vigilance-d2-v1,vigilance,anxiety,anxiety,false,30,a,random
B-vigilance-d2-v2,vigilance,anxiety,anxiety,false,30,a,random
B-vigilance-d2-v3,vigilance,excitement,excitement,false,30,a,random
B-vigilance-d2-v4,vigilance,concentration,concentration,false,30,a,random
B-vigilance-d3-v1,vigilance,anticipation,fear,true,30,a,random
B-vigilance-d3-v2,vigilance,fear,fear,false,30,a,random
B-vigilance-d3-v3,vigilance,fear,fear,false,30,a,random
B-vigilance-d3-v4,vigilance,fear,fear,false,30,a,random
B-admiration-d1-v1,admiration,admiration,admiration,false,31,a,random
B-admiration-d1-v2,admiration,pride,pride,false,31,a,random
B-admiration-d1-v3,admiration,respect,respect,false,31,a,random
B-admiration-d1-v4,admiration,admiration,admiration,false,31,a,random
B-admiration-d2-v1,admiration,anger,anger,false,31,a,random
B-admiration-d2-v2,admiration,sadness,sadness,false,31,a,random
B-admiration-d2-v3,admiration,guilt,guilt,false,31,a,random
B-admiration-d2-v4,admiration,pride,pride,false,31,a,random
B-admiration-d3-v1,admiration,pride,pride,false,31,a,random
B-admiration-d3-v2,admiration,determination,determination,false,31,a,random
B-admiration-d3-v3,admiration,determination,determination,false,31,a,random
B-admiration-d3-v4,admiration,compassion,compassion,false,31,a,random
B-amazement-d1-v1,amazement,fear,fear,false,31,a,random
B-amazement-d1-v2,amazement,fear,fear,false,31,a,random
B-amazement-d1-v3,amazement,fear,awe,true,31,a,random
B-amazement-d1-v4,amazement,fear,fear,false,31,a,random
B-amazement-d2-v1,amazement,fear,fear,false,31,a,random
B-amazement-d2-v2,amazement,awe,admiration,true,31,a,random
B-amazement-d2-v3,amazement,relief,relief,false,31,a,random
B-amazement-d2-v4,amazement,relief,relief,false,31,a,random
B-amazement-d3-v1,amazement,pride,pride,false,31,a,random
B-amazement-d3-v2,amazement,excitement,surprise,true,31,a,random
B-amazement-d3-v3,amazement,relief,relief,false,31,a,random
B-amazement-d3-v4,amazement,surprise,joy,true,31,a,random
B-ecstasy-d1-v1,ecstasy,joy,joy,false,31,a,random
B-ecstasy-d1-v2,ecstasy,fear,fear,false,31,a,random
B-ecstasy-d1-v3,ecstasy,pride,pride,false,31,a,random
B-ecstasy-d1-v4,ecstasy,pride,pride,false,31,a,random
B-ecstasy-d2-v1,ecstasy,happiness,joy,true,31,a,random
B-ecstasy-d2-v2,ecstasy,happiness,joy,true,31,a,random
B-ecstasy-d2-v3,ecstasy,sadness,sadness,false,31,a,random
B-ecstasy-d2-v4,ecstasy,happiness,happiness,false,31,a,random
B-ecstasy-d3-v1,ecstasy,joy,joy,false,31,a,random
B-ecstasy-d3-v2,ecstasy,wonder,awe,true,31,a,random
B-ecstasy-d3-v3,ecstasy,excitement,excitement,false,31,a,random
B-ecstasy-d3-v4,ecstasy,excitement,excitement,false,31,a,random
B-grief-d1-v1,grief,sadness,sadness,false,31,a,random
B-grief-d1-v2,grief,sadness,sadness,false,31,a,random
B-grief-d1-v3,grief,sadness,sadness,false,31,a,random
B-grief-d1-v4,grief,sadness,sadness,false,31,a,random
B-grief-d2-v1,grief,sadness,sadness,false,31,a,random
B-grief-d2-v2,grief,sadness,sadness,false,31,a,random
B-grief-d2-v3,grief,sadness,sadness,false,31,a,random
B-grief-d2-v4,grief,sadness,sadness,false,31,a,random
B-grief-d3-v1,grief,anger,anger,false,31,a,random
B-grief-d3-v2,grief,sadness,sadness,false,31,a,random
B-grief-d3-v3,grief,sadness,sadness,false,31,a,random
B-grief-d3-v4,grief,sadness,sadness,false,31,a,random
B-loathing-d1-v1,loathing,anger,anger,false,31,a,random
B-loathing-d1-v2,loathing,anger,anger,false,31,a,random
B-loathing-d1-v3,loathing,anger,anger,false,31,a,random
B-loathing-d1-v4,loathing,anger,anger,false,31,a,random
B-loathing-d2-v1,loathing,fear,fear,false,31,a,random
B-loathing-d2-v2,loathing,disgust,disgust,false,31,a,random
B-loathing-d2-v3,loathing,fear,fear,false,31,a,random
B-loathing-d2-v4,loathing,disgust,disgust,false,31,a,random
B-loathing-d3-v1,loathing,anger,anger,false,31,a,random
B-loathing-d3-v2,loathing,anger,anger,false,31,a,random
B-loathing-d3-v3,loathing,anger,anger,false,31,a,random
B-loathing-d3-v4,loathing,anger,anger,false,31,a,random
B-rage-d1-v1,rage,anger,anger,false,31,a,random
B-rage-d1-v2,rage,anger,anger,false,31,a,random
B-rage-d1-v3,rage,anger,anger,false,31,a,random
B-rage-d1-v4,rage,anger,anger,false,31,a,random
B-rage-d2-v1,rage,anger,anger,false,31,a,random
B-rage-d2-v2,rage,anger,anger,false,31,a,random
B-rage-d2-v3,rage,anger,anger,false,31,a,random
B-rage-d2-v4,rage,anger,anger,false,31,a,random
B-rage-d3-v1,rage,anger,anger,false,31,a,random
B-rage-d3-v2,rage,fear,anger,true,31,a,random
B-rage-d3-v3,rage,anger,anger,false,31,a,random
B-rage-d3-v4,rage,fear,fear,false,31,a,random
B-terror-d1-v1,terror,fear,fear,false,31,a,random
B-terror-d1-v2,terror,fear,fear,false,31,a,random
B-terror-d1-v3,terror,fear,fear,false,31,a,random
B-terror-d1-v4,terror,fear,fear,false,31,a,random
B-terror-d2-v1,terror,fear,fear,false,31,a,random
B-terror-d2-v2,terror,fear,fear,false,31,a,random
B-terror-d2-v3,terror,fear,fear,false,31,a,random
B-terror-d2-v4,terror,fear,fear,false,31,a,random
B-terror-d3-v1,terror,fear,fear,false,31,a,random
B-terror-d3-v2,terror,fear,fear,false,31,a,random
B-terror-d3-v3,terror,fear,fear,false,31,a,random
B-terror-d3-v4,terror,fear,fear,false,31,a,random
B-vigilance-d1-v1,vigilance,fear,fear,false,31,a,random
B-vigilance-d1-v2,vigilance,fear,fear,false,31,a,random
B-vigilance-d1-v3,vigilance,fear,fear,false,31,a,random
B-vigilance-d1-v4,vigilance,fear,fear,false,31,a,random
B-vigilance-d2-v1,vigilance,anxiety,anxiety,false,31,a,random
B-vigilance-d2-v2,vigilance,anxiety,fear,true,31,a,random
B-vigilance-d2-v3,vigilance,excitement,anticipation,true,31,a,random
B-vigilance-d2-v4,vigilance,concentration,concentration,false,31,a,random
B-vigilance-d3-v1,vigilance,anticipation,anticipation,false,31,a,random
B-vigilance-d3-v2,vigilance,fear,fear,false,31,a,random
B-vigilance-d3-v3,vigilance,fear,fear,false,31,a,random
B-vigilance-d3-v4,vigilance,fear,fear,false,31,a,random
B-admiration-d1-v1,admiration,admiration,admiration,false,32,a,random
B-admiration-d1-v2,admiration,pride,pride,false,32,a,random
B-admiration-d1-v3,admiration,respect,admiration,true,32,a,random
B-admiration-d1-v4,admiration,admiration,awe,true,32,a,random
B-admiration-d2-v1,admiration,anger,anger,false,32,a,random
B-admiration-d2-v2,admiration,sadness,sadness,false,32,a,random
B-admiration-d2-v3,admiration,guilt,guilt,false,32,a,random
B-admiration-d2-v4,admiration,pride,pride,false,32,a,random
B-admiration-d3-v1,admiration,pride,pride,false,32,a,random
B-admiration-d3-v2,admiration,determination,perseverance,true,32,a,random
B-admiration-d3-v3,admiration,determination,determination,false,32,a,random
B-admiration-d3-v4,admiration,compassion,compassion,false,32,a,random
B-amazement-d1-v1,amazement,fear,fear,false,32,a,random
B-amazement-d1-v2,amazement,fear,fear,false,32,a,random
B-amazement-d1-v3,amazement,fear,fear,false,32,a,random
B-amazement-d1-v4,amazement,fear,fear,false,32,a,random
B-amazement-d2-v1,amazement,fear,fear,false,32,a,random
B-amazement-d2-v2,amazement,awe,awe,false,32,a,random
B-amazement-d2-v3,amazement,relief,relief,false,32,a,random
B-amazement-d2-v4,amazement,relief,relief,false,32,a,random
B-amazement-d3-v1,amazement,pride,pride,false,32,a,random
B-amazement-d3-v2,amazement,excitement,awe,true,32,a,random
B-amazement-d3-v3,amazement,relief,relief,false,32,a,random
B-amazement-d3-v4,amazement,surprise,awe,true,32,a,random
B-ecstasy-d1-v1,ecstasy,joy,joy,false,32,a,random
B-ecstasy-d1-v2,ecstasy,fear,sadness,true,32,a,random
B-ecstasy-d1-v3,ecstasy,pride,joy,true,32,a,random
B-ecstasy-d1-v4,ecstasy,pride,pride,false,32,a,random
B-ecstasy-d2-v1,ecstasy,happiness,joy,true,32,a,random
B-ecstasy-d2-v2,ecstasy,happiness,joy,true,32,a,random
B-ecstasy-d2-v3,ecstasy,sadness,sadness,false,32,a,random
B-ecstasy-d2-v4,ecstasy,happiness,happiness,false,32,a,random
B-ecstasy-d3-v1,ecstasy,joy,joy,false,32,a,random
B-ecstasy-d3-v2,ecstasy,wonder,wonder,false,32,a,random
B-ecstasy-d3-v3,ecstasy,excitement,excitement,false,32,a,random
B-ecstasy-d3-v4,ecstasy,excitement,excitement,false,32,a,random
B-grief-d1-v1,grief,sadness,sadness,false,32,a,random
B-grief-d1-v2,grief,sadness,sadness,false,32,a,random
B-grief-d1-v3,grief,sadness,sadness,false,32,a,random
B-grief-d1-v4,grief,sadness,sadness,false,32,a,random
B-grief-d2-v1,grief,sadness,sadness,false,32,a,random
B-grief-d2-v2,grief,sadness,sadness,false,32,a,random
B-grief-d2-v3,grief,sadness,sadness,false,32,a,random
B-grief-d2-v4,grief,sadness,sadness,false,32,a,random
B-grief-d3-v1,grief,anger,sadness,true,32,a,random
B-grief-d3-v2,grief,sadness,sadness,false,32,a,random
B-grief-d3-v3,grief,sadness,sadness,false,32,a,random
B-grief-d3-v4,grief,sadness,sadness,false,32,a,random
B-loathing-d1-v1,loathing,anger,anger,false,32,a,random
B-loathing-d1-v2,loathing,anger,anger,false,32,a,random
B-loathing-d1-v3,loathing,anger,anger,false,32,a,random
B-loathing-d1-v4,loathing,anger,anger,false,32,a,random
B-loathing-d2-v1,loathing,fear,fear,false,32,a,random
B-loathing-d2-v2,loathing,disgust,disgust,false,32,a,random
B-loathing-d2-v3,loathing,fear,fear,false,32,a,random
B-loathing-d2-v4,loathing,disgust,disgust,false,32,a,random
B-loathing-d3-v1,loathing,anger,anger,false,32,a,random
B-loathing-d3-v2,loathing,anger,anger,false,32,a,random
B-loathing-d3-v3,loathing,anger,anger,false,32,a,random
B-loathing-d3-v4,loathing,anger,anger,false,32,a,random
B-rage-d1-v1,rage,anger,anger,false,32,a,random
B-rage-d1-v2,rage,anger,anger,false,32,a,random
B-rage-d1-v3,rage,anger,anger,false,32,a,random
B-rage-d1-v4,rage,anger,anger,false,32,a,random
B-rage-d2-v1,rage,anger,anger,false,32,a,random
B-rage-d2-v2,rage,anger,anger,false,32,a,random
B-rage-d2-v3,rage,anger,anger,false,32,a,random
B-rage-d2-v4,rage,anger,anger,false,32,a,random
B-rage-d3-v1,rage,anger,anger,false,32,a,random
B-rage-d3-v2,rage,fear,fear,false,32,a,random
B-rage-d3-v3,rage,anger,anger,false,32,a,random
B-rage-d3-v4,rage,fear,fear,false,32,a,random
B-terror-d1-v1,terror,fear,fear,false,32,a,random
B-terror-d1-v2,terror,fear,fear,false,32,a,random
B-terror-d1-v3,terror,fear,fear,false,32,a,random
B-terror-d1-v4,terror,fear,fear,false,32,a,random
B-terror-d2-v1,terror,fear,fear,false,32,a,random
B-terror-d2-v2,terror,fear,fear,false,32,a,random
B-terror-d2-v3,terror,fear,fear,false,32,a,random
B-terror-d2-v4,terror,fear,fear,false,32,a,random
B-terror-d3-v1,terror,fear,fear,false,32,a,random
B-terror-d3-v2,terror,fear,fear,false,32,a,random
B-terror-d3-v3,terror,fear,fear,false,32,a,random
B-terror-d3-v4,terror,fear,fear,false,32,a,random
B-vigilance-d1-v1,vigilance,fear,fear,false,32,a,random
B-vigilance-d1-v2,vigilance,fear,fear,false,32,a,random
B-vigilance-d1-v3,vigilance,fear,anxiety,true,32,a,random
B-vigilance-d1-v4,vigilance,fear,fear,false,32,a,random
B-vigilance-d2-v1,vigilance,anxiety,anxiety,false,32,a,random
B-vigilance-d2-v2,vigilance,anxiety,anxiety,false,32,a,random
B-vigilance-d2-v3,vigilance,excitement,anticipation,true,32,a,random
B-vigilance-d2-v4,vigilance,concentration,concentration,false,32,a,random
B-vigilance-d3-v1,vigilance,anticipation,anticipation,false,32,a,random
B-vigilance-d3-v2,vigilance,fear,fear,false,32,a,random
B-vigilance-d3-v3,vigilance,fear,fear,false,32,a,random
B-vigilance-d3-v4,vigilance,fear,fear,false,32,a,random
B-admiration-d1-v1,admiration,admiration,admiration,false,33,a,random
B-admiration-d1-v2,admiration,pride,pride,false,33,a,random
B-admiration-d1-v3,admiration,respect,pride,true,33,a,random
B-admiration-d1-v4,admiration,admiration,pride,true,33,a,random
B-admiration-d2-v1,admiration,anger,anger,false,33,a,random
B-admiration-d2-v2,admiration,sadness,sadness,false,33,a,random
B-admiration-d2-v3,admiration,guilt,guilt,false,33,a,random
B-admiration-d2-v4,admiration,pride,pride,false,33,a,random
B-admiration-d3-v1,admiration,pride,pride,false,33,a,random
B-admiration-d3-v2,admiration,determination,determination,false,33,a,random
B-admiration-d3-v3,admiration,determination,determination,false,33,a,random
B-admiration-d3-v4,admiration,compassion,compassion,false,33,a,random
B-amazement-d1-v1,amazement,fear,fear,false,33,a,random
B-amazement-d1-v2,amazement,fear,fear,false,33,a,random
B-amazement-d1-v3,amazement,fear,fear,false,33,a,random
B-amazement-d1-v4,amazement,fear,fear,false,33,a,random
B-amazement-d2-v1,amazement,fear,fear,false,33,a,random
B-amazement-d2-v2,amazement,awe,awe,false,33,a,random
B-amazement-d2-v3,amazement,relief,relief,false,33,a,random
B-amazement-d2-v4,amazement,relief,relief,false,33,a,random
B-amazement-d3-v1,amazement,pride,pride,false,33,a,random
B-amazement-d3-v2,amazement,excitement,awe,true,33,a,random
B-amazement-d3-v3,amazement,relief,relief,false,33,a,random
B-amazement-d3-v4,amazement,surprise,surprise,false,33,a,random
B-ecstasy-d1-v1,ecstasy,joy,joy,false,33,a,random
B-ecstasy-d1-v2,ecstasy,fear,fear,false,33,a,random
B-ecstasy-d1-v3,ecstasy,pride,pride,false,33,a,random
B-ecstasy-d1-v4,ecstasy,pride,pride,false,33,a,random
B-ecstasy-d2-v1,ecstasy,happiness,happiness,false,33,a,random
B-ecstasy-d2-v2,ecstasy,happiness,happiness,false,33,a,random
B-ecstasy-d2-v3,ecstasy,sadness,sadness,false,33,a,random
B-ecstasy-d2-v4,ecstasy,happiness,happiness,false,33,a,random
B-ecstasy-d3-v1,ecstasy,joy,joy,false,33,a,random
B-ecstasy-d3-v2,ecstasy,wonder,wonder,false,33,a,random
B-ecstasy-d3-v3,ecstasy,excitement,excitement,false,33,a,random
B-ecstasy-d3-v4,ecstasy,excitement,excitement,false,33,a,random
B-grief-d1-v1,grief,sadness,sadness,false,33,a,random
B-grief-d1-v2,grief,sadness,sadness,false,33,a,random
B-grief-d1-v3,grief,sadness,sadness,false,33,a,random
B-grief-d1-v4,grief,sadness,sadness,false,33,a,random
B-grief-d2-v1,grief,sadness,sadness,false,33,a,random
B-grief-d2-v2,grief,sadness,sadness,false,33,a,random
B-grief-d2-v3,grief,sadness,sadness,false,33,a,random
B-grief-d2-v4,grief,sadness,sadness,false,33,a,random
B-grief-d3-v1,grief,anger,anger,false,33,a,random
B-grief-d3-v2,grief,sadness,sadness,false,33,a,random
B-grief-d3-v3,grief,sadness,sadness,false,33,a,random
B-grief-d3-v4,grief,sadness,sadness,false,33,a,random
B-loathing-d1-v1,loathing,anger,anger,false,33,a,random
B-loathing-d1-v2,loathing,anger,anger,false,33,a,random
B-loathing-d1-v3,loathing,anger,anger,false,33,a,random
B-loathing-d1-v4,loathing,anger,anger,false,33,a,random
B-loathing-d2-v1,loathing,fear,fear,false,33,a,random
B-loathing-d2-v2,loathing,disgust,disgust,false,33,a,random
B-loathing-d2-v3,loathing,fear,fear,false,33,a,random
B-loathing-d2-v4,loathing,disgust,disgust,false,33,a,random
B-loathing-d3-v1,loathing,anger,anger,false,33,a,random
B-loathing-d3-v2,loathing,anger,anger,false,33,a,random
B-loathing-d3-v3,loathing,anger,anger,false,33,a,random
B-loathing-d3-v4,loathing,anger,anger,false,33,a,random
B-rage-d1-v1,rage,anger,anger,false,33,a,random
B-rage-d1-v2,rage,anger,anger,false,33,a,random
B-rage-d1-v3,rage,anger,anger,false,33,a,random
B-rage-d1-v4,rage,anger,anger,false,33,a,random
B-rage-d2-v1,rage,anger,anger,false,33,a,random
B-rage-d2-v2,rage,anger,anger,false,33,a,random
B-rage-d2-v3,rage,anger,anger,false,33,a,random
B-rage-d2-v4,rage,anger,anger,false,33,a,random
B-rage-d3-v1,rage,anger,anger,false,33,a,random
B-rage-d3-v2,rage,fear,fear,false,33,a,random
B-rage-d3-v3,rage,anger,anger,false,33,a,random
B-rage-d3-v4,rage,fear,fear,false,33,a,random
B-terror-d1-v1,terror,fear,fear,false,33,a,random
B-terror-d1-v2,terror,fear,fear,false,33,a,random
B-terror-d1-v3,terror,fear,fear,false,33,a,random
B-terror-d1-v4,terror,fear,fear,false,33,a,random
B-terror-d2-v1,terror,fear,fear,false,33,a,random
B-terror-d2-v2,terror,fear,fear,false,33,a,random
B-terror-d2-v3,terror,fear,fear,false,33,a,random
B-terror-d2-v4,terror,fear,fear,false,33,a,random
B-terror-d3-v1,terror,fear,fear,false,33,a,random
B-terror-d3-v2,terror,fear,fear,false,33,a,random
B-terror-d3-v3,terror,fear,fear,false,33,a,random
B-terror-d3-v4,terror,fear,fear,false,33,a,random
B-vigilance-d1-v1,vigilance,fear,fear,false,33,a,random
B-vigilance-d1-v2,vigilance,fear,fear,false,33,a,random
B-vigilance-d1-v3,vigilance,fear,anxiety,true,33,a,random
B-vigilance-d1-v4,vigilance,fear,fear,false,33,a,random
B-vigilance-d2-v1,vigilance,anxiety,anxiety,false,33,a,random
B-vigilance-d2-v2,vigilance,anxiety,anxiety,false,33,a,random
B-vigilance-d2-v3,vigilance,excitement,anticipation,true,33,a,random
B-vigilance-d2-v4,vigilance,concentration,determination,true,33,a,random
B-vigilance-d3-v1,vigilance,anticipation,anxiety,true,33,a,random
B-vigilance-d3-v2,vigilance,fear,fear,false,33,a,random
B-vigilance-d3-v3,vigilance,fear,fear,false,33,a,random
B-vigilance-d3-v4,vigilance,fear,fear,false,33,a,random
B-admiration-d1-v1,admiration,admiration,awe,true,34,a,random
B-admiration-d1-v2,admiration,pride,pride,false,34,a,random
B-admiration-d1-v3,admiration,respect,respect,false,34,a,random
B-admiration-d1-v4,admiration,admiration,admiration,false,34,a,random
B-admiration-d2-v1,admiration,anger,anger,false,34,a,random
B-admiration-d2-v2,admiration,sadness,sadness,false,34,a,random
B-admiration-d2-v3,admiration,guilt,guilt,false,34,a,random
B-admiration-d2-v4,admiration,pride,pride,false,34,a,random
B-admiration-d3-v1,admiration,pride,pride,false,34,a,random
B-admiration-d3-v2,admiration,determination,determination,false,34,a,random
B-admiration-d3-v3,admiration,determination,determination,false,34,a,random
B-admiration-d3-v4,admiration,compassion,compassion,false,34,a,random
B-amazement-d1-v1,amazement,fear,fear,false,34,a,random
B-amazement-d1-v2,amazement,fear,fear,false,34,a,random
B-amazement-d1-v3,amazement,fear,fear,false,34,a,random
B-amazement-d1-v4,amazement,fear,fear,false,34,a,random
B-amazement-d2-v1,amazement,fear,fear,false,34,a,random
B-amazement-d2-v2,amazement,awe,awe,false,34,a,random
B-amazement-d2-v3,amazement,relief,relief,false,34,a,random
B-amazement-d2-v4,amazement,relief,relief,false,34,a,random
B-amazement-d3-v1,amazement,pride,pride,false,34,a,random
B-amazement-d3-v2,amazement,excitement,surprise,true,34,a,random
B-amazement-d3-v3,amazement,relief,relief,false,34,a,random
B-amazement-d3-v4,amazement,surprise,surprise,false,34,a,random
B-ecstasy-d1-v1,ecstasy,joy,happiness,true,34,a,random
B-ecstasy-d1-v2,ecstasy,fear,fear,false,34,a,random
B-ecstasy-d1-v3,ecstasy,pride,pride,false,34,a,random
B-ecstasy-d1-v4,ecstasy,pride,pride,false,34,a,random
B-ecstasy-d2-v1,ecstasy,happiness,happiness,false,34,a,random
B-ecstasy-d2-v2,ecstasy,happiness,happiness,false,34,a,random
B-ecstasy-d2-v3,ecstasy,sadness,sadness,false,34,a,random
B-ecstasy-d2-v4,ecstasy,happiness,happiness,false,34,a,random
B-ecstasy-d3-v1,ecstasy,joy,joy,false,34,a,random
B-ecstasy-d3-v2,ecstasy,wonder,wonder,false,34,a,random
B-ecstasy-d3-v3,ecstasy,excitement,excitement,false,34,a,random
B-ecstasy-d3-v4,ecstasy,excitement,excitement,false,34,a,random
B-grief-d1-v1,grief,sadness,sadness,false,34,a,random
B-grief-d1-v2,grief,sadness,sadness,false,34,a,random
B-grief-d1-v3,grief,sadness,sadness,false,34,a,random
B-grief-d1-v4,grief,sadness,sadness,false,34,a,random
B-grief-d2-v1,grief,sadness,sadness,false,34,a,random
B-grief-d2-v2,grief,sadness,sadness,false,34,a,random
B-grief-d2-v3,grief,sadness,sadness,false,34,a,random
B-grief-d2-v4,grief,sadness,sadness,false,34,a,random
B-grief-d3-v1,grief,anger,anger,false,34,a,random
B-grief-d3-v2,grief,sadness,sadness,false,34,a,random
B-grief-d3-v3,grief,sadness,sadness,false,34,a,random
B-grief-d3-v4,grief,sadness,sadness,false,34,a,random
B-loathing-d1-v1,loathing,anger,anger,false,34,a,random
B-loathing-d1-v2,loathing,anger,anger,false,34,a,random
B-loathing-d1-v3,loathing,anger,anger,false,34,a,random
B-loathing-d1-v4,loathing,anger,anger,false,34,a,random
B-loathing-d2-v1,loathing,fear,fear,false,34,a,random
B-loathing-d2-v2,loathing,disgust,disgust,false,34,a,random
B-loathing-d2-v3,loathing,fear,fear,false,34,a,random
B-loathing-d2-v4,loathing,disgust,disgust,false,34,a,random
B-loathing-d3-v1,loathing,anger,anger,false,34,a,random
B-loathing-d3-v2,loathing,anger,anger,false,34,a,random
B-loathing-d3-v3,loathing,anger,anger,false,34,a,random
B-loathing-d3-v4,loathing,anger,anger,false,34,a,random
B-rage-d1-v1,rage,anger,anger,false,34,a,random
B-rage-d1-v2,rage,anger,anger,false,34,a,random
B-rage-d1-v3,rage,anger,anger,false,34,a,random
B-rage-d1-v4,rage,anger,anger,false,34,a,random
B-rage-d2-v1,rage,anger,anger,false,34,a,random
B-rage-d2-v2,rage,anger,anger,false,34,a,random
B-rage-d2-v3,rage,anger,anger,false,34,a,random
B-rage-d2-v4,rage,anger,anger,false,34,a,random
B-rage-d3-v1,rage,anger,anger,false,34,a,random
B-rage-d3-v2,rage,fear,fear,false,34,a,random
B-rage-d3-v3,rage,anger,anger,false,34,a,random
B-rage-d3-v4,rage,fear,anger,true,34,a,random
B-terror-d1-v1,terror,fear,fear,false,34,a,random
B-terror-d1-v2,terror,fear,fear,false,34,a,random
B-terror-d1-v3,terror,fear,fear,false,34,a,random
B-terror-d1-v4,terror,fear,fear,false,34,a,random
B-terror-d2-v1,terror,fear,fear,false,34,a,random
B-terror-d2-v2,terror,fear,fear,false,34,a,random
B-terror-d2-v3,terror,fear,fear,false,34,a,random
B-terror-d2-v4,terror,fear,fear,false,34,a,random
B-terror-d3-v1,terror,fear,fear,false,34,a,random
B-terror-d3-v2,terror,fear,fear,false,34,a,random
B-terror-d3-v3,terror,fear,fear,false,34,a,random
B-terror-d3-v4,terror,fear,fear,false,34,a,random
B-vigilance-d1-v1,vigilance,fear,fear,false,34,a,random
B-vigilance-d1-v2,vigilance,fear,fear,false,34,a,random
B-vigilance-d1-v3,vigilance,fear,fear,false,34,a,random
B-vigilance-d1-v4,vigilance,fear,fear,false,34,a,random
B-vigilance-d2-v1,vigilance,anxiety,fear,true,34,a,random
B-vigilance-d2-v2,vigilance,anxiety,anxiety,false,34,a,random
B-vigilance-d2-v3,vigilance,excitement,anxiety,true,34,a,random
B-vigilance-d2-v4,vigilance,concentration,concentration,false,34,a,random
B-vigilance-d3-v1,vigilance,anticipation,anxiety,true,34,a,random
B-vigilance-d3-v2,vigilance,fear,fear,false,34,a,random
B-vigilance-d3-v3,vigilance,fear,fear,false,34,a,random
B-vigilance-d3-v4,vigilance,fear,fear,false,34,a,random
B-admiration-d1-v1,admiration,admiration,admiration,false,35,a,random
B-admiration-d1-v2,admiration,pride,pride,false,35,a,random
B-admiration-d1-v3,admiration,respect,pride,true,35,a,random
B-admiration-d1-v4,admiration,admiration,awe,true,35,a,random
B-admiration-d2-v1,admiration,anger,anger,false,35,a,random
B-admiration-d2-v2,admiration,sadness,sadness,false,35,a,random
B-admiration-d2-v3,admiration,guilt,guilt,false,35,a,random
B-admiration-d2-v4,admiration,pride,pride,false,35,a,random
B-admiration-d3-v1,admiration,pride,pride,false,35,a,random
B-admiration-d3-v2,admiration,determination,perseverance,true,35,a,random
B-admiration-d3-v3,admiration,determination,determination,false,35,a,random
B-admiration-d3-v4,admiration,compassion,compassion,false,35,a,random
B-amazement-d1-v1,amazement,fear,fear,false,35,a,random
B-amazement-d1-v2,amazement,fear,fear,false,35,a,random
B-amazement-d1-v3,amazement,fear,fear,false,35,a,random
B-amazement-d1-v4,amazement,fear,fear,false,35,a,random
B-amazement-d2-v1,amazement,fear,fear,false,35,a,random
B-amazement-d2-v2,amazement,awe,awe,false,35,a,random
B-amazement-d2-v3,amazement,relief,relief,false,35,a,random
B-amazement-d2-v4,amazement,relief,relief,false,35,a,random
B-amazement-d3-v1,amazement,pride,pride,false,35,a,random
B-amazement-d3-v2,amazement,excitement,excitement,false,35,a,random
B-amazement-d3-v3,amazement,relief,relief,false,35,a,random
B-amazement-d3-v4,amazement,surprise,surprise,false,35,a,random
B-ecstasy-d1-v1,ecstasy,joy,joy,false,35,a,random
B-ecstasy-d1-v2,ecstasy,fear,fear,false,35,a,random
B-ecstasy-d1-v3,ecstasy,pride,pride,false,35,a,random
B-ecstasy-d1-v4,ecstasy,pride,pride,false,35,a,random
B-ecstasy-d2-v1,ecstasy,happiness,happiness,false,35,a,random
B-ecstasy-d2-v2,ecstasy,happiness,happiness,false,35,a,random
B-ecstasy-d2-v3,ecstasy,sadness,happiness,true,35,a,random
B-ecstasy-d2-v4,ecstasy,happiness,happiness,false,35,a,random
B-ecstasy-d3-v1,ecstasy,joy,joy,false,35,a,random
B-ecstasy-d3-v2,ecstasy,wonder,wonder,false,35,a,random
B-ecstasy-d3-v3,ecstasy,excitement,excitement,false,35,a,random
B-ecstasy-d3-v4,ecstasy,excitement,excitement,false,35,a,random
B-grief-d1-v1,grief,sadness,sadness,false,35,a,random
B-grief-d1-v2,grief,sadness,sadness,false,35,a,random
B-grief-d1-v3,grief,sadness,sadness,false,35,a,random
B-grief-d1-v4,grief,sadness,sadness,false,35,a,random
B-grief-d2-v1,grief,sadness,sadness,false,35,a,random
B-grief-d2-v2,grief,sadness,sadness,false,35,a,random
B-grief-d2-v3,grief,sadness,sadness,false,35,a,random
B-grief-d2-v4,grief,sadness,sadness,false,35,a,random
B-grief-d3-v1,grief,anger,anger,false,35,a,random
B-grief-d3-v2,grief,sadness,sadness,false,35,a,random
B-grief-d3-v3,grief,sadness,sadness,false,35,a,random
B-grief-d3-v4,grief,sadness,sadness,false,35,a,random
B-loathing-d1-v1,loathing,anger,anger,false,35,a,random
B-loathing-d1-v2,loathing,anger,anger,false,35,a,random
B-loathing-d1-v3,loathing,anger,anger,false,35,a,random
B-loathing-d1-v4,loathing,anger,anger,false,35,a,random
B-loathing-d2-v1,loathing,fear,fear,false,35,a,random
B-loathing-d2-v2,loathing,disgust,disgust,false,35,a,random
B-loathing-d2-v3,loathing,fear,fear,false,35,a,random
B-loathing-d2-v4,loathing,disgust,disgust,false,35,a,random
B-loathing-d3-v1,loathing,anger,anger,false,35,a,random
B-loathing-d3-v2,loathing,anger,anger,false,35,a,random
B-loathing-d3-v3,loathing,anger,anger,false,35,a,random
B-loathing-d3-v4,loathing,anger,anger,false,35,a,random
B-rage-d1-v1,rage,anger,anger,false,35,a,random
B-rage-d1-v2,rage,anger,anger,false,35,a,random
B-rage-d1-v3,rage,anger,anger,false,35,a,random
B-rage-d1-v4,rage,anger,anger,false,35,a,random
B-rage-d2-v1,rage,anger,anger,false,35,a,random
B-rage-d2-v2,rage,anger,anger,false,35,a,random
B-rage-d2-v3,rage,anger,anger,false,35,a,random
B-rage-d2-v4,rage,anger,anger,false,35,a,random
B-rage-d3-v1,rage,anger,anger,false,35,a,random
B-rage-d3-v2,rage,fear,fear,false,35,a,random
B-rage-d3-v3,rage,anger,anger,false,35,a,random
B-rage-d3-v4,rage,fear,fear,false,35,a,random
B-terror-d1-v1,terror,fear,fear,false,35,a,random
B-terror-d1-v2,terror,fear,fear,false,35,a,random
B-terror-d1-v3,terror,fear,fear,false,35,a,random
B-terror-d1-v4,terror,fear,fear,false,35,a,random
B-terror-d2-v1,terror,fear,fear,false,35,a,random
B-terror-d2-v2,terror,fear,fear,false,35,a,random
B-terror-d2-v3,terror,fear,fear,false,35,a,random
B-terror-d2-v4,terror,fear,fear,false,35,a,random
B-terror-d3-v1,terror,fear,fear,false,35,a,random
B-terror-d3-v2,terror,fear,fear,false,35,a,random
B-terror-d3-v3,terror,fear,fear,false,35,a,random
B-terror-d3-v4,terror,fear,fear,false,35,a,random
B-vigilance-d1-v1,vigilance,fear,fear,false,35,a,random
B-vigilance-d1-v2,vigilance,fear,fear,false,35,a,random
B-vigilance-d1-v3,vigilance,fear,fear,false,35,a,random
B-vigilance-d1-v4,vigilance,fear,fear,false,35,a,random
B-vigilance-d2-v1,vigilance,anxiety,anxiety,false,35,a,random
B-vigilance-d2-v2,vigilance,anxiety,fear,true,35,a,random
B-vigilance-d2-v3,vigilance,excitement,anxiety,true,35,a,random
B-vigilance-d2-v4,vigilance,concentration,concentration,false,35,a,random
B-vigilance-d3-v1,vigilance,anticipation,fear,true,35,a,random
B-vigilance-d3-v2,vigilance,fear,fear,false,35,a,random
B-vigilance-d3-v3,vigilance,fear,fear,false,35,a,random
B-vigilance-d3-v4,vigilance,fear,fear,false,35,a,random
B-admiration-d1-v1,admiration,admiration,admiration,false,36,a,random
B-admiration-d1-v2,admiration,pride,pride,false,36,a,random
B-admiration-d1-v3,admiration,respect,admiration,true,36,a,random
B-admiration-d1-v4,admiration,admiration,admiration,false,36,a,random
B-admiration-d2-v1,admiration,anger,anger,false,36,a,random
B-admiration-d2-v2,admiration,sadness,sadness,false,36,a,random
B-admiration-d2-v3,admiration,guilt,guilt,false,36,a,random
B-admiration-d2-v4,admiration,pride,pride,false,36,a,random
B-admiration-d3-v1,admiration,pride,pride,false,36,a,random
B-admiration-d3-v2,admiration,determination,determination,false,36,a,random
B-admiration-d3-v3,admiration,determination,determination,false,36,a,random
B-admiration-d3-v4,admiration,compassion,compassion,false,36,a,random
B-amazement-d1-v1,amazement,fear,fear,false,36,a,random
B-amazement-d1-v2,amazement,fear,fear,false,36,a,random
B-amazement-d1-v3,amazement,fear,fear,false,36,a,random
B-amazement-d1-v4,amazement,fear,fear,false,36,a,random
B-amazement-d2-v1,amazement,fear,fear,false,36,a,random
B-amazement-d2-v2,amazement,awe,awe,false,36,a,random
B-amazement-d2-v3,amazement,relief,relief,false,36,a,random
B-amazement-d2-v4,amazement,relief,relief,false,36,a,random
B-amazement-d3-v1,amazement,pride,pride,false,36,a,random
B-amazement-d3-v2,amazement,excitement,excitement,false,36,a,random
B-amazement-d3-v3,amazement,relief,relief,false,36,a,random
B-amazement-d3-v4,amazement,surprise,surprise,false,36,a,random
B-ecstasy-d1-v1,ecstasy,joy,happiness,true,36,a,random
B-ecstasy-d1-v2,ecstasy,fear,fear,false,36,a,random
B-ecstasy-d1-v3,ecstasy,pride,pride,false,36,a,random
B-ecstasy-d1-v4,ecstasy,pride,pride,false,36,a,random
B-ecstasy-d2-v1,ecstasy,happiness,happiness,false,36,a,random
B-ecstasy-d2-v2,ecstasy,happiness,happiness,false,36,a,random
B-ecstasy-d2-v3,ecstasy,sadness,sadness,false,36,a,random
B-ecstasy-d2-v4,ecstasy,happiness,happiness,false,36,a,random
B-ecstasy-d3-v1,ecstasy,joy,joy,false,36,a,random
B-ecstasy-d3-v2,ecstasy,wonder,wonder,false,36,a,random
B-ecstasy-d3-v3,ecstasy,excitement,excitement,false,36,a,random
B-ecstasy-d3-v4,ecstasy,excitement,excitement,false,36,a,random
B-grief-d1-v1,grief,sadness,sadness,false,36,a,random
B-grief-d1-v2,grief,sadness,sadness,false,36,a,random
B-grief-d1-v3,grief,sadness,sadness,false,36,a,random
B-grief-d1-v4,grief,sadness,sadness,false,36,a,random
B-grief-d2-v1,grief,sadness,sadness,false,36,a,random
B-grief-d2-v2,grief,sadness,sadness,false,36,a,random
B-grief-d2-v3,grief,sadness,sadness,false,36,a,random
B-grief-d2-v4,grief,sadness,sadness,false,36,a,random
B-grief-d3-v1,grief,anger,anger,false,36,a,random
B-grief-d3-v2,grief,sadness,sadness,false,36,a,random
B-grief-d3-v3,grief,sadness,sadness,false,36,a,random
B-grief-d3-v4,grief,sadness,sadness,false,36,a,random
B-loathing-d1-v1,loathing,anger,anger,false,36,a,random
B-loathing-d1-v2,loathing,anger,anger,false,36,a,random
B-loathing-d1-v3,loathing,anger,anger,false,36,a,random
B-loathing-d1-v4,loathing,anger,anger,false,36,a,random
B-loathing-d2-v1,loathing,fear,fear,false,36,a,random
B-loathing-d2-v2,loathing,disgust,disgust,false,36,a,random
B-loathing-d2-v3,loathing,fear,fear,false,36,a,random
B-loathing-d2-v4,loathing,disgust,disgust,false,36,a,random
B-loathing-d3-v1,loathing,anger,anger,false,36,a,random
B-loathing-d3-v2,loathing,anger,anger,false,36,a,random
B-loathing-d3-v3,loathing,anger,anger,false,36,a,random
B-loathing-d3-v4,loathing,anger,anger,false,36,a,random
B-rage-d1-v1,rage,anger,anger,false,36,a,random
B-rage-d1-v2,rage,anger,anger,false,36,a,random
B-rage-d1-v3,rage,anger,anger,false,36,a,random
B-rage-d1-v4,rage,anger,anger,false,36,a,random
B-rage-d2-v1,rage,anger,anger,false,36,a,random
B-rage-d2-v2,rage,anger,anger,false,36,a,random
B-rage-d2-v3,rage,anger,anger,false,36,a,random
B-rage-d2-v4,rage,anger,anger,false,36,a,random
B-rage-d3-v1,rage,anger,anger,false,36,a,random
B-rage-d3-v2,rage,fear,fear,false,36,a,random
B-rage-d3-v3,rage,anger,anger,false,36,a,random
B-rage-d3-v4,rage,fear,anger,true,36,a,random
B-terror-d1-v1,terror,fear,fear,false,36,a,random
B-terror-d1-v2,terror,fear,fear,false,36,a,random
B-terror-d1-v3,terror,fear,fear,false,36,a,random
B-terror-d1-v4,terror,fear,fear,false,36,a,random
B-terror-d2-v1,terror,fear,fear,false,36,a,random
B-terror-d2-v2,terror,fear,fear,false,36,a,random
B-terror-d2-v3,terror,fear,fear,false,36,a,random
B-terror-d2-v4,terror,fear,fear,false,36,a,random
B-terror-d3-v1,terror,fear,fear,false,36,a,random
B-terror-d3-v2,terror,fear,fear,false,36,a,random
B-terror-d3-v3,terror,fear,fear,false,36,a,random
B-terror-d3-v4,terror,fear,fear,false,36,a,random
B-vigilance-d1-v1,vigilance,fear,fear,false,36,a,random
B-vigilance-d1-v2,vigilance,fear,fear,false,36,a,random
B-vigilance-d1-v3,vigilance,fear,anxiety,true,36,a,random
B-vigilance-d1-v4,vigilance,fear,fear,false,36,a,random
B-vigilance-d2-v1,vigilance,anxiety,anxiety,false,36,a,random
B-vigilance-d2-v2,vigilance,anxiety,fear,true,36,a,random
B-vigilance-d2-v3,vigilance,excitement,anxiety,true,36,a,random
B-vigilance-d2-v4,vigilance,concentration,concentration,false,36,a,random
B-vigilance-d3-v1,vigilance,anticipation,anxiety,true,36,a,random
B-vigilance-d3-v2,vigilance,fear,anxiety,true,36,a,random
B-vigilance-d3-v3,vigilance,fear,fear,false,36,a,random
B-vigilance-d3-v4,vigilance,fear,fear,false,36,a,random
B-admiration-d1-v1,admiration,admiration,admiration,false,37,a,random
B-admiration-d1-v2,admiration,pride,pride,false,37,a,random
B-admiration-d1-v3,admiration,respect,admiration,true,37,a,random
B-admiration-d1-v4,admiration,admiration,awe,true,37,a,random
B-admiration-d2-v1,admiration,anger,anger,false,37,a,random
B-admiration-d2-v2,admiration,sadness,sadness,false,37,a,random
B-admiration-d2-v3,admiration,guilt,guilt,false,37,a,random
B-admiration-d2-v4,admiration,pride,pride,false,37,a,random
B-admiration-d3-v1,admiration,pride,pride,false,37,a,random
B-admiration-d3-v2,admiration,determination,determination,false,37,a,random
B-admiration-d3-v3,admiration,determination,determination,false,37,a,random
B-admiration-d3-v4,admiration,compassion,compassion,false,37,a,random
B-amazement-d1-v1,amazement,fear,fear,false,37,a,random
B-amazement-d1-v2,amazement,fear,fear,false,37,a,random
B-amazement-d1-v3,amazement,fear,fear,false,37,a,random
B-amazement-d1-v4,amazement,fear,fear,false,37,a,random
B-amazement-d2-v1,amazement,fear,relief,true,37,a,random
B-amazement-d2-v2,amazement,awe,admiration,true,37,a,random
B-amazement-d2-v3,amazement,relief,relief,false,37,a,random
B-amazement-d2-v4,amazement,relief,relief,false,37,a,random
B-amazement-d3-v1,amazement,pride,pride,false,37,a,random
B-amazement-d3-v2,amazement,excitement,awe,true,37,a,random
B-amazement-d3-v3,amazement,relief,relief,false,37,a,random
B-amazement-d3-v4,amazement,surprise,surprise,false,37,a,random
B-ecstasy-d1-v1,ecstasy,joy,happiness,true,37,a,random
B-ecstasy-d1-v2,ecstasy,fear,fear,false,37,a,random
B-ecstasy-d1-v3,ecstasy,pride,joy,true,37,a,random
B-ecstasy-d1-v4,ecstasy,pride,pride,false,37,a,random
B-ecstasy-d2-v1,ecstasy,happiness,joy,true,37,a,random
B-ecstasy-d2-v2,ecstasy,happiness,happiness,false,37,a,random
B-ecstasy-d2-v3,ecstasy,sadness,sadness,false,37,a,random
B-ecstasy-d2-v4,ecstasy,happiness,happiness,false,37,a,random
B-ecstasy-d3-v1,ecstasy,joy,joy,false,37,a,random
B-ecstasy-d3-v2,ecstasy,wonder,wonder,false,37,a,random
B-ecstasy-d3-v3,ecstasy,excitement,excitement,false,37,a,random
B-ecstasy-d3-v4,ecstasy,excitement,excitement,false,37,a,random
B-grief-d1-v1,grief,sadness,sadness,false,37,a,random
B-grief-d1-v2,grief,sadness,sadness,false,37,a,random
B-grief-d1-v3,grief,sadness,anger,true,37,a,random
B-grief-d1-v4,grief,sadness,sadness,false,37,a,random
B-grief-d2-v1,grief,sadness,sadness,false,37,a,random
B-grief-d2-v2,grief,sadness,sadness,false,37,a,random
B-grief-d2-v3,grief,sadness,sadness,false,37,a,random
B-grief-d2-v4,grief,sadness,sadness,false,37,a,random
B-grief-d3-v1,grief,anger,anger,false,37,a,random
B-grief-d3-v2,grief,sadness,sadness,false,37,a,random
B-grief-d3-v3,grief,sadness,sadness,false,37,a,random
B-grief-d3-v4,grief,sadness,sadness,false,37,a,random
B-loathing-d1-v1,loathing,anger,anger,false,37,a,random
B-loathing-d1-v2,loathing,anger,anger,false,37,a,random
B-loathing-d1-v3,loathing,anger,anger,false,37,a,random
B-loathing-d1-v4,loathing,anger,anger,false,37,a,random
B-loathing-d2-v1,loathing,fear,fear,false,37,a,random
B-loathing-d2-v2,loathing,disgust,disgust,false,37,a,random
B-loathing-d2-v3,loathing,fear,fear,false,37,a,random
B-loathing-d2-v4,loathing,disgust,disgust,false,37,a,random
B-loathing-d3-v1,loathing,anger,anger,false,37,a,random
B-loathing-d3-v2,loathing,anger,anger,false,37,a,random
B-loathing-d3-v3,loathing,anger,anger,false,37,a,random
B-loathing-d3-v4,loathing,anger,anger,false,37,a,random
B-rage-d1-v1,rage,anger,anger,false,37,a,random
B-rage-d1-v2,rage,anger,anger,false,37,a,random
B-rage-d1-v3,rage,anger,anger,false,37,a,random
B-rage-d1-v4,rage,anger,anger,false,37,a,random
B-rage-d2-v1,rage,anger,anger,false,37,a,random
B-rage-d2-v2,rage,anger,anger,false,37,a,random
B-rage-d2-v3,rage,anger,anger,false,37,a,random
B-rage-d2-v4,rage,anger,anger,false,37,a,random
B-rage-d3-v1,rage,anger,anger,false,37,a,random
B-rage-d3-v2,rage,fear,fear,false,37,a,random
B-rage-d3-v3,rage,anger,anger,false,37,a,random
B-rage-d3-v4,rage,fear,fear,false,37,a,random
B-terror-d1-v1,terror,fear,fear,false,37,a,random
B-terror-d1-v2,terror,fear,fear,false,37,a,random
B-terror-d1-v3,terror,fear,fear,false,37,a,random
B-terror-d1-v4,terror,fear,fear,false,37,a,random
B-terror-d2-v1,terror,fear,fear,false,37,a,random
B-terror-d2-v2,terror,fear,fear,false,37,a,random
B-terror-d2-v3,terror,fear,fear,false,37,a,random
B-terror-d2-v4,terror,fear,fear,false,37,a,random
B-terror-d3-v1,terror,fear,fear,false,37,a,random
B-terror-d3-v2,terror,fear,fear,false,37,a,random
B-terror-d3-v3,terror,fear,fear,false,37,a,random
B-terror-d3-v4,terror,fear,fear,false,37,a,random
B-vigilance-d1-v1,vigilance,fear,fear,false,37,a,random
B-vigilance-d1-v2,vigilance,fear,fear,false,37,a,random
B-vigilance-d1-v3,vigilance,fear,anxiety,true,37,a,random
B-vigilance-d1-v4,vigilance,fear,fear,false,37,a,random
B-vigilance-d2-v1,vigilance,anxiety,anxiety,false,37,a,random
B-vigilance-d2-v2,vigilance,anxiety,fear,true,37,a,random
B-vigilance-d2-v3,vigilance,excitement,excitement,false,37,a,random
B-vigilance-d2-v4,vigilance,concentration,concentration,false,37,a,random
B-vigilance-d3-v1,vigilance,anticipation,anxiety,true,37,a,random
B-vigilance-d3-v2,vigilance,fear,fear,false,37,a,random
B-vigilance-d3-v3,vigilance,fear,fear,false,37,a,random
B-vigilance-d3-v4,vigilance,fear,fear,false,37,a,random
B-admiration-d1-v1,admiration,admiration,frustration,true,38,a,random
B-admiration-d1-v2,admiration,pride,pride,false,38,a,random
B-admiration-d1-v3,admiration,respect,respect,false,38,a,random
B-admiration-d1-v4,admiration,admiration,admiration,false,38,a,random
B-admiration-d2-v1,admiration,anger,anger,false,38,a,random
B-admiration-d2-v2,admiration,sadness,sadness,false,38,a,random
B-admiration-d2-v3,admiration,guilt,guilt,false,38,a,random
B-admiration-d2-v4,admiration,pride,pride,false,38,a,random
B-admiration-d3-v1,admiration,pride,pride,false,38,a,random
B-admiration-d3-v2,admiration,determination,perseverance,true,38,a,random
B-admiration-d3-v3,admiration,determination,determination,false,38,a,random
B-admiration-d3-v4,admiration,compassion,empathy,true,38,a,random
B-amazement-d1-v1,amazement,fear,fear,false,38,a,random
B-amazement-d1-v2,amazement,fear,fear,false,38,a,random
B-amazement-d1-v3,amazement,fear,awe,true,38,a,random
B-amazement-d1-v4,amazement,fear,fear,false,38,a,random
B-amazement-d2-v1,amazement,fear,fear,false,38,a,random
B-amazement-d2-v2,amazement,awe,awe,false,38,a,random
B-amazement-d2-v3,amazement,relief,relief,false,38,a,random
B-amazement-d2-v4,amazement,relief,relief,false,38,a,random
B-amazement-d3-v1,amazement,pride,pride,false,38,a,random
B-amazement-d3-v2,amazement,excitement,surprise,true,38,a,random
B-amazement-d3-v3,amazement,relief,relief,false,38,a,random
B-amazement-d3-v4,amazement,surprise,surprise,false,38,a,random
B-ecstasy-d1-v1,ecstasy,joy,joy,false,38,a,random
B-ecstasy-d1-v2,ecstasy,fear,fear,false,38,a,random
B-ecstasy-d1-v3,ecstasy,pride,pride,false,38,a,random
B-ecstasy-d1-v4,ecstasy,pride,pride,false,38,a,random
B-ecstasy-d2-v1,ecstasy,happiness,happiness,false,38,a,random
B-ecstasy-d2-v2,ecstasy,happiness,happiness,false,38,a,random
B-ecstasy-d2-v3,ecstasy,sadness,sadness,false,38,a,random
B-ecstasy-d2-v4,ecstasy,happiness,happiness,false,38,a,random
B-ecstasy-d3-v1,ecstasy,joy,joy,false,38,a,random
B-ecstasy-d3-v2,ecstasy,wonder,awe,true,38,a,random
B-ecstasy-d3-v3,ecstasy,excitement,excitement,false,38,a,random
B-ecstasy-d3-v4,ecstasy,excitement,excitement,false,38,a,random
B-grief-d1-v1,grief,sadness,sadness,false,38,a,random
B-grief-d1-v2,grief,sadness,sadness,false,38,a,random
B-grief-d1-v3,grief,sadness,sadness,false,38,a,random
B-grief-d1-v4,grief,sadness,sadness,false,38,a,random
B-grief-d2-v1,grief,sadness,sadness,false,38,a,random
B-grief-d2-v2,grief,sadness,sadness,false,38,a,random
B-grief-d2-v3,grief,sadness,sadness,false,38,a,random
B-grief-d2-v4,grief,sadness,sadness,false,38,a,random
B-grief-d3-v1,grief,anger,anger,false,38,a,random
B-grief-d3-v2,grief,sadness,sadness,false,38,a,random
B-grief-d3-v3,grief,sadness,sadness,false,38,a,random
B-grief-d3-v4,grief,sadness,sadness,false,38,a,random
B-loathing-d1-v1,loathing,anger,anger,false,38,a,random
B-loathing-d1-v2,loathing,anger,anger,false,38,a,random
B-loathing-d1-v3,loathing,anger,anger,false,38,a,random
B-loathing-d1-v4,loathing,anger,anger,false,38,a,random
B-loathing-d2-v1,loathing,fear,fear,false,38,a,random
B-loathing-d2-v2,loathing,disgust,disgust,false,38,a,random
B-loathing-d2-v3,loathing,fear,fear,false,38,a,random
B-loathing-d2-v4,loathing,disgust,disgust,false,38,a,random
B-loathing-d3-v1,loathing,anger,anger,false,38,a,random
B-loathing-d3-v2,loathing,anger,anger,false,38,a,random
B-loathing-d3-v3,loathing,anger,anger,false,38,a,random
B-loathing-d3-v4,loathing,anger,anger,false,38,a,random
B-rage-d1-v1,rage,anger,anger,false,38,a,random
B-rage-d1-v2,rage,anger,anger,false,38,a,random
B-rage-d1-v3,rage,anger,anger,false,38,a,random
B-rage-d1-v4,rage,anger,anger,false,38,a,random
B-rage-d2-v1,rage,anger,anger,false,38,a,random
B-rage-d2-v2,rage,anger,anger,false,38,a,random
B-rage-d2-v3,rage,anger,anger,false,38,a,random
B-rage-d2-v4,rage,anger,anger,false,38,a,random
B-rage-d3-v1,rage,anger,anger,false,38,a,random
B-rage-d3-v2,rage,fear,anger,true,38,a,random
B-rage-d3-v3,rage,anger,anger,false,38,a,random
B-rage-d3-v4,rage,fear,anger,true,38,a,random
B-terror-d1-v1,terror,fear,fear,false,38,a,random
B-terror-d1-v2,terror,fear,fear,false,38,a,random
B-terror-d1-v3,terror,fear,fear,false,38,a,random
B-terror-d1-v4,terror,fear,fear,false,38,a,random
B-terror-d2-v1,terror,fear,fear,false,38,a,random
B-terror-d2-v2,terror,fear,fear,false,38,a,random
B-terror-d2-v3,terror,fear,fear,false,38,a,random
B-terror-d2-v4,terror,fear,fear,false,38,a,random
B-terror-d3-v1,terror,fear,fear,false,38,a,random
B-terror-d3-v2,terror,fear,fear,false,38,a,random
B-terror-d3-v3,terror,fear,fear,false,38,a,random
B-terror-d3-v4,terror,fear,fear,false,38,a,random
B-vigilance-d1-v1,vigilance,fear,fear,false,38,a,random
B-vigilance-d1-v2,vigilance,fear,fear,false,38,a,random
B-vigilance-d1-v3,vigilance,fear,fear,false,38,a,random
B-vigilance-d1-v4,vigilance,fear,fear,false,38,a,random
B-vigilance-d2-v1,vigilance,anxiety,anxiety,false,38,a,random
B-vigilance-d2-v2,vigilance,anxiety,anxiety,false,38,a,random
B-vigilance-d2-v3,vigilance,excitement,excitement,false,38,a,random
B-vigilance-d2-v4,vigilance,concentration,concentration,false,38,a,random
B-vigilance-d3-v1,vigilance,anticipation,fear,true,38,a,random
B-vigilance-d3-v2,vigilance,fear,fear,false,38,a,random
B-vigilance-d3-v3,vigilance,fear,fear,false,38,a,random
B-vigilance-d3-v4,vigilance,fear,fear,false,38,a,random
B-admiration-d1-v1,admiration,admiration,awe,true,39,a,random
B-admiration-d1-v2,admiration,pride,pride,false,39,a,random
B-admiration-d1-v3,admiration,respect,respect,false,39,a,random
B-admiration-d1-v4,admiration,admiration,admiration,false,39,a,random
B-admiration-d2-v1,admiration,anger,anger,false,39,a,random
B-admiration-d2-v2,admiration,sadness,sadness,false,39,a,random
B-admiration-d2-v3,admiration,guilt,guilt,false,39,a,random
B-admiration-d2-v4,admiration,pride,pride,false,39,a,random
B-admiration-d3-v1,admiration,pride,pride,false,39,a,random
B-admiration-d3-v2,admiration,determination,determination,false,39,a,random
B-admiration-d3-v3,admiration,determination,determination,false,39,a,random
B-admiration-d3-v4,admiration,compassion,compassion,false,39,a,random
B-amazement-d1-v1,amazement,fear,fear,false,39,a,random
B-amazement-d1-v2,amazement,fear,fear,false,39,a,random
B-amazement-d1-v3,amazement,fear,fear,false,39,a,random
B-amazement-d1-v4,amazement,fear,fear,false,39,a,random
B-amazement-d2-v1,amazement,fear,pride,true,39,a,random
B-amazement-d2-v2,amazement,awe,awe,false,39,a,random
B-amazement-d2-v3,amazement,relief,pride,true,39,a,random
B-amazement-d2-v4,amazement,relief,relief,false,39,a,random
B-amazement-d3-v1,amazement,pride,pride,false,39,a,random
B-amazement-d3-v2,amazement,excitement,surprise,true,39,a,random
B-amazement-d3-v3,amazement,relief,relief,false,39,a,random
B-amazement-d3-v4,amazement,surprise,surprise,false,39,a,random
B-ecstasy-d1-v1,ecstasy,joy,happiness,true,39,a,random
B-ecstasy-d1-v2,ecstasy,fear,fear,false,39,a,random
B-ecstasy-d1-v3,ecstasy,pride,pride,false,39,a,random
B-ecstasy-d1-v4,ecstasy,pride,pride,false,39,a,random
B-ecstasy-d2-v1,ecstasy,happiness,happiness,false,39,a,random
B-ecstasy-d2-v2,ecstasy,happiness,happiness,false,39,a,random
B-ecstasy-d2-v3,ecstasy,sadness,sadness,false,39,a,random
B-ecstasy-d2-v4,ecstasy,happiness,happiness,false,39,a,random
B-ecstasy-d3-v1,ecstasy,joy,joy,false,39,a,random
B-ecstasy-d3-v2,ecstasy,wonder,wonder,false,39,a,random
B-ecstasy-d3-v3,ecstasy,excitement,excitement,false,39,a,random
B-ecstasy-d3-v4,ecstasy,excitement,excitement,false,39,a,random
B-grief-d1-v1,grief,sadness,sadness,false,39,a,random
B-grief-d1-v2,grief,sadness,sadness,false,39,a,random
B-grief-d1-v3,grief,sadness,anger,true,39,a,random
B-grief-d1-v4,grief,sadness,sadness,false,39,a,random
B-grief-d2-v1,grief,sadness,sadness,false,39,a,random
B-grief-d2-v2,grief,sadness,sadness,false,39,a,random
B-grief-d2-v3,grief,sadness,sadness,false,39,a,random
B-grief-d2-v4,grief,sadness,sadness,false,39,a,random
B-grief-d3-v1,grief,anger,anger,false,39,a,random
B-grief-d3-v2,grief,sadness,sadness,false,39,a,random
B-grief-d3-v3,grief,sadness,sadness,false,39,a,random
B-grief-d3-v4,grief,sadness,sadness,false,39,a,random
B-loathing-d1-v1,loathing,anger,anger,false,39,a,random
B-loathing-d1-v2,loathing,anger,anger,false,39,a,random
B-loathing-d1-v3,loathing,anger,anger,false,39,a,random
B-loathing-d1-v4,loathing,anger,anger,false,39,a,random
B-loathing-d2-v1,loathing,fear,fear,false,39,a,random
B-loathing-d2-v2,loathing,disgust,disgust,false,39,a,random
B-loathing-d2-v3,loathing,fear,fear,false,39,a,random
B-loathing-d2-v4,loathing,disgust,disgust,false,39,a,random
B-loathing-d3-v1,loathing,anger,anger,false,39,a,random
B-loathing-d3-v2,loathing,anger,anger,false,39,a,random
B-loathing-d3-v3,loathing,anger,anger,false,39,a,random
B-loathing-d3-v4,loathing,anger,anger,false,39,a,random
B-rage-d1-v1,rage,anger,anger,false,39,a,random
B-rage-d1-v2,rage,anger,anger,false,39,a,random
B-rage-d1-v3,rage,anger,anger,false,39,a,random
B-rage-d1-v4,rage,anger,anger,false,39,a,random
B-rage-d2-v1,rage,anger,anger,false,39,a,random
B-rage-d2-v2,rage,anger,anger,false,39,a,random
B-rage-d2-v3,rage,anger,anger,false,39,a,random
B-rage-d2-v4,rage,anger,anger,false,39,a,random
B-rage-d3-v1,rage,anger,anger,false,39,a,random
B-rage-d3-v2,rage,fear,fear,false,39,a,random
B-rage-d3-v3,rage,anger,anger,false,39,a,random
B-rage-d3-v4,rage,fear,anger,true,39,a,random
B-terror-d1-v1,terror,fear,fear,false,39,a,random
B-terror-d1-v2,terror,fear,fear,false,39,a,random
B-terror-d1-v3,terror,fear,fear,false,39,a,random
B-terror-d1-v4,terror,fear,fear,false,39,a,random
B-terror-d2-v1,terror,fear,fear,false,39,a,random
B-terror-d2-v2,terror,fear,fear,false,39,a,random
B-terror-d2-v3,terror,fear,fear,false,39,a,random
B-terror-d2-v4,terror,fear,fear,false,39,a,random
B-terror-d3-v1,terror,fear,fear,false,39,a,random
B-terror-d3-v2,terror,fear,fear,false,39,a,random
B-terror-d3-v3,terror,fear,fear,false,39,a,random
B-terror-d3-v4,terror,fear,fear,false,39,a,random
B-vigilance-d1-v1,vigilance,fear,anxiety,true,39,a,random
B-vigilance-d1-v2,vigilance,fear,fear,false,39,a,random
B-vigilance-d1-v3,vigilance,fear,fear,false,39,a,random
B-vigilance-d1-v4,vigilance,fear,fear,false,39,a,random
B-vigilance-d2-v1,vigilance,anxiety,anxiety,false,39,a,random
B-vigilance-d2-v2,vigilance,anxiety,anxiety,false,39,a,random
B-vigilance-d2-v3,vigilance,excitement,anticipation,true,39,a,random
B-vigilance-d2-v4,vigilance,concentration,concentration,false,39,a,random
B-vigilance-d3-v1,vigilance,anticipation,anticipation,false,39,a,random
B-vigilance-d3-v2,vigilance,fear,fear,false,39,a,random
B-vigilance-d3-v3,vigilance,fear,fear,false,39,a,random
B-vigilance-d3-v4,vigilance,fear,fear,false,39,a,random
B-admiration-d1-v1,admiration,admiration,admiration,false,40,a,random
B-admiration-d1-v2,admiration,pride,pride,false,40,a,random
B-admiration-d1-v3,admiration,respect,respect,false,40,a,random
B-admiration-d1-v4,admiration,admiration,admiration,false,40,a,random
B-admiration-d2-v1,admiration,anger,anger,false,40,a,random
B-admiration-d2-v2,admiration,sadness,sadness,false,40,a,random
B-admiration-d2-v3,admiration,guilt,guilt,false,40,a,random
B-admiration-d2-v4,admiration,pride,pride,false,40,a,random
B-admiration-d3-v1,admiration,pride,pride,false,40,a,random
B-admiration-d3-v2,admiration,determination,determination,false,40,a,random
B-admiration-d3-v3,admiration,determination,determination,false,40,a,random
B-admiration-d3-v4,admiration,compassion,compassion,false,40,a,random
B-amazement-d1-v1,amazement,fear,fear,false,40,a,random
B-amazement-d1-v2,amazement,fear,fear,false,40,a,random
B-amazement-d1-v3,amazement,fear,fear,false,40,a,random
B-amazement-d1-v4,amazement,fear,fear,false,40,a,random
B-amazement-d2-v1,amazement,fear,fear,false,40,a,random
B-amazement-d2-v2,amazement,awe,awe,false,40,a,random
B-amazement-d2-v3,amazement,relief,relief,false,40,a,random
B-amazement-d2-v4,amazement,relief,relief,false,40,a,random
B-amazement-d3-v1,amazement,pride,pride,false,40,a,random
B-amazement-d3-v2,amazement,excitement,awe,true,40,a,random
B-amazement-d3-v3,amazement,relief,relief,false,40,a,random
B-amazement-d3-v4,amazement,surprise,surprise,false,40,a,random
B-ecstasy-d1-v1,ecstasy,joy,joy,false,40,a,random
B-ecstasy-d1-v2,ecstasy,fear,fear,false,40,a,random
B-ecstasy-d1-v3,ecstasy,pride,pride,false,40,a,random
B-ecstasy-d1-v4,ecstasy,pride,pride,false,40,a,random
B-ecstasy-d2-v1,ecstasy,happiness,happiness,false,40,a,random
B-ecstasy-d2-v2,ecstasy,happiness,happiness,false,40,a,random
B-ecstasy-d2-v3,ecstasy,sadness,happiness,true,40,a,random
B-ecstasy-d2-v4,ecstasy,happiness,happiness,false,40,a,random
B-ecstasy-d3-v1,ecstasy,joy,excitement,true,40,a,random
B-ecstasy-d3-v2,ecstasy,wonder,wonder,false,40,a,random
B-ecstasy-d3-v3,ecstasy,excitement,excitement,false,40,a,random
B-ecstasy-d3-v4,ecstasy,excitement,excitement,false,40,a,random
B-grief-d1-v1,grief,sadness,sadness,false,40,a,random
B-grief-d1-v2,grief,sadness,sadness,false,40,a,random
B-grief-d1-v3,grief,sadness,sadness,false,40,a,random
B-grief-d1-v4,grief,sadness,sadness,false,40,a,random
B-grief-d2-v1,grief,sadness,sadness,false,40,a,random
B-grief-d2-v2,grief,sadness,sadness,false,40,a,random
B-grief-d2-v3,grief,sadness,sadness,false,40,a,random
B-grief-d2-v4,grief,sadness,sadness,false,40,a,random
B-grief-d3-v1,grief,anger,anger,false,40,a,random
B-grief-d3-v2,grief,sadness,sadness,false,40,a,random
B-grief-d3-v3,grief,sadness,sadness,false,40,a,random
B-grief-d3-v4,grief,sadness,sadness,false,40,a,random
B-loathing-d1-v1,loathing,anger,anger,false,40,a,random
B-loathing-d1-v2,loathing,anger,anger,false,40,a,random
B-loathing-d1-v3,loathing,anger,anger,false,40,a,random
B-loathing-d1-v4,loathing,anger,anger,false,40,a,random
B-loathing-d2-v1,loathing,fear,disgust,true,40,a,random
B-loathing-d2-v2,loathing,disgust,disgust,false,40,a,random
B-loathing-d2-v3,loathing,fear,fear,false,40,a,random
B-loathing-d2-v4,loathing,disgust,disgust,false,40,a,random
B-loathing-d3-v1,loathing,anger,anger,false,40,a,random
B-loathing-d3-v2,loathing,anger,anger,false,40,a,random
B-loathing-d3-v3,loathing,anger,anger,false,40,a,random
B-loathing-d3-v4,loathing,anger,anger,false,40,a,random
B-rage-d1-v1,rage,anger,anger,false,40,a,random
B-rage-d1-v2,rage,anger,anger,false,40,a,random
B-rage-d1-v3,rage,anger,anger,false,40,a,random
B-rage-d1-v4,rage,anger,anger,false,40,a,random
B-rage-d2-v1,rage,anger,anger,false,40,a,random
B-rage-d2-v2,rage,anger,anger,false,40,a,random
B-rage-d2-v3,rage,anger,anger,false,40,a,random
B-rage-d2-v4,rage,anger,anger,false,40,a,random
B-rage-d3-v1,rage,anger,anger,false,40,a,random
B-rage-d3-v2,rage,fear,fear,false,40,a,random
B-rage-d3-v3,rage,anger,anger,false,40,a,random
B-rage-d3-v4,rage,fear,fear,false,40,a,random
B-terror-d1-v1,terror,fear,fear,false,40,a,random
B-terror-d1-v2,terror,fear,fear,false,40,a,random
B-terror-d1-v3,terror,fear,fear,false,40,a,random
B-terror-d1-v4,terror,fear,fear,false,40,a,random
B-terror-d2-v1,terror,fear,fear,false,40,a,random
B-terror-d2-v2,terror,fear,fear,false,40,a,random
B-terror-d2-v3,terror,fear,fear,false,40,a,random
B-terror-d2-v4,terror,fear,fear,false,40,a,random
B-terror-d3-v1,terror,fear,fear,false,40,a,random
B-terror-d3-v2,terror,fear,fear,false,40,a,random
B-terror-d3-v3,terror,fear,fear,false,40,a,random
B-terror-d3-v4,terror,fear,fear,false,40,a,random
B-vigilance-d1-v1,vigilance,fear,anxiety,true,40,a,random
B-vigilance-d1-v2,vigilance,fear,fear,false,40,a,random
B-vigilance-d1-v3,vigilance,fear,fear,false,40,a,random
B-vigilance-d1-v4,vigilance,fear,fear,false,40,a,random
B-vigilance-d2-v1,vigilance,anxiety,anxiety,false,40,a,random
B-vigilance-d2-v2,vigilance,anxiety,fear,true,40,a,random
B-vigilance-d2-v3,vigilance,excitement,anticipation,true,40,a,random
B-vigilance-d2-v4,vigilance,concentration,concentration,false,40,a,random
B-vigilance-d3-v1,vigilance,anticipation,anticipation,false,40,a,random
B-vigilance-d3-v2,vigilance,fear,fear,false,40,a,random
B-vigilance-d3-v3,vigilance,fear,fear,false,40,a,random
B-vigilance-d3-v4,vigilance,fear,fear,false,40,a,random
B-admiration-d1-v1,admiration,admiration,admiration,false,41,a,random
B-admiration-d1-v2,admiration,pride,pride,false,41,a,random
B-admiration-d1-v3,admiration,respect,admiration,true,41,a,random
B-admiration-d1-v4,admiration,admiration,admiration,false,41,a,random
B-admiration-d2-v1,admiration,anger,anger,false,41,a,random
B-admiration-d2-v2,admiration,sadness,sadness,false,41,a,random
B-admiration-d2-v3,admiration,guilt,guilt,false,41,a,random
B-admiration-d2-v4,admiration,pride,pride,false,41,a,random
B-admiration-d3-v1,admiration,pride,pride,false,41,a,random
B-admiration-d3-v2,admiration,determination,determination,false,41,a,random
B-admiration-d3-v3,admiration,determination,determination,false,41,a,random
B-admiration-d3-v4,admiration,compassion,sadness,true,41,a,random
B-amazement-d1-v1,amazement,fear,fear,false,41,a,random
B-amazement-d1-v2,amazement,fear,fear,false,41,a,random
B-amazement-d1-v3,amazement,fear,fear,false,41,a,random
B-amazement-d1-v4,amazement,fear,fear,false,41,a,random
B-amazement-d2-v1,amazement,fear,fear,false,41,a,random
B-amazement-d2-v2,amazement,awe,admiration,true,41,a,random
B-amazement-d2-v3,amazement,relief,fear,true,41,a,random
B-amazement-d2-v4,amazement,relief,relief,false,41,a,random
B-amazement-d3-v1,amazement,pride,pride,false,41,a,random
B-amazement-d3-v2,amazement,excitement,excitement,false,41,a,random
B-amazement-d3-v3,amazement,relief,relief,false,41,a,random
B-amazement-d3-v4,amazement,surprise,surprise,false,41,a,random
B-ecstasy-d1-v1,ecstasy,joy,joy,false,41,a,random
B-ecstasy-d1-v2,ecstasy,fear,fear,false,41,a,random
B-ecstasy-d1-v3,ecstasy,pride,joy,true,41,a,random
B-ecstasy-d1-v4,ecstasy,pride,pride,false,41,a,random
B-ecstasy-d2-v1,ecstasy,happiness,happiness,false,41,a,random
B-ecstasy-d2-v2,ecstasy,happiness,happiness,false,41,a,random
B-ecstasy-d2-v3,ecstasy,sadness,sadness,false,41,a,random
B-ecstasy-d2-v4,ecstasy,happiness,happiness,false,41,a,random
B-ecstasy-d3-v1,ecstasy,joy,joy,false,41,a,random
B-ecstasy-d3-v2,ecstasy,wonder,wonder,false,41,a,random
B-ecstasy-d3-v3,ecstasy,excitement,excitement,false,41,a,random
B-ecstasy-d3-v4,ecstasy,excitement,excitement,false,41,a,random
B-grief-d1-v1,grief,sadness,sadness,false,41,a,random
B-grief-d1-v2,grief,sadness,sadness,false,41,a,random
B-grief-d1-v3,grief,sadness,sadness,false,41,a,random
B-grief-d1-v4,grief,sadness,sadness,false,41,a,random
B-grief-d2-v1,grief,sadness,sadness,false,41,a,random
B-grief-d2-v2,grief,sadness,sadness,false,41,a,random
B-grief-d2-v3,grief,sadness,sadness,false,41,a,random
B-grief-d2-v4,grief,sadness,sadness,false,41,a,random
B-grief-d3-v1,grief,anger,anger,false,41,a,random
B-grief-d3-v2,grief,sadness,sadness,false,41,a,random
B-grief-d3-v3,grief,sadness,sadness,false,41,a,random
B-grief-d3-v4,grief,sadness,sadness,false,41,a,random
B-loathing-d1-v1,loathing,anger,anger,false,41,a,random
B-loathing-d1-v2,loathing,anger,anger,false,41,a,random
B-loathing-d1-v3,loathing,anger,anger,false,41,a,random
B-loathing-d1-v4,loathing,anger,anger,false,41,a,random
B-loathing-d2-v1,loathing,fear,disgust,true,41,a,random
B-loathing-d2-v2,loathing,disgust,disgust,false,41,a,random
B-loathing-d2-v3,loathing,fear,fear,false,41,a,random
B-loathing-d2-v4,loathing,disgust,disgust,false,41,a,random
B-loathing-d3-v1,loathing,anger,anger,false,41,a,random
B-loathing-d3-v2,loathing,anger,anger,false,41,a,random
B-loathing-d3-v3,loathing,anger,disgust,true,41,a,random
B-loathing-d3-v4,loathing,anger,anger,false,41,a,random
B-rage-d1-v1,rage,anger,anger,false,41,a,random
B-rage-d1-v2,rage,anger,anger,false,41,a,random
B-rage-d1-v3,rage,anger,anger,false,41,a,random
B-rage-d1-v4,rage,anger,anger,false,41,a,random
B-rage-d2-v1,rage,anger,anger,false,41,a,random
B-rage-d2-v2,rage,anger,anger,false,41,a,random
B-rage-d2-v3,rage,anger,anger,false,41,a,random
B-rage-d2-v4,rage,anger,anger,false,41,a,random
B-rage-d3-v1,rage,anger,anger,false,41,a,random
B-rage-d3-v2,rage,fear,fear,false,41,a,random
B-rage-d3-v3,rage,anger,anger,false,41,a,random
B-rage-d3-v4,rage,fear,fear,false,41,a,random
B-terror-d1-v1,terror,fear,fear,false,41,a,random
B-terror-d1-v2,terror,fear,fear,false,41,a,random
B-terror-d1-v3,terror,fear,fear,false,41,a,random
B-terror-d1-v4,terror,fear,fear,false,41,a,random
B-terror-d2-v1,terror,fear,fear,false,41,a,random
B-terror-d2-v2,terror,fear,fear,false,41,a,random
B-terror-d2-v3,terror,fear,fear,false,41,a,random
B-terror-d2-v4,terror,fear,fear,false,41,a,random
B-terror-d3-v1,terror,fear,fear,false,41,a,random
B-terror-d3-v2,terror,fear,fear,false,41,a,random
B-terror-d3-v3,terror,fear,fear,false,41,a,random
B-terror-d3-v4,terror,fear,fear,false,41,a,random
B-vigilance-d1-v1,vigilance,fear,fear,false,41,a,random
B-vigilance-d1-v2,vigilance,fear,fear,false,41,a,random
B-vigilance-d1-v3,vigilance,fear,anxiety,true,41,a,random
B-vigilance-d1-v4,vigilance,fear,fear,false,41,a,random
B-vigilance-d2-v1,vigilance,anxiety,anxiety,false,41,a,random
B-vigilance-d2-v2,vigilance,anxiety,anxiety,false,41,a,random
B-vigilance-d2-v3,vigilance,excitement,anxiety,true,41,a,random
B-vigilance-d2-v4,vigilance,concentration,tension,true,41,a,random
B-vigilance-d3-v1,vigilance,anticipation,anticipation,false,41,a,random
B-vigilance-d3-v2,vigilance,fear,fear,false,41,a,random
B-vigilance-d3-v3,vigilance,fear,fear,false,41,a,random
B-vigilance-d3-v4,vigilance,fear,fear,false,41,a,random
