id,emotion,original_pred,ko_pred,changed,layer,act_type,knockout_type
B-admiration-d1-v1,admiration,awe,awe,false,0,m,random
B-admiration-d1-v2,admiration,pride,pride,false,0,m,random
B-admiration-d1-v3,admiration,love,love,false,0,m,random
B-admiration-d1-v4,admiration,awe,awe,false,0,m,random
B-admiration-d2-v1,admiration,guilt,guilt,false,0,m,random
B-admiration-d2-v2,admiration,sadness,sadness,false,0,m,random
B-admiration-d2-v3,admiration,guilt,guilt,false,0,m,random
B-admiration-d2-v4,admiration,pride,pride,false,0,m,random
B-admiration-d3-v1,admiration,pride,pride,false,0,m,random
B-admiration-d3-v2,admiration,relief,relief,false,0,m,random
B-admiration-d3-v3,admiration,determination,determination,false,0,m,random
B-admiration-d3-v4,admiration,empathy,empathy,false,0,m,random
B-amazement-d1-v1,amazement,awe,awe,false,0,m,random
B-amazement-d1-v2,amazement,awe,awe,false,0,m,random
B-amazement-d1-v3,amazement,awe,awe,false,0,m,random
B-amazement-d1-v4,amazement,fear,fear,false,0,m,random
B-amazement-d2-v1,amazement,relief,relief,false,0,m,random
B-amazement-d2-v2,amazement,awe,awe,false,0,m,random
B-amazement-d2-v3,amazement,compassion,compassion,false,0,m,random
B-amazement-d2-v4,amazement,relief,relief,false,0,m,random
B-amazement-d3-v1,amazement,surprise,surprise,false,0,m,random
B-amazement-d3-v2,amazement,surprise,surprise,false,0,m,random
B-amazement-d3-v3,amazement,surprise,surprise,false,0,m,random
B-amazement-d3-v4,amazement,surprise,surprise,false,0,m,random
B-ecstasy-d1-v1,ecstasy,joy,joy,false,0,m,random
B-ecstasy-d1-v2,ecstasy,fear,fear,false,0,m,random
B-ecstasy-d1-v3,ecstasy,joy,joy,false,0,m,random
B-ecstasy-d1-v4,ecstasy,pride,pride,false,0,m,random
B-ecstasy-d2-v1,ecstasy,joy,joy,false,0,m,random
B-ecstasy-d2-v2,ecstasy,joy,joy,false,0,m,random
B-ecstasy-d2-v3,ecstasy,relief,joy,true,0,m,random
B-ecstasy-d2-v4,ecstasy,happiness,happiness,false,0,m,random
B-ecstasy-d3-v1,ecstasy,joy,joy,false,0,m,random
B-ecstasy-d3-v2,ecstasy,awe,awe,false,0,m,random
B-ecstasy-d3-v3,ecstasy,surprise,surprise,false,0,m,random
B-ecstasy-d3-v4,ecstasy,excitement,excitement,false,0,m,random
B-grief-d1-v1,grief,sadness,sadness,false,0,m,random
B-grief-d1-v2,grief,sadness,sadness,false,0,m,random
B-grief-d1-v3,grief,sadness,sadness,false,0,m,random
B-grief-d1-v4,grief,sadness,sadness,false,0,m,random
B-grief-d2-v1,grief,sadness,sadness,false,0,m,random
B-grief-d2-v2,grief,sadness,sadness,false,0,m,random
B-grief-d2-v3,grief,sadness,sadness,false,0,m,random
B-grief-d2-v4,grief,sadness,sadness,false,0,m,random
B-grief-d3-v1,grief,fear,anger,true,0,m,random
B-grief-d3-v2,grief,sadness,sadness,false,0,m,random
B-grief-d3-v3,grief,sadness,sadness,false,0,m,random
B-grief-d3-v4,grief,sadness,sadness,false,0,m,random
B-loathing-d1-v1,loathing,disgust,disgust,false,0,m,random
B-loathing-d1-v2,loathing,anger,anger,false,0,m,random
B-loathing-d1-v3,loathing,anger,anger,false,0,m,random
B-loathing-d1-v4,loathing,anger,anger,false,0,m,random
B-loathing-d2-v1,loathing,disgust,disgust,false,0,m,random
B-loathing-d2-v2,loathing,disgust,disgust,false,0,m,random
B-loathing-d2-v3,loathing,fear,fear,false,0,m,random
B-loathing-d2-v4,loathing,disgust,disgust,false,0,m,random
B-loathing-d3-v1,loathing,anger,anger,false,0,m,random
B-loathing-d3-v2,loathing,disgust,disgust,false,0,m,random
B-loathing-d3-v3,loathing,disgust,disgust,false,0,m,random
B-loathing-d3-v4,loathing,anger,anger,false,0,m,random
B-rage-d1-v1,rage,anger,anger,false,0,m,random
B-rage-d1-v2,rage,anger,anger,false,0,m,random
B-rage-d1-v3,rage,anger,anger,false,0,m,random
B-rage-d1-v4,rage,anger,anger,false,0,m,random
B-rage-d2-v1,rage,anger,anger,false,0,m,random
B-rage-d2-v2,rage,anger,anger,false,0,m,random
B-rage-d2-v3,rage,anger,anger,false,0,m,random
B-rage-d2-v4,rage,anger,anger,false,0,m,random
B-rage-d3-v1,rage,anger,anger,false,0,m,random
B-rage-d3-v2,rage,fear,fear,false,0,m,random
B-rage-d3-v3,rage,anger,anger,false,0,m,random
B-rage-d3-v4,rage,anger,anger,false,0,m,random
B-terror-d1-v1,terror,fear,fear,false,0,m,random
B-terror-d1-v2,terror,fear,fear,false,0,m,random
B-terror-d1-v3,terror,fear,fear,false,0,m,random
B-terror-d1-v4,terror,fear,fear,false,0,m,random
B-terror-d2-v1,terror,fear,fear,false,0,m,random
B-terror-d2-v2,terror,fear,fear,false,0,m,random
B-terror-d2-v3,terror,fear,fear,false,0,m,random
B-terror-d2-v4,terror,fear,fear,false,0,m,random
B-terror-d3-v1,terror,fear,fear,false,0,m,random
B-terror-d3-v2,terror,fear,fear,false,0,m,random
B-terror-d3-v3,terror,fear,fear,false,0,m,random
B-terror-d3-v4,terror,fear,fear,false,0,m,random
B-vigilance-d1-v1,vigilance,fear,fear,false,0,m,random
B-vigilance-d1-v2,vigilance,fear,fear,false,0,m,random
B-vigilance-d1-v3,vigilance,fear,fear,false,0,m,random
B-vigilance-d1-v4,vigilance,concern,concern,false,0,m,random
B-vigilance-d2-v1,vigilance,fear,fear,false,0,m,random
B-vigilance-d2-v2,vigilance,anxiety,anxiety,false,0,m,random
B-vigilance-d2-v3,vigilance,anxiety,anxiety,false,0,m,random
B-vigilance-d2-v4,vigilance,fear,fear,false,0,m,random
B-vigilance-d3-v1,vigilance,anticipation,anticipation,false,0,m,random
B-vigilance-d3-v2,vigilance,fear,fear,false,0,m,random
B-vigilance-d3-v3,vigilance,fear,fear,false,0,m,random
B-vigilance-d3-v4,vigilance,fear,fear,false,0,m,random
B-admiration-d1-v1,admiration,awe,awe,false,1,m,random
B-admiration-d1-v2,admiration,pride,pride,false,1,m,random
B-admiration-d1-v3,admiration,love,love,false,1,m,random
B-admiration-d1-v4,admiration,awe,awe,false,1,m,random
B-admiration-d2-v1,admiration,guilt,guilt,false,1,m,random
B-admiration-d2-v2,admiration,sadness,sadness,false,1,m,random
B-admiration-d2-v3,admiration,guilt,guilt,false,1,m,random
B-admiration-d2-v4,admiration,pride,loyalty,true,1,m,random
B-admiration-d3-v1,admiration,pride,pride,false,1,m,random
B-admiration-d3-v2,admiration,relief,hope,true,1,m,random
B-admiration-d3-v3,admiration,determination,determination,false,1,m,random
B-admiration-d3-v4,admiration,empathy,empathy,false,1,m,random
B-amazement-d1-v1,amazement,awe,awe,false,1,m,random
B-amazement-d1-v2,amazement,awe,awe,false,1,m,random
B-amazement-d1-v3,amazement,awe,awe,false,1,m,random
B-amazement-d1-v4,amazement,fear,fear,false,1,m,random
B-amazement-d2-v1,amazement,relief,relief,false,1,m,random
B-amazement-d2-v2,amazement,awe,awe,false,1,m,random
B-amazement-d2-v3,amazement,compassion,compassion,false,1,m,random
B-amazement-d2-v4,amazement,relief,relief,false,1,m,random
B-amazement-d3-v1,amazement,surprise,surprise,false,1,m,random
B-amazement-d3-v2,amazement,surprise,surprise,false,1,m,random
B-amazement-d3-v3,amazement,surprise,surprise,false,1,m,random
B-amazement-d3-v4,amazement,surprise,surprise,false,1,m,random
B-ecstasy-d1-v1,ecstasy,joy,joy,false,1,m,random
B-ecstasy-d1-v2,ecstasy,fear,fear,false,1,m,random
B-ecstasy-d1-v3,ecstasy,joy,joy,false,1,m,random
B-ecstasy-d1-v4,ecstasy,pride,pride,false,1,m,random
B-ecstasy-d2-v1,ecstasy,joy,joy,false,1,m,random
B-ecstasy-d2-v2,ecstasy,joy,joy,false,1,m,random
B-ecstasy-d2-v3,ecstasy,relief,relief,false,1,m,random
B-ecstasy-d2-v4,ecstasy,happiness,happiness,false,1,m,random
B-ecstasy-d3-v1,ecstasy,joy,joy,false,1,m,random
B-ecstasy-d3-v2,ecstasy,awe,awe,false,1,m,random
B-ecstasy-d3-v3,ecstasy,surprise,surprise,false,1,m,random
B-ecstasy-d3-v4,ecstasy,excitement,excitement,false,1,m,random
B-grief-d1-v1,grief,sadness,sadness,false,1,m,random
B-grief-d1-v2,grief,sadness,sadness,false,1,m,random
B-grief-d1-v3,grief,sadness,sadness,false,1,m,random
B-grief-d1-v4,grief,sadness,sadness,false,1,m,random
B-grief-d2-v1,grief,sadness,sadness,false,1,m,random
B-grief-d2-v2,grief,sadness,sadness,false,1,m,random
B-grief-d2-v3,grief,sadness,sadness,false,1,m,random
B-grief-d2-v4,grief,sadness,sadness,false,1,m,random
B-grief-d3-v1,grief,fear,anger,true,1,m,random
B-grief-d3-v2,grief,sadness,sadness,false,1,m,random
B-grief-d3-v3,grief,sadness,sadness,false,1,m,random
B-grief-d3-v4,grief,sadness,sadness,false,1,m,random
B-loathing-d1-v1,loathing,disgust,disgust,false,1,m,random
B-loathing-d1-v2,loathing,anger,anger,false,1,m,random
B-loathing-d1-v3,loathing,anger,anger,false,1,m,random
B-loathing-d1-v4,loathing,anger,anger,false,1,m,random
B-loathing-d2-v1,loathing,disgust,disgust,false,1,m,random
B-loathing-d2-v2,loathing,disgust,disgust,false,1,m,random
B-loathing-d2-v3,loathing,fear,fear,false,1,m,random
B-loathing-d2-v4,loathing,disgust,disgust,false,1,m,random
B-loathing-d3-v1,loathing,anger,anger,false,1,m,random
B-loathing-d3-v2,loathing,disgust,disgust,false,1,m,random
B-loathing-d3-v3,loathing,disgust,disgust,false,1,m,random
B-loathing-d3-v4,loathing,anger,anger,false,1,m,random
B-rage-d1-v1,rage,anger,anger,false,1,m,random
B-rage-d1-v2,rage,anger,anger,false,1,m,random
B-rage-d1-v3,rage,anger,anger,false,1,m,random
B-rage-d1-v4,rage,anger,anger,false,1,m,random
B-rage-d2-v1,rage,anger,anger,false,1,m,random
B-rage-d2-v2,rage,anger,anger,false,1,m,random
B-rage-d2-v3,rage,anger,anger,false,1,m,random
B-rage-d2-v4,rage,anger,anger,false,1,m,random
B-rage-d3-v1,rage,anger,anger,false,1,m,random
B-rage-d3-v2,rage,fear,fear,false,1,m,random
B-rage-d3-v3,rage,anger,anger,false,1,m,random
B-rage-d3-v4,rage,anger,anger,false,1,m,random
B-terror-d1-v1,terror,fear,fear,false,1,m,random
B-terror-d1-v2,terror,fear,fear,false,1,m,random
B-terror-d1-v3,terror,fear,fear,false,1,m,random
B-terror-d1-v4,terror,fear,fear,false,1,m,random
B-terror-d2-v1,terror,fear,fear,false,1,m,random
B-terror-d2-v2,terror,fear,fear,false,1,m,random
B-terror-d2-v3,terror,fear,fear,false,1,m,random
B-terror-d2-v4,terror,fear,fear,false,1,m,random
B-terror-d3-v1,terror,fear,fear,false,1,m,random
B-terror-d3-v2,terror,fear,fear,false,1,m,random
B-terror-d3-v3,terror,fear,fear,false,1,m,random
B-terror-d3-v4,terror,fear,fear,false,1,m,random
B-vigilance-d1-v1,vigilance,fear,fear,false,1,m,random
B-vigilance-d1-v2,vigilance,fear,fear,false,1,m,random
B-vigilance-d1-v3,vigilance,fear,fear,false,1,m,random
B-vigilance-d1-v4,vigilance,concern,concern,false,1,m,random
B-vigilance-d2-v1,vigilance,fear,fear,false,1,m,random
B-vigilance-d2-v2,vigilance,anxiety,anxiety,false,1,m,random
B-vigilance-d2-v3,vigilance,anxiety,anxiety,false,1,m,random
B-vigilance-d2-v4,vigilance,fear,fear,false,1,m,random
B-vigilance-d3-v1,vigilance,anticipation,anticipation,false,1,m,random
B-vigilance-d3-v2,vigilance,fear,fear,false,1,m,random
B-vigilance-d3-v3,vigilance,fear,fear,false,1,m,random
B-vigilance-d3-v4,vigilance,fear,fear,false,1,m,random
B-admiration-d1-v1,admiration,awe,awe,false,2,m,random
B-admiration-d1-v2,admiration,pride,pride,false,2,m,random
B-admiration-d1-v3,admiration,love,love,false,2,m,random
B-admiration-d1-v4,admiration,awe,awe,false,2,m,random
B-admiration-d2-v1,admiration,guilt,guilt,false,2,m,random
B-admiration-d2-v2,admiration,sadness,sadness,false,2,m,random
B-admiration-d2-v3,admiration,guilt,guilt,false,2,m,random
B-admiration-d2-v4,admiration,pride,loyalty,true,2,m,random
B-admiration-d3-v1,admiration,pride,pride,false,2,m,random
B-admiration-d3-v2,admiration,relief,relief,false,2,m,random
B-admiration-d3-v3,admiration,determination,determination,false,2,m,random
B-admiration-d3-v4,admiration,empathy,empathy,false,2,m,random
B-amazement-d1-v1,amazement,awe,awe,false,2,m,random
B-amazement-d1-v2,amazement,awe,awe,false,2,m,random
B-amazement-d1-v3,amazement,awe,awe,false,2,m,random
B-amazement-d1-v4,amazement,fear,fear,false,2,m,random
B-amazement-d2-v1,amazement,relief,relief,false,2,m,random
B-amazement-d2-v2,amazement,awe,awe,false,2,m,random
B-amazement-d2-v3,amazement,compassion,compassion,false,2,m,random
B-amazement-d2-v4,amazement,relief,relief,false,2,m,random
B-amazement-d3-v1,amazement,surprise,surprise,false,2,m,random
B-amazement-d3-v2,amazement,surprise,surprise,false,2,m,random
B-amazement-d3-v3,amazement,surprise,surprise,false,2,m,random
B-amazement-d3-v4,amazement,surprise,surprise,false,2,m,random
B-ecstasy-d1-v1,ecstasy,joy,joy,false,2,m,random
B-ecstasy-d1-v2,ecstasy,fear,fear,false,2,m,random
B-ecstasy-d1-v3,ecstasy,joy,joy,false,2,m,random
B-ecstasy-d1-v4,ecstasy,pride,pride,false,2,m,random
B-ecstasy-d2-v1,ecstasy,joy,joy,false,2,m,random
B-ecstasy-d2-v2,ecstasy,joy,joy,false,2,m,random
B-ecstasy-d2-v3,ecstasy,relief,relief,false,2,m,random
B-ecstasy-d2-v4,ecstasy,happiness,happiness,false,2,m,random
B-ecstasy-d3-v1,ecstasy,joy,joy,false,2,m,random
B-ecstasy-d3-v2,ecstasy,awe,awe,false,2,m,random
B-ecstasy-d3-v3,ecstasy,surprise,surprise,false,2,m,random
B-ecstasy-d3-v4,ecstasy,excitement,excitement,false,2,m,random
B-grief-d1-v1,grief,sadness,sadness,false,2,m,random
B-grief-d1-v2,grief,sadness,sadness,false,2,m,random
B-grief-d1-v3,grief,sadness,sadness,false,2,m,random
B-grief-d1-v4,grief,sadness,sadness,false,2,m,random
B-grief-d2-v1,grief,sadness,sadness,false,2,m,random
B-grief-d2-v2,grief,sadness,sadness,false,2,m,random
B-grief-d2-v3,grief,sadness,sadness,false,2,m,random
B-grief-d2-v4,grief,sadness,sadness,false,2,m,random
B-grief-d3-v1,grief,fear,fear,false,2,m,random
B-grief-d3-v2,grief,sadness,sadness,false,2,m,random
B-grief-d3-v3,grief,sadness,sadness,false,2,m,random
B-grief-d3-v4,grief,sadness,sadness,false,2,m,random
B-loathing-d1-v1,loathing,disgust,disgust,false,2,m,random
B-loathing-d1-v2,loathing,anger,anger,false,2,m,random
B-loathing-d1-v3,loathing,anger,anger,false,2,m,random
B-loathing-d1-v4,loathing,anger,anger,false,2,m,random
B-loathing-d2-v1,loathing,disgust,disgust,false,2,m,random
B-loathing-d2-v2,loathing,disgust,disgust,false,2,m,random
B-loathing-d2-v3,loathing,fear,fear,false,2,m,random
B-loathing-d2-v4,loathing,disgust,disgust,false,2,m,random
B-loathing-d3-v1,loathing,anger,anger,false,2,m,random
B-loathing-d3-v2,loathing,disgust,anger,true,2,m,random
B-loathing-d3-v3,loathing,disgust,disgust,false,2,m,random
B-loathing-d3-v4,loathing,anger,anger,false,2,m,random
B-rage-d1-v1,rage,anger,anger,false,2,m,random
B-rage-d1-v2,rage,anger,anger,false,2,m,random
B-rage-d1-v3,rage,anger,anger,false,2,m,random
B-rage-d1-v4,rage,anger,anger,false,2,m,random
B-rage-d2-v1,rage,anger,anger,false,2,m,random
B-rage-d2-v2,rage,anger,anger,false,2,m,random
B-rage-d2-v3,rage,anger,anger,false,2,m,random
B-rage-d2-v4,rage,anger,anger,false,2,m,random
B-rage-d3-v1,rage,anger,anger,false,2,m,random
B-rage-d3-v2,rage,fear,fear,false,2,m,random
B-rage-d3-v3,rage,anger,anger,false,2,m,random
B-rage-d3-v4,rage,anger,fear,true,2,m,random
B-terror-d1-v1,terror,fear,fear,false,2,m,random
B-terror-d1-v2,terror,fear,fear,false,2,m,random
B-terror-d1-v3,terror,fear,fear,false,2,m,random
B-terror-d1-v4,terror,fear,fear,false,2,m,random
B-terror-d2-v1,terror,fear,fear,false,2,m,random
B-terror-d2-v2,terror,fear,fear,false,2,m,random
B-terror-d2-v3,terror,fear,fear,false,2,m,random
B-terror-d2-v4,terror,fear,fear,false,2,m,random
B-terror-d3-v1,terror,fear,fear,false,2,m,random
B-terror-d3-v2,terror,fear,fear,false,2,m,random
B-terror-d3-v3,terror,fear,fear,false,2,m,random
B-terror-d3-v4,terror,fear,fear,false,2,m,random
B-vigilance-d1-v1,vigilance,fear,fear,false,2,m,random
B-vigilance-d1-v2,vigilance,fear,fear,false,2,m,random
B-vigilance-d1-v3,vigilance,fear,fear,false,2,m,random
B-vigilance-d1-v4,vigilance,concern,concern,false,2,m,random
B-vigilance-d2-v1,vigilance,fear,fear,false,2,m,random
B-vigilance-d2-v2,vigilance,anxiety,anxiety,false,2,m,random
B-vigilance-d2-v3,vigilance,anxiety,anxiety,false,2,m,random
B-vigilance-d2-v4,vigilance,fear,fear,false,2,m,random
B-vigilance-d3-v1,vigilance,anticipation,anticipation,false,2,m,random
B-vigilance-d3-v2,vigilance,fear,fear,false,2,m,random
B-vigilance-d3-v3,vigilance,fear,fear,false,2,m,random
B-vigilance-d3-v4,vigilance,fear,fear,false,2,m,random
B-admiration-d1-v1,admiration,awe,awe,false,3,m,random
B-admiration-d1-v2,admiration,pride,pride,false,3,m,random
B-admiration-d1-v3,admiration,love,love,false,3,m,random
B-admiration-d1-v4,admiration,awe,awe,false,3,m,random
B-admiration-d2-v1,admiration,guilt,guilt,false,3,m,random
B-admiration-d2-v2,admiration,sadness,sadness,false,3,m,random
B-admiration-d2-v3,admiration,guilt,guilt,false,3,m,random
B-admiration-d2-v4,admiration,pride,pride,false,3,m,random
B-admiration-d3-v1,admiration,pride,pride,false,3,m,random
B-admiration-d3-v2,admiration,relief,relief,false,3,m,random
B-admiration-d3-v3,admiration,determination,determination,false,3,m,random
B-admiration-d3-v4,admiration,empathy,empathy,false,3,m,random
B-amazement-d1-v1,amazement,awe,awe,false,3,m,random
B-amazement-d1-v2,amazement,awe,awe,false,3,m,random
B-amazement-d1-v3,amazement,awe,awe,false,3,m,random
B-amazement-d1-v4,amazement,fear,fear,false,3,m,random
B-amazement-d2-v1,amazement,relief,relief,false,3,m,random
B-amazement-d2-v2,amazement,awe,awe,false,3,m,random
B-amazement-d2-v3,amazement,compassion,compassion,false,3,m,random
B-amazement-d2-v4,amazement,relief,relief,false,3,m,random
B-amazement-d3-v1,amazement,surprise,surprise,false,3,m,random
B-amazement-d3-v2,amazement,surprise,surprise,false,3,m,random
B-amazement-d3-v3,amazement,surprise,surprise,false,3,m,random
B-amazement-d3-v4,amazement,surprise,surprise,false,3,m,random
B-ecstasy-d1-v1,ecstasy,joy,joy,false,3,m,random
B-ecstasy-d1-v2,ecstasy,fear,fear,false,3,m,random
B-ecstasy-d1-v3,ecstasy,joy,joy,false,3,m,random
B-ecstasy-d1-v4,ecstasy,pride,pride,false,3,m,random
B-ecstasy-d2-v1,ecstasy,joy,joy,false,3,m,random
B-ecstasy-d2-v2,ecstasy,joy,joy,false,3,m,random
B-ecstasy-d2-v3,ecstasy,relief,joy,true,3,m,random
B-ecstasy-d2-v4,ecstasy,happiness,happiness,false,3,m,random
B-ecstasy-d3-v1,ecstasy,joy,joy,false,3,m,random
B-ecstasy-d3-v2,ecstasy,awe,awe,false,3,m,random
B-ecstasy-d3-v3,ecstasy,surprise,surprise,false,3,m,random
B-ecstasy-d3-v4,ecstasy,excitement,excitement,false,3,m,random
B-grief-d1-v1,grief,sadness,sadness,false,3,m,random
B-grief-d1-v2,grief,sadness,sadness,false,3,m,random
B-grief-d1-v3,grief,sadness,sadness,false,3,m,random
B-grief-d1-v4,grief,sadness,sadness,false,3,m,random
B-grief-d2-v1,grief,sadness,sadness,false,3,m,random
B-grief-d2-v2,grief,sadness,sadness,false,3,m,random
B-grief-d2-v3,grief,sadness,sadness,false,3,m,random
B-grief-d2-v4,grief,sadness,sadness,false,3,m,random
B-grief-d3-v1,grief,fear,anger,true,3,m,random
B-grief-d3-v2,grief,sadness,sadness,false,3,m,random
B-grief-d3-v3,grief,sadness,sadness,false,3,m,random
B-grief-d3-v4,grief,sadness,sadness,false,3,m,random
B-loathing-d1-v1,loathing,disgust,anger,true,3,m,random
B-loathing-d1-v2,loathing,anger,anger,false,3,m,random
B-loathing-d1-v3,loathing,anger,anger,false,3,m,random
B-loathing-d1-v4,loathing,anger,anger,false,3,m,random
B-loathing-d2-v1,loathing,disgust,disgust,false,3,m,random
B-loathing-d2-v2,loathing,disgust,disgust,false,3,m,random
B-loathing-d2-v3,loathing,fear,fear,false,3,m,random
B-loathing-d2-v4,loathing,disgust,disgust,false,3,m,random
B-loathing-d3-v1,loathing,anger,anger,false,3,m,random
B-loathing-d3-v2,loathing,disgust,disgust,false,3,m,random
B-loathing-d3-v3,loathing,disgust,disgust,false,3,m,random
B-loathing-d3-v4,loathing,anger,anger,false,3,m,random
B-rage-d1-v1,rage,anger,anger,false,3,m,random
B-rage-d1-v2,rage,anger,anger,false,3,m,random
B-rage-d1-v3,rage,anger,anger,false,3,m,random
B-rage-d1-v4,rage,anger,anger,false,3,m,random
B-rage-d2-v1,rage,anger,anger,false,3,m,random
B-rage-d2-v2,rage,anger,anger,false,3,m,random
B-rage-d2-v3,rage,anger,anger,false,3,m,random
B-rage-d2-v4,rage,anger,anger,false,3,m,random
B-rage-d3-v1,rage,anger,anger,false,3,m,random
B-rage-d3-v2,rage,fear,fear,false,3,m,random
B-rage-d3-v3,rage,anger,anger,false,3,m,random
B-rage-d3-v4,rage,anger,anger,false,3,m,random
B-terror-d1-v1,terror,fear,fear,false,3,m,random
B-terror-d1-v2,terror,fear,fear,false,3,m,random
B-terror-d1-v3,terror,fear,fear,false,3,m,random
B-terror-d1-v4,terror,fear,fear,false,3,m,random
B-terror-d2-v1,terror,fear,fear,false,3,m,random
B-terror-d2-v2,terror,fear,fear,false,3,m,random
B-terror-d2-v3,terror,fear,fear,false,3,m,random
B-terror-d2-v4,terror,fear,fear,false,3,m,random
B-terror-d3-v1,terror,fear,fear,false,3,m,random
B-terror-d3-v2,terror,fear,fear,false,3,m,random
B-terror-d3-v3,terror,fear,fear,false,3,m,random
B-terror-d3-v4,terror,fear,fear,false,3,m,random
B-vigilance-d1-v1,vigilance,fear,fear,false,3,m,random
B-vigilance-d1-v2,vigilance,fear,fear,false,3,m,random
B-vigilance-d1-v3,vigilance,fear,fear,false,3,m,random
B-vigilance-d1-v4,vigilance,concern,concern,false,3,m,random
B-vigilance-d2-v1,vigilance,fear,fear,false,3,m,random
B-vigilance-d2-v2,vigilance,anxiety,anxiety,false,3,m,random
B-vigilance-d2-v3,vigilance,anxiety,anxiety,false,3,m,random
B-vigilance-d2-v4,vigilance,fear,fear,false,3,m,random
B-vigilance-d3-v1,vigilance,anticipation,anticipation,false,3,m,random
B-vigilance-d3-v2,vigilance,fear,fear,false,3,m,random
B-vigilance-d3-v3,vigilance,fear,fear,false,3,m,random
B-vigilance-d3-v4,vigilance,fear,fear,false,3,m,random
B-admiration-d1-v1,admiration,awe,awe,false,4,m,random
B-admiration-d1-v2,admiration,pride,empathy,true,4,m,random
B-admiration-d1-v3,admiration,love,love,false,4,m,random
B-admiration-d1-v4,admiration,awe,awe,false,4,m,random
B-admiration-d2-v1,admiration,guilt,guilt,false,4,m,random
B-admiration-d2-v2,admiration,sadness,sadness,false,4,m,random
B-admiration-d2-v3,admiration,guilt,guilt,false,4,m,random
B-admiration-d2-v4,admiration,pride,loyalty,true,4,m,random
B-admiration-d3-v1,admiration,pride,pride,false,4,m,random
B-admiration-d3-v2,admiration,relief,hope,true,4,m,random
B-admiration-d3-v3,admiration,determination,determination,false,4,m,random
B-admiration-d3-v4,admiration,empathy,empathy,false,4,m,random
B-amazement-d1-v1,amazement,awe,awe,false,4,m,random
B-amazement-d1-v2,amazement,awe,awe,false,4,m,random
B-amazement-d1-v3,amazement,awe,awe,false,4,m,random
B-amazement-d1-v4,amazement,fear,fear,false,4,m,random
B-amazement-d2-v1,amazement,relief,relief,false,4,m,random
B-amazement-d2-v2,amazement,awe,awe,false,4,m,random
B-amazement-d2-v3,amazement,compassion,compassion,false,4,m,random
B-amazement-d2-v4,amazement,relief,relief,false,4,m,random
B-amazement-d3-v1,amazement,surprise,surprise,false,4,m,random
B-amazement-d3-v2,amazement,surprise,surprise,false,4,m,random
B-amazement-d3-v3,amazement,surprise,surprise,false,4,m,random
B-amazement-d3-v4,amazement,surprise,surprise,false,4,m,random
B-ecstasy-d1-v1,ecstasy,joy,joy,false,4,m,random
B-ecstasy-d1-v2,ecstasy,fear,fear,false,4,m,random
B-ecstasy-d1-v3,ecstasy,joy,joy,false,4,m,random
B-ecstasy-d1-v4,ecstasy,pride,pride,false,4,m,random
B-ecstasy-d2-v1,ecstasy,joy,joy,false,4,m,random
B-ecstasy-d2-v2,ecstasy,joy,joy,false,4,m,random
B-ecstasy-d2-v3,ecstasy,relief,relief,false,4,m,random
B-ecstasy-d2-v4,ecstasy,happiness,happiness,false,4,m,random
B-ecstasy-d3-v1,ecstasy,joy,joy,false,4,m,random
B-ecstasy-d3-v2,ecstasy,awe,awe,false,4,m,random
B-ecstasy-d3-v3,ecstasy,surprise,surprise,false,4,m,random
B-ecstasy-d3-v4,ecstasy,excitement,excitement,false,4,m,random
B-grief-d1-v1,grief,sadness,sadness,false,4,m,random
B-grief-d1-v2,grief,sadness,sadness,false,4,m,random
B-grief-d1-v3,grief,sadness,sadness,false,4,m,random
B-grief-d1-v4,grief,sadness,sadness,false,4,m,random
B-grief-d2-v1,grief,sadness,sadness,false,4,m,random
B-grief-d2-v2,grief,sadness,sadness,false,4,m,random
B-grief-d2-v3,grief,sadness,sadness,false,4,m,random
B-grief-d2-v4,grief,sadness,sadness,false,4,m,random
B-grief-d3-v1,grief,fear,fear,false,4,m,random
B-grief-d3-v2,grief,sadness,sadness,false,4,m,random
B-grief-d3-v3,grief,sadness,sadness,false,4,m,random
B-grief-d3-v4,grief,sadness,sadness,false,4,m,random
B-loathing-d1-v1,loathing,disgust,anger,true,4,m,random
B-loathing-d1-v2,loathing,anger,anger,false,4,m,random
B-loathing-d1-v3,loathing,anger,anger,false,4,m,random
B-loathing-d1-v4,loathing,anger,anger,false,4,m,random
B-loathing-d2-v1,loathing,disgust,disgust,false,4,m,random
B-loathing-d2-v2,loathing,disgust,disgust,false,4,m,random
B-loathing-d2-v3,loathing,fear,fear,false,4,m,random
B-loathing-d2-v4,loathing,disgust,disgust,false,4,m,random
B-loathing-d3-v1,loathing,anger,anger,false,4,m,random
B-loathing-d3-v2,loathing,disgust,anger,true,4,m,random
B-loathing-d3-v3,loathing,disgust,disgust,false,4,m,random
B-loathing-d3-v4,loathing,anger,anger,false,4,m,random
B-rage-d1-v1,rage,anger,anger,false,4,m,random
B-rage-d1-v2,rage,anger,anger,false,4,m,random
B-rage-d1-v3,rage,anger,anger,false,4,m,random
B-rage-d1-v4,rage,anger,anger,false,4,m,random
B-rage-d2-v1,rage,anger,anger,false,4,m,random
B-rage-d2-v2,rage,anger,anger,false,4,m,random
B-rage-d2-v3,rage,anger,anger,false,4,m,random
B-rage-d2-v4,rage,anger,anger,false,4,m,random
B-rage-d3-v1,rage,anger,anger,false,4,m,random
B-rage-d3-v2,rage,fear,fear,false,4,m,random
B-rage-d3-v3,rage,anger,anger,false,4,m,random
B-rage-d3-v4,rage,anger,anger,false,4,m,random
B-terror-d1-v1,terror,fear,fear,false,4,m,random
B-terror-d1-v2,terror,fear,fear,false,4,m,random
B-terror-d1-v3,terror,fear,fear,false,4,m,random
B-terror-d1-v4,terror,fear,fear,false,4,m,random
B-terror-d2-v1,terror,fear,fear,false,4,m,random
B-terror-d2-v2,terror,fear,fear,false,4,m,random
B-terror-d2-v3,terror,fear,fear,false,4,m,random
B-terror-d2-v4,terror,fear,fear,false,4,m,random
B-terror-d3-v1,terror,fear,fear,false,4,m,random
B-terror-d3-v2,terror,fear,fear,false,4,m,random
B-terror-d3-v3,terror,fear,fear,false,4,m,random
B-terror-d3-v4,terror,fear,fear,false,4,m,random
B-vigilance-d1-v1,vigilance,fear,fear,false,4,m,random
B-vigilance-d1-v2,vigilance,fear,fear,false,4,m,random
B-vigilance-d1-v3,vigilance,fear,fear,false,4,m,random
B-vigilance-d1-v4,vigilance,concern,concern,false,4,m,random
B-vigilance-d2-v1,vigilance,fear,fear,false,4,m,random
B-vigilance-d2-v2,vigilance,anxiety,anxiety,false,4,m,random
B-vigilance-d2-v3,vigilance,anxiety,anxiety,false,4,m,random
B-vigilance-d2-v4,vigilance,fear,fear,false,4,m,random
B-vigilance-d3-v1,vigilance,anticipation,anticipation,false,4,m,random
B-vigilance-d3-v2,vigilance,fear,fear,false,4,m,random
B-vigilance-d3-v3,vigilance,fear,fear,false,4,m,random
B-vigilance-d3-v4,vigilance,fear,fear,false,4,m,random
B-admiration-d1-v1,admiration,awe,awe,false,5,m,random
B-admiration-d1-v2,admiration,pride,pride,false,5,m,random
B-admiration-d1-v3,admiration,love,love,false,5,m,random
B-admiration-d1-v4,admiration,awe,awe,false,5,m,random
B-admiration-d2-v1,admiration,guilt,guilt,false,5,m,random
B-admiration-d2-v2,admiration,sadness,sadness,false,5,m,random
B-admiration-d2-v3,admiration,guilt,guilt,false,5,m,random
B-admiration-d2-v4,admiration,pride,pride,false,5,m,random
B-admiration-d3-v1,admiration,pride,pride,false,5,m,random
B-admiration-d3-v2,admiration,relief,relief,false,5,m,random
B-admiration-d3-v3,admiration,determination,pride,true,5,m,random
B-admiration-d3-v4,admiration,empathy,empathy,false,5,m,random
B-amazement-d1-v1,amazement,awe,awe,false,5,m,random
B-amazement-d1-v2,amazement,awe,awe,false,5,m,random
B-amazement-d1-v3,amazement,awe,awe,false,5,m,random
B-amazement-d1-v4,amazement,fear,fear,false,5,m,random
B-amazement-d2-v1,amazement,relief,relief,false,5,m,random
B-amazement-d2-v2,amazement,awe,awe,false,5,m,random
B-amazement-d2-v3,amazement,compassion,compassion,false,5,m,random
B-amazement-d2-v4,amazement,relief,relief,false,5,m,random
B-amazement-d3-v1,amazement,surprise,surprise,false,5,m,random
B-amazement-d3-v2,amazement,surprise,excitement,true,5,m,random
B-amazement-d3-v3,amazement,surprise,surprise,false,5,m,random
B-amazement-d3-v4,amazement,surprise,surprise,false,5,m,random
B-ecstasy-d1-v1,ecstasy,joy,joy,false,5,m,random
B-ecstasy-d1-v2,ecstasy,fear,sadness,true,5,m,random
B-ecstasy-d1-v3,ecstasy,joy,joy,false,5,m,random
B-ecstasy-d1-v4,ecstasy,pride,pride,false,5,m,random
B-ecstasy-d2-v1,ecstasy,joy,joy,false,5,m,random
B-ecstasy-d2-v2,ecstasy,joy,joy,false,5,m,random
B-ecstasy-d2-v3,ecstasy,relief,joy,true,5,m,random
B-ecstasy-d2-v4,ecstasy,happiness,happiness,false,5,m,random
B-ecstasy-d3-v1,ecstasy,joy,joy,false,5,m,random
B-ecstasy-d3-v2,ecstasy,awe,awe,false,5,m,random
B-ecstasy-d3-v3,ecstasy,surprise,surprise,false,5,m,random
B-ecstasy-d3-v4,ecstasy,excitement,excitement,false,5,m,random
B-grief-d1-v1,grief,sadness,sadness,false,5,m,random
B-grief-d1-v2,grief,sadness,sadness,false,5,m,random
B-grief-d1-v3,grief,sadness,sadness,false,5,m,random
B-grief-d1-v4,grief,sadness,sadness,false,5,m,random
B-grief-d2-v1,grief,sadness,sadness,false,5,m,random
B-grief-d2-v2,grief,sadness,sadness,false,5,m,random
B-grief-d2-v3,grief,sadness,sadness,false,5,m,random
B-grief-d2-v4,grief,sadness,sadness,false,5,m,random
B-grief-d3-v1,grief,fear,anger,true,5,m,random
B-grief-d3-v2,grief,sadness,sadness,false,5,m,random
B-grief-d3-v3,grief,sadness,sadness,false,5,m,random
B-grief-d3-v4,grief,sadness,sadness,false,5,m,random
B-loathing-d1-v1,loathing,disgust,disgust,false,5,m,random
B-loathing-d1-v2,loathing,anger,anger,false,5,m,random
B-loathing-d1-v3,loathing,anger,anger,false,5,m,random
B-loathing-d1-v4,loathing,anger,anger,false,5,m,random
B-loathing-d2-v1,loathing,disgust,disgust,false,5,m,random
B-loathing-d2-v2,loathing,disgust,disgust,false,5,m,random
B-loathing-d2-v3,loathing,fear,fear,false,5,m,random
B-loathing-d2-v4,loathing,disgust,disgust,false,5,m,random
B-loathing-d3-v1,loathing,anger,anger,false,5,m,random
B-loathing-d3-v2,loathing,disgust,anger,true,5,m,random
B-loathing-d3-v3,loathing,disgust,disgust,false,5,m,random
B-loathing-d3-v4,loathing,anger,anger,false,5,m,random
B-rage-d1-v1,rage,anger,anger,false,5,m,random
B-rage-d1-v2,rage,anger,anger,false,5,m,random
B-rage-d1-v3,rage,anger,anger,false,5,m,random
B-rage-d1-v4,rage,anger,anger,false,5,m,random
B-rage-d2-v1,rage,anger,anger,false,5,m,random
B-rage-d2-v2,rage,anger,anger,false,5,m,random
B-rage-d2-v3,rage,anger,anger,false,5,m,random
B-rage-d2-v4,rage,anger,anger,false,5,m,random
B-rage-d3-v1,rage,anger,anger,false,5,m,random
B-rage-d3-v2,rage,fear,fear,false,5,m,random
B-rage-d3-v3,rage,anger,anger,false,5,m,random
B-rage-d3-v4,rage,anger,anger,false,5,m,random
B-terror-d1-v1,terror,fear,fear,false,5,m,random
B-terror-d1-v2,terror,fear,fear,false,5,m,random
B-terror-d1-v3,terror,fear,fear,false,5,m,random
B-terror-d1-v4,terror,fear,fear,false,5,m,random
B-terror-d2-v1,terror,fear,fear,false,5,m,random
B-terror-d2-v2,terror,fear,fear,false,5,m,random
B-terror-d2-v3,terror,fear,fear,false,5,m,random
B-terror-d2-v4,terror,fear,fear,false,5,m,random
B-terror-d3-v1,terror,fear,fear,false,5,m,random
B-terror-d3-v2,terror,fear,fear,false,5,m,random
B-terror-d3-v3,terror,fear,fear,false,5,m,random
B-terror-d3-v4,terror,fear,fear,false,5,m,random
B-vigilance-d1-v1,vigilance,fear,fear,false,5,m,random
B-vigilance-d1-v2,vigilance,fear,fear,false,5,m,random
B-vigilance-d1-v3,vigilance,fear,fear,false,5,m,random
B-vigilance-d1-v4,vigilance,concern,concern,false,5,m,random
B-vigilance-d2-v1,vigilance,fear,fear,false,5,m,random
B-vigilance-d2-v2,vigilance,anxiety,anxiety,false,5,m,random
B-vigilance-d2-v3,vigilance,anxiety,anxiety,false,5,m,random
B-vigilance-d2-v4,vigilance,fear,fear,false,5,m,random
B-vigilance-d3-v1,vigilance,anticipation,anticipation,false,5,m,random
B-vigilance-d3-v2,vigilance,fear,fear,false,5,m,random
B-vigilance-d3-v3,vigilance,fear,fear,false,5,m,random
B-vigilance-d3-v4,vigilance,fear,fear,false,5,m,random
B-admiration-d1-v1,admiration,awe,awe,false,6,m,random
B-admiration-d1-v2,admiration,pride,empathy,true,6,m,random
B-admiration-d1-v3,admiration,love,love,false,6,m,random
B-admiration-d1-v4,admiration,awe,awe,false,6,m,random
B-admiration-d2-v1,admiration,guilt,guilt,false,6,m,random
B-admiration-d2-v2,admiration,sadness,sadness,false,6,m,random
B-admiration-d2-v3,admiration,guilt,guilt,false,6,m,random
B-admiration-d2-v4,admiration,pride,loyalty,true,6,m,random
B-admiration-d3-v1,admiration,pride,pride,false,6,m,random
B-admiration-d3-v2,admiration,relief,relief,false,6,m,random
B-admiration-d3-v3,admiration,determination,determination,false,6,m,random
B-admiration-d3-v4,admiration,empathy,empathy,false,6,m,random
B-amazement-d1-v1,amazement,awe,awe,false,6,m,random
B-amazement-d1-v2,amazement,awe,awe,false,6,m,random
B-amazement-d1-v3,amazement,awe,awe,false,6,m,random
B-amazement-d1-v4,amazement,fear,fear,false,6,m,random
B-amazement-d2-v1,amazement,relief,relief,false,6,m,random
B-amazement-d2-v2,amazement,awe,awe,false,6,m,random
B-amazement-d2-v3,amazement,compassion,compassion,false,6,m,random
B-amazement-d2-v4,amazement,relief,relief,false,6,m,random
B-amazement-d3-v1,amazement,surprise,surprise,false,6,m,random
B-amazement-d3-v2,amazement,surprise,surprise,false,6,m,random
B-amazement-d3-v3,amazement,surprise,surprise,false,6,m,random
B-amazement-d3-v4,amazement,surprise,surprise,false,6,m,random
B-ecstasy-d1-v1,ecstasy,joy,joy,false,6,m,random
B-ecstasy-d1-v2,ecstasy,fear,fear,false,6,m,random
B-ecstasy-d1-v3,ecstasy,joy,joy,false,6,m,random
B-ecstasy-d1-v4,ecstasy,pride,pride,false,6,m,random
B-ecstasy-d2-v1,ecstasy,joy,joy,false,6,m,random
B-ecstasy-d2-v2,ecstasy,joy,joy,false,6,m,random
B-ecstasy-d2-v3,ecstasy,relief,joy,true,6,m,random
B-ecstasy-d2-v4,ecstasy,happiness,happiness,false,6,m,random
B-ecstasy-d3-v1,ecstasy,joy,joy,false,6,m,random
B-ecstasy-d3-v2,ecstasy,awe,awe,false,6,m,random
B-ecstasy-d3-v3,ecstasy,surprise,surprise,false,6,m,random
B-ecstasy-d3-v4,ecstasy,excitement,excitement,false,6,m,random
B-grief-d1-v1,grief,sadness,sadness,false,6,m,random
B-grief-d1-v2,grief,sadness,sadness,false,6,m,random
B-grief-d1-v3,grief,sadness,sadness,false,6,m,random
B-grief-d1-v4,grief,sadness,sadness,false,6,m,random
B-grief-d2-v1,grief,sadness,sadness,false,6,m,random
B-grief-d2-v2,grief,sadness,sadness,false,6,m,random
B-grief-d2-v3,grief,sadness,sadness,false,6,m,random
B-grief-d2-v4,grief,sadness,sadness,false,6,m,random
B-grief-d3-v1,grief,fear,anger,true,6,m,random
B-grief-d3-v2,grief,sadness,sadness,false,6,m,random
B-grief-d3-v3,grief,sadness,sadness,false,6,m,random
B-grief-d3-v4,grief,sadness,sadness,false,6,m,random
B-loathing-d1-v1,loathing,disgust,disgust,false,6,m,random
B-loathing-d1-v2,loathing,anger,anger,false,6,m,random
B-loathing-d1-v3,loathing,anger,anger,false,6,m,random
B-loathing-d1-v4,loathing,anger,anger,false,6,m,random
B-loathing-d2-v1,loathing,disgust,disgust,false,6,m,random
B-loathing-d2-v2,loathing,disgust,disgust,false,6,m,random
B-loathing-d2-v3,loathing,fear,fear,false,6,m,random
B-loathing-d2-v4,loathing,disgust,disgust,false,6,m,random
B-loathing-d3-v1,loathing,anger,anger,false,6,m,random
B-loathing-d3-v2,loathing,disgust,anger,true,6,m,random
B-loathing-d3-v3,loathing,disgust,disgust,false,6,m,random
B-loathing-d3-v4,loathing,anger,anger,false,6,m,random
B-rage-d1-v1,rage,anger,anger,false,6,m,random
B-rage-d1-v2,rage,anger,anger,false,6,m,random
B-rage-d1-v3,rage,anger,anger,false,6,m,random
B-rage-d1-v4,rage,anger,anger,false,6,m,random
B-rage-d2-v1,rage,anger,anger,false,6,m,random
B-rage-d2-v2,rage,anger,anger,false,6,m,random
B-rage-d2-v3,rage,anger,anger,false,6,m,random
B-rage-d2-v4,rage,anger,anger,false,6,m,random
B-rage-d3-v1,rage,anger,anger,false,6,m,random
B-rage-d3-v2,rage,fear,fear,false,6,m,random
B-rage-d3-v3,rage,anger,anger,false,6,m,random
B-rage-d3-v4,rage,anger,anger,false,6,m,random
B-terror-d1-v1,terror,fear,fear,false,6,m,random
B-terror-d1-v2,terror,fear,fear,false,6,m,random
B-terror-d1-v3,terror,fear,fear,false,6,m,random
B-terror-d1-v4,terror,fear,fear,false,6,m,random
B-terror-d2-v1,terror,fear,fear,false,6,m,random
B-terror-d2-v2,terror,fear,fear,false,6,m,random
B-terror-d2-v3,terror,fear,fear,false,6,m,random
B-terror-d2-v4,terror,fear,fear,false,6,m,random
B-terror-d3-v1,terror,fear,fear,false,6,m,random
B-terror-d3-v2,terror,fear,fear,false,6,m,random
B-terror-d3-v3,terror,fear,fear,false,6,m,random
B-terror-d3-v4,terror,fear,fear,false,6,m,random
B-vigilance-d1-v1,vigilance,fear,fear,false,6,m,random
B-vigilance-d1-v2,vigilance,fear,fear,false,6,m,random
B-vigilance-d1-v3,vigilance,fear,fear,false,6,m,random
B-vigilance-d1-v4,vigilance,concern,concern,false,6,m,random
B-vigilance-d2-v1,vigilance,fear,fear,false,6,m,random
B-vigilance-d2-v2,vigilance,anxiety,fear,true,6,m,random
B-vigilance-d2-v3,vigilance,anxiety,anxiety,false,6,m,random
B-vigilance-d2-v4,vigilance,fear,fear,false,6,m,random
B-vigilance-d3-v1,vigilance,anticipation,anticipation,false,6,m,random
B-vigilance-d3-v2,vigilance,fear,fear,false,6,m,random
B-vigilance-d3-v3,vigilance,fear,fear,false,6,m,random
B-vigilance-d3-v4,vigilance,fear,fear,false,6,m,random
B-admiration-d1-v1,admiration,awe,awe,false,7,m,random
B-admiration-d1-v2,admiration,pride,pride,false,7,m,random
B-admiration-d1-v3,admiration,love,awe,true,7,m,random
B-admiration-d1-v4,admiration,awe,awe,false,7,m,random
B-admiration-d2-v1,admiration,guilt,guilt,false,7,m,random
B-admiration-d2-v2,admiration,sadness,sadness,false,7,m,random
B-admiration-d2-v3,admiration,guilt,guilt,false,7,m,random
B-admiration-d2-v4,admiration,pride,loyalty,true,7,m,random
B-admiration-d3-v1,admiration,pride,pride,false,7,m,random
B-admiration-d3-v2,admiration,relief,hope,true,7,m,random
B-admiration-d3-v3,admiration,determination,pride,true,7,m,random
B-admiration-d3-v4,admiration,empathy,empathy,false,7,m,random
B-amazement-d1-v1,amazement,awe,awe,false,7,m,random
B-amazement-d1-v2,amazement,awe,awe,false,7,m,random
B-amazement-d1-v3,amazement,awe,awe,false,7,m,random
B-amazement-d1-v4,amazement,fear,fear,false,7,m,random
B-amazement-d2-v1,amazement,relief,fear,true,7,m,random
B-amazement-d2-v2,amazement,awe,awe,false,7,m,random
B-amazement-d2-v3,amazement,compassion,compassion,false,7,m,random
B-amazement-d2-v4,amazement,relief,relief,false,7,m,random
B-amazement-d3-v1,amazement,surprise,surprise,false,7,m,random
B-amazement-d3-v2,amazement,surprise,surprise,false,7,m,random
B-amazement-d3-v3,amazement,surprise,surprise,false,7,m,random
B-amazement-d3-v4,amazement,surprise,surprise,false,7,m,random
B-ecstasy-d1-v1,ecstasy,joy,joy,false,7,m,random
B-ecstasy-d1-v2,ecstasy,fear,fear,false,7,m,random
B-ecstasy-d1-v3,ecstasy,joy,joy,false,7,m,random
B-ecstasy-d1-v4,ecstasy,pride,pride,false,7,m,random
B-ecstasy-d2-v1,ecstasy,joy,joy,false,7,m,random
B-ecstasy-d2-v2,ecstasy,joy,joy,false,7,m,random
B-ecstasy-d2-v3,ecstasy,relief,relief,false,7,m,random
B-ecstasy-d2-v4,ecstasy,happiness,happiness,false,7,m,random
B-ecstasy-d3-v1,ecstasy,joy,joy,false,7,m,random
B-ecstasy-d3-v2,ecstasy,awe,awe,false,7,m,random
B-ecstasy-d3-v3,ecstasy,surprise,surprise,false,7,m,random
B-ecstasy-d3-v4,ecstasy,excitement,excitement,false,7,m,random
B-grief-d1-v1,grief,sadness,sadness,false,7,m,random
B-grief-d1-v2,grief,sadness,sadness,false,7,m,random
B-grief-d1-v3,grief,sadness,sadness,false,7,m,random
B-grief-d1-v4,grief,sadness,sadness,false,7,m,random
B-grief-d2-v1,grief,sadness,sadness,false,7,m,random
B-grief-d2-v2,grief,sadness,sadness,false,7,m,random
B-grief-d2-v3,grief,sadness,sadness,false,7,m,random
B-grief-d2-v4,grief,sadness,sadness,false,7,m,random
B-grief-d3-v1,grief,fear,fear,false,7,m,random
B-grief-d3-v2,grief,sadness,sadness,false,7,m,random
B-grief-d3-v3,grief,sadness,sadness,false,7,m,random
B-grief-d3-v4,grief,sadness,sadness,false,7,m,random
B-loathing-d1-v1,loathing,disgust,disgust,false,7,m,random
B-loathing-d1-v2,loathing,anger,anger,false,7,m,random
B-loathing-d1-v3,loathing,anger,anger,false,7,m,random
B-loathing-d1-v4,loathing,anger,anger,false,7,m,random
B-loathing-d2-v1,loathing,disgust,disgust,false,7,m,random
B-loathing-d2-v2,loathing,disgust,disgust,false,7,m,random
B-loathing-d2-v3,loathing,fear,fear,false,7,m,random
B-loathing-d2-v4,loathing,disgust,disgust,false,7,m,random
B-loathing-d3-v1,loathing,anger,anger,false,7,m,random
B-loathing-d3-v2,loathing,disgust,anger,true,7,m,random
B-loathing-d3-v3,loathing,disgust,disgust,false,7,m,random
B-loathing-d3-v4,loathing,anger,anger,false,7,m,random
B-rage-d1-v1,rage,anger,anger,false,7,m,random
B-rage-d1-v2,rage,anger,anger,false,7,m,random
B-rage-d1-v3,rage,anger,anger,false,7,m,random
B-rage-d1-v4,rage,anger,anger,false,7,m,random
B-rage-d2-v1,rage,anger,anger,false,7,m,random
B-rage-d2-v2,rage,anger,anger,false,7,m,random
B-rage-d2-v3,rage,anger,anger,false,7,m,random
B-rage-d2-v4,rage,anger,anger,false,7,m,random
B-rage-d3-v1,rage,anger,anger,false,7,m,random
B-rage-d3-v2,rage,fear,fear,false,7,m,random
B-rage-d3-v3,rage,anger,anger,false,7,m,random
B-rage-d3-v4,rage,anger,anger,false,7,m,random
B-terror-d1-v1,terror,fear,fear,false,7,m,random
B-terror-d1-v2,terror,fear,fear,false,7,m,random
B-terror-d1-v3,terror,fear,fear,false,7,m,random
B-terror-d1-v4,terror,fear,fear,false,7,m,random
B-terror-d2-v1,terror,fear,fear,false,7,m,random
B-terror-d2-v2,terror,fear,fear,false,7,m,random
B-terror-d2-v3,terror,fear,fear,false,7,m,random
B-terror-d2-v4,terror,fear,fear,false,7,m,random
B-terror-d3-v1,terror,fear,fear,false,7,m,random
B-terror-d3-v2,terror,fear,fear,false,7,m,random
B-terror-d3-v3,terror,fear,fear,false,7,m,random
B-terror-d3-v4,terror,fear,fear,false,7,m,random
B-vigilance-d1-v1,vigilance,fear,fear,false,7,m,random
B-vigilance-d1-v2,vigilance,fear,fear,false,7,m,random
B-vigilance-d1-v3,vigilance,fear,fear,false,7,m,random
B-vigilance-d1-v4,vigilance,concern,concern,false,7,m,random
B-vigilance-d2-v1,vigilance,fear,fear,false,7,m,random
B-vigilance-d2-v2,vigilance,anxiety,anxiety,false,7,m,random
B-vigilance-d2-v3,vigilance,anxiety,excitement,true,7,m,random
B-vigilance-d2-v4,vigilance,fear,confusion,true,7,m,random
B-vigilance-d3-v1,vigilance,anticipation,anticipation,false,7,m,random
B-vigilance-d3-v2,vigilance,fear,fear,false,7,m,random
B-vigilance-d3-v3,vigilance,fear,fear,false,7,m,random
B-vigilance-d3-v4,vigilance,fear,fear,false,7,m,random
B-admiration-d1-v1,admiration,awe,awe,false,8,m,random
B-admiration-d1-v2,admiration,pride,pride,false,8,m,random
B-admiration-d1-v3,admiration,love,awe,true,8,m,random
B-admiration-d1-v4,admiration,awe,awe,false,8,m,random
B-admiration-d2-v1,admiration,guilt,guilt,false,8,m,random
B-admiration-d2-v2,admiration,sadness,sadness,false,8,m,random
B-admiration-d2-v3,admiration,guilt,guilt,false,8,m,random
B-admiration-d2-v4,admiration,pride,pride,false,8,m,random
B-admiration-d3-v1,admiration,pride,pride,false,8,m,random
B-admiration-d3-v2,admiration,relief,pride,true,8,m,random
B-admiration-d3-v3,admiration,determination,pride,true,8,m,random
B-admiration-d3-v4,admiration,empathy,empathy,false,8,m,random
B-amazement-d1-v1,amazement,awe,awe,false,8,m,random
B-amazement-d1-v2,amazement,awe,awe,false,8,m,random
B-amazement-d1-v3,amazement,awe,awe,false,8,m,random
B-amazement-d1-v4,amazement,fear,fear,false,8,m,random
B-amazement-d2-v1,amazement,relief,relief,false,8,m,random
B-amazement-d2-v2,amazement,awe,awe,false,8,m,random
B-amazement-d2-v3,amazement,compassion,compassion,false,8,m,random
B-amazement-d2-v4,amazement,relief,relief,false,8,m,random
B-amazement-d3-v1,amazement,surprise,surprise,false,8,m,random
B-amazement-d3-v2,amazement,surprise,awe,true,8,m,random
B-amazement-d3-v3,amazement,surprise,surprise,false,8,m,random
B-amazement-d3-v4,amazement,surprise,surprise,false,8,m,random
B-ecstasy-d1-v1,ecstasy,joy,joy,false,8,m,random
B-ecstasy-d1-v2,ecstasy,fear,fear,false,8,m,random
B-ecstasy-d1-v3,ecstasy,joy,excitement,true,8,m,random
B-ecstasy-d1-v4,ecstasy,pride,pride,false,8,m,random
B-ecstasy-d2-v1,ecstasy,joy,joy,false,8,m,random
B-ecstasy-d2-v2,ecstasy,joy,joy,false,8,m,random
B-ecstasy-d2-v3,ecstasy,relief,joy,true,8,m,random
B-ecstasy-d2-v4,ecstasy,happiness,happiness,false,8,m,random
B-ecstasy-d3-v1,ecstasy,joy,joy,false,8,m,random
B-ecstasy-d3-v2,ecstasy,awe,awe,false,8,m,random
B-ecstasy-d3-v3,ecstasy,surprise,surprise,false,8,m,random
B-ecstasy-d3-v4,ecstasy,excitement,excitement,false,8,m,random
B-grief-d1-v1,grief,sadness,sadness,false,8,m,random
B-grief-d1-v2,grief,sadness,sadness,false,8,m,random
B-grief-d1-v3,grief,sadness,sadness,false,8,m,random
B-grief-d1-v4,grief,sadness,sadness,false,8,m,random
B-grief-d2-v1,grief,sadness,sadness,false,8,m,random
B-grief-d2-v2,grief,sadness,sadness,false,8,m,random
B-grief-d2-v3,grief,sadness,sadness,false,8,m,random
B-grief-d2-v4,grief,sadness,sadness,false,8,m,random
B-grief-d3-v1,grief,fear,anger,true,8,m,random
B-grief-d3-v2,grief,sadness,sadness,false,8,m,random
B-grief-d3-v3,grief,sadness,sadness,false,8,m,random
B-grief-d3-v4,grief,sadness,sadness,false,8,m,random
B-loathing-d1-v1,loathing,disgust,disgust,false,8,m,random
B-loathing-d1-v2,loathing,anger,anger,false,8,m,random
B-loathing-d1-v3,loathing,anger,anger,false,8,m,random
B-loathing-d1-v4,loathing,anger,anger,false,8,m,random
B-loathing-d2-v1,loathing,disgust,disgust,false,8,m,random
B-loathing-d2-v2,loathing,disgust,disgust,false,8,m,random
B-loathing-d2-v3,loathing,fear,fear,false,8,m,random
B-loathing-d2-v4,loathing,disgust,disgust,false,8,m,random
B-loathing-d3-v1,loathing,anger,anger,false,8,m,random
B-loathing-d3-v2,loathing,disgust,anger,true,8,m,random
B-loathing-d3-v3,loathing,disgust,disgust,false,8,m,random
B-loathing-d3-v4,loathing,anger,anger,false,8,m,random
B-rage-d1-v1,rage,anger,anger,false,8,m,random
B-rage-d1-v2,rage,anger,anger,false,8,m,random
B-rage-d1-v3,rage,anger,anger,false,8,m,random
B-rage-d1-v4,rage,anger,anger,false,8,m,random
B-rage-d2-v1,rage,anger,anger,false,8,m,random
B-rage-d2-v2,rage,anger,anger,false,8,m,random
B-rage-d2-v3,rage,anger,anger,false,8,m,random
B-rage-d2-v4,rage,anger,anger,false,8,m,random
B-rage-d3-v1,rage,anger,anger,false,8,m,random
B-rage-d3-v2,rage,fear,anger,true,8,m,random
B-rage-d3-v3,rage,anger,anger,false,8,m,random
B-rage-d3-v4,rage,anger,anger,false,8,m,random
B-terror-d1-v1,terror,fear,fear,false,8,m,random
B-terror-d1-v2,terror,fear,fear,false,8,m,random
B-terror-d1-v3,terror,fear,fear,false,8,m,random
B-terror-d1-v4,terror,fear,fear,false,8,m,random
B-terror-d2-v1,terror,fear,fear,false,8,m,random
B-terror-d2-v2,terror,fear,fear,false,8,m,random
B-terror-d2-v3,terror,fear,fear,false,8,m,random
B-terror-d2-v4,terror,fear,fear,false,8,m,random
B-terror-d3-v1,terror,fear,fear,false,8,m,random
B-terror-d3-v2,terror,fear,fear,false,8,m,random
B-terror-d3-v3,terror,fear,fear,false,8,m,random
B-terror-d3-v4,terror,fear,fear,false,8,m,random
B-vigilance-d1-v1,vigilance,fear,fear,false,8,m,random
B-vigilance-d1-v2,vigilance,fear,fear,false,8,m,random
B-vigilance-d1-v3,vigilance,fear,fear,false,8,m,random
B-vigilance-d1-v4,vigilance,concern,concern,false,8,m,random
B-vigilance-d2-v1,vigilance,fear,fear,false,8,m,random
B-vigilance-d2-v2,vigilance,anxiety,anxiety,false,8,m,random
B-vigilance-d2-v3,vigilance,anxiety,fear,true,8,m,random
B-vigilance-d2-v4,vigilance,fear,fear,false,8,m,random
B-vigilance-d3-v1,vigilance,anticipation,anticipation,false,8,m,random
B-vigilance-d3-v2,vigilance,fear,fear,false,8,m,random
B-vigilance-d3-v3,vigilance,fear,fear,false,8,m,random
B-vigilance-d3-v4,vigilance,fear,fear,false,8,m,random
B-admiration-d1-v1,admiration,awe,awe,false,9,m,random
B-admiration-d1-v2,admiration,pride,empathy,true,9,m,random
B-admiration-d1-v3,admiration,love,awe,true,9,m,random
B-admiration-d1-v4,admiration,awe,awe,false,9,m,random
B-admiration-d2-v1,admiration,guilt,guilt,false,9,m,random
B-admiration-d2-v2,admiration,sadness,sadness,false,9,m,random
B-admiration-d2-v3,admiration,guilt,guilt,false,9,m,random
B-admiration-d2-v4,admiration,pride,love,true,9,m,random
B-admiration-d3-v1,admiration,pride,pride,false,9,m,random
B-admiration-d3-v2,admiration,relief,hope,true,9,m,random
B-admiration-d3-v3,admiration,determination,determination,false,9,m,random
B-admiration-d3-v4,admiration,empathy,empathy,false,9,m,random
B-amazement-d1-v1,amazement,awe,awe,false,9,m,random
B-amazement-d1-v2,amazement,awe,awe,false,9,m,random
B-amazement-d1-v3,amazement,awe,awe,false,9,m,random
B-amazement-d1-v4,amazement,fear,fear,false,9,m,random
B-amazement-d2-v1,amazement,relief,fear,true,9,m,random
B-amazement-d2-v2,amazement,awe,awe,false,9,m,random
B-amazement-d2-v3,amazement,compassion,compassion,false,9,m,random
B-amazement-d2-v4,amazement,relief,relief,false,9,m,random
B-amazement-d3-v1,amazement,surprise,joy,true,9,m,random
B-amazement-d3-v2,amazement,surprise,surprise,false,9,m,random
B-amazement-d3-v3,amazement,surprise,surprise,false,9,m,random
B-amazement-d3-v4,amazement,surprise,surprise,false,9,m,random
B-ecstasy-d1-v1,ecstasy,joy,joy,false,9,m,random
B-ecstasy-d1-v2,ecstasy,fear,fear,false,9,m,random
B-ecstasy-d1-v3,ecstasy,joy,joy,false,9,m,random
B-ecstasy-d1-v4,ecstasy,pride,pride,false,9,m,random
B-ecstasy-d2-v1,ecstasy,joy,joy,false,9,m,random
B-ecstasy-d2-v2,ecstasy,joy,joy,false,9,m,random
B-ecstasy-d2-v3,ecstasy,relief,love,true,9,m,random
B-ecstasy-d2-v4,ecstasy,happiness,happiness,false,9,m,random
B-ecstasy-d3-v1,ecstasy,joy,joy,false,9,m,random
B-ecstasy-d3-v2,ecstasy,awe,awe,false,9,m,random
B-ecstasy-d3-v3,ecstasy,surprise,surprise,false,9,m,random
B-ecstasy-d3-v4,ecstasy,excitement,excitement,false,9,m,random
B-grief-d1-v1,grief,sadness,sadness,false,9,m,random
B-grief-d1-v2,grief,sadness,sadness,false,9,m,random
B-grief-d1-v3,grief,sadness,sadness,false,9,m,random
B-grief-d1-v4,grief,sadness,sadness,false,9,m,random
B-grief-d2-v1,grief,sadness,sadness,false,9,m,random
B-grief-d2-v2,grief,sadness,sadness,false,9,m,random
B-grief-d2-v3,grief,sadness,sadness,false,9,m,random
B-grief-d2-v4,grief,sadness,sadness,false,9,m,random
B-grief-d3-v1,grief,fear,fear,false,9,m,random
B-grief-d3-v2,grief,sadness,sadness,false,9,m,random
B-grief-d3-v3,grief,sadness,sadness,false,9,m,random
B-grief-d3-v4,grief,sadness,sadness,false,9,m,random
B-loathing-d1-v1,loathing,disgust,disgust,false,9,m,random
B-loathing-d1-v2,loathing,anger,anger,false,9,m,random
B-loathing-d1-v3,loathing,anger,anger,false,9,m,random
B-loathing-d1-v4,loathing,anger,anger,false,9,m,random
B-loathing-d2-v1,loathing,disgust,disgust,false,9,m,random
B-loathing-d2-v2,loathing,disgust,disgust,false,9,m,random
B-loathing-d2-v3,loathing,fear,disgust,true,9,m,random
B-loathing-d2-v4,loathing,disgust,disgust,false,9,m,random
B-loathing-d3-v1,loathing,anger,anger,false,9,m,random
B-loathing-d3-v2,loathing,disgust,anger,true,9,m,random
B-loathing-d3-v3,loathing,disgust,disgust,false,9,m,random
B-loathing-d3-v4,loathing,anger,anger,false,9,m,random
B-rage-d1-v1,rage,anger,anger,false,9,m,random
B-rage-d1-v2,rage,anger,anger,false,9,m,random
B-rage-d1-v3,rage,anger,anger,false,9,m,random
B-rage-d1-v4,rage,anger,anger,false,9,m,random
B-rage-d2-v1,rage,anger,anger,false,9,m,random
B-rage-d2-v2,rage,anger,anger,false,9,m,random
B-rage-d2-v3,rage,anger,anger,false,9,m,random
B-rage-d2-v4,rage,anger,anger,false,9,m,random
B-rage-d3-v1,rage,anger,anger,false,9,m,random
B-rage-d3-v2,rage,fear,fear,false,9,m,random
B-rage-d3-v3,rage,anger,anger,false,9,m,random
B-rage-d3-v4,rage,anger,anger,false,9,m,random
B-terror-d1-v1,terror,fear,fear,false,9,m,random
B-terror-d1-v2,terror,fear,fear,false,9,m,random
B-terror-d1-v3,terror,fear,fear,false,9,m,random
B-terror-d1-v4,terror,fear,fear,false,9,m,random
B-terror-d2-v1,terror,fear,fear,false,9,m,random
B-terror-d2-v2,terror,fear,fear,false,9,m,random
B-terror-d2-v3,terror,fear,fear,false,9,m,random
B-terror-d2-v4,terror,fear,fear,false,9,m,random
B-terror-d3-v1,terror,fear,fear,false,9,m,random
B-terror-d3-v2,terror,fear,fear,false,9,m,random
B-terror-d3-v3,terror,fear,fear,false,9,m,random
B-terror-d3-v4,terror,fear,fear,false,9,m,random
B-vigilance-d1-v1,vigilance,fear,fear,false,9,m,random
B-vigilance-d1-v2,vigilance,fear,fear,false,9,m,random
B-vigilance-d1-v3,vigilance,fear,fear,false,9,m,random
B-vigilance-d1-v4,vigilance,concern,concern,false,9,m,random
B-vigilance-d2-v1,vigilance,fear,fear,false,9,m,random
B-vigilance-d2-v2,vigilance,anxiety,anxiety,false,9,m,random
B-vigilance-d2-v3,vigilance,anxiety,anxiety,false,9,m,random
B-vigilance-d2-v4,vigilance,fear,fear,false,9,m,random
B-vigilance-d3-v1,vigilance,anticipation,anticipation,false,9,m,random
B-vigilance-d3-v2,vigilance,fear,fear,false,9,m,random
B-vigilance-d3-v3,vigilance,fear,fear,false,9,m,random
B-vigilance-d3-v4,vigilance,fear,fear,false,9,m,random
B-admiration-d1-v1,admiration,awe,awe,false,10,m,random
B-admiration-d1-v2,admiration,pride,pride,false,10,m,random
B-admiration-d1-v3,admiration,love,awe,true,10,m,random
B-admiration-d1-v4,admiration,awe,awe,false,10,m,random
B-admiration-d2-v1,admiration,guilt,guilt,false,10,m,random
B-admiration-d2-v2,admiration,sadness,sadness,false,10,m,random
B-admiration-d2-v3,admiration,guilt,guilt,false,10,m,random
B-admiration-d2-v4,admiration,pride,pride,false,10,m,random
B-admiration-d3-v1,admiration,pride,pride,false,10,m,random
B-admiration-d3-v2,admiration,relief,hope,true,10,m,random
B-admiration-d3-v3,admiration,determination,determination,false,10,m,random
B-admiration-d3-v4,admiration,empathy,empathy,false,10,m,random
B-amazement-d1-v1,amazement,awe,awe,false,10,m,random
B-amazement-d1-v2,amazement,awe,awe,false,10,m,random
B-amazement-d1-v3,amazement,awe,awe,false,10,m,random
B-amazement-d1-v4,amazement,fear,fear,false,10,m,random
B-amazement-d2-v1,amazement,relief,relief,false,10,m,random
B-amazement-d2-v2,amazement,awe,awe,false,10,m,random
B-amazement-d2-v3,amazement,compassion,compassion,false,10,m,random
B-amazement-d2-v4,amazement,relief,relief,false,10,m,random
B-amazement-d3-v1,amazement,surprise,joy,true,10,m,random
B-amazement-d3-v2,amazement,surprise,surprise,false,10,m,random
B-amazement-d3-v3,amazement,surprise,relief,true,10,m,random
B-amazement-d3-v4,amazement,surprise,surprise,false,10,m,random
B-ecstasy-d1-v1,ecstasy,joy,joy,false,10,m,random
B-ecstasy-d1-v2,ecstasy,fear,fear,false,10,m,random
B-ecstasy-d1-v3,ecstasy,joy,joy,false,10,m,random
B-ecstasy-d1-v4,ecstasy,pride,pride,false,10,m,random
B-ecstasy-d2-v1,ecstasy,joy,joy,false,10,m,random
B-ecstasy-d2-v2,ecstasy,joy,joy,false,10,m,random
B-ecstasy-d2-v3,ecstasy,relief,relief,false,10,m,random
B-ecstasy-d2-v4,ecstasy,happiness,happiness,false,10,m,random
B-ecstasy-d3-v1,ecstasy,joy,joy,false,10,m,random
B-ecstasy-d3-v2,ecstasy,awe,awe,false,10,m,random
B-ecstasy-d3-v3,ecstasy,surprise,surprise,false,10,m,random
B-ecstasy-d3-v4,ecstasy,excitement,excitement,false,10,m,random
B-grief-d1-v1,grief,sadness,sadness,false,10,m,random
B-grief-d1-v2,grief,sadness,sadness,false,10,m,random
B-grief-d1-v3,grief,sadness,sadness,false,10,m,random
B-grief-d1-v4,grief,sadness,sadness,false,10,m,random
B-grief-d2-v1,grief,sadness,sadness,false,10,m,random
B-grief-d2-v2,grief,sadness,sadness,false,10,m,random
B-grief-d2-v3,grief,sadness,sadness,false,10,m,random
B-grief-d2-v4,grief,sadness,sadness,false,10,m,random
B-grief-d3-v1,grief,fear,fear,false,10,m,random
B-grief-d3-v2,grief,sadness,sadness,false,10,m,random
B-grief-d3-v3,grief,sadness,sadness,false,10,m,random
B-grief-d3-v4,grief,sadness,sadness,false,10,m,random
B-loathing-d1-v1,loathing,disgust,disgust,false,10,m,random
B-loathing-d1-v2,loathing,anger,anger,false,10,m,random
B-loathing-d1-v3,loathing,anger,anger,false,10,m,random
B-loathing-d1-v4,loathing,anger,anger,false,10,m,random
B-loathing-d2-v1,loathing,disgust,disgust,false,10,m,random
B-loathing-d2-v2,loathing,disgust,disgust,false,10,m,random
B-loathing-d2-v3,loathing,fear,fear,false,10,m,random
B-loathing-d2-v4,loathing,disgust,disgust,false,10,m,random
B-loathing-d3-v1,loathing,anger,anger,false,10,m,random
B-loathing-d3-v2,loathing,disgust,disgust,false,10,m,random
B-loathing-d3-v3,loathing,disgust,disgust,false,10,m,random
B-loathing-d3-v4,loathing,anger,anger,false,10,m,random
B-rage-d1-v1,rage,anger,anger,false,10,m,random
B-rage-d1-v2,rage,anger,anger,false,10,m,random
B-rage-d1-v3,rage,anger,anger,false,10,m,random
B-rage-d1-v4,rage,anger,anger,false,10,m,random
B-rage-d2-v1,rage,anger,anger,false,10,m,random
B-rage-d2-v2,rage,anger,anger,false,10,m,random
B-rage-d2-v3,rage,anger,anger,false,10,m,random
B-rage-d2-v4,rage,anger,anger,false,10,m,random
B-rage-d3-v1,rage,anger,anger,false,10,m,random
B-rage-d3-v2,rage,fear,fear,false,10,m,random
B-rage-d3-v3,rage,anger,anger,false,10,m,random
B-rage-d3-v4,rage,anger,anger,false,10,m,random
B-terror-d1-v1,terror,fear,fear,false,10,m,random
B-terror-d1-v2,terror,fear,fear,false,10,m,random
B-terror-d1-v3,terror,fear,fear,false,10,m,random
B-terror-d1-v4,terror,fear,fear,false,10,m,random
B-terror-d2-v1,terror,fear,fear,false,10,m,random
B-terror-d2-v2,terror,fear,fear,false,10,m,random
B-terror-d2-v3,terror,fear,fear,false,10,m,random
B-terror-d2-v4,terror,fear,fear,false,10,m,random
B-terror-d3-v1,terror,fear,fear,false,10,m,random
B-terror-d3-v2,terror,fear,fear,false,10,m,random
B-terror-d3-v3,terror,fear,fear,false,10,m,random
B-terror-d3-v4,terror,fear,fear,false,10,m,random
B-vigilance-d1-v1,vigilance,fear,fear,false,10,m,random
B-vigilance-d1-v2,vigilance,fear,fear,false,10,m,random
B-vigilance-d1-v3,vigilance,fear,fear,false,10,m,random
B-vigilance-d1-v4,vigilance,concern,concern,false,10,m,random
B-vigilance-d2-v1,vigilance,fear,fear,false,10,m,random
B-vigilance-d2-v2,vigilance,anxiety,anticipation,true,10,m,random
B-vigilance-d2-v3,vigilance,anxiety,excitement,true,10,m,random
B-vigilance-d2-v4,vigilance,fear,fear,false,10,m,random
B-vigilance-d3-v1,vigilance,anticipation,anticipation,false,10,m,random
B-vigilance-d3-v2,vigilance,fear,fear,false,10,m,random
B-vigilance-d3-v3,vigilance,fear,fear,false,10,m,random
B-vigilance-d3-v4,vigilance,fear,fear,false,10,m,random
B-admiration-d1-v1,admiration,awe,awe,false,11,m,random
B-admiration-d1-v2,admiration,pride,empathy,true,11,m,random
B-admiration-d1-v3,admiration,love,love,false,11,m,random
B-admiration-d1-v4,admiration,awe,awe,false,11,m,random
B-admiration-d2-v1,admiration,guilt,guilt,false,11,m,random
B-admiration-d2-v2,admiration,sadness,sadness,false,11,m,random
B-admiration-d2-v3,admiration,guilt,guilt,false,11,m,random
B-admiration-d2-v4,admiration,pride,compassion,true,11,m,random
B-admiration-d3-v1,admiration,pride,pride,false,11,m,random
B-admiration-d3-v2,admiration,relief,hope,true,11,m,random
B-admiration-d3-v3,admiration,determination,determination,false,11,m,random
B-admiration-d3-v4,admiration,empathy,compassion,true,11,m,random
B-amazement-d1-v1,amazement,awe,awe,false,11,m,random
B-amazement-d1-v2,amazement,awe,awe,false,11,m,random
B-amazement-d1-v3,amazement,awe,awe,false,11,m,random
B-amazement-d1-v4,amazement,fear,fear,false,11,m,random
B-amazement-d2-v1,amazement,relief,compassion,true,11,m,random
B-amazement-d2-v2,amazement,awe,awe,false,11,m,random
B-amazement-d2-v3,amazement,compassion,compassion,false,11,m,random
B-amazement-d2-v4,amazement,relief,relief,false,11,m,random
B-amazement-d3-v1,amazement,surprise,surprise,false,11,m,random
B-amazement-d3-v2,amazement,surprise,surprise,false,11,m,random
B-amazement-d3-v3,amazement,surprise,surprise,false,11,m,random
B-amazement-d3-v4,amazement,surprise,surprise,false,11,m,random
B-ecstasy-d1-v1,ecstasy,joy,joy,false,11,m,random
B-ecstasy-d1-v2,ecstasy,fear,fear,false,11,m,random
B-ecstasy-d1-v3,ecstasy,joy,joy,false,11,m,random
B-ecstasy-d1-v4,ecstasy,pride,pride,false,11,m,random
B-ecstasy-d2-v1,ecstasy,joy,joy,false,11,m,random
B-ecstasy-d2-v2,ecstasy,joy,joy,false,11,m,random
B-ecstasy-d2-v3,ecstasy,relief,surprise,true,11,m,random
B-ecstasy-d2-v4,ecstasy,happiness,joy,true,11,m,random
B-ecstasy-d3-v1,ecstasy,joy,joy,false,11,m,random
B-ecstasy-d3-v2,ecstasy,awe,awe,false,11,m,random
B-ecstasy-d3-v3,ecstasy,surprise,surprise,false,11,m,random
B-ecstasy-d3-v4,ecstasy,excitement,excitement,false,11,m,random
B-grief-d1-v1,grief,sadness,sadness,false,11,m,random
B-grief-d1-v2,grief,sadness,sadness,false,11,m,random
B-grief-d1-v3,grief,sadness,sadness,false,11,m,random
B-grief-d1-v4,grief,sadness,sadness,false,11,m,random
B-grief-d2-v1,grief,sadness,sadness,false,11,m,random
B-grief-d2-v2,grief,sadness,sadness,false,11,m,random
B-grief-d2-v3,grief,sadness,sadness,false,11,m,random
B-grief-d2-v4,grief,sadness,sadness,false,11,m,random
B-grief-d3-v1,grief,fear,fear,false,11,m,random
B-grief-d3-v2,grief,sadness,sadness,false,11,m,random
B-grief-d3-v3,grief,sadness,sadness,false,11,m,random
B-grief-d3-v4,grief,sadness,sadness,false,11,m,random
B-loathing-d1-v1,loathing,disgust,disgust,false,11,m,random
B-loathing-d1-v2,loathing,anger,anger,false,11,m,random
B-loathing-d1-v3,loathing,anger,anger,false,11,m,random
B-loathing-d1-v4,loathing,anger,anger,false,11,m,random
B-loathing-d2-v1,loathing,disgust,disgust,false,11,m,random
B-loathing-d2-v2,loathing,disgust,disgust,false,11,m,random
B-loathing-d2-v3,loathing,fear,fear,false,11,m,random
B-loathing-d2-v4,loathing,disgust,disgust,false,11,m,random
B-loathing-d3-v1,loathing,anger,anger,false,11,m,random
B-loathing-d3-v2,loathing,disgust,disgust,false,11,m,random
B-loathing-d3-v3,loathing,disgust,disgust,false,11,m,random
B-loathing-d3-v4,loathing,anger,anger,false,11,m,random
B-rage-d1-v1,rage,anger,anger,false,11,m,random
B-rage-d1-v2,rage,anger,anger,false,11,m,random
B-rage-d1-v3,rage,anger,anger,false,11,m,random
B-rage-d1-v4,rage,anger,anger,false,11,m,random
B-rage-d2-v1,rage,anger,anger,false,11,m,random
B-rage-d2-v2,rage,anger,anger,false,11,m,random
B-rage-d2-v3,rage,anger,anger,false,11,m,random
B-rage-d2-v4,rage,anger,anger,false,11,m,random
B-rage-d3-v1,rage,anger,anger,false,11,m,random
B-rage-d3-v2,rage,fear,fear,false,11,m,random
B-rage-d3-v3,rage,anger,anger,false,11,m,random
B-rage-d3-v4,rage,anger,anger,false,11,m,random
B-terror-d1-v1,terror,fear,fear,false,11,m,random
B-terror-d1-v2,terror,fear,fear,false,11,m,random
B-terror-d1-v3,terror,fear,fear,false,11,m,random
B-terror-d1-v4,terror,fear,fear,false,11,m,random
B-terror-d2-v1,terror,fear,fear,false,11,m,random
B-terror-d2-v2,terror,fear,fear,false,11,m,random
B-terror-d2-v3,terror,fear,fear,false,11,m,random
B-terror-d2-v4,terror,fear,fear,false,11,m,random
B-terror-d3-v1,terror,fear,fear,false,11,m,random
B-terror-d3-v2,terror,fear,fear,false,11,m,random
B-terror-d3-v3,terror,fear,fear,false,11,m,random
B-terror-d3-v4,terror,fear,fear,false,11,m,random
B-vigilance-d1-v1,vigilance,fear,fear,false,11,m,random
B-vigilance-d1-v2,vigilance,fear,fear,false,11,m,random
B-vigilance-d1-v3,vigilance,fear,fear,false,11,m,random
B-vigilance-d1-v4,vigilance,concern,concern,false,11,m,random
B-vigilance-d2-v1,vigilance,fear,fear,false,11,m,random
B-vigilance-d2-v2,vigilance,anxiety,anxiety,false,11,m,random
B-vigilance-d2-v3,vigilance,anxiety,fear,true,11,m,random
B-vigilance-d2-v4,vigilance,fear,fear,false,11,m,random
B-vigilance-d3-v1,vigilance,anticipation,anticipation,false,11,m,random
B-vigilance-d3-v2,vigilance,fear,fear,false,11,m,random
B-vigilance-d3-v3,vigilance,fear,fear,false,11,m,random
B-vigilance-d3-v4,vigilance,fear,fear,false,11,m,random
B-admiration-d1-v1,admiration,awe,pride,true,12,m,random
B-admiration-d1-v2,admiration,pride,pride,false,12,m,random
B-admiration-d1-v3,admiration,love,awe,true,12,m,random
B-admiration-d1-v4,admiration,awe,awe,false,12,m,random
B-admiration-d2-v1,admiration,guilt,guilt,false,12,m,random
B-admiration-d2-v2,admiration,sadness,sadness,false,12,m,random
B-admiration-d2-v3,admiration,guilt,guilt,false,12,m,random
B-admiration-d2-v4,admiration,pride,sadness,true,12,m,random
B-admiration-d3-v1,admiration,pride,pride,false,12,m,random
B-admiration-d3-v2,admiration,relief,relief,false,12,m,random
B-admiration-d3-v3,admiration,determination,pride,true,12,m,random
B-admiration-d3-v4,admiration,empathy,compassion,true,12,m,random
B-amazement-d1-v1,amazement,awe,awe,false,12,m,random
B-amazement-d1-v2,amazement,awe,awe,false,12,m,random
B-amazement-d1-v3,amazement,awe,awe,false,12,m,random
B-amazement-d1-v4,amazement,fear,fear,false,12,m,random
B-amazement-d2-v1,amazement,relief,fear,true,12,m,random
B-amazement-d2-v2,amazement,awe,awe,false,12,m,random
B-amazement-d2-v3,amazement,compassion,relief,true,12,m,random
B-amazement-d2-v4,amazement,relief,relief,false,12,m,random
B-amazement-d3-v1,amazement,surprise,surprise,false,12,m,random
B-amazement-d3-v2,amazement,surprise,excitement,true,12,m,random
B-amazement-d3-v3,amazement,surprise,surprise,false,12,m,random
B-amazement-d3-v4,amazement,surprise,surprise,false,12,m,random
B-ecstasy-d1-v1,ecstasy,joy,joy,false,12,m,random
B-ecstasy-d1-v2,ecstasy,fear,fear,false,12,m,random
B-ecstasy-d1-v3,ecstasy,joy,joy,false,12,m,random
B-ecstasy-d1-v4,ecstasy,pride,pride,false,12,m,random
B-ecstasy-d2-v1,ecstasy,joy,joy,false,12,m,random
B-ecstasy-d2-v2,ecstasy,joy,happiness,true,12,m,random
B-ecstasy-d2-v3,ecstasy,relief,relief,false,12,m,random
B-ecstasy-d2-v4,ecstasy,happiness,happiness,false,12,m,random
B-ecstasy-d3-v1,ecstasy,joy,joy,false,12,m,random
B-ecstasy-d3-v2,ecstasy,awe,awe,false,12,m,random
B-ecstasy-d3-v3,ecstasy,surprise,surprise,false,12,m,random
B-ecstasy-d3-v4,ecstasy,excitement,excitement,false,12,m,random
B-grief-d1-v1,grief,sadness,sadness,false,12,m,random
B-grief-d1-v2,grief,sadness,sadness,false,12,m,random
B-grief-d1-v3,grief,sadness,sadness,false,12,m,random
B-grief-d1-v4,grief,sadness,sadness,false,12,m,random
B-grief-d2-v1,grief,sadness,sadness,false,12,m,random
B-grief-d2-v2,grief,sadness,sadness,false,12,m,random
B-grief-d2-v3,grief,sadness,sadness,false,12,m,random
B-grief-d2-v4,grief,sadness,sadness,false,12,m,random
B-grief-d3-v1,grief,fear,anger,true,12,m,random
B-grief-d3-v2,grief,sadness,sadness,false,12,m,random
B-grief-d3-v3,grief,sadness,sadness,false,12,m,random
B-grief-d3-v4,grief,sadness,sadness,false,12,m,random
B-loathing-d1-v1,loathing,disgust,disgust,false,12,m,random
B-loathing-d1-v2,loathing,anger,anger,false,12,m,random
B-loathing-d1-v3,loathing,anger,anger,false,12,m,random
B-loathing-d1-v4,loathing,anger,anger,false,12,m,random
B-loathing-d2-v1,loathing,disgust,disgust,false,12,m,random
B-loathing-d2-v2,loathing,disgust,disgust,false,12,m,random
B-loathing-d2-v3,loathing,fear,disgust,true,12,m,random
B-loathing-d2-v4,loathing,disgust,disgust,false,12,m,random
B-loathing-d3-v1,loathing,anger,anger,false,12,m,random
B-loathing-d3-v2,loathing,disgust,anger,true,12,m,random
B-loathing-d3-v3,loathing,disgust,disgust,false,12,m,random
B-loathing-d3-v4,loathing,anger,anger,false,12,m,random
B-rage-d1-v1,rage,anger,anger,false,12,m,random
B-rage-d1-v2,rage,anger,anger,false,12,m,random
B-rage-d1-v3,rage,anger,anger,false,12,m,random
B-rage-d1-v4,rage,anger,anger,false,12,m,random
B-rage-d2-v1,rage,anger,anger,false,12,m,random
B-rage-d2-v2,rage,anger,anger,false,12,m,random
B-rage-d2-v3,rage,anger,anger,false,12,m,random
B-rage-d2-v4,rage,anger,anger,false,12,m,random
B-rage-d3-v1,rage,anger,anger,false,12,m,random
B-rage-d3-v2,rage,fear,fear,false,12,m,random
B-rage-d3-v3,rage,anger,anger,false,12,m,random
B-rage-d3-v4,rage,anger,anger,false,12,m,random
B-terror-d1-v1,terror,fear,fear,false,12,m,random
B-terror-d1-v2,terror,fear,fear,false,12,m,random
B-terror-d1-v3,terror,fear,fear,false,12,m,random
B-terror-d1-v4,terror,fear,fear,false,12,m,random
B-terror-d2-v1,terror,fear,fear,false,12,m,random
B-terror-d2-v2,terror,fear,fear,false,12,m,random
B-terror-d2-v3,terror,fear,fear,false,12,m,random
B-terror-d2-v4,terror,fear,fear,false,12,m,random
B-terror-d3-v1,terror,fear,fear,false,12,m,random
B-terror-d3-v2,terror,fear,fear,false,12,m,random
B-terror-d3-v3,terror,fear,fear,false,12,m,random
B-terror-d3-v4,terror,fear,fear,false,12,m,random
B-vigilance-d1-v1,vigilance,fear,fear,false,12,m,random
B-vigilance-d1-v2,vigilance,fear,fear,false,12,m,random
B-vigilance-d1-v3,vigilance,fear,fear,false,12,m,random
B-vigilance-d1-v4,vigilance,concern,concern,false,12,m,random
B-vigilance-d2-v1,vigilance,fear,fear,false,12,m,random
B-vigilance-d2-v2,vigilance,anxiety,fear,true,12,m,random
B-vigilance-d2-v3,vigilance,anxiety,fear,true,12,m,random
B-vigilance-d2-v4,vigilance,fear,fear,false,12,m,random
B-vigilance-d3-v1,vigilance,anticipation,anxiety,true,12,m,random
B-vigilance-d3-v2,vigilance,fear,fear,false,12,m,random
B-vigilance-d3-v3,vigilance,fear,fear,false,12,m,random
B-vigilance-d3-v4,vigilance,fear,fear,false,12,m,random
B-admiration-d1-v1,admiration,awe,pride,true,13,m,random
B-admiration-d1-v2,admiration,pride,empathy,true,13,m,random
B-admiration-d1-v3,admiration,love,love,false,13,m,random
B-admiration-d1-v4,admiration,awe,awe,false,13,m,random
B-admiration-d2-v1,admiration,guilt,guilt,false,13,m,random
B-admiration-d2-v2,admiration,sadness,sadness,false,13,m,random
B-admiration-d2-v3,admiration,guilt,guilt,false,13,m,random
B-admiration-d2-v4,admiration,pride,pride,false,13,m,random
B-admiration-d3-v1,admiration,pride,pride,false,13,m,random
B-admiration-d3-v2,admiration,relief,pride,true,13,m,random
B-admiration-d3-v3,admiration,determination,pride,true,13,m,random
B-admiration-d3-v4,admiration,empathy,empathy,false,13,m,random
B-amazement-d1-v1,amazement,awe,awe,false,13,m,random
B-amazement-d1-v2,amazement,awe,fear,true,13,m,random
B-amazement-d1-v3,amazement,awe,awe,false,13,m,random
B-amazement-d1-v4,amazement,fear,fear,false,13,m,random
B-amazement-d2-v1,amazement,relief,fear,true,13,m,random
B-amazement-d2-v2,amazement,awe,awe,false,13,m,random
B-amazement-d2-v3,amazement,compassion,surprise,true,13,m,random
B-amazement-d2-v4,amazement,relief,relief,false,13,m,random
B-amazement-d3-v1,amazement,surprise,surprise,false,13,m,random
B-amazement-d3-v2,amazement,surprise,surprise,false,13,m,random
B-amazement-d3-v3,amazement,surprise,surprise,false,13,m,random
B-amazement-d3-v4,amazement,surprise,surprise,false,13,m,random
B-ecstasy-d1-v1,ecstasy,joy,joy,false,13,m,random
B-ecstasy-d1-v2,ecstasy,fear,fear,false,13,m,random
B-ecstasy-d1-v3,ecstasy,joy,joy,false,13,m,random
B-ecstasy-d1-v4,ecstasy,pride,pride,false,13,m,random
B-ecstasy-d2-v1,ecstasy,joy,joy,false,13,m,random
B-ecstasy-d2-v2,ecstasy,joy,happiness,true,13,m,random
B-ecstasy-d2-v3,ecstasy,relief,joy,true,13,m,random
B-ecstasy-d2-v4,ecstasy,happiness,happiness,false,13,m,random
B-ecstasy-d3-v1,ecstasy,joy,surprise,true,13,m,random
B-ecstasy-d3-v2,ecstasy,awe,awe,false,13,m,random
B-ecstasy-d3-v3,ecstasy,surprise,surprise,false,13,m,random
B-ecstasy-d3-v4,ecstasy,excitement,excitement,false,13,m,random
B-grief-d1-v1,grief,sadness,sadness,false,13,m,random
B-grief-d1-v2,grief,sadness,sadness,false,13,m,random
B-grief-d1-v3,grief,sadness,sadness,false,13,m,random
B-grief-d1-v4,grief,sadness,sadness,false,13,m,random
B-grief-d2-v1,grief,sadness,sadness,false,13,m,random
B-grief-d2-v2,grief,sadness,sadness,false,13,m,random
B-grief-d2-v3,grief,sadness,sadness,false,13,m,random
B-grief-d2-v4,grief,sadness,sadness,false,13,m,random
B-grief-d3-v1,grief,fear,anger,true,13,m,random
B-grief-d3-v2,grief,sadness,sadness,false,13,m,random
B-grief-d3-v3,grief,sadness,sadness,false,13,m,random
B-grief-d3-v4,grief,sadness,sadness,false,13,m,random
B-loathing-d1-v1,loathing,disgust,anger,true,13,m,random
B-loathing-d1-v2,loathing,anger,anger,false,13,m,random
B-loathing-d1-v3,loathing,anger,anger,false,13,m,random
B-loathing-d1-v4,loathing,anger,anger,false,13,m,random
B-loathing-d2-v1,loathing,disgust,disgust,false,13,m,random
B-loathing-d2-v2,loathing,disgust,disgust,false,13,m,random
B-loathing-d2-v3,loathing,fear,disgust,true,13,m,random
B-loathing-d2-v4,loathing,disgust,disgust,false,13,m,random
B-loathing-d3-v1,loathing,anger,anger,false,13,m,random
B-loathing-d3-v2,loathing,disgust,disgust,false,13,m,random
B-loathing-d3-v3,loathing,disgust,disgust,false,13,m,random
B-loathing-d3-v4,loathing,anger,anger,false,13,m,random
B-rage-d1-v1,rage,anger,anger,false,13,m,random
B-rage-d1-v2,rage,anger,anger,false,13,m,random
B-rage-d1-v3,rage,anger,anger,false,13,m,random
B-rage-d1-v4,rage,anger,anger,false,13,m,random
B-rage-d2-v1,rage,anger,anger,false,13,m,random
B-rage-d2-v2,rage,anger,anger,false,13,m,random
B-rage-d2-v3,rage,anger,anger,false,13,m,random
B-rage-d2-v4,rage,anger,anger,false,13,m,random
B-rage-d3-v1,rage,anger,anger,false,13,m,random
B-rage-d3-v2,rage,fear,anger,true,13,m,random
B-rage-d3-v3,rage,anger,anger,false,13,m,random
B-rage-d3-v4,rage,anger,anger,false,13,m,random
B-terror-d1-v1,terror,fear,fear,false,13,m,random
B-terror-d1-v2,terror,fear,fear,false,13,m,random
B-terror-d1-v3,terror,fear,fear,false,13,m,random
B-terror-d1-v4,terror,fear,fear,false,13,m,random
B-terror-d2-v1,terror,fear,fear,false,13,m,random
B-terror-d2-v2,terror,fear,fear,false,13,m,random
B-terror-d2-v3,terror,fear,fear,false,13,m,random
B-terror-d2-v4,terror,fear,fear,false,13,m,random
B-terror-d3-v1,terror,fear,fear,false,13,m,random
B-terror-d3-v2,terror,fear,fear,false,13,m,random
B-terror-d3-v3,terror,fear,fear,false,13,m,random
B-terror-d3-v4,terror,fear,fear,false,13,m,random
B-vigilance-d1-v1,vigilance,fear,fear,false,13,m,random
B-vigilance-d1-v2,vigilance,fear,fear,false,13,m,random
B-vigilance-d1-v3,vigilance,fear,fear,false,13,m,random
B-vigilance-d1-v4,vigilance,concern,fear,true,13,m,random
B-vigilance-d2-v1,vigilance,fear,fear,false,13,m,random
B-vigilance-d2-v2,vigilance,anxiety,fear,true,13,m,random
B-vigilance-d2-v3,vigilance,anxiety,fear,true,13,m,random
B-vigilance-d2-v4,vigilance,fear,confusion,true,13,m,random
B-vigilance-d3-v1,vigilance,anticipation,anticipation,false,13,m,random
B-vigilance-d3-v2,vigilance,fear,fear,false,13,m,random
B-vigilance-d3-v3,vigilance,fear,fear,false,13,m,random
B-vigilance-d3-v4,vigilance,fear,fear,false,13,m,random
B-admiration-d1-v1,admiration,awe,awe,false,14,m,random
B-admiration-d1-v2,admiration,pride,pride,false,14,m,random
B-admiration-d1-v3,admiration,love,awe,true,14,m,random
B-admiration-d1-v4,admiration,awe,awe,false,14,m,random
B-admiration-d2-v1,admiration,guilt,guilt,false,14,m,random
B-admiration-d2-v2,admiration,sadness,sadness,false,14,m,random
B-admiration-d2-v3,admiration,guilt,guilt,false,14,m,random
B-admiration-d2-v4,admiration,pride,pride,false,14,m,random
B-admiration-d3-v1,admiration,pride,pride,false,14,m,random
B-admiration-d3-v2,admiration,relief,relief,false,14,m,random
B-admiration-d3-v3,admiration,determination,determination,false,14,m,random
B-admiration-d3-v4,admiration,empathy,empathy,false,14,m,random
B-amazement-d1-v1,amazement,awe,awe,false,14,m,random
B-amazement-d1-v2,amazement,awe,fear,true,14,m,random
B-amazement-d1-v3,amazement,awe,awe,false,14,m,random
B-amazement-d1-v4,amazement,fear,fear,false,14,m,random
B-amazement-d2-v1,amazement,relief,fear,true,14,m,random
B-amazement-d2-v2,amazement,awe,awe,false,14,m,random
B-amazement-d2-v3,amazement,compassion,surprise,true,14,m,random
B-amazement-d2-v4,amazement,relief,relief,false,14,m,random
B-amazement-d3-v1,amazement,surprise,surprise,false,14,m,random
B-amazement-d3-v2,amazement,surprise,surprise,false,14,m,random
B-amazement-d3-v3,amazement,surprise,surprise,false,14,m,random
B-amazement-d3-v4,amazement,surprise,surprise,false,14,m,random
B-ecstasy-d1-v1,ecstasy,joy,joy,false,14,m,random
B-ecstasy-d1-v2,ecstasy,fear,sadness,true,14,m,random
B-ecstasy-d1-v3,ecstasy,joy,joy,false,14,m,random
B-ecstasy-d1-v4,ecstasy,pride,pride,false,14,m,random
B-ecstasy-d2-v1,ecstasy,joy,joy,false,14,m,random
B-ecstasy-d2-v2,ecstasy,joy,joy,false,14,m,random
B-ecstasy-d2-v3,ecstasy,relief,joy,true,14,m,random
B-ecstasy-d2-v4,ecstasy,happiness,happiness,false,14,m,random
B-ecstasy-d3-v1,ecstasy,joy,joy,false,14,m,random
B-ecstasy-d3-v2,ecstasy,awe,awe,false,14,m,random
B-ecstasy-d3-v3,ecstasy,surprise,surprise,false,14,m,random
B-ecstasy-d3-v4,ecstasy,excitement,surprise,true,14,m,random
B-grief-d1-v1,grief,sadness,sadness,false,14,m,random
B-grief-d1-v2,grief,sadness,sadness,false,14,m,random
B-grief-d1-v3,grief,sadness,sadness,false,14,m,random
B-grief-d1-v4,grief,sadness,sadness,false,14,m,random
B-grief-d2-v1,grief,sadness,sadness,false,14,m,random
B-grief-d2-v2,grief,sadness,sadness,false,14,m,random
B-grief-d2-v3,grief,sadness,sadness,false,14,m,random
B-grief-d2-v4,grief,sadness,sadness,false,14,m,random
B-grief-d3-v1,grief,fear,sadness,true,14,m,random
B-grief-d3-v2,grief,sadness,sadness,false,14,m,random
B-grief-d3-v3,grief,sadness,sadness,false,14,m,random
B-grief-d3-v4,grief,sadness,sadness,false,14,m,random
B-loathing-d1-v1,loathing,disgust,disgust,false,14,m,random
B-loathing-d1-v2,loathing,anger,anger,false,14,m,random
B-loathing-d1-v3,loathing,anger,anger,false,14,m,random
B-loathing-d1-v4,loathing,anger,anger,false,14,m,random
B-loathing-d2-v1,loathing,disgust,disgust,false,14,m,random
B-loathing-d2-v2,loathing,disgust,disgust,false,14,m,random
B-loathing-d2-v3,loathing,fear,fear,false,14,m,random
B-loathing-d2-v4,loathing,disgust,disgust,false,14,m,random
B-loathing-d3-v1,loathing,anger,anger,false,14,m,random
B-loathing-d3-v2,loathing,disgust,anger,true,14,m,random
B-loathing-d3-v3,loathing,disgust,disgust,false,14,m,random
B-loathing-d3-v4,loathing,anger,anger,false,14,m,random
B-rage-d1-v1,rage,anger,anger,false,14,m,random
B-rage-d1-v2,rage,anger,anger,false,14,m,random
B-rage-d1-v3,rage,anger,anger,false,14,m,random
B-rage-d1-v4,rage,anger,anger,false,14,m,random
B-rage-d2-v1,rage,anger,anger,false,14,m,random
B-rage-d2-v2,rage,anger,anger,false,14,m,random
B-rage-d2-v3,rage,anger,anger,false,14,m,random
B-rage-d2-v4,rage,anger,fear,true,14,m,random
B-rage-d3-v1,rage,anger,anger,false,14,m,random
B-rage-d3-v2,rage,fear,fear,false,14,m,random
B-rage-d3-v3,rage,anger,anger,false,14,m,random
B-rage-d3-v4,rage,anger,anger,false,14,m,random
B-terror-d1-v1,terror,fear,fear,false,14,m,random
B-terror-d1-v2,terror,fear,fear,false,14,m,random
B-terror-d1-v3,terror,fear,fear,false,14,m,random
B-terror-d1-v4,terror,fear,fear,false,14,m,random
B-terror-d2-v1,terror,fear,fear,false,14,m,random
B-terror-d2-v2,terror,fear,fear,false,14,m,random
B-terror-d2-v3,terror,fear,fear,false,14,m,random
B-terror-d2-v4,terror,fear,fear,false,14,m,random
B-terror-d3-v1,terror,fear,fear,false,14,m,random
B-terror-d3-v2,terror,fear,fear,false,14,m,random
B-terror-d3-v3,terror,fear,fear,false,14,m,random
B-terror-d3-v4,terror,fear,fear,false,14,m,random
B-vigilance-d1-v1,vigilance,fear,fear,false,14,m,random
B-vigilance-d1-v2,vigilance,fear,fear,false,14,m,random
B-vigilance-d1-v3,vigilance,fear,fear,false,14,m,random
B-vigilance-d1-v4,vigilance,concern,concern,false,14,m,random
B-vigilance-d2-v1,vigilance,fear,fear,false,14,m,random
B-vigilance-d2-v2,vigilance,anxiety,fear,true,14,m,random
B-vigilance-d2-v3,vigilance,anxiety,anxiety,false,14,m,random
B-vigilance-d2-v4,vigilance,fear,confusion,true,14,m,random
B-vigilance-d3-v1,vigilance,anticipation,fear,true,14,m,random
B-vigilance-d3-v2,vigilance,fear,fear,false,14,m,random
B-vigilance-d3-v3,vigilance,fear,fear,false,14,m,random
B-vigilance-d3-v4,vigilance,fear,fear,false,14,m,random
B-admiration-d1-v1,admiration,awe,awe,false,15,m,random
B-admiration-d1-v2,admiration,pride,empathy,true,15,m,random
B-admiration-d1-v3,admiration,love,awe,true,15,m,random
B-admiration-d1-v4,admiration,awe,awe,false,15,m,random
B-admiration-d2-v1,admiration,guilt,guilt,false,15,m,random
B-admiration-d2-v2,admiration,sadness,sadness,false,15,m,random
B-admiration-d2-v3,admiration,guilt,guilt,false,15,m,random
B-admiration-d2-v4,admiration,pride,sadness,true,15,m,random
B-admiration-d3-v1,admiration,pride,pride,false,15,m,random
B-admiration-d3-v2,admiration,relief,pride,true,15,m,random
B-admiration-d3-v3,admiration,determination,determination,false,15,m,random
B-admiration-d3-v4,admiration,empathy,empathy,false,15,m,random
B-amazement-d1-v1,amazement,awe,awe,false,15,m,random
B-amazement-d1-v2,amazement,awe,awe,false,15,m,random
B-amazement-d1-v3,amazement,awe,awe,false,15,m,random
B-amazement-d1-v4,amazement,fear,fear,false,15,m,random
B-amazement-d2-v1,amazement,relief,fear,true,15,m,random
B-amazement-d2-v2,amazement,awe,awe,false,15,m,random
B-amazement-d2-v3,amazement,compassion,compassion,false,15,m,random
B-amazement-d2-v4,amazement,relief,relief,false,15,m,random
B-amazement-d3-v1,amazement,surprise,surprise,false,15,m,random
B-amazement-d3-v2,amazement,surprise,excitement,true,15,m,random
B-amazement-d3-v3,amazement,surprise,relief,true,15,m,random
B-amazement-d3-v4,amazement,surprise,surprise,false,15,m,random
B-ecstasy-d1-v1,ecstasy,joy,joy,false,15,m,random
B-ecstasy-d1-v2,ecstasy,fear,sadness,true,15,m,random
B-ecstasy-d1-v3,ecstasy,joy,pride,true,15,m,random
B-ecstasy-d1-v4,ecstasy,pride,pride,false,15,m,random
B-ecstasy-d2-v1,ecstasy,joy,joy,false,15,m,random
B-ecstasy-d2-v2,ecstasy,joy,hope,true,15,m,random
B-ecstasy-d2-v3,ecstasy,relief,sadness,true,15,m,random
B-ecstasy-d2-v4,ecstasy,happiness,happiness,false,15,m,random
B-ecstasy-d3-v1,ecstasy,joy,joy,false,15,m,random
B-ecstasy-d3-v2,ecstasy,awe,awe,false,15,m,random
B-ecstasy-d3-v3,ecstasy,surprise,surprise,false,15,m,random
B-ecstasy-d3-v4,ecstasy,excitement,excitement,false,15,m,random
B-grief-d1-v1,grief,sadness,sadness,false,15,m,random
B-grief-d1-v2,grief,sadness,sadness,false,15,m,random
B-grief-d1-v3,grief,sadness,sadness,false,15,m,random
B-grief-d1-v4,grief,sadness,sadness,false,15,m,random
B-grief-d2-v1,grief,sadness,sadness,false,15,m,random
B-grief-d2-v2,grief,sadness,sadness,false,15,m,random
B-grief-d2-v3,grief,sadness,sadness,false,15,m,random
B-grief-d2-v4,grief,sadness,sadness,false,15,m,random
B-grief-d3-v1,grief,fear,sadness,true,15,m,random
B-grief-d3-v2,grief,sadness,sadness,false,15,m,random
B-grief-d3-v3,grief,sadness,sadness,false,15,m,random
B-grief-d3-v4,grief,sadness,sadness,false,15,m,random
B-loathing-d1-v1,loathing,disgust,anger,true,15,m,random
B-loathing-d1-v2,loathing,anger,anger,false,15,m,random
B-loathing-d1-v3,loathing,anger,anger,false,15,m,random
B-loathing-d1-v4,loathing,anger,anger,false,15,m,random
B-loathing-d2-v1,loathing,disgust,disgust,false,15,m,random
B-loathing-d2-v2,loathing,disgust,disgust,false,15,m,random
B-loathing-d2-v3,loathing,fear,fear,false,15,m,random
B-loathing-d2-v4,loathing,disgust,disgust,false,15,m,random
B-loathing-d3-v1,loathing,anger,anger,false,15,m,random
B-loathing-d3-v2,loathing,disgust,anger,true,15,m,random
B-loathing-d3-v3,loathing,disgust,disgust,false,15,m,random
B-loathing-d3-v4,loathing,anger,anger,false,15,m,random
B-rage-d1-v1,rage,anger,anger,false,15,m,random
B-rage-d1-v2,rage,anger,anger,false,15,m,random
B-rage-d1-v3,rage,anger,anger,false,15,m,random
B-rage-d1-v4,rage,anger,anger,false,15,m,random
B-rage-d2-v1,rage,anger,anger,false,15,m,random
B-rage-d2-v2,rage,anger,anger,false,15,m,random
B-rage-d2-v3,rage,anger,anger,false,15,m,random
B-rage-d2-v4,rage,anger,anger,false,15,m,random
B-rage-d3-v1,rage,anger,anger,false,15,m,random
B-rage-d3-v2,rage,fear,fear,false,15,m,random
B-rage-d3-v3,rage,anger,anger,false,15,m,random
B-rage-d3-v4,rage,anger,anger,false,15,m,random
B-terror-d1-v1,terror,fear,fear,false,15,m,random
B-terror-d1-v2,terror,fear,fear,false,15,m,random
B-terror-d1-v3,terror,fear,fear,false,15,m,random
B-terror-d1-v4,terror,fear,fear,false,15,m,random
B-terror-d2-v1,terror,fear,fear,false,15,m,random
B-terror-d2-v2,terror,fear,fear,false,15,m,random
B-terror-d2-v3,terror,fear,fear,false,15,m,random
B-terror-d2-v4,terror,fear,fear,false,15,m,random
B-terror-d3-v1,terror,fear,fear,false,15,m,random
B-terror-d3-v2,terror,fear,fear,false,15,m,random
B-terror-d3-v3,terror,fear,fear,false,15,m,random
B-terror-d3-v4,terror,fear,fear,false,15,m,random
B-vigilance-d1-v1,vigilance,fear,fear,false,15,m,random
B-vigilance-d1-v2,vigilance,fear,fear,false,15,m,random
B-vigilance-d1-v3,vigilance,fear,fear,false,15,m,random
B-vigilance-d1-v4,vigilance,concern,fear,true,15,m,random
B-vigilance-d2-v1,vigilance,fear,fear,false,15,m,random
B-vigilance-d2-v2,vigilance,anxiety,anticipation,true,15,m,random
B-vigilance-d2-v3,vigilance,anxiety,anxiety,false,15,m,random
B-vigilance-d2-v4,vigilance,fear,concentration,true,15,m,random
B-vigilance-d3-v1,vigilance,anticipation,fear,true,15,m,random
B-vigilance-d3-v2,vigilance,fear,fear,false,15,m,random
B-vigilance-d3-v3,vigilance,fear,fear,false,15,m,random
B-vigilance-d3-v4,vigilance,fear,fear,false,15,m,random
B-admiration-d1-v1,admiration,awe,awe,false,16,m,random
B-admiration-d1-v2,admiration,pride,pride,false,16,m,random
B-admiration-d1-v3,admiration,love,awe,true,16,m,random
B-admiration-d1-v4,admiration,awe,awe,false,16,m,random
B-admiration-d2-v1,admiration,guilt,guilt,false,16,m,random
B-admiration-d2-v2,admiration,sadness,love,true,16,m,random
B-admiration-d2-v3,admiration,guilt,guilt,false,16,m,random
B-admiration-d2-v4,admiration,pride,loyalty,true,16,m,random
B-admiration-d3-v1,admiration,pride,pride,false,16,m,random
B-admiration-d3-v2,admiration,relief,relief,false,16,m,random
B-admiration-d3-v3,admiration,determination,pride,true,16,m,random
B-admiration-d3-v4,admiration,empathy,empathy,false,16,m,random
B-amazement-d1-v1,amazement,awe,awe,false,16,m,random
B-amazement-d1-v2,amazement,awe,awe,false,16,m,random
B-amazement-d1-v3,amazement,awe,awe,false,16,m,random
B-amazement-d1-v4,amazement,fear,fear,false,16,m,random
B-amazement-d2-v1,amazement,relief,relief,false,16,m,random
B-amazement-d2-v2,amazement,awe,awe,false,16,m,random
B-amazement-d2-v3,amazement,compassion,gratitude,true,16,m,random
B-amazement-d2-v4,amazement,relief,relief,false,16,m,random
B-amazement-d3-v1,amazement,surprise,joy,true,16,m,random
B-amazement-d3-v2,amazement,surprise,surprise,false,16,m,random
B-amazement-d3-v3,amazement,surprise,relief,true,16,m,random
B-amazement-d3-v4,amazement,surprise,surprise,false,16,m,random
B-ecstasy-d1-v1,ecstasy,joy,joy,false,16,m,random
B-ecstasy-d1-v2,ecstasy,fear,sadness,true,16,m,random
B-ecstasy-d1-v3,ecstasy,joy,joy,false,16,m,random
B-ecstasy-d1-v4,ecstasy,pride,pride,false,16,m,random
B-ecstasy-d2-v1,ecstasy,joy,joy,false,16,m,random
B-ecstasy-d2-v2,ecstasy,joy,relief,true,16,m,random
B-ecstasy-d2-v3,ecstasy,relief,relief,false,16,m,random
B-ecstasy-d2-v4,ecstasy,happiness,joy,true,16,m,random
B-ecstasy-d3-v1,ecstasy,joy,joy,false,16,m,random
B-ecstasy-d3-v2,ecstasy,awe,awe,false,16,m,random
B-ecstasy-d3-v3,ecstasy,surprise,excitement,true,16,m,random
B-ecstasy-d3-v4,ecstasy,excitement,excitement,false,16,m,random
B-grief-d1-v1,grief,sadness,sadness,false,16,m,random
B-grief-d1-v2,grief,sadness,sadness,false,16,m,random
B-grief-d1-v3,grief,sadness,sadness,false,16,m,random
B-grief-d1-v4,grief,sadness,sadness,false,16,m,random
B-grief-d2-v1,grief,sadness,sadness,false,16,m,random
B-grief-d2-v2,grief,sadness,sadness,false,16,m,random
B-grief-d2-v3,grief,sadness,sadness,false,16,m,random
B-grief-d2-v4,grief,sadness,sadness,false,16,m,random
B-grief-d3-v1,grief,fear,fear,false,16,m,random
B-grief-d3-v2,grief,sadness,sadness,false,16,m,random
B-grief-d3-v3,grief,sadness,sadness,false,16,m,random
B-grief-d3-v4,grief,sadness,sadness,false,16,m,random
B-loathing-d1-v1,loathing,disgust,disgust,false,16,m,random
B-loathing-d1-v2,loathing,anger,anger,false,16,m,random
B-loathing-d1-v3,loathing,anger,anger,false,16,m,random
B-loathing-d1-v4,loathing,anger,anger,false,16,m,random
B-loathing-d2-v1,loathing,disgust,disgust,false,16,m,random
B-loathing-d2-v2,loathing,disgust,disgust,false,16,m,random
B-loathing-d2-v3,loathing,fear,disgust,true,16,m,random
B-loathing-d2-v4,loathing,disgust,disgust,false,16,m,random
B-loathing-d3-v1,loathing,anger,anger,false,16,m,random
B-loathing-d3-v2,loathing,disgust,anger,true,16,m,random
B-loathing-d3-v3,loathing,disgust,anger,true,16,m,random
B-loathing-d3-v4,loathing,anger,anger,false,16,m,random
B-rage-d1-v1,rage,anger,anger,false,16,m,random
B-rage-d1-v2,rage,anger,anger,false,16,m,random
B-rage-d1-v3,rage,anger,anger,false,16,m,random
B-rage-d1-v4,rage,anger,anger,false,16,m,random
B-rage-d2-v1,rage,anger,relief,true,16,m,random
B-rage-d2-v2,rage,anger,anger,false,16,m,random
B-rage-d2-v3,rage,anger,anger,false,16,m,random
B-rage-d2-v4,rage,anger,anger,false,16,m,random
B-rage-d3-v1,rage,anger,anger,false,16,m,random
B-rage-d3-v2,rage,fear,fear,false,16,m,random
B-rage-d3-v3,rage,anger,anger,false,16,m,random
B-rage-d3-v4,rage,anger,anger,false,16,m,random
B-terror-d1-v1,terror,fear,fear,false,16,m,random
B-terror-d1-v2,terror,fear,fear,false,16,m,random
B-terror-d1-v3,terror,fear,fear,false,16,m,random
B-terror-d1-v4,terror,fear,fear,false,16,m,random
B-terror-d2-v1,terror,fear,fear,false,16,m,random
B-terror-d2-v2,terror,fear,fear,false,16,m,random
B-terror-d2-v3,terror,fear,fear,false,16,m,random
B-terror-d2-v4,terror,fear,fear,false,16,m,random
B-terror-d3-v1,terror,fear,fear,false,16,m,random
B-terror-d3-v2,terror,fear,fear,false,16,m,random
B-terror-d3-v3,terror,fear,fear,false,16,m,random
B-terror-d3-v4,terror,fear,fear,false,16,m,random
B-vigilance-d1-v1,vigilance,fear,anxiety,true,16,m,random
B-vigilance-d1-v2,vigilance,fear,fear,false,16,m,random
B-vigilance-d1-v3,vigilance,fear,fear,false,16,m,random
B-vigilance-d1-v4,vigilance,concern,concern,false,16,m,random
B-vigilance-d2-v1,vigilance,fear,fear,false,16,m,random
B-vigilance-d2-v2,vigilance,anxiety,anticipation,true,16,m,random
B-vigilance-d2-v3,vigilance,anxiety,anxiety,false,16,m,random
B-vigilance-d2-v4,vigilance,fear,concentration,true,16,m,random
B-vigilance-d3-v1,vigilance,anticipation,anticipation,false,16,m,random
B-vigilance-d3-v2,vigilance,fear,fear,false,16,m,random
B-vigilance-d3-v3,vigilance,fear,fear,false,16,m,random
B-vigilance-d3-v4,vigilance,fear,fear,false,16,m,random
B-admiration-d1-v1,admiration,awe,awe,false,17,m,random
B-admiration-d1-v2,admiration,pride,empathy,true,17,m,random
B-admiration-d1-v3,admiration,love,love,false,17,m,random
B-admiration-d1-v4,admiration,awe,awe,false,17,m,random
B-admiration-d2-v1,admiration,guilt,altru,true,17,m,random
B-admiration-d2-v2,admiration,sadness,sadness,false,17,m,random
B-admiration-d2-v3,admiration,guilt,guilt,false,17,m,random
B-admiration-d2-v4,admiration,pride,loyalty,true,17,m,random
B-admiration-d3-v1,admiration,pride,pride,false,17,m,random
B-admiration-d3-v2,admiration,relief,joy,true,17,m,random
B-admiration-d3-v3,admiration,determination,determination,false,17,m,random
B-admiration-d3-v4,admiration,empathy,love,true,17,m,random
B-amazement-d1-v1,amazement,awe,awe,false,17,m,random
B-amazement-d1-v2,amazement,awe,awe,false,17,m,random
B-amazement-d1-v3,amazement,awe,awe,false,17,m,random
B-amazement-d1-v4,amazement,fear,fear,false,17,m,random
B-amazement-d2-v1,amazement,relief,compassion,true,17,m,random
B-amazement-d2-v2,amazement,awe,awe,false,17,m,random
B-amazement-d2-v3,amazement,compassion,compassion,false,17,m,random
B-amazement-d2-v4,amazement,relief,hope,true,17,m,random
B-amazement-d3-v1,amazement,surprise,joy,true,17,m,random
B-amazement-d3-v2,amazement,surprise,excitement,true,17,m,random
B-amazement-d3-v3,amazement,surprise,joy,true,17,m,random
B-amazement-d3-v4,amazement,surprise,surprise,false,17,m,random
B-ecstasy-d1-v1,ecstasy,joy,joy,false,17,m,random
B-ecstasy-d1-v2,ecstasy,fear,fear,false,17,m,random
B-ecstasy-d1-v3,ecstasy,joy,joy,false,17,m,random
B-ecstasy-d1-v4,ecstasy,pride,joy,true,17,m,random
B-ecstasy-d2-v1,ecstasy,joy,joy,false,17,m,random
B-ecstasy-d2-v2,ecstasy,joy,joy,false,17,m,random
B-ecstasy-d2-v3,ecstasy,relief,joy,true,17,m,random
B-ecstasy-d2-v4,ecstasy,happiness,joy,true,17,m,random
B-ecstasy-d3-v1,ecstasy,joy,joy,false,17,m,random
B-ecstasy-d3-v2,ecstasy,awe,awe,false,17,m,random
B-ecstasy-d3-v3,ecstasy,surprise,surprise,false,17,m,random
B-ecstasy-d3-v4,ecstasy,excitement,excitement,false,17,m,random
B-grief-d1-v1,grief,sadness,sadness,false,17,m,random
B-grief-d1-v2,grief,sadness,sadness,false,17,m,random
B-grief-d1-v3,grief,sadness,sadness,false,17,m,random
B-grief-d1-v4,grief,sadness,sadness,false,17,m,random
B-grief-d2-v1,grief,sadness,sadness,false,17,m,random
B-grief-d2-v2,grief,sadness,sadness,false,17,m,random
B-grief-d2-v3,grief,sadness,sadness,false,17,m,random
B-grief-d2-v4,grief,sadness,sadness,false,17,m,random
B-grief-d3-v1,grief,fear,anger,true,17,m,random
B-grief-d3-v2,grief,sadness,sadness,false,17,m,random
B-grief-d3-v3,grief,sadness,sadness,false,17,m,random
B-grief-d3-v4,grief,sadness,sadness,false,17,m,random
B-loathing-d1-v1,loathing,disgust,disgust,false,17,m,random
B-loathing-d1-v2,loathing,anger,anger,false,17,m,random
B-loathing-d1-v3,loathing,anger,anger,false,17,m,random
B-loathing-d1-v4,loathing,anger,anger,false,17,m,random
B-loathing-d2-v1,loathing,disgust,disgust,false,17,m,random
B-loathing-d2-v2,loathing,disgust,disgust,false,17,m,random
B-loathing-d2-v3,loathing,fear,disgust,true,17,m,random
B-loathing-d2-v4,loathing,disgust,disgust,false,17,m,random
B-loathing-d3-v1,loathing,anger,anger,false,17,m,random
B-loathing-d3-v2,loathing,disgust,anger,true,17,m,random
B-loathing-d3-v3,loathing,disgust,anger,true,17,m,random
B-loathing-d3-v4,loathing,anger,anger,false,17,m,random
B-rage-d1-v1,rage,anger,anger,false,17,m,random
B-rage-d1-v2,rage,anger,anger,false,17,m,random
B-rage-d1-v3,rage,anger,anger,false,17,m,random
B-rage-d1-v4,rage,anger,anger,false,17,m,random
B-rage-d2-v1,rage,anger,anger,false,17,m,random
B-rage-d2-v2,rage,anger,anger,false,17,m,random
B-rage-d2-v3,rage,anger,anger,false,17,m,random
B-rage-d2-v4,rage,anger,fear,true,17,m,random
B-rage-d3-v1,rage,anger,anger,false,17,m,random
B-rage-d3-v2,rage,fear,fear,false,17,m,random
B-rage-d3-v3,rage,anger,anger,false,17,m,random
B-rage-d3-v4,rage,anger,anger,false,17,m,random
B-terror-d1-v1,terror,fear,fear,false,17,m,random
B-terror-d1-v2,terror,fear,fear,false,17,m,random
B-terror-d1-v3,terror,fear,fear,false,17,m,random
B-terror-d1-v4,terror,fear,fear,false,17,m,random
B-terror-d2-v1,terror,fear,fear,false,17,m,random
B-terror-d2-v2,terror,fear,fear,false,17,m,random
B-terror-d2-v3,terror,fear,fear,false,17,m,random
B-terror-d2-v4,terror,fear,fear,false,17,m,random
B-terror-d3-v1,terror,fear,fear,false,17,m,random
B-terror-d3-v2,terror,fear,fear,false,17,m,random
B-terror-d3-v3,terror,fear,fear,false,17,m,random
B-terror-d3-v4,terror,fear,fear,false,17,m,random
B-vigilance-d1-v1,vigilance,fear,fear,false,17,m,random
B-vigilance-d1-v2,vigilance,fear,fear,false,17,m,random
B-vigilance-d1-v3,vigilance,fear,anxiety,true,17,m,random
B-vigilance-d1-v4,vigilance,concern,fear,true,17,m,random
B-vigilance-d2-v1,vigilance,fear,fear,false,17,m,random
B-vigilance-d2-v2,vigilance,anxiety,tension,true,17,m,random
B-vigilance-d2-v3,vigilance,anxiety,anxiety,false,17,m,random
B-vigilance-d2-v4,vigilance,fear,fear,false,17,m,random
B-vigilance-d3-v1,vigilance,anticipation,anticipation,false,17,m,random
B-vigilance-d3-v2,vigilance,fear,anxiety,true,17,m,random
B-vigilance-d3-v3,vigilance,fear,fear,false,17,m,random
B-vigilance-d3-v4,vigilance,fear,fear,false,17,m,random
B-admiration-d1-v1,admiration,awe,awe,false,18,m,random
B-admiration-d1-v2,admiration,pride,empathy,true,18,m,random
B-admiration-d1-v3,admiration,love,love,false,18,m,random
B-admiration-d1-v4,admiration,awe,awe,false,18,m,random
B-admiration-d2-v1,admiration,guilt,guilt,false,18,m,random
B-admiration-d2-v2,admiration,sadness,sadness,false,18,m,random
B-admiration-d2-v3,admiration,guilt,guilt,false,18,m,random
B-admiration-d2-v4,admiration,pride,sadness,true,18,m,random
B-admiration-d3-v1,admiration,pride,pride,false,18,m,random
B-admiration-d3-v2,admiration,relief,joy,true,18,m,random
B-admiration-d3-v3,admiration,determination,pride,true,18,m,random
B-admiration-d3-v4,admiration,empathy,empathy,false,18,m,random
B-amazement-d1-v1,amazement,awe,awe,false,18,m,random
B-amazement-d1-v2,amazement,awe,awe,false,18,m,random
B-amazement-d1-v3,amazement,awe,awe,false,18,m,random
B-amazement-d1-v4,amazement,fear,fear,false,18,m,random
B-amazement-d2-v1,amazement,relief,fear,true,18,m,random
B-amazement-d2-v2,amazement,awe,joy,true,18,m,random
B-amazement-d2-v3,amazement,compassion,love,true,18,m,random
B-amazement-d2-v4,amazement,relief,hope,true,18,m,random
B-amazement-d3-v1,amazement,surprise,surprise,false,18,m,random
B-amazement-d3-v2,amazement,surprise,surprise,false,18,m,random
B-amazement-d3-v3,amazement,surprise,surprise,false,18,m,random
B-amazement-d3-v4,amazement,surprise,surprise,false,18,m,random
B-ecstasy-d1-v1,ecstasy,joy,joy,false,18,m,random
B-ecstasy-d1-v2,ecstasy,fear,fear,false,18,m,random
B-ecstasy-d1-v3,ecstasy,joy,joy,false,18,m,random
B-ecstasy-d1-v4,ecstasy,pride,joy,true,18,m,random
B-ecstasy-d2-v1,ecstasy,joy,joy,false,18,m,random
B-ecstasy-d2-v2,ecstasy,joy,joy,false,18,m,random
B-ecstasy-d2-v3,ecstasy,relief,joy,true,18,m,random
B-ecstasy-d2-v4,ecstasy,happiness,joy,true,18,m,random
B-ecstasy-d3-v1,ecstasy,joy,joy,false,18,m,random
B-ecstasy-d3-v2,ecstasy,awe,awe,false,18,m,random
B-ecstasy-d3-v3,ecstasy,surprise,excitement,true,18,m,random
B-ecstasy-d3-v4,ecstasy,excitement,surprise,true,18,m,random
B-grief-d1-v1,grief,sadness,sadness,false,18,m,random
B-grief-d1-v2,grief,sadness,sadness,false,18,m,random
B-grief-d1-v3,grief,sadness,sadness,false,18,m,random
B-grief-d1-v4,grief,sadness,sadness,false,18,m,random
B-grief-d2-v1,grief,sadness,sadness,false,18,m,random
B-grief-d2-v2,grief,sadness,sadness,false,18,m,random
B-grief-d2-v3,grief,sadness,sadness,false,18,m,random
B-grief-d2-v4,grief,sadness,sadness,false,18,m,random
B-grief-d3-v1,grief,fear,anger,true,18,m,random
B-grief-d3-v2,grief,sadness,sadness,false,18,m,random
B-grief-d3-v3,grief,sadness,sadness,false,18,m,random
B-grief-d3-v4,grief,sadness,sadness,false,18,m,random
B-loathing-d1-v1,loathing,disgust,disgust,false,18,m,random
B-loathing-d1-v2,loathing,anger,anger,false,18,m,random
B-loathing-d1-v3,loathing,anger,anger,false,18,m,random
B-loathing-d1-v4,loathing,anger,anger,false,18,m,random
B-loathing-d2-v1,loathing,disgust,disgust,false,18,m,random
B-loathing-d2-v2,loathing,disgust,disgust,false,18,m,random
B-loathing-d2-v3,loathing,fear,disgust,true,18,m,random
B-loathing-d2-v4,loathing,disgust,disgust,false,18,m,random
B-loathing-d3-v1,loathing,anger,anger,false,18,m,random
B-loathing-d3-v2,loathing,disgust,anger,true,18,m,random
B-loathing-d3-v3,loathing,disgust,disgust,false,18,m,random
B-loathing-d3-v4,loathing,anger,anger,false,18,m,random
B-rage-d1-v1,rage,anger,anger,false,18,m,random
B-rage-d1-v2,rage,anger,anger,false,18,m,random
B-rage-d1-v3,rage,anger,anger,false,18,m,random
B-rage-d1-v4,rage,anger,anger,false,18,m,random
B-rage-d2-v1,rage,anger,anger,false,18,m,random
B-rage-d2-v2,rage,anger,anger,false,18,m,random
B-rage-d2-v3,rage,anger,anger,false,18,m,random
B-rage-d2-v4,rage,anger,anger,false,18,m,random
B-rage-d3-v1,rage,anger,anger,false,18,m,random
B-rage-d3-v2,rage,fear,fear,false,18,m,random
B-rage-d3-v3,rage,anger,anger,false,18,m,random
B-rage-d3-v4,rage,anger,anger,false,18,m,random
B-terror-d1-v1,terror,fear,fear,false,18,m,random
B-terror-d1-v2,terror,fear,fear,false,18,m,random
B-terror-d1-v3,terror,fear,fear,false,18,m,random
B-terror-d1-v4,terror,fear,fear,false,18,m,random
B-terror-d2-v1,terror,fear,fear,false,18,m,random
B-terror-d2-v2,terror,fear,fear,false,18,m,random
B-terror-d2-v3,terror,fear,fear,false,18,m,random
B-terror-d2-v4,terror,fear,fear,false,18,m,random
B-terror-d3-v1,terror,fear,fear,false,18,m,random
B-terror-d3-v2,terror,fear,fear,false,18,m,random
B-terror-d3-v3,terror,fear,fear,false,18,m,random
B-terror-d3-v4,terror,fear,fear,false,18,m,random
B-vigilance-d1-v1,vigilance,fear,fear,false,18,m,random
B-vigilance-d1-v2,vigilance,fear,fear,false,18,m,random
B-vigilance-d1-v3,vigilance,fear,fear,false,18,m,random
B-vigilance-d1-v4,vigilance,concern,concern,false,18,m,random
B-vigilance-d2-v1,vigilance,fear,fear,false,18,m,random
B-vigilance-d2-v2,vigilance,anxiety,fear,true,18,m,random
B-vigilance-d2-v3,vigilance,anxiety,anxiety,false,18,m,random
B-vigilance-d2-v4,vigilance,fear,fear,false,18,m,random
B-vigilance-d3-v1,vigilance,anticipation,fear,true,18,m,random
B-vigilance-d3-v2,vigilance,fear,fear,false,18,m,random
B-vigilance-d3-v3,vigilance,fear,fear,false,18,m,random
B-vigilance-d3-v4,vigilance,fear,fear,false,18,m,random
B-admiration-d1-v1,admiration,awe,awe,false,19,m,random
B-admiration-d1-v2,admiration,pride,pride,false,19,m,random
B-admiration-d1-v3,admiration,love,pride,true,19,m,random
B-admiration-d1-v4,admiration,awe,awe,false,19,m,random
B-admiration-d2-v1,admiration,guilt,guilt,false,19,m,random
B-admiration-d2-v2,admiration,sadness,sadness,false,19,m,random
B-admiration-d2-v3,admiration,guilt,guilt,false,19,m,random
B-admiration-d2-v4,admiration,pride,compassion,true,19,m,random
B-admiration-d3-v1,admiration,pride,pride,false,19,m,random
B-admiration-d3-v2,admiration,relief,hope,true,19,m,random
B-admiration-d3-v3,admiration,determination,determination,false,19,m,random
B-admiration-d3-v4,admiration,empathy,empathy,false,19,m,random
B-amazement-d1-v1,amazement,awe,awe,false,19,m,random
B-amazement-d1-v2,amazement,awe,awe,false,19,m,random
B-amazement-d1-v3,amazement,awe,awe,false,19,m,random
B-amazement-d1-v4,amazement,fear,fear,false,19,m,random
B-amazement-d2-v1,amazement,relief,fear,true,19,m,random
B-amazement-d2-v2,amazement,awe,awe,false,19,m,random
B-amazement-d2-v3,amazement,compassion,compassion,false,19,m,random
B-amazement-d2-v4,amazement,relief,relief,false,19,m,random
B-amazement-d3-v1,amazement,surprise,joy,true,19,m,random
B-amazement-d3-v2,amazement,surprise,surprise,false,19,m,random
B-amazement-d3-v3,amazement,surprise,relief,true,19,m,random
B-amazement-d3-v4,amazement,surprise,surprise,false,19,m,random
B-ecstasy-d1-v1,ecstasy,joy,joy,false,19,m,random
B-ecstasy-d1-v2,ecstasy,fear,fear,false,19,m,random
B-ecstasy-d1-v3,ecstasy,joy,pride,true,19,m,random
B-ecstasy-d1-v4,ecstasy,pride,pride,false,19,m,random
B-ecstasy-d2-v1,ecstasy,joy,happiness,true,19,m,random
B-ecstasy-d2-v2,ecstasy,joy,joy,false,19,m,random
B-ecstasy-d2-v3,ecstasy,relief,joy,true,19,m,random
B-ecstasy-d2-v4,ecstasy,happiness,happiness,false,19,m,random
B-ecstasy-d3-v1,ecstasy,joy,joy,false,19,m,random
B-ecstasy-d3-v2,ecstasy,awe,awe,false,19,m,random
B-ecstasy-d3-v3,ecstasy,surprise,excitement,true,19,m,random
B-ecstasy-d3-v4,ecstasy,excitement,excitement,false,19,m,random
B-grief-d1-v1,grief,sadness,sadness,false,19,m,random
B-grief-d1-v2,grief,sadness,sadness,false,19,m,random
B-grief-d1-v3,grief,sadness,sadness,false,19,m,random
B-grief-d1-v4,grief,sadness,sadness,false,19,m,random
B-grief-d2-v1,grief,sadness,sadness,false,19,m,random
B-grief-d2-v2,grief,sadness,sadness,false,19,m,random
B-grief-d2-v3,grief,sadness,sadness,false,19,m,random
B-grief-d2-v4,grief,sadness,sadness,false,19,m,random
B-grief-d3-v1,grief,fear,fear,false,19,m,random
B-grief-d3-v2,grief,sadness,sadness,false,19,m,random
B-grief-d3-v3,grief,sadness,sadness,false,19,m,random
B-grief-d3-v4,grief,sadness,sadness,false,19,m,random
B-loathing-d1-v1,loathing,disgust,anger,true,19,m,random
B-loathing-d1-v2,loathing,anger,anger,false,19,m,random
B-loathing-d1-v3,loathing,anger,anger,false,19,m,random
B-loathing-d1-v4,loathing,anger,anger,false,19,m,random
B-loathing-d2-v1,loathing,disgust,disgust,false,19,m,random
B-loathing-d2-v2,loathing,disgust,disgust,false,19,m,random
B-loathing-d2-v3,loathing,fear,fear,false,19,m,random
B-loathing-d2-v4,loathing,disgust,disgust,false,19,m,random
B-loathing-d3-v1,loathing,anger,anger,false,19,m,random
B-loathing-d3-v2,loathing,disgust,anger,true,19,m,random
B-loathing-d3-v3,loathing,disgust,irony,true,19,m,random
B-loathing-d3-v4,loathing,anger,anger,false,19,m,random
B-rage-d1-v1,rage,anger,anger,false,19,m,random
B-rage-d1-v2,rage,anger,anger,false,19,m,random
B-rage-d1-v3,rage,anger,anger,false,19,m,random
B-rage-d1-v4,rage,anger,anger,false,19,m,random
B-rage-d2-v1,rage,anger,anger,false,19,m,random
B-rage-d2-v2,rage,anger,anger,false,19,m,random
B-rage-d2-v3,rage,anger,anger,false,19,m,random
B-rage-d2-v4,rage,anger,anger,false,19,m,random
B-rage-d3-v1,rage,anger,anger,false,19,m,random
B-rage-d3-v2,rage,fear,anger,true,19,m,random
B-rage-d3-v3,rage,anger,anger,false,19,m,random
B-rage-d3-v4,rage,anger,anger,false,19,m,random
B-terror-d1-v1,terror,fear,fear,false,19,m,random
B-terror-d1-v2,terror,fear,fear,false,19,m,random
B-terror-d1-v3,terror,fear,fear,false,19,m,random
B-terror-d1-v4,terror,fear,fear,false,19,m,random
B-terror-d2-v1,terror,fear,fear,false,19,m,random
B-terror-d2-v2,terror,fear,fear,false,19,m,random
B-terror-d2-v3,terror,fear,fear,false,19,m,random
B-terror-d2-v4,terror,fear,fear,false,19,m,random
B-terror-d3-v1,terror,fear,fear,false,19,m,random
B-terror-d3-v2,terror,fear,fear,false,19,m,random
B-terror-d3-v3,terror,fear,fear,false,19,m,random
B-terror-d3-v4,terror,fear,fear,false,19,m,random
B-vigilance-d1-v1,vigilance,fear,fear,false,19,m,random
B-vigilance-d1-v2,vigilance,fear,fear,false,19,m,random
B-vigilance-d1-v3,vigilance,fear,anxiety,true,19,m,random
B-vigilance-d1-v4,vigilance,concern,concern,false,19,m,random
B-vigilance-d2-v1,vigilance,fear,fear,false,19,m,random
B-vigilance-d2-v2,vigilance,anxiety,tension,true,19,m,random
B-vigilance-d2-v3,vigilance,anxiety,anxiety,false,19,m,random
B-vigilance-d2-v4,vigilance,fear,anxiety,true,19,m,random
B-vigilance-d3-v1,vigilance,anticipation,anxiety,true,19,m,random
B-vigilance-d3-v2,vigilance,fear,fear,false,19,m,random
B-vigilance-d3-v3,vigilance,fear,fear,false,19,m,random
B-vigilance-d3-v4,vigilance,fear,fear,false,19,m,random
B-admiration-d1-v1,admiration,awe,awe,false,20,m,random
B-admiration-d1-v2,admiration,pride,empathy,true,20,m,random
B-admiration-d1-v3,admiration,love,love,false,20,m,random
B-admiration-d1-v4,admiration,awe,awe,false,20,m,random
B-admiration-d2-v1,admiration,guilt,empathy,true,20,m,random
B-admiration-d2-v2,admiration,sadness,sadness,false,20,m,random
B-admiration-d2-v3,admiration,guilt,regret,true,20,m,random
B-admiration-d2-v4,admiration,pride,compassion,true,20,m,random
B-admiration-d3-v1,admiration,pride,pride,false,20,m,random
B-admiration-d3-v2,admiration,relief,relief,false,20,m,random
B-admiration-d3-v3,admiration,determination,determination,false,20,m,random
B-admiration-d3-v4,admiration,empathy,empathy,false,20,m,random
B-amazement-d1-v1,amazement,awe,awe,false,20,m,random
B-amazement-d1-v2,amazement,awe,awe,false,20,m,random
B-amazement-d1-v3,amazement,awe,awe,false,20,m,random
B-amazement-d1-v4,amazement,fear,fear,false,20,m,random
B-amazement-d2-v1,amazement,relief,relief,false,20,m,random
B-amazement-d2-v2,amazement,awe,awe,false,20,m,random
B-amazement-d2-v3,amazement,compassion,gratitude,true,20,m,random
B-amazement-d2-v4,amazement,relief,relief,false,20,m,random
B-amazement-d3-v1,amazement,surprise,surprise,false,20,m,random
B-amazement-d3-v2,amazement,surprise,excitement,true,20,m,random
B-amazement-d3-v3,amazement,surprise,relief,true,20,m,random
B-amazement-d3-v4,amazement,surprise,surprise,false,20,m,random
B-ecstasy-d1-v1,ecstasy,joy,joy,false,20,m,random
B-ecstasy-d1-v2,ecstasy,fear,fear,false,20,m,random
B-ecstasy-d1-v3,ecstasy,joy,joy,false,20,m,random
B-ecstasy-d1-v4,ecstasy,pride,pride,false,20,m,random
B-ecstasy-d2-v1,ecstasy,joy,joy,false,20,m,random
B-ecstasy-d2-v2,ecstasy,joy,relief,true,20,m,random
B-ecstasy-d2-v3,ecstasy,relief,relief,false,20,m,random
B-ecstasy-d2-v4,ecstasy,happiness,happiness,false,20,m,random
B-ecstasy-d3-v1,ecstasy,joy,joy,false,20,m,random
B-ecstasy-d3-v2,ecstasy,awe,awe,false,20,m,random
B-ecstasy-d3-v3,ecstasy,surprise,excitement,true,20,m,random
B-ecstasy-d3-v4,ecstasy,excitement,excitement,false,20,m,random
B-grief-d1-v1,grief,sadness,sadness,false,20,m,random
B-grief-d1-v2,grief,sadness,sadness,false,20,m,random
B-grief-d1-v3,grief,sadness,sadness,false,20,m,random
B-grief-d1-v4,grief,sadness,sadness,false,20,m,random
B-grief-d2-v1,grief,sadness,sadness,false,20,m,random
B-grief-d2-v2,grief,sadness,sadness,false,20,m,random
B-grief-d2-v3,grief,sadness,sadness,false,20,m,random
B-grief-d2-v4,grief,sadness,sadness,false,20,m,random
B-grief-d3-v1,grief,fear,anger,true,20,m,random
B-grief-d3-v2,grief,sadness,sadness,false,20,m,random
B-grief-d3-v3,grief,sadness,sadness,false,20,m,random
B-grief-d3-v4,grief,sadness,sadness,false,20,m,random
B-loathing-d1-v1,loathing,disgust,anger,true,20,m,random
B-loathing-d1-v2,loathing,anger,anger,false,20,m,random
B-loathing-d1-v3,loathing,anger,anger,false,20,m,random
B-loathing-d1-v4,loathing,anger,anger,false,20,m,random
B-loathing-d2-v1,loathing,disgust,disgust,false,20,m,random
B-loathing-d2-v2,loathing,disgust,disgust,false,20,m,random
B-loathing-d2-v3,loathing,fear,disgust,true,20,m,random
B-loathing-d2-v4,loathing,disgust,disgust,false,20,m,random
B-loathing-d3-v1,loathing,anger,anger,false,20,m,random
B-loathing-d3-v2,loathing,disgust,anger,true,20,m,random
B-loathing-d3-v3,loathing,disgust,disgust,false,20,m,random
B-loathing-d3-v4,loathing,anger,anger,false,20,m,random
B-rage-d1-v1,rage,anger,anger,false,20,m,random
B-rage-d1-v2,rage,anger,anger,false,20,m,random
B-rage-d1-v3,rage,anger,anger,false,20,m,random
B-rage-d1-v4,rage,anger,anger,false,20,m,random
B-rage-d2-v1,rage,anger,anger,false,20,m,random
B-rage-d2-v2,rage,anger,anger,false,20,m,random
B-rage-d2-v3,rage,anger,anger,false,20,m,random
B-rage-d2-v4,rage,anger,anger,false,20,m,random
B-rage-d3-v1,rage,anger,anger,false,20,m,random
B-rage-d3-v2,rage,fear,anger,true,20,m,random
B-rage-d3-v3,rage,anger,anger,false,20,m,random
B-rage-d3-v4,rage,anger,anger,false,20,m,random
B-terror-d1-v1,terror,fear,fear,false,20,m,random
B-terror-d1-v2,terror,fear,fear,false,20,m,random
B-terror-d1-v3,terror,fear,fear,false,20,m,random
B-terror-d1-v4,terror,fear,fear,false,20,m,random
B-terror-d2-v1,terror,fear,fear,false,20,m,random
B-terror-d2-v2,terror,fear,fear,false,20,m,random
B-terror-d2-v3,terror,fear,fear,false,20,m,random
B-terror-d2-v4,terror,fear,fear,false,20,m,random
B-terror-d3-v1,terror,fear,fear,false,20,m,random
B-terror-d3-v2,terror,fear,fear,false,20,m,random
B-terror-d3-v3,terror,fear,fear,false,20,m,random
B-terror-d3-v4,terror,fear,fear,false,20,m,random
B-vigilance-d1-v1,vigilance,fear,fear,false,20,m,random
B-vigilance-d1-v2,vigilance,fear,fear,false,20,m,random
B-vigilance-d1-v3,vigilance,fear,fear,false,20,m,random
B-vigilance-d1-v4,vigilance,concern,concern,false,20,m,random
B-vigilance-d2-v1,vigilance,fear,fear,false,20,m,random
B-vigilance-d2-v2,vigilance,anxiety,anticipation,true,20,m,random
B-vigilance-d2-v3,vigilance,anxiety,fear,true,20,m,random
B-vigilance-d2-v4,vigilance,fear,fear,false,20,m,random
B-vigilance-d3-v1,vigilance,anticipation,anxiety,true,20,m,random
B-vigilance-d3-v2,vigilance,fear,fear,false,20,m,random
B-vigilance-d3-v3,vigilance,fear,fear,false,20,m,random
B-vigilance-d3-v4,vigilance,fear,fear,false,20,m,random
B-admiration-d1-v1,admiration,awe,awe,false,21,m,random
B-admiration-d1-v2,admiration,pride,pride,false,21,m,random
B-admiration-d1-v3,admiration,love,awe,true,21,m,random
B-admiration-d1-v4,admiration,awe,awe,false,21,m,random
B-admiration-d2-v1,admiration,guilt,guilt,false,21,m,random
B-admiration-d2-v2,admiration,sadness,sadness,false,21,m,random
B-admiration-d2-v3,admiration,guilt,guilt,false,21,m,random
B-admiration-d2-v4,admiration,pride,pride,false,21,m,random
B-admiration-d3-v1,admiration,pride,pride,false,21,m,random
B-admiration-d3-v2,admiration,relief,pride,true,21,m,random
B-admiration-d3-v3,admiration,determination,pride,true,21,m,random
B-admiration-d3-v4,admiration,empathy,sadness,true,21,m,random
B-amazement-d1-v1,amazement,awe,awe,false,21,m,random
B-amazement-d1-v2,amazement,awe,awe,false,21,m,random
B-amazement-d1-v3,amazement,awe,awe,false,21,m,random
B-amazement-d1-v4,amazement,fear,fear,false,21,m,random
B-amazement-d2-v1,amazement,relief,fear,true,21,m,random
B-amazement-d2-v2,amazement,awe,awe,false,21,m,random
B-amazement-d2-v3,amazement,compassion,surprise,true,21,m,random
B-amazement-d2-v4,amazement,relief,relief,false,21,m,random
B-amazement-d3-v1,amazement,surprise,surprise,false,21,m,random
B-amazement-d3-v2,amazement,surprise,surprise,false,21,m,random
B-amazement-d3-v3,amazement,surprise,surprise,false,21,m,random
B-amazement-d3-v4,amazement,surprise,surprise,false,21,m,random
B-ecstasy-d1-v1,ecstasy,joy,happiness,true,21,m,random
B-ecstasy-d1-v2,ecstasy,fear,fear,false,21,m,random
B-ecstasy-d1-v3,ecstasy,joy,joy,false,21,m,random
B-ecstasy-d1-v4,ecstasy,pride,pride,false,21,m,random
B-ecstasy-d2-v1,ecstasy,joy,happiness,true,21,m,random
B-ecstasy-d2-v2,ecstasy,joy,joy,false,21,m,random
B-ecstasy-d2-v3,ecstasy,relief,joy,true,21,m,random
B-ecstasy-d2-v4,ecstasy,happiness,happiness,false,21,m,random
B-ecstasy-d3-v1,ecstasy,joy,joy,false,21,m,random
B-ecstasy-d3-v2,ecstasy,awe,awe,false,21,m,random
B-ecstasy-d3-v3,ecstasy,surprise,surprise,false,21,m,random
B-ecstasy-d3-v4,ecstasy,excitement,excitement,false,21,m,random
B-grief-d1-v1,grief,sadness,sadness,false,21,m,random
B-grief-d1-v2,grief,sadness,sadness,false,21,m,random
B-grief-d1-v3,grief,sadness,sadness,false,21,m,random
B-grief-d1-v4,grief,sadness,sadness,false,21,m,random
B-grief-d2-v1,grief,sadness,sadness,false,21,m,random
B-grief-d2-v2,grief,sadness,sadness,false,21,m,random
B-grief-d2-v3,grief,sadness,sadness,false,21,m,random
B-grief-d2-v4,grief,sadness,sadness,false,21,m,random
B-grief-d3-v1,grief,fear,fear,false,21,m,random
B-grief-d3-v2,grief,sadness,sadness,false,21,m,random
B-grief-d3-v3,grief,sadness,sadness,false,21,m,random
B-grief-d3-v4,grief,sadness,sadness,false,21,m,random
B-loathing-d1-v1,loathing,disgust,disgust,false,21,m,random
B-loathing-d1-v2,loathing,anger,disgust,true,21,m,random
B-loathing-d1-v3,loathing,anger,disgust,true,21,m,random
B-loathing-d1-v4,loathing,anger,anger,false,21,m,random
B-loathing-d2-v1,loathing,disgust,disgust,false,21,m,random
B-loathing-d2-v2,loathing,disgust,disgust,false,21,m,random
B-loathing-d2-v3,loathing,fear,disgust,true,21,m,random
B-loathing-d2-v4,loathing,disgust,disgust,false,21,m,random
B-loathing-d3-v1,loathing,anger,disgust,true,21,m,random
B-loathing-d3-v2,loathing,disgust,disgust,false,21,m,random
B-loathing-d3-v3,loathing,disgust,disgust,false,21,m,random
B-loathing-d3-v4,loathing,anger,anger,false,21,m,random
B-rage-d1-v1,rage,anger,anger,false,21,m,random
B-rage-d1-v2,rage,anger,anger,false,21,m,random
B-rage-d1-v3,rage,anger,anger,false,21,m,random
B-rage-d1-v4,rage,anger,anger,false,21,m,random
B-rage-d2-v1,rage,anger,anger,false,21,m,random
B-rage-d2-v2,rage,anger,anger,false,21,m,random
B-rage-d2-v3,rage,anger,anger,false,21,m,random
B-rage-d2-v4,rage,anger,fear,true,21,m,random
B-rage-d3-v1,rage,anger,fear,true,21,m,random
B-rage-d3-v2,rage,fear,fear,false,21,m,random
B-rage-d3-v3,rage,anger,anger,false,21,m,random
B-rage-d3-v4,rage,anger,fear,true,21,m,random
B-terror-d1-v1,terror,fear,fear,false,21,m,random
B-terror-d1-v2,terror,fear,fear,false,21,m,random
B-terror-d1-v3,terror,fear,fear,false,21,m,random
B-terror-d1-v4,terror,fear,fear,false,21,m,random
B-terror-d2-v1,terror,fear,fear,false,21,m,random
B-terror-d2-v2,terror,fear,fear,false,21,m,random
B-terror-d2-v3,terror,fear,fear,false,21,m,random
B-terror-d2-v4,terror,fear,fear,false,21,m,random
B-terror-d3-v1,terror,fear,fear,false,21,m,random
B-terror-d3-v2,terror,fear,fear,false,21,m,random
B-terror-d3-v3,terror,fear,fear,false,21,m,random
B-terror-d3-v4,terror,fear,fear,false,21,m,random
B-vigilance-d1-v1,vigilance,fear,fear,false,21,m,random
B-vigilance-d1-v2,vigilance,fear,fear,false,21,m,random
B-vigilance-d1-v3,vigilance,fear,fear,false,21,m,random
B-vigilance-d1-v4,vigilance,concern,fear,true,21,m,random
B-vigilance-d2-v1,vigilance,fear,fear,false,21,m,random
B-vigilance-d2-v2,vigilance,anxiety,fear,true,21,m,random
B-vigilance-d2-v3,vigilance,anxiety,fear,true,21,m,random
B-vigilance-d2-v4,vigilance,fear,fear,false,21,m,random
B-vigilance-d3-v1,vigilance,anticipation,fear,true,21,m,random
B-vigilance-d3-v2,vigilance,fear,fear,false,21,m,random
B-vigilance-d3-v3,vigilance,fear,fear,false,21,m,random
B-vigilance-d3-v4,vigilance,fear,fear,false,21,m,random
B-admiration-d1-v1,admiration,awe,awe,false,22,m,random
B-admiration-d1-v2,admiration,pride,empathy,true,22,m,random
B-admiration-d1-v3,admiration,love,awe,true,22,m,random
B-admiration-d1-v4,admiration,awe,awe,false,22,m,random
B-admiration-d2-v1,admiration,guilt,guilt,false,22,m,random
B-admiration-d2-v2,admiration,sadness,sadness,false,22,m,random
B-admiration-d2-v3,admiration,guilt,guilt,false,22,m,random
B-admiration-d2-v4,admiration,pride,pride,false,22,m,random
B-admiration-d3-v1,admiration,pride,pride,false,22,m,random
B-admiration-d3-v2,admiration,relief,relief,false,22,m,random
B-admiration-d3-v3,admiration,determination,pride,true,22,m,random
B-admiration-d3-v4,admiration,empathy,empathy,false,22,m,random
B-amazement-d1-v1,amazement,awe,awe,false,22,m,random
B-amazement-d1-v2,amazement,awe,awe,false,22,m,random
B-amazement-d1-v3,amazement,awe,awe,false,22,m,random
B-amazement-d1-v4,amazement,fear,fear,false,22,m,random
B-amazement-d2-v1,amazement,relief,fear,true,22,m,random
B-amazement-d2-v2,amazement,awe,awe,false,22,m,random
B-amazement-d2-v3,amazement,compassion,compassion,false,22,m,random
B-amazement-d2-v4,amazement,relief,relief,false,22,m,random
B-amazement-d3-v1,amazement,surprise,surprise,false,22,m,random
B-amazement-d3-v2,amazement,surprise,surprise,false,22,m,random
B-amazement-d3-v3,amazement,surprise,surprise,false,22,m,random
B-amazement-d3-v4,amazement,surprise,surprise,false,22,m,random
B-ecstasy-d1-v1,ecstasy,joy,joy,false,22,m,random
B-ecstasy-d1-v2,ecstasy,fear,fear,false,22,m,random
B-ecstasy-d1-v3,ecstasy,joy,excitement,true,22,m,random
B-ecstasy-d1-v4,ecstasy,pride,pride,false,22,m,random
B-ecstasy-d2-v1,ecstasy,joy,joy,false,22,m,random
B-ecstasy-d2-v2,ecstasy,joy,joy,false,22,m,random
B-ecstasy-d2-v3,ecstasy,relief,joy,true,22,m,random
B-ecstasy-d2-v4,ecstasy,happiness,happiness,false,22,m,random
B-ecstasy-d3-v1,ecstasy,joy,joy,false,22,m,random
B-ecstasy-d3-v2,ecstasy,awe,awe,false,22,m,random
B-ecstasy-d3-v3,ecstasy,surprise,surprise,false,22,m,random
B-ecstasy-d3-v4,ecstasy,excitement,excitement,false,22,m,random
B-grief-d1-v1,grief,sadness,sadness,false,22,m,random
B-grief-d1-v2,grief,sadness,sadness,false,22,m,random
B-grief-d1-v3,grief,sadness,sadness,false,22,m,random
B-grief-d1-v4,grief,sadness,sadness,false,22,m,random
B-grief-d2-v1,grief,sadness,sadness,false,22,m,random
B-grief-d2-v2,grief,sadness,sadness,false,22,m,random
B-grief-d2-v3,grief,sadness,sadness,false,22,m,random
B-grief-d2-v4,grief,sadness,sadness,false,22,m,random
B-grief-d3-v1,grief,fear,fear,false,22,m,random
B-grief-d3-v2,grief,sadness,sadness,false,22,m,random
B-grief-d3-v3,grief,sadness,sadness,false,22,m,random
B-grief-d3-v4,grief,sadness,sadness,false,22,m,random
B-loathing-d1-v1,loathing,disgust,anger,true,22,m,random
B-loathing-d1-v2,loathing,anger,anger,false,22,m,random
B-loathing-d1-v3,loathing,anger,disgust,true,22,m,random
B-loathing-d1-v4,loathing,anger,anger,false,22,m,random
B-loathing-d2-v1,loathing,disgust,disgust,false,22,m,random
B-loathing-d2-v2,loathing,disgust,disgust,false,22,m,random
B-loathing-d2-v3,loathing,fear,fear,false,22,m,random
B-loathing-d2-v4,loathing,disgust,disgust,false,22,m,random
B-loathing-d3-v1,loathing,anger,anger,false,22,m,random
B-loathing-d3-v2,loathing,disgust,anger,true,22,m,random
B-loathing-d3-v3,loathing,disgust,disgust,false,22,m,random
B-loathing-d3-v4,loathing,anger,anger,false,22,m,random
B-rage-d1-v1,rage,anger,anger,false,22,m,random
B-rage-d1-v2,rage,anger,anger,false,22,m,random
B-rage-d1-v3,rage,anger,anger,false,22,m,random
B-rage-d1-v4,rage,anger,anger,false,22,m,random
B-rage-d2-v1,rage,anger,anger,false,22,m,random
B-rage-d2-v2,rage,anger,anger,false,22,m,random
B-rage-d2-v3,rage,anger,anger,false,22,m,random
B-rage-d2-v4,rage,anger,anger,false,22,m,random
B-rage-d3-v1,rage,anger,anger,false,22,m,random
B-rage-d3-v2,rage,fear,fear,false,22,m,random
B-rage-d3-v3,rage,anger,anger,false,22,m,random
B-rage-d3-v4,rage,anger,anger,false,22,m,random
B-terror-d1-v1,terror,fear,fear,false,22,m,random
B-terror-d1-v2,terror,fear,fear,false,22,m,random
B-terror-d1-v3,terror,fear,fear,false,22,m,random
B-terror-d1-v4,terror,fear,fear,false,22,m,random
B-terror-d2-v1,terror,fear,fear,false,22,m,random
B-terror-d2-v2,terror,fear,fear,false,22,m,random
B-terror-d2-v3,terror,fear,fear,false,22,m,random
B-terror-d2-v4,terror,fear,fear,false,22,m,random
B-terror-d3-v1,terror,fear,fear,false,22,m,random
B-terror-d3-v2,terror,fear,fear,false,22,m,random
B-terror-d3-v3,terror,fear,fear,false,22,m,random
B-terror-d3-v4,terror,fear,fear,false,22,m,random
B-vigilance-d1-v1,vigilance,fear,fear,false,22,m,random
B-vigilance-d1-v2,vigilance,fear,fear,false,22,m,random
B-vigilance-d1-v3,vigilance,fear,fear,false,22,m,random
B-vigilance-d1-v4,vigilance,concern,concern,false,22,m,random
B-vigilance-d2-v1,vigilance,fear,fear,false,22,m,random
B-vigilance-d2-v2,vigilance,anxiety,anxiety,false,22,m,random
B-vigilance-d2-v3,vigilance,anxiety,fear,true,22,m,random
B-vigilance-d2-v4,vigilance,fear,confusion,true,22,m,random
B-vigilance-d3-v1,vigilance,anticipation,anticipation,false,22,m,random
B-vigilance-d3-v2,vigilance,fear,fear,false,22,m,random
B-vigilance-d3-v3,vigilance,fear,fear,false,22,m,random
B-vigilance-d3-v4,vigilance,fear,fear,false,22,m,random
B-admiration-d1-v1,admiration,awe,awe,false,23,m,random
B-admiration-d1-v2,admiration,pride,pride,false,23,m,random
B-admiration-d1-v3,admiration,love,love,false,23,m,random
B-admiration-d1-v4,admiration,awe,awe,false,23,m,random
B-admiration-d2-v1,admiration,guilt,guilt,false,23,m,random
B-admiration-d2-v2,admiration,sadness,compassion,true,23,m,random
B-admiration-d2-v3,admiration,guilt,guilt,false,23,m,random
B-admiration-d2-v4,admiration,pride,pride,false,23,m,random
B-admiration-d3-v1,admiration,pride,pride,false,23,m,random
B-admiration-d3-v2,admiration,relief,hope,true,23,m,random
B-admiration-d3-v3,admiration,determination,determination,false,23,m,random
B-admiration-d3-v4,admiration,empathy,empathy,false,23,m,random
B-amazement-d1-v1,amazement,awe,awe,false,23,m,random
B-amazement-d1-v2,amazement,awe,awe,false,23,m,random
B-amazement-d1-v3,amazement,awe,awe,false,23,m,random
B-amazement-d1-v4,amazement,fear,fear,false,23,m,random
B-amazement-d2-v1,amazement,relief,relief,false,23,m,random
B-amazement-d2-v2,amazement,awe,awe,false,23,m,random
B-amazement-d2-v3,amazement,compassion,compassion,false,23,m,random
B-amazement-d2-v4,amazement,relief,relief,false,23,m,random
B-amazement-d3-v1,amazement,surprise,surprise,false,23,m,random
B-amazement-d3-v2,amazement,surprise,surprise,false,23,m,random
B-amazement-d3-v3,amazement,surprise,surprise,false,23,m,random
B-amazement-d3-v4,amazement,surprise,surprise,false,23,m,random
B-ecstasy-d1-v1,ecstasy,joy,excitement,true,23,m,random
B-ecstasy-d1-v2,ecstasy,fear,fear,false,23,m,random
B-ecstasy-d1-v3,ecstasy,joy,awe,true,23,m,random
B-ecstasy-d1-v4,ecstasy,pride,pride,false,23,m,random
B-ecstasy-d2-v1,ecstasy,joy,joy,false,23,m,random
B-ecstasy-d2-v2,ecstasy,joy,happiness,true,23,m,random
B-ecstasy-d2-v3,ecstasy,relief,relief,false,23,m,random
B-ecstasy-d2-v4,ecstasy,happiness,happiness,false,23,m,random
B-ecstasy-d3-v1,ecstasy,joy,excitement,true,23,m,random
B-ecstasy-d3-v2,ecstasy,awe,awe,false,23,m,random
B-ecstasy-d3-v3,ecstasy,surprise,surprise,false,23,m,random
B-ecstasy-d3-v4,ecstasy,excitement,excitement,false,23,m,random
B-grief-d1-v1,grief,sadness,sadness,false,23,m,random
B-grief-d1-v2,grief,sadness,sadness,false,23,m,random
B-grief-d1-v3,grief,sadness,sadness,false,23,m,random
B-grief-d1-v4,grief,sadness,sadness,false,23,m,random
B-grief-d2-v1,grief,sadness,sadness,false,23,m,random
B-grief-d2-v2,grief,sadness,sadness,false,23,m,random
B-grief-d2-v3,grief,sadness,sadness,false,23,m,random
B-grief-d2-v4,grief,sadness,sadness,false,23,m,random
B-grief-d3-v1,grief,fear,anger,true,23,m,random
B-grief-d3-v2,grief,sadness,sadness,false,23,m,random
B-grief-d3-v3,grief,sadness,sadness,false,23,m,random
B-grief-d3-v4,grief,sadness,sadness,false,23,m,random
B-loathing-d1-v1,loathing,disgust,disgust,false,23,m,random
B-loathing-d1-v2,loathing,anger,anger,false,23,m,random
B-loathing-d1-v3,loathing,anger,anger,false,23,m,random
B-loathing-d1-v4,loathing,anger,anger,false,23,m,random
B-loathing-d2-v1,loathing,disgust,disgust,false,23,m,random
B-loathing-d2-v2,loathing,disgust,disgust,false,23,m,random
B-loathing-d2-v3,loathing,fear,fear,false,23,m,random
B-loathing-d2-v4,loathing,disgust,disgust,false,23,m,random
B-loathing-d3-v1,loathing,anger,anger,false,23,m,random
B-loathing-d3-v2,loathing,disgust,disgust,false,23,m,random
B-loathing-d3-v3,loathing,disgust,disgust,false,23,m,random
B-loathing-d3-v4,loathing,anger,anger,false,23,m,random
B-rage-d1-v1,rage,anger,anger,false,23,m,random
B-rage-d1-v2,rage,anger,anger,false,23,m,random
B-rage-d1-v3,rage,anger,anger,false,23,m,random
B-rage-d1-v4,rage,anger,anger,false,23,m,random
B-rage-d2-v1,rage,anger,anger,false,23,m,random
B-rage-d2-v2,rage,anger,anger,false,23,m,random
B-rage-d2-v3,rage,anger,anger,false,23,m,random
B-rage-d2-v4,rage,anger,anger,false,23,m,random
B-rage-d3-v1,rage,anger,anger,false,23,m,random
B-rage-d3-v2,rage,fear,fear,false,23,m,random
B-rage-d3-v3,rage,anger,anger,false,23,m,random
B-rage-d3-v4,rage,anger,fear,true,23,m,random
B-terror-d1-v1,terror,fear,fear,false,23,m,random
B-terror-d1-v2,terror,fear,fear,false,23,m,random
B-terror-d1-v3,terror,fear,fear,false,23,m,random
B-terror-d1-v4,terror,fear,fear,false,23,m,random
B-terror-d2-v1,terror,fear,fear,false,23,m,random
B-terror-d2-v2,terror,fear,fear,false,23,m,random
B-terror-d2-v3,terror,fear,fear,false,23,m,random
B-terror-d2-v4,terror,fear,fear,false,23,m,random
B-terror-d3-v1,terror,fear,fear,false,23,m,random
B-terror-d3-v2,terror,fear,fear,false,23,m,random
B-terror-d3-v3,terror,fear,fear,false,23,m,random
B-terror-d3-v4,terror,fear,fear,false,23,m,random
B-vigilance-d1-v1,vigilance,fear,anxiety,true,23,m,random
B-vigilance-d1-v2,vigilance,fear,fear,false,23,m,random
B-vigilance-d1-v3,vigilance,fear,anxiety,true,23,m,random
B-vigilance-d1-v4,vigilance,concern,concern,false,23,m,random
B-vigilance-d2-v1,vigilance,fear,anxiety,true,23,m,random
B-vigilance-d2-v2,vigilance,anxiety,tension,true,23,m,random
B-vigilance-d2-v3,vigilance,anxiety,anxiety,false,23,m,random
B-vigilance-d2-v4,vigilance,fear,anxiety,true,23,m,random
B-vigilance-d3-v1,vigilance,anticipation,anxiety,true,23,m,random
B-vigilance-d3-v2,vigilance,fear,anxiety,true,23,m,random
B-vigilance-d3-v3,vigilance,fear,fear,false,23,m,random
B-vigilance-d3-v4,vigilance,fear,fear,false,23,m,random
B-admiration-d1-v1,admiration,awe,awe,false,24,m,random
B-admiration-d1-v2,admiration,pride,empathy,true,24,m,random
B-admiration-d1-v3,admiration,love,love,false,24,m,random
B-admiration-d1-v4,admiration,awe,awe,false,24,m,random
B-admiration-d2-v1,admiration,guilt,guilt,false,24,m,random
B-admiration-d2-v2,admiration,sadness,sadness,false,24,m,random
B-admiration-d2-v3,admiration,guilt,guilt,false,24,m,random
B-admiration-d2-v4,admiration,pride,loyalty,true,24,m,random
B-admiration-d3-v1,admiration,pride,pride,false,24,m,random
B-admiration-d3-v2,admiration,relief,hope,true,24,m,random
B-admiration-d3-v3,admiration,determination,determination,false,24,m,random
B-admiration-d3-v4,admiration,empathy,sadness,true,24,m,random
B-amazement-d1-v1,amazement,awe,awe,false,24,m,random
B-amazement-d1-v2,amazement,awe,fear,true,24,m,random
B-amazement-d1-v3,amazement,awe,awe,false,24,m,random
B-amazement-d1-v4,amazement,fear,fear,false,24,m,random
B-amazement-d2-v1,amazement,relief,fear,true,24,m,random
B-amazement-d2-v2,amazement,awe,awe,false,24,m,random
B-amazement-d2-v3,amazement,compassion,hope,true,24,m,random
B-amazement-d2-v4,amazement,relief,relief,false,24,m,random
B-amazement-d3-v1,amazement,surprise,surprise,false,24,m,random
B-amazement-d3-v2,amazement,surprise,surprise,false,24,m,random
B-amazement-d3-v3,amazement,surprise,surprise,false,24,m,random
B-amazement-d3-v4,amazement,surprise,surprise,false,24,m,random
B-ecstasy-d1-v1,ecstasy,joy,happiness,true,24,m,random
B-ecstasy-d1-v2,ecstasy,fear,sadness,true,24,m,random
B-ecstasy-d1-v3,ecstasy,joy,joy,false,24,m,random
B-ecstasy-d1-v4,ecstasy,pride,joy,true,24,m,random
B-ecstasy-d2-v1,ecstasy,joy,happiness,true,24,m,random
B-ecstasy-d2-v2,ecstasy,joy,joy,false,24,m,random
B-ecstasy-d2-v3,ecstasy,relief,joy,true,24,m,random
B-ecstasy-d2-v4,ecstasy,happiness,happiness,false,24,m,random
B-ecstasy-d3-v1,ecstasy,joy,joy,false,24,m,random
B-ecstasy-d3-v2,ecstasy,awe,awe,false,24,m,random
B-ecstasy-d3-v3,ecstasy,surprise,surprise,false,24,m,random
B-ecstasy-d3-v4,ecstasy,excitement,excitement,false,24,m,random
B-grief-d1-v1,grief,sadness,sadness,false,24,m,random
B-grief-d1-v2,grief,sadness,sadness,false,24,m,random
B-grief-d1-v3,grief,sadness,sadness,false,24,m,random
B-grief-d1-v4,grief,sadness,sadness,false,24,m,random
B-grief-d2-v1,grief,sadness,sadness,false,24,m,random
B-grief-d2-v2,grief,sadness,sadness,false,24,m,random
B-grief-d2-v3,grief,sadness,sadness,false,24,m,random
B-grief-d2-v4,grief,sadness,sadness,false,24,m,random
B-grief-d3-v1,grief,fear,anger,true,24,m,random
B-grief-d3-v2,grief,sadness,sadness,false,24,m,random
B-grief-d3-v3,grief,sadness,sadness,false,24,m,random
B-grief-d3-v4,grief,sadness,sadness,false,24,m,random
B-loathing-d1-v1,loathing,disgust,disgust,false,24,m,random
B-loathing-d1-v2,loathing,anger,anger,false,24,m,random
B-loathing-d1-v3,loathing,anger,anger,false,24,m,random
B-loathing-d1-v4,loathing,anger,anger,false,24,m,random
B-loathing-d2-v1,loathing,disgust,disgust,false,24,m,random
B-loathing-d2-v2,loathing,disgust,disgust,false,24,m,random
B-loathing-d2-v3,loathing,fear,fear,false,24,m,random
B-loathing-d2-v4,loathing,disgust,disgust,false,24,m,random
B-loathing-d3-v1,loathing,anger,anger,false,24,m,random
B-loathing-d3-v2,loathing,disgust,disgust,false,24,m,random
B-loathing-d3-v3,loathing,disgust,disgust,false,24,m,random
B-loathing-d3-v4,loathing,anger,anger,false,24,m,random
B-rage-d1-v1,rage,anger,anger,false,24,m,random
B-rage-d1-v2,rage,anger,anger,false,24,m,random
B-rage-d1-v3,rage,anger,anger,false,24,m,random
B-rage-d1-v4,rage,anger,anger,false,24,m,random
B-rage-d2-v1,rage,anger,anger,false,24,m,random
B-rage-d2-v2,rage,anger,anger,false,24,m,random
B-rage-d2-v3,rage,anger,anger,false,24,m,random
B-rage-d2-v4,rage,anger,anger,false,24,m,random
B-rage-d3-v1,rage,anger,anger,false,24,m,random
B-rage-d3-v2,rage,fear,anger,true,24,m,random
B-rage-d3-v3,rage,anger,anger,false,24,m,random
B-rage-d3-v4,rage,anger,anger,false,24,m,random
B-terror-d1-v1,terror,fear,fear,false,24,m,random
B-terror-d1-v2,terror,fear,fear,false,24,m,random
B-terror-d1-v3,terror,fear,fear,false,24,m,random
B-terror-d1-v4,terror,fear,fear,false,24,m,random
B-terror-d2-v1,terror,fear,fear,false,24,m,random
B-terror-d2-v2,terror,fear,fear,false,24,m,random
B-terror-d2-v3,terror,fear,fear,false,24,m,random
B-terror-d2-v4,terror,fear,fear,false,24,m,random
B-terror-d3-v1,terror,fear,fear,false,24,m,random
B-terror-d3-v2,terror,fear,fear,false,24,m,random
B-terror-d3-v3,terror,fear,fear,false,24,m,random
B-terror-d3-v4,terror,fear,fear,false,24,m,random
B-vigilance-d1-v1,vigilance,fear,fear,false,24,m,random
B-vigilance-d1-v2,vigilance,fear,fear,false,24,m,random
B-vigilance-d1-v3,vigilance,fear,fear,false,24,m,random
B-vigilance-d1-v4,vigilance,concern,concern,false,24,m,random
B-vigilance-d2-v1,vigilance,fear,fear,false,24,m,random
B-vigilance-d2-v2,vigilance,anxiety,anticipation,true,24,m,random
B-vigilance-d2-v3,vigilance,anxiety,excitement,true,24,m,random
B-vigilance-d2-v4,vigilance,fear,confusion,true,24,m,random
B-vigilance-d3-v1,vigilance,anticipation,anticipation,false,24,m,random
B-vigilance-d3-v2,vigilance,fear,fear,false,24,m,random
B-vigilance-d3-v3,vigilance,fear,fear,false,24,m,random
B-vigilance-d3-v4,vigilance,fear,fear,false,24,m,random
B-admiration-d1-v1,admiration,awe,awe,false,25,m,random
B-admiration-d1-v2,admiration,pride,empathy,true,25,m,random
B-admiration-d1-v3,admiration,love,admiration,true,25,m,random
B-admiration-d1-v4,admiration,awe,awe,false,25,m,random
B-admiration-d2-v1,admiration,guilt,guilt,false,25,m,random
B-admiration-d2-v2,admiration,sadness,sadness,false,25,m,random
B-admiration-d2-v3,admiration,guilt,guilt,false,25,m,random
B-admiration-d2-v4,admiration,pride,loyalty,true,25,m,random
B-admiration-d3-v1,admiration,pride,pride,false,25,m,random
B-admiration-d3-v2,admiration,relief,hope,true,25,m,random
B-admiration-d3-v3,admiration,determination,determination,false,25,m,random
B-admiration-d3-v4,admiration,empathy,compassion,true,25,m,random
B-amazement-d1-v1,amazement,awe,awe,false,25,m,random
B-amazement-d1-v2,amazement,awe,awe,false,25,m,random
B-amazement-d1-v3,amazement,awe,awe,false,25,m,random
B-amazement-d1-v4,amazement,fear,fear,false,25,m,random
B-amazement-d2-v1,amazement,relief,compassion,true,25,m,random
B-amazement-d2-v2,amazement,awe,awe,false,25,m,random
B-amazement-d2-v3,amazement,compassion,compassion,false,25,m,random
B-amazement-d2-v4,amazement,relief,relief,false,25,m,random
B-amazement-d3-v1,amazement,surprise,surprise,false,25,m,random
B-amazement-d3-v2,amazement,surprise,awe,true,25,m,random
B-amazement-d3-v3,amazement,surprise,surprise,false,25,m,random
B-amazement-d3-v4,amazement,surprise,surprise,false,25,m,random
B-ecstasy-d1-v1,ecstasy,joy,joy,false,25,m,random
B-ecstasy-d1-v2,ecstasy,fear,sadness,true,25,m,random
B-ecstasy-d1-v3,ecstasy,joy,joy,false,25,m,random
B-ecstasy-d1-v4,ecstasy,pride,joy,true,25,m,random
B-ecstasy-d2-v1,ecstasy,joy,joy,false,25,m,random
B-ecstasy-d2-v2,ecstasy,joy,joy,false,25,m,random
B-ecstasy-d2-v3,ecstasy,relief,joy,true,25,m,random
B-ecstasy-d2-v4,ecstasy,happiness,happiness,false,25,m,random
B-ecstasy-d3-v1,ecstasy,joy,joy,false,25,m,random
B-ecstasy-d3-v2,ecstasy,awe,awe,false,25,m,random
B-ecstasy-d3-v3,ecstasy,surprise,surprise,false,25,m,random
B-ecstasy-d3-v4,ecstasy,excitement,excitement,false,25,m,random
B-grief-d1-v1,grief,sadness,sadness,false,25,m,random
B-grief-d1-v2,grief,sadness,sadness,false,25,m,random
B-grief-d1-v3,grief,sadness,sadness,false,25,m,random
B-grief-d1-v4,grief,sadness,sadness,false,25,m,random
B-grief-d2-v1,grief,sadness,sadness,false,25,m,random
B-grief-d2-v2,grief,sadness,sadness,false,25,m,random
B-grief-d2-v3,grief,sadness,sadness,false,25,m,random
B-grief-d2-v4,grief,sadness,sadness,false,25,m,random
B-grief-d3-v1,grief,fear,fear,false,25,m,random
B-grief-d3-v2,grief,sadness,sadness,false,25,m,random
B-grief-d3-v3,grief,sadness,sadness,false,25,m,random
B-grief-d3-v4,grief,sadness,sadness,false,25,m,random
B-loathing-d1-v1,loathing,disgust,anger,true,25,m,random
B-loathing-d1-v2,loathing,anger,anger,false,25,m,random
B-loathing-d1-v3,loathing,anger,anger,false,25,m,random
B-loathing-d1-v4,loathing,anger,anger,false,25,m,random
B-loathing-d2-v1,loathing,disgust,fear,true,25,m,random
B-loathing-d2-v2,loathing,disgust,disgust,false,25,m,random
B-loathing-d2-v3,loathing,fear,fear,false,25,m,random
B-loathing-d2-v4,loathing,disgust,disgust,false,25,m,random
B-loathing-d3-v1,loathing,anger,anger,false,25,m,random
B-loathing-d3-v2,loathing,disgust,anger,true,25,m,random
B-loathing-d3-v3,loathing,disgust,irony,true,25,m,random
B-loathing-d3-v4,loathing,anger,anger,false,25,m,random
B-rage-d1-v1,rage,anger,anger,false,25,m,random
B-rage-d1-v2,rage,anger,anger,false,25,m,random
B-rage-d1-v3,rage,anger,anger,false,25,m,random
B-rage-d1-v4,rage,anger,anger,false,25,m,random
B-rage-d2-v1,rage,anger,anger,false,25,m,random
B-rage-d2-v2,rage,anger,anger,false,25,m,random
B-rage-d2-v3,rage,anger,anger,false,25,m,random
B-rage-d2-v4,rage,anger,anger,false,25,m,random
B-rage-d3-v1,rage,anger,anger,false,25,m,random
B-rage-d3-v2,rage,fear,fear,false,25,m,random
B-rage-d3-v3,rage,anger,anger,false,25,m,random
B-rage-d3-v4,rage,anger,anger,false,25,m,random
B-terror-d1-v1,terror,fear,fear,false,25,m,random
B-terror-d1-v2,terror,fear,fear,false,25,m,random
B-terror-d1-v3,terror,fear,fear,false,25,m,random
B-terror-d1-v4,terror,fear,fear,false,25,m,random
B-terror-d2-v1,terror,fear,fear,false,25,m,random
B-terror-d2-v2,terror,fear,fear,false,25,m,random
B-terror-d2-v3,terror,fear,fear,false,25,m,random
B-terror-d2-v4,terror,fear,fear,false,25,m,random
B-terror-d3-v1,terror,fear,fear,false,25,m,random
B-terror-d3-v2,terror,fear,fear,false,25,m,random
B-terror-d3-v3,terror,fear,fear,false,25,m,random
B-terror-d3-v4,terror,fear,fear,false,25,m,random
B-vigilance-d1-v1,vigilance,fear,fear,false,25,m,random
B-vigilance-d1-v2,vigilance,fear,fear,false,25,m,random
B-vigilance-d1-v3,vigilance,fear,fear,false,25,m,random
B-vigilance-d1-v4,vigilance,concern,fear,true,25,m,random
B-vigilance-d2-v1,vigilance,fear,fear,false,25,m,random
B-vigilance-d2-v2,vigilance,anxiety,suspense,true,25,m,random
B-vigilance-d2-v3,vigilance,anxiety,anxiety,false,25,m,random
B-vigilance-d2-v4,vigilance,fear,concentration,true,25,m,random
B-vigilance-d3-v1,vigilance,anticipation,fear,true,25,m,random
B-vigilance-d3-v2,vigilance,fear,fear,false,25,m,random
B-vigilance-d3-v3,vigilance,fear,fear,false,25,m,random
B-vigilance-d3-v4,vigilance,fear,fear,false,25,m,random
B-admiration-d1-v1,admiration,awe,admiration,true,26,m,random
B-admiration-d1-v2,admiration,pride,empathy,true,26,m,random
B-admiration-d1-v3,admiration,love,love,false,26,m,random
B-admiration-d1-v4,admiration,awe,awe,false,26,m,random
B-admiration-d2-v1,admiration,guilt,guilt,false,26,m,random
B-admiration-d2-v2,admiration,sadness,sadness,false,26,m,random
B-admiration-d2-v3,admiration,guilt,guilt,false,26,m,random
B-admiration-d2-v4,admiration,pride,pride,false,26,m,random
B-admiration-d3-v1,admiration,pride,pride,false,26,m,random
B-admiration-d3-v2,admiration,relief,pride,true,26,m,random
B-admiration-d3-v3,admiration,determination,determination,false,26,m,random
B-admiration-d3-v4,admiration,empathy,empathy,false,26,m,random
B-amazement-d1-v1,amazement,awe,awe,false,26,m,random
B-amazement-d1-v2,amazement,awe,awe,false,26,m,random
B-amazement-d1-v3,amazement,awe,awe,false,26,m,random
B-amazement-d1-v4,amazement,fear,fear,false,26,m,random
B-amazement-d2-v1,amazement,relief,relief,false,26,m,random
B-amazement-d2-v2,amazement,awe,awe,false,26,m,random
B-amazement-d2-v3,amazement,compassion,compassion,false,26,m,random
B-amazement-d2-v4,amazement,relief,relief,false,26,m,random
B-amazement-d3-v1,amazement,surprise,joy,true,26,m,random
B-amazement-d3-v2,amazement,surprise,excitement,true,26,m,random
B-amazement-d3-v3,amazement,surprise,relief,true,26,m,random
B-amazement-d3-v4,amazement,surprise,surprise,false,26,m,random
B-ecstasy-d1-v1,ecstasy,joy,joy,false,26,m,random
B-ecstasy-d1-v2,ecstasy,fear,shock,true,26,m,random
B-ecstasy-d1-v3,ecstasy,joy,excitement,true,26,m,random
B-ecstasy-d1-v4,ecstasy,pride,pride,false,26,m,random
B-ecstasy-d2-v1,ecstasy,joy,joy,false,26,m,random
B-ecstasy-d2-v2,ecstasy,joy,joy,false,26,m,random
B-ecstasy-d2-v3,ecstasy,relief,joy,true,26,m,random
B-ecstasy-d2-v4,ecstasy,happiness,joy,true,26,m,random
B-ecstasy-d3-v1,ecstasy,joy,joy,false,26,m,random
B-ecstasy-d3-v2,ecstasy,awe,awe,false,26,m,random
B-ecstasy-d3-v3,ecstasy,surprise,excitement,true,26,m,random
B-ecstasy-d3-v4,ecstasy,excitement,excitement,false,26,m,random
B-grief-d1-v1,grief,sadness,sadness,false,26,m,random
B-grief-d1-v2,grief,sadness,sadness,false,26,m,random
B-grief-d1-v3,grief,sadness,sadness,false,26,m,random
B-grief-d1-v4,grief,sadness,sadness,false,26,m,random
B-grief-d2-v1,grief,sadness,sadness,false,26,m,random
B-grief-d2-v2,grief,sadness,sadness,false,26,m,random
B-grief-d2-v3,grief,sadness,sadness,false,26,m,random
B-grief-d2-v4,grief,sadness,sadness,false,26,m,random
B-grief-d3-v1,grief,fear,anger,true,26,m,random
B-grief-d3-v2,grief,sadness,sadness,false,26,m,random
B-grief-d3-v3,grief,sadness,sadness,false,26,m,random
B-grief-d3-v4,grief,sadness,sadness,false,26,m,random
B-loathing-d1-v1,loathing,disgust,anger,true,26,m,random
B-loathing-d1-v2,loathing,anger,anger,false,26,m,random
B-loathing-d1-v3,loathing,anger,anger,false,26,m,random
B-loathing-d1-v4,loathing,anger,anger,false,26,m,random
B-loathing-d2-v1,loathing,disgust,disgust,false,26,m,random
B-loathing-d2-v2,loathing,disgust,disgust,false,26,m,random
B-loathing-d2-v3,loathing,fear,fear,false,26,m,random
B-loathing-d2-v4,loathing,disgust,disgust,false,26,m,random
B-loathing-d3-v1,loathing,anger,anger,false,26,m,random
B-loathing-d3-v2,loathing,disgust,anger,true,26,m,random
B-loathing-d3-v3,loathing,disgust,anger,true,26,m,random
B-loathing-d3-v4,loathing,anger,anger,false,26,m,random
B-rage-d1-v1,rage,anger,anger,false,26,m,random
B-rage-d1-v2,rage,anger,anger,false,26,m,random
B-rage-d1-v3,rage,anger,anger,false,26,m,random
B-rage-d1-v4,rage,anger,anger,false,26,m,random
B-rage-d2-v1,rage,anger,anger,false,26,m,random
B-rage-d2-v2,rage,anger,anger,false,26,m,random
B-rage-d2-v3,rage,anger,anger,false,26,m,random
B-rage-d2-v4,rage,anger,fear,true,26,m,random
B-rage-d3-v1,rage,anger,anger,false,26,m,random
B-rage-d3-v2,rage,fear,fear,false,26,m,random
B-rage-d3-v3,rage,anger,anger,false,26,m,random
B-rage-d3-v4,rage,anger,anger,false,26,m,random
B-terror-d1-v1,terror,fear,fear,false,26,m,random
B-terror-d1-v2,terror,fear,fear,false,26,m,random
B-terror-d1-v3,terror,fear,fear,false,26,m,random
B-terror-d1-v4,terror,fear,fear,false,26,m,random
B-terror-d2-v1,terror,fear,fear,false,26,m,random
B-terror-d2-v2,terror,fear,fear,false,26,m,random
B-terror-d2-v3,terror,fear,fear,false,26,m,random
B-terror-d2-v4,terror,fear,fear,false,26,m,random
B-terror-d3-v1,terror,fear,fear,false,26,m,random
B-terror-d3-v2,terror,fear,fear,false,26,m,random
B-terror-d3-v3,terror,fear,fear,false,26,m,random
B-terror-d3-v4,terror,fear,fear,false,26,m,random
B-vigilance-d1-v1,vigilance,fear,fear,false,26,m,random
B-vigilance-d1-v2,vigilance,fear,fear,false,26,m,random
B-vigilance-d1-v3,vigilance,fear,fear,false,26,m,random
B-vigilance-d1-v4,vigilance,concern,concern,false,26,m,random
B-vigilance-d2-v1,vigilance,fear,fear,false,26,m,random
B-vigilance-d2-v2,vigilance,anxiety,anxiety,false,26,m,random
B-vigilance-d2-v3,vigilance,anxiety,anxiety,false,26,m,random
B-vigilance-d2-v4,vigilance,fear,anxiety,true,26,m,random
B-vigilance-d3-v1,vigilance,anticipation,anticipation,false,26,m,random
B-vigilance-d3-v2,vigilance,fear,anxiety,true,26,m,random
B-vigilance-d3-v3,vigilance,fear,fear,false,26,m,random
B-vigilance-d3-v4,vigilance,fear,fear,false,26,m,random
B-admiration-d1-v1,admiration,awe,awe,false,27,m,random
B-admiration-d1-v2,admiration,pride,empathy,true,27,m,random
B-admiration-d1-v3,admiration,love,love,false,27,m,random
B-admiration-d1-v4,admiration,awe,awe,false,27,m,random
B-admiration-d2-v1,admiration,guilt,guilt,false,27,m,random
B-admiration-d2-v2,admiration,sadness,sadness,false,27,m,random
B-admiration-d2-v3,admiration,guilt,guilt,false,27,m,random
B-admiration-d2-v4,admiration,pride,sadness,true,27,m,random
B-admiration-d3-v1,admiration,pride,pride,false,27,m,random
B-admiration-d3-v2,admiration,relief,joy,true,27,m,random
B-admiration-d3-v3,admiration,determination,determination,false,27,m,random
B-admiration-d3-v4,admiration,empathy,compassion,true,27,m,random
B-amazement-d1-v1,amazement,awe,awe,false,27,m,random
B-amazement-d1-v2,amazement,awe,awe,false,27,m,random
B-amazement-d1-v3,amazement,awe,awe,false,27,m,random
B-amazement-d1-v4,amazement,fear,fear,false,27,m,random
B-amazement-d2-v1,amazement,relief,fear,true,27,m,random
B-amazement-d2-v2,amazement,awe,awe,false,27,m,random
B-amazement-d2-v3,amazement,compassion,compassion,false,27,m,random
B-amazement-d2-v4,amazement,relief,hope,true,27,m,random
B-amazement-d3-v1,amazement,surprise,joy,true,27,m,random
B-amazement-d3-v2,amazement,surprise,excitement,true,27,m,random
B-amazement-d3-v3,amazement,surprise,surprise,false,27,m,random
B-amazement-d3-v4,amazement,surprise,surprise,false,27,m,random
B-ecstasy-d1-v1,ecstasy,joy,joy,false,27,m,random
B-ecstasy-d1-v2,ecstasy,fear,fear,false,27,m,random
B-ecstasy-d1-v3,ecstasy,joy,joy,false,27,m,random
B-ecstasy-d1-v4,ecstasy,pride,pride,false,27,m,random
B-ecstasy-d2-v1,ecstasy,joy,joy,false,27,m,random
B-ecstasy-d2-v2,ecstasy,joy,joy,false,27,m,random
B-ecstasy-d2-v3,ecstasy,relief,joy,true,27,m,random
B-ecstasy-d2-v4,ecstasy,happiness,happiness,false,27,m,random
B-ecstasy-d3-v1,ecstasy,joy,joy,false,27,m,random
B-ecstasy-d3-v2,ecstasy,awe,joy,true,27,m,random
B-ecstasy-d3-v3,ecstasy,surprise,surprise,false,27,m,random
B-ecstasy-d3-v4,ecstasy,excitement,excitement,false,27,m,random
B-grief-d1-v1,grief,sadness,sadness,false,27,m,random
B-grief-d1-v2,grief,sadness,sadness,false,27,m,random
B-grief-d1-v3,grief,sadness,sadness,false,27,m,random
B-grief-d1-v4,grief,sadness,sadness,false,27,m,random
B-grief-d2-v1,grief,sadness,sadness,false,27,m,random
B-grief-d2-v2,grief,sadness,sadness,false,27,m,random
B-grief-d2-v3,grief,sadness,sadness,false,27,m,random
B-grief-d2-v4,grief,sadness,sadness,false,27,m,random
B-grief-d3-v1,grief,fear,anger,true,27,m,random
B-grief-d3-v2,grief,sadness,sadness,false,27,m,random
B-grief-d3-v3,grief,sadness,sadness,false,27,m,random
B-grief-d3-v4,grief,sadness,sadness,false,27,m,random
B-loathing-d1-v1,loathing,disgust,disgust,false,27,m,random
B-loathing-d1-v2,loathing,anger,anger,false,27,m,random
B-loathing-d1-v3,loathing,anger,anger,false,27,m,random
B-loathing-d1-v4,loathing,anger,anger,false,27,m,random
B-loathing-d2-v1,loathing,disgust,disgust,false,27,m,random
B-loathing-d2-v2,loathing,disgust,disgust,false,27,m,random
B-loathing-d2-v3,loathing,fear,fear,false,27,m,random
B-loathing-d2-v4,loathing,disgust,disgust,false,27,m,random
B-loathing-d3-v1,loathing,anger,anger,false,27,m,random
B-loathing-d3-v2,loathing,disgust,disgust,false,27,m,random
B-loathing-d3-v3,loathing,disgust,irony,true,27,m,random
B-loathing-d3-v4,loathing,anger,anger,false,27,m,random
B-rage-d1-v1,rage,anger,anger,false,27,m,random
B-rage-d1-v2,rage,anger,anger,false,27,m,random
B-rage-d1-v3,rage,anger,anger,false,27,m,random
B-rage-d1-v4,rage,anger,anger,false,27,m,random
B-rage-d2-v1,rage,anger,anger,false,27,m,random
B-rage-d2-v2,rage,anger,anger,false,27,m,random
B-rage-d2-v3,rage,anger,anger,false,27,m,random
B-rage-d2-v4,rage,anger,fear,true,27,m,random
B-rage-d3-v1,rage,anger,anger,false,27,m,random
B-rage-d3-v2,rage,fear,fear,false,27,m,random
B-rage-d3-v3,rage,anger,anger,false,27,m,random
B-rage-d3-v4,rage,anger,fear,true,27,m,random
B-terror-d1-v1,terror,fear,fear,false,27,m,random
B-terror-d1-v2,terror,fear,fear,false,27,m,random
B-terror-d1-v3,terror,fear,fear,false,27,m,random
B-terror-d1-v4,terror,fear,fear,false,27,m,random
B-terror-d2-v1,terror,fear,fear,false,27,m,random
B-terror-d2-v2,terror,fear,fear,false,27,m,random
B-terror-d2-v3,terror,fear,fear,false,27,m,random
B-terror-d2-v4,terror,fear,fear,false,27,m,random
B-terror-d3-v1,terror,fear,fear,false,27,m,random
B-terror-d3-v2,terror,fear,fear,false,27,m,random
B-terror-d3-v3,terror,fear,fear,false,27,m,random
B-terror-d3-v4,terror,fear,fear,false,27,m,random
B-vigilance-d1-v1,vigilance,fear,fear,false,27,m,random
B-vigilance-d1-v2,vigilance,fear,fear,false,27,m,random
B-vigilance-d1-v3,vigilance,fear,fear,false,27,m,random
B-vigilance-d1-v4,vigilance,concern,concern,false,27,m,random
B-vigilance-d2-v1,vigilance,fear,fear,false,27,m,random
B-vigilance-d2-v2,vigilance,anxiety,anxiety,false,27,m,random
B-vigilance-d2-v3,vigilance,anxiety,anxiety,false,27,m,random
B-vigilance-d2-v4,vigilance,fear,anxiety,true,27,m,random
B-vigilance-d3-v1,vigilance,anticipation,anxiety,true,27,m,random
B-vigilance-d3-v2,vigilance,fear,anxiety,true,27,m,random
B-vigilance-d3-v3,vigilance,fear,fear,false,27,m,random
B-vigilance-d3-v4,vigilance,fear,fear,false,27,m,random
B-admiration-d1-v1,admiration,awe,pride,true,28,m,random
B-admiration-d1-v2,admiration,pride,pride,false,28,m,random
B-admiration-d1-v3,admiration,love,love,false,28,m,random
B-admiration-d1-v4,admiration,awe,awe,false,28,m,random
B-admiration-d2-v1,admiration,guilt,guilt,false,28,m,random
B-admiration-d2-v2,admiration,sadness,sadness,false,28,m,random
B-admiration-d2-v3,admiration,guilt,guilt,false,28,m,random
B-admiration-d2-v4,admiration,pride,pride,false,28,m,random
B-admiration-d3-v1,admiration,pride,pride,false,28,m,random
B-admiration-d3-v2,admiration,relief,hope,true,28,m,random
B-admiration-d3-v3,admiration,determination,pride,true,28,m,random
B-admiration-d3-v4,admiration,empathy,compassion,true,28,m,random
B-amazement-d1-v1,amazement,awe,awe,false,28,m,random
B-amazement-d1-v2,amazement,awe,awe,false,28,m,random
B-amazement-d1-v3,amazement,awe,awe,false,28,m,random
B-amazement-d1-v4,amazement,fear,fear,false,28,m,random
B-amazement-d2-v1,amazement,relief,relief,false,28,m,random
B-amazement-d2-v2,amazement,awe,awe,false,28,m,random
B-amazement-d2-v3,amazement,compassion,compassion,false,28,m,random
B-amazement-d2-v4,amazement,relief,relief,false,28,m,random
B-amazement-d3-v1,amazement,surprise,pride,true,28,m,random
B-amazement-d3-v2,amazement,surprise,excitement,true,28,m,random
B-amazement-d3-v3,amazement,surprise,surprise,false,28,m,random
B-amazement-d3-v4,amazement,surprise,surprise,false,28,m,random
B-ecstasy-d1-v1,ecstasy,joy,joy,false,28,m,random
B-ecstasy-d1-v2,ecstasy,fear,fear,false,28,m,random
B-ecstasy-d1-v3,ecstasy,joy,excitement,true,28,m,random
B-ecstasy-d1-v4,ecstasy,pride,pride,false,28,m,random
B-ecstasy-d2-v1,ecstasy,joy,joy,false,28,m,random
B-ecstasy-d2-v2,ecstasy,joy,joy,false,28,m,random
B-ecstasy-d2-v3,ecstasy,relief,joy,true,28,m,random
B-ecstasy-d2-v4,ecstasy,happiness,happiness,false,28,m,random
B-ecstasy-d3-v1,ecstasy,joy,excitement,true,28,m,random
B-ecstasy-d3-v2,ecstasy,awe,awe,false,28,m,random
B-ecstasy-d3-v3,ecstasy,surprise,excitement,true,28,m,random
B-ecstasy-d3-v4,ecstasy,excitement,excitement,false,28,m,random
B-grief-d1-v1,grief,sadness,sadness,false,28,m,random
B-grief-d1-v2,grief,sadness,sadness,false,28,m,random
B-grief-d1-v3,grief,sadness,sadness,false,28,m,random
B-grief-d1-v4,grief,sadness,sadness,false,28,m,random
B-grief-d2-v1,grief,sadness,sadness,false,28,m,random
B-grief-d2-v2,grief,sadness,sadness,false,28,m,random
B-grief-d2-v3,grief,sadness,sadness,false,28,m,random
B-grief-d2-v4,grief,sadness,sadness,false,28,m,random
B-grief-d3-v1,grief,fear,sadness,true,28,m,random
B-grief-d3-v2,grief,sadness,sadness,false,28,m,random
B-grief-d3-v3,grief,sadness,sadness,false,28,m,random
B-grief-d3-v4,grief,sadness,sadness,false,28,m,random
B-loathing-d1-v1,loathing,disgust,disgust,false,28,m,random
B-loathing-d1-v2,loathing,anger,anger,false,28,m,random
B-loathing-d1-v3,loathing,anger,anger,false,28,m,random
B-loathing-d1-v4,loathing,anger,anger,false,28,m,random
B-loathing-d2-v1,loathing,disgust,disgust,false,28,m,random
B-loathing-d2-v2,loathing,disgust,disgust,false,28,m,random
B-loathing-d2-v3,loathing,fear,disgust,true,28,m,random
B-loathing-d2-v4,loathing,disgust,disgust,false,28,m,random
B-loathing-d3-v1,loathing,anger,anger,false,28,m,random
B-loathing-d3-v2,loathing,disgust,anger,true,28,m,random
B-loathing-d3-v3,loathing,disgust,disgust,false,28,m,random
B-loathing-d3-v4,loathing,anger,anger,false,28,m,random
B-rage-d1-v1,rage,anger,anger,false,28,m,random
B-rage-d1-v2,rage,anger,anger,false,28,m,random
B-rage-d1-v3,rage,anger,anger,false,28,m,random
B-rage-d1-v4,rage,anger,anger,false,28,m,random
B-rage-d2-v1,rage,anger,anger,false,28,m,random
B-rage-d2-v2,rage,anger,anger,false,28,m,random
B-rage-d2-v3,rage,anger,anger,false,28,m,random
B-rage-d2-v4,rage,anger,anger,false,28,m,random
B-rage-d3-v1,rage,anger,anger,false,28,m,random
B-rage-d3-v2,rage,fear,anger,true,28,m,random
B-rage-d3-v3,rage,anger,anger,false,28,m,random
B-rage-d3-v4,rage,anger,anger,false,28,m,random
B-terror-d1-v1,terror,fear,fear,false,28,m,random
B-terror-d1-v2,terror,fear,fear,false,28,m,random
B-terror-d1-v3,terror,fear,fear,false,28,m,random
B-terror-d1-v4,terror,fear,fear,false,28,m,random
B-terror-d2-v1,terror,fear,fear,false,28,m,random
B-terror-d2-v2,terror,fear,fear,false,28,m,random
B-terror-d2-v3,terror,fear,fear,false,28,m,random
B-terror-d2-v4,terror,fear,fear,false,28,m,random
B-terror-d3-v1,terror,fear,fear,false,28,m,random
B-terror-d3-v2,terror,fear,fear,false,28,m,random
B-terror-d3-v3,terror,fear,fear,false,28,m,random
B-terror-d3-v4,terror,fear,fear,false,28,m,random
B-vigilance-d1-v1,vigilance,fear,fear,false,28,m,random
B-vigilance-d1-v2,vigilance,fear,fear,false,28,m,random
B-vigilance-d1-v3,vigilance,fear,fear,false,28,m,random
B-vigilance-d1-v4,vigilance,concern,concern,false,28,m,random
B-vigilance-d2-v1,vigilance,fear,fear,false,28,m,random
B-vigilance-d2-v2,vigilance,anxiety,tension,true,28,m,random
B-vigilance-d2-v3,vigilance,anxiety,tension,true,28,m,random
B-vigilance-d2-v4,vigilance,fear,fear,false,28,m,random
B-vigilance-d3-v1,vigilance,anticipation,anticipation,false,28,m,random
B-vigilance-d3-v2,vigilance,fear,fear,false,28,m,random
B-vigilance-d3-v3,vigilance,fear,fear,false,28,m,random
B-vigilance-d3-v4,vigilance,fear,fear,false,28,m,random
B-admiration-d1-v1,admiration,awe,awe,false,29,m,random
B-admiration-d1-v2,admiration,pride,surprise,true,29,m,random
B-admiration-d1-v3,admiration,love,admiration,true,29,m,random
B-admiration-d1-v4,admiration,awe,awe,false,29,m,random
B-admiration-d2-v1,admiration,guilt,guilt,false,29,m,random
B-admiration-d2-v2,admiration,sadness,sadness,false,29,m,random
B-admiration-d2-v3,admiration,guilt,guilt,false,29,m,random
B-admiration-d2-v4,admiration,pride,love,true,29,m,random
B-admiration-d3-v1,admiration,pride,pride,false,29,m,random
B-admiration-d3-v2,admiration,relief,relief,false,29,m,random
B-admiration-d3-v3,admiration,determination,determination,false,29,m,random
B-admiration-d3-v4,admiration,empathy,sadness,true,29,m,random
B-amazement-d1-v1,amazement,awe,awe,false,29,m,random
B-amazement-d1-v2,amazement,awe,awe,false,29,m,random
B-amazement-d1-v3,amazement,awe,awe,false,29,m,random
B-amazement-d1-v4,amazement,fear,fear,false,29,m,random
B-amazement-d2-v1,amazement,relief,relief,false,29,m,random
B-amazement-d2-v2,amazement,awe,awe,false,29,m,random
B-amazement-d2-v3,amazement,compassion,surprise,true,29,m,random
B-amazement-d2-v4,amazement,relief,relief,false,29,m,random
B-amazement-d3-v1,amazement,surprise,surprise,false,29,m,random
B-amazement-d3-v2,amazement,surprise,surprise,false,29,m,random
B-amazement-d3-v3,amazement,surprise,surprise,false,29,m,random
B-amazement-d3-v4,amazement,surprise,surprise,false,29,m,random
B-ecstasy-d1-v1,ecstasy,joy,surprise,true,29,m,random
B-ecstasy-d1-v2,ecstasy,fear,sadness,true,29,m,random
B-ecstasy-d1-v3,ecstasy,joy,surprise,true,29,m,random
B-ecstasy-d1-v4,ecstasy,pride,relief,true,29,m,random
B-ecstasy-d2-v1,ecstasy,joy,joy,false,29,m,random
B-ecstasy-d2-v2,ecstasy,joy,relief,true,29,m,random
B-ecstasy-d2-v3,ecstasy,relief,relief,false,29,m,random
B-ecstasy-d2-v4,ecstasy,happiness,surprise,true,29,m,random
B-ecstasy-d3-v1,ecstasy,joy,surprise,true,29,m,random
B-ecstasy-d3-v2,ecstasy,awe,awe,false,29,m,random
B-ecstasy-d3-v3,ecstasy,surprise,surprise,false,29,m,random
B-ecstasy-d3-v4,ecstasy,excitement,surprise,true,29,m,random
B-grief-d1-v1,grief,sadness,sadness,false,29,m,random
B-grief-d1-v2,grief,sadness,sadness,false,29,m,random
B-grief-d1-v3,grief,sadness,sadness,false,29,m,random
B-grief-d1-v4,grief,sadness,sadness,false,29,m,random
B-grief-d2-v1,grief,sadness,sadness,false,29,m,random
B-grief-d2-v2,grief,sadness,sadness,false,29,m,random
B-grief-d2-v3,grief,sadness,sadness,false,29,m,random
B-grief-d2-v4,grief,sadness,sadness,false,29,m,random
B-grief-d3-v1,grief,fear,sadness,true,29,m,random
B-grief-d3-v2,grief,sadness,sadness,false,29,m,random
B-grief-d3-v3,grief,sadness,sadness,false,29,m,random
B-grief-d3-v4,grief,sadness,sadness,false,29,m,random
B-loathing-d1-v1,loathing,disgust,anger,true,29,m,random
B-loathing-d1-v2,loathing,anger,anger,false,29,m,random
B-loathing-d1-v3,loathing,anger,anger,false,29,m,random
B-loathing-d1-v4,loathing,anger,anger,false,29,m,random
B-loathing-d2-v1,loathing,disgust,disgust,false,29,m,random
B-loathing-d2-v2,loathing,disgust,disgust,false,29,m,random
B-loathing-d2-v3,loathing,fear,fear,false,29,m,random
B-loathing-d2-v4,loathing,disgust,disgust,false,29,m,random
B-loathing-d3-v1,loathing,anger,anger,false,29,m,random
B-loathing-d3-v2,loathing,disgust,anger,true,29,m,random
B-loathing-d3-v3,loathing,disgust,disgust,false,29,m,random
B-loathing-d3-v4,loathing,anger,anger,false,29,m,random
B-rage-d1-v1,rage,anger,anger,false,29,m,random
B-rage-d1-v2,rage,anger,anger,false,29,m,random
B-rage-d1-v3,rage,anger,anger,false,29,m,random
B-rage-d1-v4,rage,anger,anger,false,29,m,random
B-rage-d2-v1,rage,anger,anger,false,29,m,random
B-rage-d2-v2,rage,anger,anger,false,29,m,random
B-rage-d2-v3,rage,anger,anger,false,29,m,random
B-rage-d2-v4,rage,anger,anger,false,29,m,random
B-rage-d3-v1,rage,anger,anger,false,29,m,random
B-rage-d3-v2,rage,fear,anger,true,29,m,random
B-rage-d3-v3,rage,anger,anger,false,29,m,random
B-rage-d3-v4,rage,anger,anger,false,29,m,random
B-terror-d1-v1,terror,fear,fear,false,29,m,random
B-terror-d1-v2,terror,fear,fear,false,29,m,random
B-terror-d1-v3,terror,fear,fear,false,29,m,random
B-terror-d1-v4,terror,fear,fear,false,29,m,random
B-terror-d2-v1,terror,fear,anxiety,true,29,m,random
B-terror-d2-v2,terror,fear,fear,false,29,m,random
B-terror-d2-v3,terror,fear,fear,false,29,m,random
B-terror-d2-v4,terror,fear,fear,false,29,m,random
B-terror-d3-v1,terror,fear,fear,false,29,m,random
B-terror-d3-v2,terror,fear,fear,false,29,m,random
B-terror-d3-v3,terror,fear,fear,false,29,m,random
B-terror-d3-v4,terror,fear,fear,false,29,m,random
B-vigilance-d1-v1,vigilance,fear,worry,true,29,m,random
B-vigilance-d1-v2,vigilance,fear,fear,false,29,m,random
B-vigilance-d1-v3,vigilance,fear,anxiety,true,29,m,random
B-vigilance-d1-v4,vigilance,concern,concern,false,29,m,random
B-vigilance-d2-v1,vigilance,fear,anxiety,true,29,m,random
B-vigilance-d2-v2,vigilance,anxiety,fear,true,29,m,random
B-vigilance-d2-v3,vigilance,anxiety,anxiety,false,29,m,random
B-vigilance-d2-v4,vigilance,fear,fear,false,29,m,random
B-vigilance-d3-v1,vigilance,anticipation,anticipation,false,29,m,random
B-vigilance-d3-v2,vigilance,fear,fear,false,29,m,random
B-vigilance-d3-v3,vigilance,fear,fear,false,29,m,random
B-vigilance-d3-v4,vigilance,fear,fear,false,29,m,random
B-admiration-d1-v1,admiration,awe,awe,false,30,m,random
B-admiration-d1-v2,admiration,pride,joy,true,30,m,random
B-admiration-d1-v3,admiration,love,love,false,30,m,random
B-admiration-d1-v4,admiration,awe,awe,false,30,m,random
B-admiration-d2-v1,admiration,guilt,guilt,false,30,m,random
B-admiration-d2-v2,admiration,sadness,sadness,false,30,m,random
B-admiration-d2-v3,admiration,guilt,regret,true,30,m,random
B-admiration-d2-v4,admiration,pride,pride,false,30,m,random
B-admiration-d3-v1,admiration,pride,pride,false,30,m,random
B-admiration-d3-v2,admiration,relief,hope,true,30,m,random
B-admiration-d3-v3,admiration,determination,determination,false,30,m,random
B-admiration-d3-v4,admiration,empathy,hope,true,30,m,random
B-amazement-d1-v1,amazement,awe,awe,false,30,m,random
B-amazement-d1-v2,amazement,awe,awe,false,30,m,random
B-amazement-d1-v3,amazement,awe,awe,false,30,m,random
B-amazement-d1-v4,amazement,fear,fear,false,30,m,random
B-amazement-d2-v1,amazement,relief,"",true,30,m,random
B-amazement-d2-v2,amazement,awe,am,true,30,m,random
B-amazement-d2-v3,amazement,compassion,relief,true,30,m,random
B-amazement-d2-v4,amazement,relief,hope,true,30,m,random
B-amazement-d3-v1,amazement,surprise,joy,true,30,m,random
B-amazement-d3-v2,amazement,surprise,am,true,30,m,random
B-amazement-d3-v3,amazement,surprise,relief,true,30,m,random
B-amazement-d3-v4,amazement,surprise,awe,true,30,m,random
B-ecstasy-d1-v1,ecstasy,joy,joy,false,30,m,random
B-ecstasy-d1-v2,ecstasy,fear,"",true,30,m,random
B-ecstasy-d1-v3,ecstasy,joy,joy,false,30,m,random
B-ecstasy-d1-v4,ecstasy,pride,pride,false,30,m,random
B-ecstasy-d2-v1,ecstasy,joy,surprise,true,30,m,random
B-ecstasy-d2-v2,ecstasy,joy,relief,true,30,m,random
B-ecstasy-d2-v3,ecstasy,relief,relief,false,30,m,random
B-ecstasy-d2-v4,ecstasy,happiness,happiness,false,30,m,random
B-ecstasy-d3-v1,ecstasy,joy,surprise,true,30,m,random
B-ecstasy-d3-v2,ecstasy,awe,wonder,true,30,m,random
B-ecstasy-d3-v3,ecstasy,surprise,surprise,false,30,m,random
B-ecstasy-d3-v4,ecstasy,excitement,excitement,false,30,m,random
B-grief-d1-v1,grief,sadness,sadness,false,30,m,random
B-grief-d1-v2,grief,sadness,sadness,false,30,m,random
B-grief-d1-v3,grief,sadness,sadness,false,30,m,random
B-grief-d1-v4,grief,sadness,sadness,false,30,m,random
B-grief-d2-v1,grief,sadness,regret,true,30,m,random
B-grief-d2-v2,grief,sadness,anger,true,30,m,random
B-grief-d2-v3,grief,sadness,sadness,false,30,m,random
B-grief-d2-v4,grief,sadness,sadness,false,30,m,random
B-grief-d3-v1,grief,fear,fear,false,30,m,random
B-grief-d3-v2,grief,sadness,sadness,false,30,m,random
B-grief-d3-v3,grief,sadness,"",true,30,m,random
B-grief-d3-v4,grief,sadness,sadness,false,30,m,random
B-loathing-d1-v1,loathing,disgust,disgust,false,30,m,random
B-loathing-d1-v2,loathing,anger,anger,false,30,m,random
B-loathing-d1-v3,loathing,anger,anger,false,30,m,random
B-loathing-d1-v4,loathing,anger,anger,false,30,m,random
B-loathing-d2-v1,loathing,disgust,fear,true,30,m,random
B-loathing-d2-v2,loathing,disgust,disgust,false,30,m,random
B-loathing-d2-v3,loathing,fear,fear,false,30,m,random
B-loathing-d2-v4,loathing,disgust,disgust,false,30,m,random
B-loathing-d3-v1,loathing,anger,anger,false,30,m,random
B-loathing-d3-v2,loathing,disgust,anger,true,30,m,random
B-loathing-d3-v3,loathing,disgust,surprise,true,30,m,random
B-loathing-d3-v4,loathing,anger,anger,false,30,m,random
B-rage-d1-v1,rage,anger,anger,false,30,m,random
B-rage-d1-v2,rage,anger,anger,false,30,m,random
B-rage-d1-v3,rage,anger,anger,false,30,m,random
B-rage-d1-v4,rage,anger,anger,false,30,m,random
B-rage-d2-v1,rage,anger,neutral,true,30,m,random
B-rage-d2-v2,rage,anger,anger,false,30,m,random
B-rage-d2-v3,rage,anger,anger,false,30,m,random
B-rage-d2-v4,rage,anger,anger,false,30,m,random
B-rage-d3-v1,rage,anger,anger,false,30,m,random
B-rage-d3-v2,rage,fear,fear,false,30,m,random
B-rage-d3-v3,rage,anger,anger,false,30,m,random
B-rage-d3-v4,rage,anger,fear,true,30,m,random
B-terror-d1-v1,terror,fear,fear,false,30,m,random
B-terror-d1-v2,terror,fear,fear,false,30,m,random
B-terror-d1-v3,terror,fear,fear,false,30,m,random
B-terror-d1-v4,terror,fear,fear,false,30,m,random
B-terror-d2-v1,terror,fear,fear,false,30,m,random
B-terror-d2-v2,terror,fear,fear,false,30,m,random
B-terror-d2-v3,terror,fear,fear,false,30,m,random
B-terror-d2-v4,terror,fear,fear,false,30,m,random
B-terror-d3-v1,terror,fear,fear,false,30,m,random
B-terror-d3-v2,terror,fear,fear,false,30,m,random
B-terror-d3-v3,terror,fear,fear,false,30,m,random
B-terror-d3-v4,terror,fear,fear,false,30,m,random
B-vigilance-d1-v1,vigilance,fear,worry,true,30,m,random
B-vigilance-d1-v2,vigilance,fear,"",true,30,m,random
B-vigilance-d1-v3,vigilance,fear,worry,true,30,m,random
B-vigilance-d1-v4,vigilance,concern,concern,false,30,m,random
B-vigilance-d2-v1,vigilance,fear,fear,false,30,m,random
B-vigilance-d2-v2,vigilance,anxiety,anticipation,true,30,m,random
B-vigilance-d2-v3,vigilance,anxiety,suspense,true,30,m,random
B-vigilance-d2-v4,vigilance,fear,fear,false,30,m,random
B-vigilance-d3-v1,vigilance,anticipation,tension,true,30,m,random
B-vigilance-d3-v2,vigilance,fear,fear,false,30,m,random
B-vigilance-d3-v3,vigilance,fear,fear,false,30,m,random
B-vigilance-d3-v4,vigilance,fear,fear,false,30,m,random
B-admiration-d1-v1,admiration,awe,"",true,31,m,random
B-admiration-d1-v2,admiration,pride,relief,true,31,m,random
B-admiration-d1-v3,admiration,love,pride,true,31,m,random
B-admiration-d1-v4,admiration,awe,content,true,31,m,random
B-admiration-d2-v1,admiration,guilt,"",true,31,m,random
B-admiration-d2-v2,admiration,sadness,Sad,true,31,m,random
B-admiration-d2-v3,admiration,guilt,amb,true,31,m,random
B-admiration-d2-v4,admiration,pride,self,true,31,m,random
B-admiration-d3-v1,admiration,pride,purpose,true,31,m,random
B-admiration-d3-v2,admiration,relief,hope,true,31,m,random
B-admiration-d3-v3,admiration,determination,hope,true,31,m,random
B-admiration-d3-v4,admiration,empathy,"",true,31,m,random
B-amazement-d1-v1,amazement,awe,wonder,true,31,m,random
B-amazement-d1-v2,amazement,awe,surprise,true,31,m,random
B-amazement-d1-v3,amazement,awe,wonder,true,31,m,random
B-amazement-d1-v4,amazement,fear,anxiety,true,31,m,random
B-amazement-d2-v1,amazement,relief,peace,true,31,m,random
B-amazement-d2-v2,amazement,awe,wonder,true,31,m,random
B-amazement-d2-v3,amazement,compassion,am,true,31,m,random
B-amazement-d2-v4,amazement,relief,(,true,31,m,random
B-amazement-d3-v1,amazement,surprise,understanding,true,31,m,random
B-amazement-d3-v2,amazement,surprise,wonder,true,31,m,random
B-amazement-d3-v3,amazement,surprise,relief,true,31,m,random
B-amazement-d3-v4,amazement,surprise,genuine,true,31,m,random
B-ecstasy-d1-v1,ecstasy,joy,mixed,true,31,m,random
B-ecstasy-d1-v2,ecstasy,fear,"",true,31,m,random
B-ecstasy-d1-v3,ecstasy,joy,el,true,31,m,random
B-ecstasy-d1-v4,ecstasy,pride,relief,true,31,m,random
B-ecstasy-d2-v1,ecstasy,joy,surprise,true,31,m,random
B-ecstasy-d2-v2,ecstasy,joy,relief,true,31,m,random
B-ecstasy-d2-v3,ecstasy,relief,love,true,31,m,random
B-ecstasy-d2-v4,ecstasy,happiness,slight,true,31,m,random
B-ecstasy-d3-v1,ecstasy,joy,wonder,true,31,m,random
B-ecstasy-d3-v2,ecstasy,awe,wonder,true,31,m,random
B-ecstasy-d3-v3,ecstasy,surprise,el,true,31,m,random
B-ecstasy-d3-v4,ecstasy,excitement,am,true,31,m,random
B-grief-d1-v1,grief,sadness,loss,true,31,m,random
B-grief-d1-v2,grief,sadness,sorrow,true,31,m,random
B-grief-d1-v3,grief,sadness,hope,true,31,m,random
B-grief-d1-v4,grief,sadness,unw,true,31,m,random
B-grief-d2-v1,grief,sadness,Sad,true,31,m,random
B-grief-d2-v2,grief,sadness,mixed,true,31,m,random
B-grief-d2-v3,grief,sadness,resignation,true,31,m,random
B-grief-d2-v4,grief,sadness,empt,true,31,m,random
B-grief-d3-v1,grief,fear,appreh,true,31,m,random
B-grief-d3-v2,grief,sadness,sorrow,true,31,m,random
B-grief-d3-v3,grief,sadness,regret,true,31,m,random
B-grief-d3-v4,grief,sadness,(,true,31,m,random
B-loathing-d1-v1,loathing,disgust,mixed,true,31,m,random
B-loathing-d1-v2,loathing,anger,shock,true,31,m,random
B-loathing-d1-v3,loathing,anger,p,true,31,m,random
B-loathing-d1-v4,loathing,anger,upset,true,31,m,random
B-loathing-d2-v1,loathing,disgust,rep,true,31,m,random
B-loathing-d2-v2,loathing,disgust,dist,true,31,m,random
B-loathing-d2-v3,loathing,fear,rep,true,31,m,random
B-loathing-d2-v4,loathing,disgust,rev,true,31,m,random
B-loathing-d3-v1,loathing,anger,shock,true,31,m,random
B-loathing-d3-v2,loathing,disgust,schem,true,31,m,random
B-loathing-d3-v3,loathing,disgust,iron,true,31,m,random
B-loathing-d3-v4,loathing,anger,none,true,31,m,random
B-rage-d1-v1,rage,anger,rage,true,31,m,random
B-rage-d1-v2,rage,anger,(,true,31,m,random
B-rage-d1-v3,rage,anger,anger,false,31,m,random
B-rage-d1-v4,rage,anger,—,true,31,m,random
B-rage-d2-v1,rage,anger,no,true,31,m,random
B-rage-d2-v2,rage,anger,worry,true,31,m,random
B-rage-d2-v3,rage,anger,surprise,true,31,m,random
B-rage-d2-v4,rage,anger,dread,true,31,m,random
B-rage-d3-v1,rage,anger,rev,true,31,m,random
B-rage-d3-v2,rage,fear,ajor,true,31,m,random
B-rage-d3-v3,rage,anger,doubt,true,31,m,random
B-rage-d3-v4,rage,anger,fear,true,31,m,random
B-terror-d1-v1,terror,fear,general,true,31,m,random
B-terror-d1-v2,terror,fear,fear,false,31,m,random
B-terror-d1-v3,terror,fear,surprise,true,31,m,random
B-terror-d1-v4,terror,fear,fear,false,31,m,random
B-terror-d2-v1,terror,fear,surprise,true,31,m,random
B-terror-d2-v2,terror,fear,mixed,true,31,m,random
B-terror-d2-v3,terror,fear,fear,false,31,m,random
B-terror-d2-v4,terror,fear,fear,false,31,m,random
B-terror-d3-v1,terror,fear,ab,true,31,m,random
B-terror-d3-v2,terror,fear,"",true,31,m,random
B-terror-d3-v3,terror,fear,concern,true,31,m,random
B-terror-d3-v4,terror,fear,stress,true,31,m,random
B-vigilance-d1-v1,vigilance,fear,focus,true,31,m,random
B-vigilance-d1-v2,vigilance,fear,joy,true,31,m,random
B-vigilance-d1-v3,vigilance,fear,amb,true,31,m,random
B-vigilance-d1-v4,vigilance,concern,Emp,true,31,m,random
B-vigilance-d2-v1,vigilance,fear,sur,true,31,m,random
B-vigilance-d2-v2,vigilance,anxiety,ek,true,31,m,random
B-vigilance-d2-v3,vigilance,anxiety,appreh,true,31,m,random
B-vigilance-d2-v4,vigilance,fear,pre,true,31,m,random
B-vigilance-d3-v1,vigilance,anticipation,alert,true,31,m,random
B-vigilance-d3-v2,vigilance,fear,fear,false,31,m,random
B-vigilance-d3-v3,vigilance,fear,(,true,31,m,random
B-vigilance-d3-v4,vigilance,fear,neutral,true,31,m,random
