id,emotion,original_pred,ko_pred,changed,layer,act_type,knockout_type
B-admiration-d1-v1,admiration,admiration,admiration,false,0,m,zero
B-admiration-d1-v2,admiration,empathy,empathy,false,0,m,zero
B-admiration-d1-v3,admiration,admiration,admiration,false,0,m,zero
B-admiration-d1-v4,admiration,admiration,admiration,false,0,m,zero
B-admiration-d2-v1,admiration,guilt,guilt,false,0,m,zero
B-admiration-d2-v2,admiration,compassion,compassion,false,0,m,zero
B-admiration-d2-v3,admiration,guilt,guilt,false,0,m,zero
B-admiration-d2-v4,admiration,dedication,dedication,false,0,m,zero
B-admiration-d3-v1,admiration,pride,pride,false,0,m,zero
B-admiration-d3-v2,admiration,relief,relief,false,0,m,zero
B-admiration-d3-v3,admiration,determination,determination,false,0,m,zero
B-admiration-d3-v4,admiration,empathy,empathy,false,0,m,zero
B-amazement-d1-v1,amazement,awe,awe,false,0,m,zero
B-amazement-d1-v2,amazement,awe,awe,false,0,m,zero
B-amazement-d1-v3,amazement,awe,awe,false,0,m,zero
B-amazement-d1-v4,amazement,awe,awe,false,0,m,zero
B-amazement-d2-v1,amazement,relief,relief,false,0,m,zero
B-amazement-d2-v2,amazement,awe,awe,false,0,m,zero
B-amazement-d2-v3,amazement,relief,relief,false,0,m,zero
B-amazement-d2-v4,amazement,relief,relief,false,0,m,zero
B-amazement-d3-v1,amazement,surprise,surprise,false,0,m,zero
B-amazement-d3-v2,amazement,excitement,excitement,false,0,m,zero
B-amazement-d3-v3,amazement,relief,relief,false,0,m,zero
B-amazement-d3-v4,amazement,surprise,surprise,false,0,m,zero
B-ecstasy-d1-v1,ecstasy,relief,relief,false,0,m,zero
B-ecstasy-d1-v2,ecstasy,despair,despair,false,0,m,zero
B-ecstasy-d1-v3,ecstasy,el,el,false,0,m,zero
B-ecstasy-d1-v4,ecstasy,pride,pride,false,0,m,zero
B-ecstasy-d2-v1,ecstasy,a,relief,true,0,m,zero
B-ecstasy-d2-v2,ecstasy,relief,relief,false,0,m,zero
B-ecstasy-d2-v3,ecstasy,nostalgia,nostalgia,false,0,m,zero
B-ecstasy-d2-v4,ecstasy,happiness,happiness,false,0,m,zero
B-ecstasy-d3-v1,ecstasy,excitement,excitement,false,0,m,zero
B-ecstasy-d3-v2,ecstasy,wonder,wonder,false,0,m,zero
B-ecstasy-d3-v3,ecstasy,excitement,excitement,false,0,m,zero
B-ecstasy-d3-v4,ecstasy,excitement,excitement,false,0,m,zero
B-grief-d1-v1,grief,grief,grief,false,0,m,zero
B-grief-d1-v2,grief,grief,grief,false,0,m,zero
B-grief-d1-v3,grief,grief,grief,false,0,m,zero
B-grief-d1-v4,grief,grief,grief,false,0,m,zero
B-grief-d2-v1,grief,despair,despair,false,0,m,zero
B-grief-d2-v2,grief,nostalgia,nostalgia,false,0,m,zero
B-grief-d2-v3,grief,melanch,melanch,false,0,m,zero
B-grief-d2-v4,grief,nostalgia,nostalgia,false,0,m,zero
B-grief-d3-v1,grief,anxiety,anxiety,false,0,m,zero
B-grief-d3-v2,grief,grief,grief,false,0,m,zero
B-grief-d3-v3,grief,melanch,sadness,true,0,m,zero
B-grief-d3-v4,grief,longing,longing,false,0,m,zero
B-loathing-d1-v1,loathing,disgust,disgust,false,0,m,zero
B-loathing-d1-v2,loathing,outrage,outrage,false,0,m,zero
B-loathing-d1-v3,loathing,outrage,outrage,false,0,m,zero
B-loathing-d1-v4,loathing,anger,anger,false,0,m,zero
B-loathing-d2-v1,loathing,disgust,disgust,false,0,m,zero
B-loathing-d2-v2,loathing,disgust,disgust,false,0,m,zero
B-loathing-d2-v3,loathing,disgust,disgust,false,0,m,zero
B-loathing-d2-v4,loathing,disgust,disgust,false,0,m,zero
B-loathing-d3-v1,loathing,shame,shame,false,0,m,zero
B-loathing-d3-v2,loathing,anger,anger,false,0,m,zero
B-loathing-d3-v3,loathing,embarrassment,embarrassment,false,0,m,zero
B-loathing-d3-v4,loathing,irony,anger,true,0,m,zero
B-rage-d1-v1,rage,anger,anger,false,0,m,zero
B-rage-d1-v2,rage,anger,anger,false,0,m,zero
B-rage-d1-v3,rage,anger,anger,false,0,m,zero
B-rage-d1-v4,rage,anger,anger,false,0,m,zero
B-rage-d2-v1,rage,relief,relief,false,0,m,zero
B-rage-d2-v2,rage,anger,anger,false,0,m,zero
B-rage-d2-v3,rage,anger,anger,false,0,m,zero
B-rage-d2-v4,rage,shock,shock,false,0,m,zero
B-rage-d3-v1,rage,shock,shock,false,0,m,zero
B-rage-d3-v2,rage,anger,anger,false,0,m,zero
B-rage-d3-v3,rage,anger,anger,false,0,m,zero
B-rage-d3-v4,rage,fear,fear,false,0,m,zero
B-terror-d1-v1,terror,fear,fear,false,0,m,zero
B-terror-d1-v2,terror,suspicion,suspicion,false,0,m,zero
B-terror-d1-v3,terror,fear,fear,false,0,m,zero
B-terror-d1-v4,terror,anxiety,anxiety,false,0,m,zero
B-terror-d2-v1,terror,anxiety,anxiety,false,0,m,zero
B-terror-d2-v2,terror,anxiety,anxiety,false,0,m,zero
B-terror-d2-v3,terror,anxiety,anxiety,false,0,m,zero
B-terror-d2-v4,terror,fear,fear,false,0,m,zero
B-terror-d3-v1,terror,fear,fear,false,0,m,zero
B-terror-d3-v2,terror,anxiety,anxiety,false,0,m,zero
B-terror-d3-v3,terror,fear,fear,false,0,m,zero
B-terror-d3-v4,terror,fear,fear,false,0,m,zero
B-vigilance-d1-v1,vigilance,concern,concern,false,0,m,zero
B-vigilance-d1-v2,vigilance,anxiety,anxiety,false,0,m,zero
B-vigilance-d1-v3,vigilance,anxiety,anxiety,false,0,m,zero
B-vigilance-d1-v4,vigilance,concern,concern,false,0,m,zero
B-vigilance-d2-v1,vigilance,anxiety,focus,true,0,m,zero
B-vigilance-d2-v2,vigilance,anticipation,anticipation,false,0,m,zero
B-vigilance-d2-v3,vigilance,focus,focus,false,0,m,zero
B-vigilance-d2-v4,vigilance,focus,focus,false,0,m,zero
B-vigilance-d3-v1,vigilance,focus,focus,false,0,m,zero
B-vigilance-d3-v2,vigilance,focus,focus,false,0,m,zero
B-vigilance-d3-v3,vigilance,concern,concern,false,0,m,zero
B-vigilance-d3-v4,vigilance,alert,alert,false,0,m,zero
B-admiration-d1-v1,admiration,admiration,admiration,false,1,m,zero
B-admiration-d1-v2,admiration,empathy,gratitude,true,1,m,zero
B-admiration-d1-v3,admiration,admiration,admiration,false,1,m,zero
B-admiration-d1-v4,admiration,admiration,admiration,false,1,m,zero
B-admiration-d2-v1,admiration,guilt,guilt,false,1,m,zero
B-admiration-d2-v2,admiration,compassion,compassion,false,1,m,zero
B-admiration-d2-v3,admiration,guilt,guilt,false,1,m,zero
B-admiration-d2-v4,admiration,dedication,dedication,false,1,m,zero
B-admiration-d3-v1,admiration,pride,pride,false,1,m,zero
B-admiration-d3-v2,admiration,relief,relief,false,1,m,zero
B-admiration-d3-v3,admiration,determination,determination,false,1,m,zero
B-admiration-d3-v4,admiration,empathy,empathy,false,1,m,zero
B-amazement-d1-v1,amazement,awe,awe,false,1,m,zero
B-amazement-d1-v2,amazement,awe,awe,false,1,m,zero
B-amazement-d1-v3,amazement,awe,awe,false,1,m,zero
B-amazement-d1-v4,amazement,awe,awe,false,1,m,zero
B-amazement-d2-v1,amazement,relief,relief,false,1,m,zero
B-amazement-d2-v2,amazement,awe,awe,false,1,m,zero
B-amazement-d2-v3,amazement,relief,relief,false,1,m,zero
B-amazement-d2-v4,amazement,relief,relief,false,1,m,zero
B-amazement-d3-v1,amazement,surprise,surprise,false,1,m,zero
B-amazement-d3-v2,amazement,excitement,excitement,false,1,m,zero
B-amazement-d3-v3,amazement,relief,relief,false,1,m,zero
B-amazement-d3-v4,amazement,surprise,surprise,false,1,m,zero
B-ecstasy-d1-v1,ecstasy,relief,relief,false,1,m,zero
B-ecstasy-d1-v2,ecstasy,despair,despair,false,1,m,zero
B-ecstasy-d1-v3,ecstasy,el,el,false,1,m,zero
B-ecstasy-d1-v4,ecstasy,pride,pride,false,1,m,zero
B-ecstasy-d2-v1,ecstasy,a,relief,true,1,m,zero
B-ecstasy-d2-v2,ecstasy,relief,relief,false,1,m,zero
B-ecstasy-d2-v3,ecstasy,nostalgia,nostalgia,false,1,m,zero
B-ecstasy-d2-v4,ecstasy,happiness,happiness,false,1,m,zero
B-ecstasy-d3-v1,ecstasy,excitement,excitement,false,1,m,zero
B-ecstasy-d3-v2,ecstasy,wonder,wonder,false,1,m,zero
B-ecstasy-d3-v3,ecstasy,excitement,excitement,false,1,m,zero
B-ecstasy-d3-v4,ecstasy,excitement,excitement,false,1,m,zero
B-grief-d1-v1,grief,grief,grief,false,1,m,zero
B-grief-d1-v2,grief,grief,grief,false,1,m,zero
B-grief-d1-v3,grief,grief,grief,false,1,m,zero
B-grief-d1-v4,grief,grief,grief,false,1,m,zero
B-grief-d2-v1,grief,despair,despair,false,1,m,zero
B-grief-d2-v2,grief,nostalgia,nostalgia,false,1,m,zero
B-grief-d2-v3,grief,melanch,melanch,false,1,m,zero
B-grief-d2-v4,grief,nostalgia,nostalgia,false,1,m,zero
B-grief-d3-v1,grief,anxiety,anxiety,false,1,m,zero
B-grief-d3-v2,grief,grief,grief,false,1,m,zero
B-grief-d3-v3,grief,melanch,sadness,true,1,m,zero
B-grief-d3-v4,grief,longing,longing,false,1,m,zero
B-loathing-d1-v1,loathing,disgust,disgust,false,1,m,zero
B-loathing-d1-v2,loathing,outrage,outrage,false,1,m,zero
B-loathing-d1-v3,loathing,outrage,outrage,false,1,m,zero
B-loathing-d1-v4,loathing,anger,anger,false,1,m,zero
B-loathing-d2-v1,loathing,disgust,disgust,false,1,m,zero
B-loathing-d2-v2,loathing,disgust,disgust,false,1,m,zero
B-loathing-d2-v3,loathing,disgust,disgust,false,1,m,zero
B-loathing-d2-v4,loathing,disgust,disgust,false,1,m,zero
B-loathing-d3-v1,loathing,shame,shame,false,1,m,zero
B-loathing-d3-v2,loathing,anger,anger,false,1,m,zero
B-loathing-d3-v3,loathing,embarrassment,embarrassment,false,1,m,zero
B-loathing-d3-v4,loathing,irony,irony,false,1,m,zero
B-rage-d1-v1,rage,anger,anger,false,1,m,zero
B-rage-d1-v2,rage,anger,anger,false,1,m,zero
B-rage-d1-v3,rage,anger,anger,false,1,m,zero
B-rage-d1-v4,rage,anger,anger,false,1,m,zero
B-rage-d2-v1,rage,relief,relief,false,1,m,zero
B-rage-d2-v2,rage,anger,anger,false,1,m,zero
B-rage-d2-v3,rage,anger,anger,false,1,m,zero
B-rage-d2-v4,rage,shock,shock,false,1,m,zero
B-rage-d3-v1,rage,shock,shock,false,1,m,zero
B-rage-d3-v2,rage,anger,anger,false,1,m,zero
B-rage-d3-v3,rage,anger,anger,false,1,m,zero
B-rage-d3-v4,rage,fear,fear,false,1,m,zero
B-terror-d1-v1,terror,fear,fear,false,1,m,zero
B-terror-d1-v2,terror,suspicion,suspicion,false,1,m,zero
B-terror-d1-v3,terror,fear,fear,false,1,m,zero
B-terror-d1-v4,terror,anxiety,anxiety,false,1,m,zero
B-terror-d2-v1,terror,anxiety,anxiety,false,1,m,zero
B-terror-d2-v2,terror,anxiety,anxiety,false,1,m,zero
B-terror-d2-v3,terror,anxiety,anxiety,false,1,m,zero
B-terror-d2-v4,terror,fear,fear,false,1,m,zero
B-terror-d3-v1,terror,fear,fear,false,1,m,zero
B-terror-d3-v2,terror,anxiety,anxiety,false,1,m,zero
B-terror-d3-v3,terror,fear,fear,false,1,m,zero
B-terror-d3-v4,terror,fear,fear,false,1,m,zero
B-vigilance-d1-v1,vigilance,concern,concern,false,1,m,zero
B-vigilance-d1-v2,vigilance,anxiety,anxiety,false,1,m,zero
B-vigilance-d1-v3,vigilance,anxiety,anxiety,false,1,m,zero
B-vigilance-d1-v4,vigilance,concern,concern,false,1,m,zero
B-vigilance-d2-v1,vigilance,anxiety,anxiety,false,1,m,zero
B-vigilance-d2-v2,vigilance,anticipation,anticipation,false,1,m,zero
B-vigilance-d2-v3,vigilance,focus,focus,false,1,m,zero
B-vigilance-d2-v4,vigilance,focus,focus,false,1,m,zero
B-vigilance-d3-v1,vigilance,focus,focus,false,1,m,zero
B-vigilance-d3-v2,vigilance,focus,focus,false,1,m,zero
B-vigilance-d3-v3,vigilance,concern,concern,false,1,m,zero
B-vigilance-d3-v4,vigilance,alert,alert,false,1,m,zero
B-admiration-d1-v1,admiration,admiration,admiration,false,2,m,zero
B-admiration-d1-v2,admiration,empathy,gratitude,true,2,m,zero
B-admiration-d1-v3,admiration,admiration,admiration,false,2,m,zero
B-admiration-d1-v4,admiration,admiration,admiration,false,2,m,zero
B-admiration-d2-v1,admiration,guilt,guilt,false,2,m,zero
B-admiration-d2-v2,admiration,compassion,compassion,false,2,m,zero
B-admiration-d2-v3,admiration,guilt,guilt,false,2,m,zero
B-admiration-d2-v4,admiration,dedication,dedication,false,2,m,zero
B-admiration-d3-v1,admiration,pride,pride,false,2,m,zero
B-admiration-d3-v2,admiration,relief,relief,false,2,m,zero
B-admiration-d3-v3,admiration,determination,determination,false,2,m,zero
B-admiration-d3-v4,admiration,empathy,empathy,false,2,m,zero
B-amazement-d1-v1,amazement,awe,awe,false,2,m,zero
B-amazement-d1-v2,amazement,awe,awe,false,2,m,zero
B-amazement-d1-v3,amazement,awe,awe,false,2,m,zero
B-amazement-d1-v4,amazement,awe,awe,false,2,m,zero
B-amazement-d2-v1,amazement,relief,relief,false,2,m,zero
B-amazement-d2-v2,amazement,awe,awe,false,2,m,zero
B-amazement-d2-v3,amazement,relief,relief,false,2,m,zero
B-amazement-d2-v4,amazement,relief,relief,false,2,m,zero
B-amazement-d3-v1,amazement,surprise,surprise,false,2,m,zero
B-amazement-d3-v2,amazement,excitement,excitement,false,2,m,zero
B-amazement-d3-v3,amazement,relief,relief,false,2,m,zero
B-amazement-d3-v4,amazement,surprise,surprise,false,2,m,zero
B-ecstasy-d1-v1,ecstasy,relief,relief,false,2,m,zero
B-ecstasy-d1-v2,ecstasy,despair,despair,false,2,m,zero
B-ecstasy-d1-v3,ecstasy,el,el,false,2,m,zero
B-ecstasy-d1-v4,ecstasy,pride,pride,false,2,m,zero
B-ecstasy-d2-v1,ecstasy,a,relief,true,2,m,zero
B-ecstasy-d2-v2,ecstasy,relief,relief,false,2,m,zero
B-ecstasy-d2-v3,ecstasy,nostalgia,nostalgia,false,2,m,zero
B-ecstasy-d2-v4,ecstasy,happiness,happiness,false,2,m,zero
B-ecstasy-d3-v1,ecstasy,excitement,excitement,false,2,m,zero
B-ecstasy-d3-v2,ecstasy,wonder,wonder,false,2,m,zero
B-ecstasy-d3-v3,ecstasy,excitement,excitement,false,2,m,zero
B-ecstasy-d3-v4,ecstasy,excitement,excitement,false,2,m,zero
B-grief-d1-v1,grief,grief,grief,false,2,m,zero
B-grief-d1-v2,grief,grief,grief,false,2,m,zero
B-grief-d1-v3,grief,grief,grief,false,2,m,zero
B-grief-d1-v4,grief,grief,grief,false,2,m,zero
B-grief-d2-v1,grief,despair,despair,false,2,m,zero
B-grief-d2-v2,grief,nostalgia,nostalgia,false,2,m,zero
B-grief-d2-v3,grief,melanch,melanch,false,2,m,zero
B-grief-d2-v4,grief,nostalgia,nostalgia,false,2,m,zero
B-grief-d3-v1,grief,anxiety,anxiety,false,2,m,zero
B-grief-d3-v2,grief,grief,grief,false,2,m,zero
B-grief-d3-v3,grief,melanch,melanch,false,2,m,zero
B-grief-d3-v4,grief,longing,longing,false,2,m,zero
B-loathing-d1-v1,loathing,disgust,disgust,false,2,m,zero
B-loathing-d1-v2,loathing,outrage,outrage,false,2,m,zero
B-loathing-d1-v3,loathing,outrage,outrage,false,2,m,zero
B-loathing-d1-v4,loathing,anger,anger,false,2,m,zero
B-loathing-d2-v1,loathing,disgust,disgust,false,2,m,zero
B-loathing-d2-v2,loathing,disgust,disgust,false,2,m,zero
B-loathing-d2-v3,loathing,disgust,disgust,false,2,m,zero
B-loathing-d2-v4,loathing,disgust,disgust,false,2,m,zero
B-loathing-d3-v1,loathing,shame,shame,false,2,m,zero
B-loathing-d3-v2,loathing,anger,anger,false,2,m,zero
B-loathing-d3-v3,loathing,embarrassment,embarrassment,false,2,m,zero
B-loathing-d3-v4,loathing,irony,anger,true,2,m,zero
B-rage-d1-v1,rage,anger,anger,false,2,m,zero
B-rage-d1-v2,rage,anger,anger,false,2,m,zero
B-rage-d1-v3,rage,anger,anger,false,2,m,zero
B-rage-d1-v4,rage,anger,anger,false,2,m,zero
B-rage-d2-v1,rage,relief,relief,false,2,m,zero
B-rage-d2-v2,rage,anger,anger,false,2,m,zero
B-rage-d2-v3,rage,anger,anger,false,2,m,zero
B-rage-d2-v4,rage,shock,shock,false,2,m,zero
B-rage-d3-v1,rage,shock,shock,false,2,m,zero
B-rage-d3-v2,rage,anger,anger,false,2,m,zero
B-rage-d3-v3,rage,anger,anger,false,2,m,zero
B-rage-d3-v4,rage,fear,fear,false,2,m,zero
B-terror-d1-v1,terror,fear,fear,false,2,m,zero
B-terror-d1-v2,terror,suspicion,suspicion,false,2,m,zero
B-terror-d1-v3,terror,fear,fear,false,2,m,zero
B-terror-d1-v4,terror,anxiety,anxiety,false,2,m,zero
B-terror-d2-v1,terror,anxiety,anxiety,false,2,m,zero
B-terror-d2-v2,terror,anxiety,anxiety,false,2,m,zero
B-terror-d2-v3,terror,anxiety,anxiety,false,2,m,zero
B-terror-d2-v4,terror,fear,fear,false,2,m,zero
B-terror-d3-v1,terror,fear,fear,false,2,m,zero
B-terror-d3-v2,terror,anxiety,anxiety,false,2,m,zero
B-terror-d3-v3,terror,fear,fear,false,2,m,zero
B-terror-d3-v4,terror,fear,fear,false,2,m,zero
B-vigilance-d1-v1,vigilance,concern,concern,false,2,m,zero
B-vigilance-d1-v2,vigilance,anxiety,anxiety,false,2,m,zero
B-vigilance-d1-v3,vigilance,anxiety,anxiety,false,2,m,zero
B-vigilance-d1-v4,vigilance,concern,concern,false,2,m,zero
B-vigilance-d2-v1,vigilance,anxiety,concern,true,2,m,zero
B-vigilance-d2-v2,vigilance,anticipation,anticipation,false,2,m,zero
B-vigilance-d2-v3,vigilance,focus,focus,false,2,m,zero
B-vigilance-d2-v4,vigilance,focus,focus,false,2,m,zero
B-vigilance-d3-v1,vigilance,focus,focus,false,2,m,zero
B-vigilance-d3-v2,vigilance,focus,focus,false,2,m,zero
B-vigilance-d3-v3,vigilance,concern,concern,false,2,m,zero
B-vigilance-d3-v4,vigilance,alert,alert,false,2,m,zero
B-admiration-d1-v1,admiration,admiration,admiration,false,3,m,zero
B-admiration-d1-v2,admiration,empathy,empathy,false,3,m,zero
B-admiration-d1-v3,admiration,admiration,admiration,false,3,m,zero
B-admiration-d1-v4,admiration,admiration,admiration,false,3,m,zero
B-admiration-d2-v1,admiration,guilt,guilt,false,3,m,zero
B-admiration-d2-v2,admiration,compassion,compassion,false,3,m,zero
B-admiration-d2-v3,admiration,guilt,guilt,false,3,m,zero
B-admiration-d2-v4,admiration,dedication,dedication,false,3,m,zero
B-admiration-d3-v1,admiration,pride,pride,false,3,m,zero
B-admiration-d3-v2,admiration,relief,relief,false,3,m,zero
B-admiration-d3-v3,admiration,determination,determination,false,3,m,zero
B-admiration-d3-v4,admiration,empathy,empathy,false,3,m,zero
B-amazement-d1-v1,amazement,awe,awe,false,3,m,zero
B-amazement-d1-v2,amazement,awe,awe,false,3,m,zero
B-amazement-d1-v3,amazement,awe,awe,false,3,m,zero
B-amazement-d1-v4,amazement,awe,awe,false,3,m,zero
B-amazement-d2-v1,amazement,relief,relief,false,3,m,zero
B-amazement-d2-v2,amazement,awe,awe,false,3,m,zero
B-amazement-d2-v3,amazement,relief,relief,false,3,m,zero
B-amazement-d2-v4,amazement,relief,relief,false,3,m,zero
B-amazement-d3-v1,amazement,surprise,surprise,false,3,m,zero
B-amazement-d3-v2,amazement,excitement,excitement,false,3,m,zero
B-amazement-d3-v3,amazement,relief,relief,false,3,m,zero
B-amazement-d3-v4,amazement,surprise,surprise,false,3,m,zero
B-ecstasy-d1-v1,ecstasy,relief,relief,false,3,m,zero
B-ecstasy-d1-v2,ecstasy,despair,despair,false,3,m,zero
B-ecstasy-d1-v3,ecstasy,el,el,false,3,m,zero
B-ecstasy-d1-v4,ecstasy,pride,pride,false,3,m,zero
B-ecstasy-d2-v1,ecstasy,a,a,false,3,m,zero
B-ecstasy-d2-v2,ecstasy,relief,relief,false,3,m,zero
B-ecstasy-d2-v3,ecstasy,nostalgia,nostalgia,false,3,m,zero
B-ecstasy-d2-v4,ecstasy,happiness,happiness,false,3,m,zero
B-ecstasy-d3-v1,ecstasy,excitement,excitement,false,3,m,zero
B-ecstasy-d3-v2,ecstasy,wonder,wonder,false,3,m,zero
B-ecstasy-d3-v3,ecstasy,excitement,excitement,false,3,m,zero
B-ecstasy-d3-v4,ecstasy,excitement,excitement,false,3,m,zero
B-grief-d1-v1,grief,grief,grief,false,3,m,zero
B-grief-d1-v2,grief,grief,grief,false,3,m,zero
B-grief-d1-v3,grief,grief,grief,false,3,m,zero
B-grief-d1-v4,grief,grief,grief,false,3,m,zero
B-grief-d2-v1,grief,despair,despair,false,3,m,zero
B-grief-d2-v2,grief,nostalgia,nostalgia,false,3,m,zero
B-grief-d2-v3,grief,melanch,melanch,false,3,m,zero
B-grief-d2-v4,grief,nostalgia,nostalgia,false,3,m,zero
B-grief-d3-v1,grief,anxiety,anxiety,false,3,m,zero
B-grief-d3-v2,grief,grief,grief,false,3,m,zero
B-grief-d3-v3,grief,melanch,sadness,true,3,m,zero
B-grief-d3-v4,grief,longing,longing,false,3,m,zero
B-loathing-d1-v1,loathing,disgust,disgust,false,3,m,zero
B-loathing-d1-v2,loathing,outrage,outrage,false,3,m,zero
B-loathing-d1-v3,loathing,outrage,outrage,false,3,m,zero
B-loathing-d1-v4,loathing,anger,anger,false,3,m,zero
B-loathing-d2-v1,loathing,disgust,disgust,false,3,m,zero
B-loathing-d2-v2,loathing,disgust,disgust,false,3,m,zero
B-loathing-d2-v3,loathing,disgust,disgust,false,3,m,zero
B-loathing-d2-v4,loathing,disgust,disgust,false,3,m,zero
B-loathing-d3-v1,loathing,shame,shame,false,3,m,zero
B-loathing-d3-v2,loathing,anger,anger,false,3,m,zero
B-loathing-d3-v3,loathing,embarrassment,embarrassment,false,3,m,zero
B-loathing-d3-v4,loathing,irony,anger,true,3,m,zero
B-rage-d1-v1,rage,anger,anger,false,3,m,zero
B-rage-d1-v2,rage,anger,anger,false,3,m,zero
B-rage-d1-v3,rage,anger,anger,false,3,m,zero
B-rage-d1-v4,rage,anger,anger,false,3,m,zero
B-rage-d2-v1,rage,relief,relief,false,3,m,zero
B-rage-d2-v2,rage,anger,anger,false,3,m,zero
B-rage-d2-v3,rage,anger,anger,false,3,m,zero
B-rage-d2-v4,rage,shock,shock,false,3,m,zero
B-rage-d3-v1,rage,shock,shock,false,3,m,zero
B-rage-d3-v2,rage,anger,anger,false,3,m,zero
B-rage-d3-v3,rage,anger,anger,false,3,m,zero
B-rage-d3-v4,rage,fear,fear,false,3,m,zero
B-terror-d1-v1,terror,fear,fear,false,3,m,zero
B-terror-d1-v2,terror,suspicion,suspicion,false,3,m,zero
B-terror-d1-v3,terror,fear,fear,false,3,m,zero
B-terror-d1-v4,terror,anxiety,anxiety,false,3,m,zero
B-terror-d2-v1,terror,anxiety,anxiety,false,3,m,zero
B-terror-d2-v2,terror,anxiety,anxiety,false,3,m,zero
B-terror-d2-v3,terror,anxiety,anxiety,false,3,m,zero
B-terror-d2-v4,terror,fear,fear,false,3,m,zero
B-terror-d3-v1,terror,fear,fear,false,3,m,zero
B-terror-d3-v2,terror,anxiety,anxiety,false,3,m,zero
B-terror-d3-v3,terror,fear,fear,false,3,m,zero
B-terror-d3-v4,terror,fear,fear,false,3,m,zero
B-vigilance-d1-v1,vigilance,concern,concern,false,3,m,zero
B-vigilance-d1-v2,vigilance,anxiety,anxiety,false,3,m,zero
B-vigilance-d1-v3,vigilance,anxiety,anxiety,false,3,m,zero
B-vigilance-d1-v4,vigilance,concern,concern,false,3,m,zero
B-vigilance-d2-v1,vigilance,anxiety,focus,true,3,m,zero
B-vigilance-d2-v2,vigilance,anticipation,anticipation,false,3,m,zero
B-vigilance-d2-v3,vigilance,focus,focus,false,3,m,zero
B-vigilance-d2-v4,vigilance,focus,focus,false,3,m,zero
B-vigilance-d3-v1,vigilance,focus,focus,false,3,m,zero
B-vigilance-d3-v2,vigilance,focus,focus,false,3,m,zero
B-vigilance-d3-v3,vigilance,concern,concern,false,3,m,zero
B-vigilance-d3-v4,vigilance,alert,alert,false,3,m,zero
B-admiration-d1-v1,admiration,admiration,admiration,false,4,m,zero
B-admiration-d1-v2,admiration,empathy,gratitude,true,4,m,zero
B-admiration-d1-v3,admiration,admiration,admiration,false,4,m,zero
B-admiration-d1-v4,admiration,admiration,admiration,false,4,m,zero
B-admiration-d2-v1,admiration,guilt,guilt,false,4,m,zero
B-admiration-d2-v2,admiration,compassion,compassion,false,4,m,zero
B-admiration-d2-v3,admiration,guilt,guilt,false,4,m,zero
B-admiration-d2-v4,admiration,dedication,dedication,false,4,m,zero
B-admiration-d3-v1,admiration,pride,pride,false,4,m,zero
B-admiration-d3-v2,admiration,relief,relief,false,4,m,zero
B-admiration-d3-v3,admiration,determination,determination,false,4,m,zero
B-admiration-d3-v4,admiration,empathy,empathy,false,4,m,zero
B-amazement-d1-v1,amazement,awe,awe,false,4,m,zero
B-amazement-d1-v2,amazement,awe,awe,false,4,m,zero
B-amazement-d1-v3,amazement,awe,awe,false,4,m,zero
B-amazement-d1-v4,amazement,awe,awe,false,4,m,zero
B-amazement-d2-v1,amazement,relief,relief,false,4,m,zero
B-amazement-d2-v2,amazement,awe,awe,false,4,m,zero
B-amazement-d2-v3,amazement,relief,relief,false,4,m,zero
B-amazement-d2-v4,amazement,relief,relief,false,4,m,zero
B-amazement-d3-v1,amazement,surprise,surprise,false,4,m,zero
B-amazement-d3-v2,amazement,excitement,excitement,false,4,m,zero
B-amazement-d3-v3,amazement,relief,relief,false,4,m,zero
B-amazement-d3-v4,amazement,surprise,surprise,false,4,m,zero
B-ecstasy-d1-v1,ecstasy,relief,relief,false,4,m,zero
B-ecstasy-d1-v2,ecstasy,despair,despair,false,4,m,zero
B-ecstasy-d1-v3,ecstasy,el,el,false,4,m,zero
B-ecstasy-d1-v4,ecstasy,pride,pride,false,4,m,zero
B-ecstasy-d2-v1,ecstasy,a,a,false,4,m,zero
B-ecstasy-d2-v2,ecstasy,relief,relief,false,4,m,zero
B-ecstasy-d2-v3,ecstasy,nostalgia,nostalgia,false,4,m,zero
B-ecstasy-d2-v4,ecstasy,happiness,happiness,false,4,m,zero
B-ecstasy-d3-v1,ecstasy,excitement,excitement,false,4,m,zero
B-ecstasy-d3-v2,ecstasy,wonder,wonder,false,4,m,zero
B-ecstasy-d3-v3,ecstasy,excitement,excitement,false,4,m,zero
B-ecstasy-d3-v4,ecstasy,excitement,excitement,false,4,m,zero
B-grief-d1-v1,grief,grief,grief,false,4,m,zero
B-grief-d1-v2,grief,grief,grief,false,4,m,zero
B-grief-d1-v3,grief,grief,grief,false,4,m,zero
B-grief-d1-v4,grief,grief,grief,false,4,m,zero
B-grief-d2-v1,grief,despair,despair,false,4,m,zero
B-grief-d2-v2,grief,nostalgia,nostalgia,false,4,m,zero
B-grief-d2-v3,grief,melanch,melanch,false,4,m,zero
B-grief-d2-v4,grief,nostalgia,nostalgia,false,4,m,zero
B-grief-d3-v1,grief,anxiety,anxiety,false,4,m,zero
B-grief-d3-v2,grief,grief,grief,false,4,m,zero
B-grief-d3-v3,grief,melanch,melanch,false,4,m,zero
B-grief-d3-v4,grief,longing,longing,false,4,m,zero
B-loathing-d1-v1,loathing,disgust,disgust,false,4,m,zero
B-loathing-d1-v2,loathing,outrage,outrage,false,4,m,zero
B-loathing-d1-v3,loathing,outrage,outrage,false,4,m,zero
B-loathing-d1-v4,loathing,anger,anger,false,4,m,zero
B-loathing-d2-v1,loathing,disgust,disgust,false,4,m,zero
B-loathing-d2-v2,loathing,disgust,disgust,false,4,m,zero
B-loathing-d2-v3,loathing,disgust,disgust,false,4,m,zero
B-loathing-d2-v4,loathing,disgust,disgust,false,4,m,zero
B-loathing-d3-v1,loathing,shame,shame,false,4,m,zero
B-loathing-d3-v2,loathing,anger,anger,false,4,m,zero
B-loathing-d3-v3,loathing,embarrassment,embarrassment,false,4,m,zero
B-loathing-d3-v4,loathing,irony,anger,true,4,m,zero
B-rage-d1-v1,rage,anger,anger,false,4,m,zero
B-rage-d1-v2,rage,anger,anger,false,4,m,zero
B-rage-d1-v3,rage,anger,anger,false,4,m,zero
B-rage-d1-v4,rage,anger,anger,false,4,m,zero
B-rage-d2-v1,rage,relief,relief,false,4,m,zero
B-rage-d2-v2,rage,anger,anger,false,4,m,zero
B-rage-d2-v3,rage,anger,anger,false,4,m,zero
B-rage-d2-v4,rage,shock,shock,false,4,m,zero
B-rage-d3-v1,rage,shock,shock,false,4,m,zero
B-rage-d3-v2,rage,anger,anger,false,4,m,zero
B-rage-d3-v3,rage,anger,anger,false,4,m,zero
B-rage-d3-v4,rage,fear,fear,false,4,m,zero
B-terror-d1-v1,terror,fear,fear,false,4,m,zero
B-terror-d1-v2,terror,suspicion,suspicion,false,4,m,zero
B-terror-d1-v3,terror,fear,fear,false,4,m,zero
B-terror-d1-v4,terror,anxiety,anxiety,false,4,m,zero
B-terror-d2-v1,terror,anxiety,anxiety,false,4,m,zero
B-terror-d2-v2,terror,anxiety,anxiety,false,4,m,zero
B-terror-d2-v3,terror,anxiety,anxiety,false,4,m,zero
B-terror-d2-v4,terror,fear,fear,false,4,m,zero
B-terror-d3-v1,terror,fear,fear,false,4,m,zero
B-terror-d3-v2,terror,anxiety,anxiety,false,4,m,zero
B-terror-d3-v3,terror,fear,fear,false,4,m,zero
B-terror-d3-v4,terror,fear,fear,false,4,m,zero
B-vigilance-d1-v1,vigilance,concern,concern,false,4,m,zero
B-vigilance-d1-v2,vigilance,anxiety,anxiety,false,4,m,zero
B-vigilance-d1-v3,vigilance,anxiety,anxiety,false,4,m,zero
B-vigilance-d1-v4,vigilance,concern,concern,false,4,m,zero
B-vigilance-d2-v1,vigilance,anxiety,anxiety,false,4,m,zero
B-vigilance-d2-v2,vigilance,anticipation,anticipation,false,4,m,zero
B-vigilance-d2-v3,vigilance,focus,focus,false,4,m,zero
B-vigilance-d2-v4,vigilance,focus,focus,false,4,m,zero
B-vigilance-d3-v1,vigilance,focus,focus,false,4,m,zero
B-vigilance-d3-v2,vigilance,focus,focus,false,4,m,zero
B-vigilance-d3-v3,vigilance,concern,concern,false,4,m,zero
B-vigilance-d3-v4,vigilance,alert,alert,false,4,m,zero
B-admiration-d1-v1,admiration,admiration,admiration,false,5,m,zero
B-admiration-d1-v2,admiration,empathy,empathy,false,5,m,zero
B-admiration-d1-v3,admiration,admiration,admiration,false,5,m,zero
B-admiration-d1-v4,admiration,admiration,calm,true,5,m,zero
B-admiration-d2-v1,admiration,guilt,guilt,false,5,m,zero
B-admiration-d2-v2,admiration,compassion,compassion,false,5,m,zero
B-admiration-d2-v3,admiration,guilt,guilt,false,5,m,zero
B-admiration-d2-v4,admiration,dedication,dedication,false,5,m,zero
B-admiration-d3-v1,admiration,pride,pride,false,5,m,zero
B-admiration-d3-v2,admiration,relief,relief,false,5,m,zero
B-admiration-d3-v3,admiration,determination,determination,false,5,m,zero
B-admiration-d3-v4,admiration,empathy,hope,true,5,m,zero
B-amazement-d1-v1,amazement,awe,awe,false,5,m,zero
B-amazement-d1-v2,amazement,awe,awe,false,5,m,zero
B-amazement-d1-v3,amazement,awe,awe,false,5,m,zero
B-amazement-d1-v4,amazement,awe,awe,false,5,m,zero
B-amazement-d2-v1,amazement,relief,relief,false,5,m,zero
B-amazement-d2-v2,amazement,awe,pride,true,5,m,zero
B-amazement-d2-v3,amazement,relief,relief,false,5,m,zero
B-amazement-d2-v4,amazement,relief,relief,false,5,m,zero
B-amazement-d3-v1,amazement,surprise,surprise,false,5,m,zero
B-amazement-d3-v2,amazement,excitement,excitement,false,5,m,zero
B-amazement-d3-v3,amazement,relief,relief,false,5,m,zero
B-amazement-d3-v4,amazement,surprise,surprise,false,5,m,zero
B-ecstasy-d1-v1,ecstasy,relief,relief,false,5,m,zero
B-ecstasy-d1-v2,ecstasy,despair,despair,false,5,m,zero
B-ecstasy-d1-v3,ecstasy,el,el,false,5,m,zero
B-ecstasy-d1-v4,ecstasy,pride,pride,false,5,m,zero
B-ecstasy-d2-v1,ecstasy,a,relief,true,5,m,zero
B-ecstasy-d2-v2,ecstasy,relief,relief,false,5,m,zero
B-ecstasy-d2-v3,ecstasy,nostalgia,nostalgia,false,5,m,zero
B-ecstasy-d2-v4,ecstasy,happiness,happiness,false,5,m,zero
B-ecstasy-d3-v1,ecstasy,excitement,excitement,false,5,m,zero
B-ecstasy-d3-v2,ecstasy,wonder,wonder,false,5,m,zero
B-ecstasy-d3-v3,ecstasy,excitement,excitement,false,5,m,zero
B-ecstasy-d3-v4,ecstasy,excitement,excitement,false,5,m,zero
B-grief-d1-v1,grief,grief,grief,false,5,m,zero
B-grief-d1-v2,grief,grief,grief,false,5,m,zero
B-grief-d1-v3,grief,grief,grief,false,5,m,zero
B-grief-d1-v4,grief,grief,grief,false,5,m,zero
B-grief-d2-v1,grief,despair,despair,false,5,m,zero
B-grief-d2-v2,grief,nostalgia,melanch,true,5,m,zero
B-grief-d2-v3,grief,melanch,melanch,false,5,m,zero
B-grief-d2-v4,grief,nostalgia,nostalgia,false,5,m,zero
B-grief-d3-v1,grief,anxiety,anxiety,false,5,m,zero
B-grief-d3-v2,grief,grief,grief,false,5,m,zero
B-grief-d3-v3,grief,melanch,sadness,true,5,m,zero
B-grief-d3-v4,grief,longing,longing,false,5,m,zero
B-loathing-d1-v1,loathing,disgust,disgust,false,5,m,zero
B-loathing-d1-v2,loathing,outrage,outrage,false,5,m,zero
B-loathing-d1-v3,loathing,outrage,outrage,false,5,m,zero
B-loathing-d1-v4,loathing,anger,anger,false,5,m,zero
B-loathing-d2-v1,loathing,disgust,disgust,false,5,m,zero
B-loathing-d2-v2,loathing,disgust,disgust,false,5,m,zero
B-loathing-d2-v3,loathing,disgust,disgust,false,5,m,zero
B-loathing-d2-v4,loathing,disgust,disgust,false,5,m,zero
B-loathing-d3-v1,loathing,shame,shame,false,5,m,zero
B-loathing-d3-v2,loathing,anger,anger,false,5,m,zero
B-loathing-d3-v3,loathing,embarrassment,embarrassment,false,5,m,zero
B-loathing-d3-v4,loathing,irony,irony,false,5,m,zero
B-rage-d1-v1,rage,anger,anger,false,5,m,zero
B-rage-d1-v2,rage,anger,anger,false,5,m,zero
B-rage-d1-v3,rage,anger,anger,false,5,m,zero
B-rage-d1-v4,rage,anger,anger,false,5,m,zero
B-rage-d2-v1,rage,relief,relief,false,5,m,zero
B-rage-d2-v2,rage,anger,anger,false,5,m,zero
B-rage-d2-v3,rage,anger,anger,false,5,m,zero
B-rage-d2-v4,rage,shock,shock,false,5,m,zero
B-rage-d3-v1,rage,shock,shock,false,5,m,zero
B-rage-d3-v2,rage,anger,anger,false,5,m,zero
B-rage-d3-v3,rage,anger,anger,false,5,m,zero
B-rage-d3-v4,rage,fear,fear,false,5,m,zero
B-terror-d1-v1,terror,fear,fear,false,5,m,zero
B-terror-d1-v2,terror,suspicion,suspicion,false,5,m,zero
B-terror-d1-v3,terror,fear,fear,false,5,m,zero
B-terror-d1-v4,terror,anxiety,anxiety,false,5,m,zero
B-terror-d2-v1,terror,anxiety,anxiety,false,5,m,zero
B-terror-d2-v2,terror,anxiety,anxiety,false,5,m,zero
B-terror-d2-v3,terror,anxiety,anxiety,false,5,m,zero
B-terror-d2-v4,terror,fear,fear,false,5,m,zero
B-terror-d3-v1,terror,fear,fear,false,5,m,zero
B-terror-d3-v2,terror,anxiety,anxiety,false,5,m,zero
B-terror-d3-v3,terror,fear,fear,false,5,m,zero
B-terror-d3-v4,terror,fear,fear,false,5,m,zero
B-vigilance-d1-v1,vigilance,concern,concern,false,5,m,zero
B-vigilance-d1-v2,vigilance,anxiety,anxiety,false,5,m,zero
B-vigilance-d1-v3,vigilance,anxiety,anxiety,false,5,m,zero
B-vigilance-d1-v4,vigilance,concern,concern,false,5,m,zero
B-vigilance-d2-v1,vigilance,anxiety,focus,true,5,m,zero
B-vigilance-d2-v2,vigilance,anticipation,anticipation,false,5,m,zero
B-vigilance-d2-v3,vigilance,focus,focus,false,5,m,zero
B-vigilance-d2-v4,vigilance,focus,focus,false,5,m,zero
B-vigilance-d3-v1,vigilance,focus,focus,false,5,m,zero
B-vigilance-d3-v2,vigilance,focus,focus,false,5,m,zero
B-vigilance-d3-v3,vigilance,concern,concern,false,5,m,zero
B-vigilance-d3-v4,vigilance,alert,alert,false,5,m,zero
B-admiration-d1-v1,admiration,admiration,admiration,false,6,m,zero
B-admiration-d1-v2,admiration,empathy,empathy,false,6,m,zero
B-admiration-d1-v3,admiration,admiration,admiration,false,6,m,zero
B-admiration-d1-v4,admiration,admiration,admiration,false,6,m,zero
B-admiration-d2-v1,admiration,guilt,guilt,false,6,m,zero
B-admiration-d2-v2,admiration,compassion,compassion,false,6,m,zero
B-admiration-d2-v3,admiration,guilt,guilt,false,6,m,zero
B-admiration-d2-v4,admiration,dedication,dedication,false,6,m,zero
B-admiration-d3-v1,admiration,pride,pride,false,6,m,zero
B-admiration-d3-v2,admiration,relief,relief,false,6,m,zero
B-admiration-d3-v3,admiration,determination,determination,false,6,m,zero
B-admiration-d3-v4,admiration,empathy,hope,true,6,m,zero
B-amazement-d1-v1,amazement,awe,awe,false,6,m,zero
B-amazement-d1-v2,amazement,awe,awe,false,6,m,zero
B-amazement-d1-v3,amazement,awe,awe,false,6,m,zero
B-amazement-d1-v4,amazement,awe,awe,false,6,m,zero
B-amazement-d2-v1,amazement,relief,relief,false,6,m,zero
B-amazement-d2-v2,amazement,awe,awe,false,6,m,zero
B-amazement-d2-v3,amazement,relief,relief,false,6,m,zero
B-amazement-d2-v4,amazement,relief,relief,false,6,m,zero
B-amazement-d3-v1,amazement,surprise,surprise,false,6,m,zero
B-amazement-d3-v2,amazement,excitement,excitement,false,6,m,zero
B-amazement-d3-v3,amazement,relief,relief,false,6,m,zero
B-amazement-d3-v4,amazement,surprise,surprise,false,6,m,zero
B-ecstasy-d1-v1,ecstasy,relief,relief,false,6,m,zero
B-ecstasy-d1-v2,ecstasy,despair,despair,false,6,m,zero
B-ecstasy-d1-v3,ecstasy,el,el,false,6,m,zero
B-ecstasy-d1-v4,ecstasy,pride,pride,false,6,m,zero
B-ecstasy-d2-v1,ecstasy,a,relief,true,6,m,zero
B-ecstasy-d2-v2,ecstasy,relief,relief,false,6,m,zero
B-ecstasy-d2-v3,ecstasy,nostalgia,nostalgia,false,6,m,zero
B-ecstasy-d2-v4,ecstasy,happiness,happiness,false,6,m,zero
B-ecstasy-d3-v1,ecstasy,excitement,excitement,false,6,m,zero
B-ecstasy-d3-v2,ecstasy,wonder,wonder,false,6,m,zero
B-ecstasy-d3-v3,ecstasy,excitement,excitement,false,6,m,zero
B-ecstasy-d3-v4,ecstasy,excitement,excitement,false,6,m,zero
B-grief-d1-v1,grief,grief,grief,false,6,m,zero
B-grief-d1-v2,grief,grief,grief,false,6,m,zero
B-grief-d1-v3,grief,grief,grief,false,6,m,zero
B-grief-d1-v4,grief,grief,grief,false,6,m,zero
B-grief-d2-v1,grief,despair,despair,false,6,m,zero
B-grief-d2-v2,grief,nostalgia,nostalgia,false,6,m,zero
B-grief-d2-v3,grief,melanch,melanch,false,6,m,zero
B-grief-d2-v4,grief,nostalgia,nostalgia,false,6,m,zero
B-grief-d3-v1,grief,anxiety,anxiety,false,6,m,zero
B-grief-d3-v2,grief,grief,grief,false,6,m,zero
B-grief-d3-v3,grief,melanch,sadness,true,6,m,zero
B-grief-d3-v4,grief,longing,longing,false,6,m,zero
B-loathing-d1-v1,loathing,disgust,disgust,false,6,m,zero
B-loathing-d1-v2,loathing,outrage,outrage,false,6,m,zero
B-loathing-d1-v3,loathing,outrage,outrage,false,6,m,zero
B-loathing-d1-v4,loathing,anger,anger,false,6,m,zero
B-loathing-d2-v1,loathing,disgust,disgust,false,6,m,zero
B-loathing-d2-v2,loathing,disgust,disgust,false,6,m,zero
B-loathing-d2-v3,loathing,disgust,disgust,false,6,m,zero
B-loathing-d2-v4,loathing,disgust,disgust,false,6,m,zero
B-loathing-d3-v1,loathing,shame,shame,false,6,m,zero
B-loathing-d3-v2,loathing,anger,anger,false,6,m,zero
B-loathing-d3-v3,loathing,embarrassment,embarrassment,false,6,m,zero
B-loathing-d3-v4,loathing,irony,anger,true,6,m,zero
B-rage-d1-v1,rage,anger,anger,false,6,m,zero
B-rage-d1-v2,rage,anger,anger,false,6,m,zero
B-rage-d1-v3,rage,anger,anger,false,6,m,zero
B-rage-d1-v4,rage,anger,anger,false,6,m,zero
B-rage-d2-v1,rage,relief,relief,false,6,m,zero
B-rage-d2-v2,rage,anger,anger,false,6,m,zero
B-rage-d2-v3,rage,anger,anger,false,6,m,zero
B-rage-d2-v4,rage,shock,shock,false,6,m,zero
B-rage-d3-v1,rage,shock,shock,false,6,m,zero
B-rage-d3-v2,rage,anger,anger,false,6,m,zero
B-rage-d3-v3,rage,anger,anger,false,6,m,zero
B-rage-d3-v4,rage,fear,fear,false,6,m,zero
B-terror-d1-v1,terror,fear,fear,false,6,m,zero
B-terror-d1-v2,terror,suspicion,suspicion,false,6,m,zero
B-terror-d1-v3,terror,fear,fear,false,6,m,zero
B-terror-d1-v4,terror,anxiety,anxiety,false,6,m,zero
B-terror-d2-v1,terror,anxiety,anxiety,false,6,m,zero
B-terror-d2-v2,terror,anxiety,anxiety,false,6,m,zero
B-terror-d2-v3,terror,anxiety,anxiety,false,6,m,zero
B-terror-d2-v4,terror,fear,fear,false,6,m,zero
B-terror-d3-v1,terror,fear,fear,false,6,m,zero
B-terror-d3-v2,terror,anxiety,anxiety,false,6,m,zero
B-terror-d3-v3,terror,fear,fear,false,6,m,zero
B-terror-d3-v4,terror,fear,fear,false,6,m,zero
B-vigilance-d1-v1,vigilance,concern,concern,false,6,m,zero
B-vigilance-d1-v2,vigilance,anxiety,anxiety,false,6,m,zero
B-vigilance-d1-v3,vigilance,anxiety,anxiety,false,6,m,zero
B-vigilance-d1-v4,vigilance,concern,concern,false,6,m,zero
B-vigilance-d2-v1,vigilance,anxiety,focus,true,6,m,zero
B-vigilance-d2-v2,vigilance,anticipation,anticipation,false,6,m,zero
B-vigilance-d2-v3,vigilance,focus,focus,false,6,m,zero
B-vigilance-d2-v4,vigilance,focus,focus,false,6,m,zero
B-vigilance-d3-v1,vigilance,focus,focus,false,6,m,zero
B-vigilance-d3-v2,vigilance,focus,focus,false,6,m,zero
B-vigilance-d3-v3,vigilance,concern,concern,false,6,m,zero
B-vigilance-d3-v4,vigilance,alert,alert,false,6,m,zero
B-admiration-d1-v1,admiration,admiration,admiration,false,7,m,zero
B-admiration-d1-v2,admiration,empathy,gratitude,true,7,m,zero
B-admiration-d1-v3,admiration,admiration,admiration,false,7,m,zero
B-admiration-d1-v4,admiration,admiration,admiration,false,7,m,zero
B-admiration-d2-v1,admiration,guilt,guilt,false,7,m,zero
B-admiration-d2-v2,admiration,compassion,compassion,false,7,m,zero
B-admiration-d2-v3,admiration,guilt,frustration,true,7,m,zero
B-admiration-d2-v4,admiration,dedication,dedication,false,7,m,zero
B-admiration-d3-v1,admiration,pride,pride,false,7,m,zero
B-admiration-d3-v2,admiration,relief,relief,false,7,m,zero
B-admiration-d3-v3,admiration,determination,determination,false,7,m,zero
B-admiration-d3-v4,admiration,empathy,empathy,false,7,m,zero
B-amazement-d1-v1,amazement,awe,awe,false,7,m,zero
B-amazement-d1-v2,amazement,awe,awe,false,7,m,zero
B-amazement-d1-v3,amazement,awe,awe,false,7,m,zero
B-amazement-d1-v4,amazement,awe,awe,false,7,m,zero
B-amazement-d2-v1,amazement,relief,relief,false,7,m,zero
B-amazement-d2-v2,amazement,awe,awe,false,7,m,zero
B-amazement-d2-v3,amazement,relief,relief,false,7,m,zero
B-amazement-d2-v4,amazement,relief,relief,false,7,m,zero
B-amazement-d3-v1,amazement,surprise,surprise,false,7,m,zero
B-amazement-d3-v2,amazement,excitement,excitement,false,7,m,zero
B-amazement-d3-v3,amazement,relief,relief,false,7,m,zero
B-amazement-d3-v4,amazement,surprise,surprise,false,7,m,zero
B-ecstasy-d1-v1,ecstasy,relief,relief,false,7,m,zero
B-ecstasy-d1-v2,ecstasy,despair,despair,false,7,m,zero
B-ecstasy-d1-v3,ecstasy,el,pride,true,7,m,zero
B-ecstasy-d1-v4,ecstasy,pride,pride,false,7,m,zero
B-ecstasy-d2-v1,ecstasy,a,relief,true,7,m,zero
B-ecstasy-d2-v2,ecstasy,relief,relief,false,7,m,zero
B-ecstasy-d2-v3,ecstasy,nostalgia,nostalgia,false,7,m,zero
B-ecstasy-d2-v4,ecstasy,happiness,happiness,false,7,m,zero
B-ecstasy-d3-v1,ecstasy,excitement,excitement,false,7,m,zero
B-ecstasy-d3-v2,ecstasy,wonder,wonder,false,7,m,zero
B-ecstasy-d3-v3,ecstasy,excitement,excitement,false,7,m,zero
B-ecstasy-d3-v4,ecstasy,excitement,excitement,false,7,m,zero
B-grief-d1-v1,grief,grief,grief,false,7,m,zero
B-grief-d1-v2,grief,grief,melanch,true,7,m,zero
B-grief-d1-v3,grief,grief,grief,false,7,m,zero
B-grief-d1-v4,grief,grief,grief,false,7,m,zero
B-grief-d2-v1,grief,despair,despair,false,7,m,zero
B-grief-d2-v2,grief,nostalgia,nostalgia,false,7,m,zero
B-grief-d2-v3,grief,melanch,melanch,false,7,m,zero
B-grief-d2-v4,grief,nostalgia,nostalgia,false,7,m,zero
B-grief-d3-v1,grief,anxiety,anxiety,false,7,m,zero
B-grief-d3-v2,grief,grief,melanch,true,7,m,zero
B-grief-d3-v3,grief,melanch,melanch,false,7,m,zero
B-grief-d3-v4,grief,longing,longing,false,7,m,zero
B-loathing-d1-v1,loathing,disgust,disgust,false,7,m,zero
B-loathing-d1-v2,loathing,outrage,outrage,false,7,m,zero
B-loathing-d1-v3,loathing,outrage,outrage,false,7,m,zero
B-loathing-d1-v4,loathing,anger,anger,false,7,m,zero
B-loathing-d2-v1,loathing,disgust,disgust,false,7,m,zero
B-loathing-d2-v2,loathing,disgust,disgust,false,7,m,zero
B-loathing-d2-v3,loathing,disgust,disgust,false,7,m,zero
B-loathing-d2-v4,loathing,disgust,disgust,false,7,m,zero
B-loathing-d3-v1,loathing,shame,shame,false,7,m,zero
B-loathing-d3-v2,loathing,anger,anger,false,7,m,zero
B-loathing-d3-v3,loathing,embarrassment,anger,true,7,m,zero
B-loathing-d3-v4,loathing,irony,anger,true,7,m,zero
B-rage-d1-v1,rage,anger,anger,false,7,m,zero
B-rage-d1-v2,rage,anger,anger,false,7,m,zero
B-rage-d1-v3,rage,anger,anger,false,7,m,zero
B-rage-d1-v4,rage,anger,anger,false,7,m,zero
B-rage-d2-v1,rage,relief,relief,false,7,m,zero
B-rage-d2-v2,rage,anger,anger,false,7,m,zero
B-rage-d2-v3,rage,anger,anger,false,7,m,zero
B-rage-d2-v4,rage,shock,shock,false,7,m,zero
B-rage-d3-v1,rage,shock,shock,false,7,m,zero
B-rage-d3-v2,rage,anger,anger,false,7,m,zero
B-rage-d3-v3,rage,anger,anger,false,7,m,zero
B-rage-d3-v4,rage,fear,fear,false,7,m,zero
B-terror-d1-v1,terror,fear,fear,false,7,m,zero
B-terror-d1-v2,terror,suspicion,suspicion,false,7,m,zero
B-terror-d1-v3,terror,fear,fear,false,7,m,zero
B-terror-d1-v4,terror,anxiety,anxiety,false,7,m,zero
B-terror-d2-v1,terror,anxiety,anxiety,false,7,m,zero
B-terror-d2-v2,terror,anxiety,anxiety,false,7,m,zero
B-terror-d2-v3,terror,anxiety,anxiety,false,7,m,zero
B-terror-d2-v4,terror,fear,fear,false,7,m,zero
B-terror-d3-v1,terror,fear,fear,false,7,m,zero
B-terror-d3-v2,terror,anxiety,anxiety,false,7,m,zero
B-terror-d3-v3,terror,fear,fear,false,7,m,zero
B-terror-d3-v4,terror,fear,anxiety,true,7,m,zero
B-vigilance-d1-v1,vigilance,concern,concern,false,7,m,zero
B-vigilance-d1-v2,vigilance,anxiety,anxiety,false,7,m,zero
B-vigilance-d1-v3,vigilance,anxiety,anxiety,false,7,m,zero
B-vigilance-d1-v4,vigilance,concern,concern,false,7,m,zero
B-vigilance-d2-v1,vigilance,anxiety,anxiety,false,7,m,zero
B-vigilance-d2-v2,vigilance,anticipation,anticipation,false,7,m,zero
B-vigilance-d2-v3,vigilance,focus,focus,false,7,m,zero
B-vigilance-d2-v4,vigilance,focus,focus,false,7,m,zero
B-vigilance-d3-v1,vigilance,focus,focus,false,7,m,zero
B-vigilance-d3-v2,vigilance,focus,anxiety,true,7,m,zero
B-vigilance-d3-v3,vigilance,concern,anxiety,true,7,m,zero
B-vigilance-d3-v4,vigilance,alert,alert,false,7,m,zero
B-admiration-d1-v1,admiration,admiration,admiration,false,8,m,zero
B-admiration-d1-v2,admiration,empathy,empathy,false,8,m,zero
B-admiration-d1-v3,admiration,admiration,admiration,false,8,m,zero
B-admiration-d1-v4,admiration,admiration,admiration,false,8,m,zero
B-admiration-d2-v1,admiration,guilt,guilt,false,8,m,zero
B-admiration-d2-v2,admiration,compassion,compassion,false,8,m,zero
B-admiration-d2-v3,admiration,guilt,frustration,true,8,m,zero
B-admiration-d2-v4,admiration,dedication,dedication,false,8,m,zero
B-admiration-d3-v1,admiration,pride,pride,false,8,m,zero
B-admiration-d3-v2,admiration,relief,determination,true,8,m,zero
B-admiration-d3-v3,admiration,determination,determination,false,8,m,zero
B-admiration-d3-v4,admiration,empathy,empathy,false,8,m,zero
B-amazement-d1-v1,amazement,awe,awe,false,8,m,zero
B-amazement-d1-v2,amazement,awe,awe,false,8,m,zero
B-amazement-d1-v3,amazement,awe,awe,false,8,m,zero
B-amazement-d1-v4,amazement,awe,awe,false,8,m,zero
B-amazement-d2-v1,amazement,relief,relief,false,8,m,zero
B-amazement-d2-v2,amazement,awe,awe,false,8,m,zero
B-amazement-d2-v3,amazement,relief,relief,false,8,m,zero
B-amazement-d2-v4,amazement,relief,relief,false,8,m,zero
B-amazement-d3-v1,amazement,surprise,surprise,false,8,m,zero
B-amazement-d3-v2,amazement,excitement,excitement,false,8,m,zero
B-amazement-d3-v3,amazement,relief,relief,false,8,m,zero
B-amazement-d3-v4,amazement,surprise,surprise,false,8,m,zero
B-ecstasy-d1-v1,ecstasy,relief,relief,false,8,m,zero
B-ecstasy-d1-v2,ecstasy,despair,despair,false,8,m,zero
B-ecstasy-d1-v3,ecstasy,el,el,false,8,m,zero
B-ecstasy-d1-v4,ecstasy,pride,pride,false,8,m,zero
B-ecstasy-d2-v1,ecstasy,a,a,false,8,m,zero
B-ecstasy-d2-v2,ecstasy,relief,relief,false,8,m,zero
B-ecstasy-d2-v3,ecstasy,nostalgia,nostalgia,false,8,m,zero
B-ecstasy-d2-v4,ecstasy,happiness,happiness,false,8,m,zero
B-ecstasy-d3-v1,ecstasy,excitement,excitement,false,8,m,zero
B-ecstasy-d3-v2,ecstasy,wonder,wonder,false,8,m,zero
B-ecstasy-d3-v3,ecstasy,excitement,excitement,false,8,m,zero
B-ecstasy-d3-v4,ecstasy,excitement,excitement,false,8,m,zero
B-grief-d1-v1,grief,grief,grief,false,8,m,zero
B-grief-d1-v2,grief,grief,melanch,true,8,m,zero
B-grief-d1-v3,grief,grief,grief,false,8,m,zero
B-grief-d1-v4,grief,grief,grief,false,8,m,zero
B-grief-d2-v1,grief,despair,despair,false,8,m,zero
B-grief-d2-v2,grief,nostalgia,nostalgia,false,8,m,zero
B-grief-d2-v3,grief,melanch,melanch,false,8,m,zero
B-grief-d2-v4,grief,nostalgia,nostalgia,false,8,m,zero
B-grief-d3-v1,grief,anxiety,anxiety,false,8,m,zero
B-grief-d3-v2,grief,grief,grief,false,8,m,zero
B-grief-d3-v3,grief,melanch,melanch,false,8,m,zero
B-grief-d3-v4,grief,longing,longing,false,8,m,zero
B-loathing-d1-v1,loathing,disgust,disgust,false,8,m,zero
B-loathing-d1-v2,loathing,outrage,outrage,false,8,m,zero
B-loathing-d1-v3,loathing,outrage,outrage,false,8,m,zero
B-loathing-d1-v4,loathing,anger,anger,false,8,m,zero
B-loathing-d2-v1,loathing,disgust,disgust,false,8,m,zero
B-loathing-d2-v2,loathing,disgust,disgust,false,8,m,zero
B-loathing-d2-v3,loathing,disgust,disgust,false,8,m,zero
B-loathing-d2-v4,loathing,disgust,disgust,false,8,m,zero
B-loathing-d3-v1,loathing,shame,shame,false,8,m,zero
B-loathing-d3-v2,loathing,anger,anger,false,8,m,zero
B-loathing-d3-v3,loathing,embarrassment,anger,true,8,m,zero
B-loathing-d3-v4,loathing,irony,anger,true,8,m,zero
B-rage-d1-v1,rage,anger,anger,false,8,m,zero
B-rage-d1-v2,rage,anger,anger,false,8,m,zero
B-rage-d1-v3,rage,anger,anger,false,8,m,zero
B-rage-d1-v4,rage,anger,anger,false,8,m,zero
B-rage-d2-v1,rage,relief,relief,false,8,m,zero
B-rage-d2-v2,rage,anger,anger,false,8,m,zero
B-rage-d2-v3,rage,anger,anger,false,8,m,zero
B-rage-d2-v4,rage,shock,shock,false,8,m,zero
B-rage-d3-v1,rage,shock,shock,false,8,m,zero
B-rage-d3-v2,rage,anger,anger,false,8,m,zero
B-rage-d3-v3,rage,anger,anger,false,8,m,zero
B-rage-d3-v4,rage,fear,fear,false,8,m,zero
B-terror-d1-v1,terror,fear,fear,false,8,m,zero
B-terror-d1-v2,terror,suspicion,suspicion,false,8,m,zero
B-terror-d1-v3,terror,fear,fear,false,8,m,zero
B-terror-d1-v4,terror,anxiety,anxiety,false,8,m,zero
B-terror-d2-v1,terror,anxiety,anxiety,false,8,m,zero
B-terror-d2-v2,terror,anxiety,anxiety,false,8,m,zero
B-terror-d2-v3,terror,anxiety,anxiety,false,8,m,zero
B-terror-d2-v4,terror,fear,fear,false,8,m,zero
B-terror-d3-v1,terror,fear,fear,false,8,m,zero
B-terror-d3-v2,terror,anxiety,fear,true,8,m,zero
B-terror-d3-v3,terror,fear,fear,false,8,m,zero
B-terror-d3-v4,terror,fear,anxiety,true,8,m,zero
B-vigilance-d1-v1,vigilance,concern,concern,false,8,m,zero
B-vigilance-d1-v2,vigilance,anxiety,anxiety,false,8,m,zero
B-vigilance-d1-v3,vigilance,anxiety,anxiety,false,8,m,zero
B-vigilance-d1-v4,vigilance,concern,concern,false,8,m,zero
B-vigilance-d2-v1,vigilance,anxiety,anxiety,false,8,m,zero
B-vigilance-d2-v2,vigilance,anticipation,anticipation,false,8,m,zero
B-vigilance-d2-v3,vigilance,focus,focus,false,8,m,zero
B-vigilance-d2-v4,vigilance,focus,focus,false,8,m,zero
B-vigilance-d3-v1,vigilance,focus,focus,false,8,m,zero
B-vigilance-d3-v2,vigilance,focus,focus,false,8,m,zero
B-vigilance-d3-v3,vigilance,concern,anxiety,true,8,m,zero
B-vigilance-d3-v4,vigilance,alert,alert,false,8,m,zero
B-admiration-d1-v1,admiration,admiration,admiration,false,9,m,zero
B-admiration-d1-v2,admiration,empathy,gratitude,true,9,m,zero
B-admiration-d1-v3,admiration,admiration,admiration,false,9,m,zero
B-admiration-d1-v4,admiration,admiration,admiration,false,9,m,zero
B-admiration-d2-v1,admiration,guilt,guilt,false,9,m,zero
B-admiration-d2-v2,admiration,compassion,compassion,false,9,m,zero
B-admiration-d2-v3,admiration,guilt,frustration,true,9,m,zero
B-admiration-d2-v4,admiration,dedication,dedication,false,9,m,zero
B-admiration-d3-v1,admiration,pride,pride,false,9,m,zero
B-admiration-d3-v2,admiration,relief,determination,true,9,m,zero
B-admiration-d3-v3,admiration,determination,determination,false,9,m,zero
B-admiration-d3-v4,admiration,empathy,empathy,false,9,m,zero
B-amazement-d1-v1,amazement,awe,awe,false,9,m,zero
B-amazement-d1-v2,amazement,awe,awe,false,9,m,zero
B-amazement-d1-v3,amazement,awe,awe,false,9,m,zero
B-amazement-d1-v4,amazement,awe,awe,false,9,m,zero
B-amazement-d2-v1,amazement,relief,relief,false,9,m,zero
B-amazement-d2-v2,amazement,awe,awe,false,9,m,zero
B-amazement-d2-v3,amazement,relief,relief,false,9,m,zero
B-amazement-d2-v4,amazement,relief,relief,false,9,m,zero
B-amazement-d3-v1,amazement,surprise,surprise,false,9,m,zero
B-amazement-d3-v2,amazement,excitement,excitement,false,9,m,zero
B-amazement-d3-v3,amazement,relief,relief,false,9,m,zero
B-amazement-d3-v4,amazement,surprise,surprise,false,9,m,zero
B-ecstasy-d1-v1,ecstasy,relief,relief,false,9,m,zero
B-ecstasy-d1-v2,ecstasy,despair,despair,false,9,m,zero
B-ecstasy-d1-v3,ecstasy,el,pride,true,9,m,zero
B-ecstasy-d1-v4,ecstasy,pride,pride,false,9,m,zero
B-ecstasy-d2-v1,ecstasy,a,a,false,9,m,zero
B-ecstasy-d2-v2,ecstasy,relief,relief,false,9,m,zero
B-ecstasy-d2-v3,ecstasy,nostalgia,nostalgia,false,9,m,zero
B-ecstasy-d2-v4,ecstasy,happiness,happiness,false,9,m,zero
B-ecstasy-d3-v1,ecstasy,excitement,excitement,false,9,m,zero
B-ecstasy-d3-v2,ecstasy,wonder,wonder,false,9,m,zero
B-ecstasy-d3-v3,ecstasy,excitement,excitement,false,9,m,zero
B-ecstasy-d3-v4,ecstasy,excitement,excitement,false,9,m,zero
B-grief-d1-v1,grief,grief,grief,false,9,m,zero
B-grief-d1-v2,grief,grief,melanch,true,9,m,zero
B-grief-d1-v3,grief,grief,grief,false,9,m,zero
B-grief-d1-v4,grief,grief,grief,false,9,m,zero
B-grief-d2-v1,grief,despair,despair,false,9,m,zero
B-grief-d2-v2,grief,nostalgia,nostalgia,false,9,m,zero
B-grief-d2-v3,grief,melanch,melanch,false,9,m,zero
B-grief-d2-v4,grief,nostalgia,nostalgia,false,9,m,zero
B-grief-d3-v1,grief,anxiety,anxiety,false,9,m,zero
B-grief-d3-v2,grief,grief,melanch,true,9,m,zero
B-grief-d3-v3,grief,melanch,melanch,false,9,m,zero
B-grief-d3-v4,grief,longing,longing,false,9,m,zero
B-loathing-d1-v1,loathing,disgust,disgust,false,9,m,zero
B-loathing-d1-v2,loathing,outrage,outrage,false,9,m,zero
B-loathing-d1-v3,loathing,outrage,disgust,true,9,m,zero
B-loathing-d1-v4,loathing,anger,anger,false,9,m,zero
B-loathing-d2-v1,loathing,disgust,disgust,false,9,m,zero
B-loathing-d2-v2,loathing,disgust,disgust,false,9,m,zero
B-loathing-d2-v3,loathing,disgust,disgust,false,9,m,zero
B-loathing-d2-v4,loathing,disgust,disgust,false,9,m,zero
B-loathing-d3-v1,loathing,shame,shame,false,9,m,zero
B-loathing-d3-v2,loathing,anger,anger,false,9,m,zero
B-loathing-d3-v3,loathing,embarrassment,anger,true,9,m,zero
B-loathing-d3-v4,loathing,irony,anger,true,9,m,zero
B-rage-d1-v1,rage,anger,anger,false,9,m,zero
B-rage-d1-v2,rage,anger,anger,false,9,m,zero
B-rage-d1-v3,rage,anger,anger,false,9,m,zero
B-rage-d1-v4,rage,anger,anger,false,9,m,zero
B-rage-d2-v1,rage,relief,relief,false,9,m,zero
B-rage-d2-v2,rage,anger,anger,false,9,m,zero
B-rage-d2-v3,rage,anger,anger,false,9,m,zero
B-rage-d2-v4,rage,shock,anger,true,9,m,zero
B-rage-d3-v1,rage,shock,anger,true,9,m,zero
B-rage-d3-v2,rage,anger,anger,false,9,m,zero
B-rage-d3-v3,rage,anger,anger,false,9,m,zero
B-rage-d3-v4,rage,fear,fear,false,9,m,zero
B-terror-d1-v1,terror,fear,fear,false,9,m,zero
B-terror-d1-v2,terror,suspicion,suspicion,false,9,m,zero
B-terror-d1-v3,terror,fear,fear,false,9,m,zero
B-terror-d1-v4,terror,anxiety,anxiety,false,9,m,zero
B-terror-d2-v1,terror,anxiety,anxiety,false,9,m,zero
B-terror-d2-v2,terror,anxiety,anxiety,false,9,m,zero
B-terror-d2-v3,terror,anxiety,anxiety,false,9,m,zero
B-terror-d2-v4,terror,fear,fear,false,9,m,zero
B-terror-d3-v1,terror,fear,fear,false,9,m,zero
B-terror-d3-v2,terror,anxiety,anxiety,false,9,m,zero
B-terror-d3-v3,terror,fear,fear,false,9,m,zero
B-terror-d3-v4,terror,fear,anxiety,true,9,m,zero
B-vigilance-d1-v1,vigilance,concern,concern,false,9,m,zero
B-vigilance-d1-v2,vigilance,anxiety,anxiety,false,9,m,zero
B-vigilance-d1-v3,vigilance,anxiety,anxiety,false,9,m,zero
B-vigilance-d1-v4,vigilance,concern,concern,false,9,m,zero
B-vigilance-d2-v1,vigilance,anxiety,anxiety,false,9,m,zero
B-vigilance-d2-v2,vigilance,anticipation,anticipation,false,9,m,zero
B-vigilance-d2-v3,vigilance,focus,focus,false,9,m,zero
B-vigilance-d2-v4,vigilance,focus,contempl,true,9,m,zero
B-vigilance-d3-v1,vigilance,focus,focus,false,9,m,zero
B-vigilance-d3-v2,vigilance,focus,anxiety,true,9,m,zero
B-vigilance-d3-v3,vigilance,concern,anxiety,true,9,m,zero
B-vigilance-d3-v4,vigilance,alert,alert,false,9,m,zero
B-admiration-d1-v1,admiration,admiration,admiration,false,10,m,zero
B-admiration-d1-v2,admiration,empathy,gratitude,true,10,m,zero
B-admiration-d1-v3,admiration,admiration,admiration,false,10,m,zero
B-admiration-d1-v4,admiration,admiration,admiration,false,10,m,zero
B-admiration-d2-v1,admiration,guilt,guilt,false,10,m,zero
B-admiration-d2-v2,admiration,compassion,sadness,true,10,m,zero
B-admiration-d2-v3,admiration,guilt,guilt,false,10,m,zero
B-admiration-d2-v4,admiration,dedication,dedication,false,10,m,zero
B-admiration-d3-v1,admiration,pride,pride,false,10,m,zero
B-admiration-d3-v2,admiration,relief,relief,false,10,m,zero
B-admiration-d3-v3,admiration,determination,determination,false,10,m,zero
B-admiration-d3-v4,admiration,empathy,empathy,false,10,m,zero
B-amazement-d1-v1,amazement,awe,awe,false,10,m,zero
B-amazement-d1-v2,amazement,awe,awe,false,10,m,zero
B-amazement-d1-v3,amazement,awe,awe,false,10,m,zero
B-amazement-d1-v4,amazement,awe,awe,false,10,m,zero
B-amazement-d2-v1,amazement,relief,relief,false,10,m,zero
B-amazement-d2-v2,amazement,awe,awe,false,10,m,zero
B-amazement-d2-v3,amazement,relief,relief,false,10,m,zero
B-amazement-d2-v4,amazement,relief,relief,false,10,m,zero
B-amazement-d3-v1,amazement,surprise,pride,true,10,m,zero
B-amazement-d3-v2,amazement,excitement,excitement,false,10,m,zero
B-amazement-d3-v3,amazement,relief,relief,false,10,m,zero
B-amazement-d3-v4,amazement,surprise,surprise,false,10,m,zero
B-ecstasy-d1-v1,ecstasy,relief,relief,false,10,m,zero
B-ecstasy-d1-v2,ecstasy,despair,despair,false,10,m,zero
B-ecstasy-d1-v3,ecstasy,el,pride,true,10,m,zero
B-ecstasy-d1-v4,ecstasy,pride,pride,false,10,m,zero
B-ecstasy-d2-v1,ecstasy,a,a,false,10,m,zero
B-ecstasy-d2-v2,ecstasy,relief,relief,false,10,m,zero
B-ecstasy-d2-v3,ecstasy,nostalgia,nostalgia,false,10,m,zero
B-ecstasy-d2-v4,ecstasy,happiness,happiness,false,10,m,zero
B-ecstasy-d3-v1,ecstasy,excitement,excitement,false,10,m,zero
B-ecstasy-d3-v2,ecstasy,wonder,wonder,false,10,m,zero
B-ecstasy-d3-v3,ecstasy,excitement,excitement,false,10,m,zero
B-ecstasy-d3-v4,ecstasy,excitement,excitement,false,10,m,zero
B-grief-d1-v1,grief,grief,grief,false,10,m,zero
B-grief-d1-v2,grief,grief,grief,false,10,m,zero
B-grief-d1-v3,grief,grief,grief,false,10,m,zero
B-grief-d1-v4,grief,grief,grief,false,10,m,zero
B-grief-d2-v1,grief,despair,despair,false,10,m,zero
B-grief-d2-v2,grief,nostalgia,nostalgia,false,10,m,zero
B-grief-d2-v3,grief,melanch,melanch,false,10,m,zero
B-grief-d2-v4,grief,nostalgia,nostalgia,false,10,m,zero
B-grief-d3-v1,grief,anxiety,shock,true,10,m,zero
B-grief-d3-v2,grief,grief,grief,false,10,m,zero
B-grief-d3-v3,grief,melanch,melanch,false,10,m,zero
B-grief-d3-v4,grief,longing,longing,false,10,m,zero
B-loathing-d1-v1,loathing,disgust,disgust,false,10,m,zero
B-loathing-d1-v2,loathing,outrage,outrage,false,10,m,zero
B-loathing-d1-v3,loathing,outrage,outrage,false,10,m,zero
B-loathing-d1-v4,loathing,anger,anger,false,10,m,zero
B-loathing-d2-v1,loathing,disgust,disgust,false,10,m,zero
B-loathing-d2-v2,loathing,disgust,disgust,false,10,m,zero
B-loathing-d2-v3,loathing,disgust,disgust,false,10,m,zero
B-loathing-d2-v4,loathing,disgust,disgust,false,10,m,zero
B-loathing-d3-v1,loathing,shame,shame,false,10,m,zero
B-loathing-d3-v2,loathing,anger,anger,false,10,m,zero
B-loathing-d3-v3,loathing,embarrassment,embarrassment,false,10,m,zero
B-loathing-d3-v4,loathing,irony,anger,true,10,m,zero
B-rage-d1-v1,rage,anger,anger,false,10,m,zero
B-rage-d1-v2,rage,anger,anger,false,10,m,zero
B-rage-d1-v3,rage,anger,anger,false,10,m,zero
B-rage-d1-v4,rage,anger,anger,false,10,m,zero
B-rage-d2-v1,rage,relief,relief,false,10,m,zero
B-rage-d2-v2,rage,anger,anger,false,10,m,zero
B-rage-d2-v3,rage,anger,anger,false,10,m,zero
B-rage-d2-v4,rage,shock,shock,false,10,m,zero
B-rage-d3-v1,rage,shock,shock,false,10,m,zero
B-rage-d3-v2,rage,anger,anger,false,10,m,zero
B-rage-d3-v3,rage,anger,anger,false,10,m,zero
B-rage-d3-v4,rage,fear,fear,false,10,m,zero
B-terror-d1-v1,terror,fear,fear,false,10,m,zero
B-terror-d1-v2,terror,suspicion,suspicion,false,10,m,zero
B-terror-d1-v3,terror,fear,fear,false,10,m,zero
B-terror-d1-v4,terror,anxiety,anxiety,false,10,m,zero
B-terror-d2-v1,terror,anxiety,anxiety,false,10,m,zero
B-terror-d2-v2,terror,anxiety,anxiety,false,10,m,zero
B-terror-d2-v3,terror,anxiety,anxiety,false,10,m,zero
B-terror-d2-v4,terror,fear,fear,false,10,m,zero
B-terror-d3-v1,terror,fear,fear,false,10,m,zero
B-terror-d3-v2,terror,anxiety,anxiety,false,10,m,zero
B-terror-d3-v3,terror,fear,fear,false,10,m,zero
B-terror-d3-v4,terror,fear,fear,false,10,m,zero
B-vigilance-d1-v1,vigilance,concern,concern,false,10,m,zero
B-vigilance-d1-v2,vigilance,anxiety,anxiety,false,10,m,zero
B-vigilance-d1-v3,vigilance,anxiety,anxiety,false,10,m,zero
B-vigilance-d1-v4,vigilance,concern,concern,false,10,m,zero
B-vigilance-d2-v1,vigilance,anxiety,focus,true,10,m,zero
B-vigilance-d2-v2,vigilance,anticipation,anticipation,false,10,m,zero
B-vigilance-d2-v3,vigilance,focus,focus,false,10,m,zero
B-vigilance-d2-v4,vigilance,focus,focus,false,10,m,zero
B-vigilance-d3-v1,vigilance,focus,focus,false,10,m,zero
B-vigilance-d3-v2,vigilance,focus,focus,false,10,m,zero
B-vigilance-d3-v3,vigilance,concern,concern,false,10,m,zero
B-vigilance-d3-v4,vigilance,alert,alert,false,10,m,zero
B-admiration-d1-v1,admiration,admiration,admiration,false,11,m,zero
B-admiration-d1-v2,admiration,empathy,gratitude,true,11,m,zero
B-admiration-d1-v3,admiration,admiration,admiration,false,11,m,zero
B-admiration-d1-v4,admiration,admiration,admiration,false,11,m,zero
B-admiration-d2-v1,admiration,guilt,guilt,false,11,m,zero
B-admiration-d2-v2,admiration,compassion,compassion,false,11,m,zero
B-admiration-d2-v3,admiration,guilt,guilt,false,11,m,zero
B-admiration-d2-v4,admiration,dedication,dedication,false,11,m,zero
B-admiration-d3-v1,admiration,pride,pride,false,11,m,zero
B-admiration-d3-v2,admiration,relief,relief,false,11,m,zero
B-admiration-d3-v3,admiration,determination,determination,false,11,m,zero
B-admiration-d3-v4,admiration,empathy,hope,true,11,m,zero
B-amazement-d1-v1,amazement,awe,awe,false,11,m,zero
B-amazement-d1-v2,amazement,awe,awe,false,11,m,zero
B-amazement-d1-v3,amazement,awe,awe,false,11,m,zero
B-amazement-d1-v4,amazement,awe,awe,false,11,m,zero
B-amazement-d2-v1,amazement,relief,relief,false,11,m,zero
B-amazement-d2-v2,amazement,awe,awe,false,11,m,zero
B-amazement-d2-v3,amazement,relief,relief,false,11,m,zero
B-amazement-d2-v4,amazement,relief,relief,false,11,m,zero
B-amazement-d3-v1,amazement,surprise,pride,true,11,m,zero
B-amazement-d3-v2,amazement,excitement,excitement,false,11,m,zero
B-amazement-d3-v3,amazement,relief,relief,false,11,m,zero
B-amazement-d3-v4,amazement,surprise,surprise,false,11,m,zero
B-ecstasy-d1-v1,ecstasy,relief,relief,false,11,m,zero
B-ecstasy-d1-v2,ecstasy,despair,despair,false,11,m,zero
B-ecstasy-d1-v3,ecstasy,el,relief,true,11,m,zero
B-ecstasy-d1-v4,ecstasy,pride,pride,false,11,m,zero
B-ecstasy-d2-v1,ecstasy,a,a,false,11,m,zero
B-ecstasy-d2-v2,ecstasy,relief,relief,false,11,m,zero
B-ecstasy-d2-v3,ecstasy,nostalgia,nostalgia,false,11,m,zero
B-ecstasy-d2-v4,ecstasy,happiness,happiness,false,11,m,zero
B-ecstasy-d3-v1,ecstasy,excitement,excitement,false,11,m,zero
B-ecstasy-d3-v2,ecstasy,wonder,wonder,false,11,m,zero
B-ecstasy-d3-v3,ecstasy,excitement,excitement,false,11,m,zero
B-ecstasy-d3-v4,ecstasy,excitement,excitement,false,11,m,zero
B-grief-d1-v1,grief,grief,grief,false,11,m,zero
B-grief-d1-v2,grief,grief,despair,true,11,m,zero
B-grief-d1-v3,grief,grief,grief,false,11,m,zero
B-grief-d1-v4,grief,grief,grief,false,11,m,zero
B-grief-d2-v1,grief,despair,despair,false,11,m,zero
B-grief-d2-v2,grief,nostalgia,melanch,true,11,m,zero
B-grief-d2-v3,grief,melanch,melanch,false,11,m,zero
B-grief-d2-v4,grief,nostalgia,nostalgia,false,11,m,zero
B-grief-d3-v1,grief,anxiety,shock,true,11,m,zero
B-grief-d3-v2,grief,grief,grief,false,11,m,zero
B-grief-d3-v3,grief,melanch,regret,true,11,m,zero
B-grief-d3-v4,grief,longing,longing,false,11,m,zero
B-loathing-d1-v1,loathing,disgust,disgust,false,11,m,zero
B-loathing-d1-v2,loathing,outrage,outrage,false,11,m,zero
B-loathing-d1-v3,loathing,outrage,disgust,true,11,m,zero
B-loathing-d1-v4,loathing,anger,anger,false,11,m,zero
B-loathing-d2-v1,loathing,disgust,disgust,false,11,m,zero
B-loathing-d2-v2,loathing,disgust,disgust,false,11,m,zero
B-loathing-d2-v3,loathing,disgust,disgust,false,11,m,zero
B-loathing-d2-v4,loathing,disgust,disgust,false,11,m,zero
B-loathing-d3-v1,loathing,shame,shame,false,11,m,zero
B-loathing-d3-v2,loathing,anger,disgust,true,11,m,zero
B-loathing-d3-v3,loathing,embarrassment,embarrassment,false,11,m,zero
B-loathing-d3-v4,loathing,irony,irony,false,11,m,zero
B-rage-d1-v1,rage,anger,anger,false,11,m,zero
B-rage-d1-v2,rage,anger,anger,false,11,m,zero
B-rage-d1-v3,rage,anger,anger,false,11,m,zero
B-rage-d1-v4,rage,anger,anger,false,11,m,zero
B-rage-d2-v1,rage,relief,relief,false,11,m,zero
B-rage-d2-v2,rage,anger,anger,false,11,m,zero
B-rage-d2-v3,rage,anger,anger,false,11,m,zero
B-rage-d2-v4,rage,shock,anger,true,11,m,zero
B-rage-d3-v1,rage,shock,anger,true,11,m,zero
B-rage-d3-v2,rage,anger,anger,false,11,m,zero
B-rage-d3-v3,rage,anger,anger,false,11,m,zero
B-rage-d3-v4,rage,fear,fear,false,11,m,zero
B-terror-d1-v1,terror,fear,fear,false,11,m,zero
B-terror-d1-v2,terror,suspicion,suspicion,false,11,m,zero
B-terror-d1-v3,terror,fear,fear,false,11,m,zero
B-terror-d1-v4,terror,anxiety,anxiety,false,11,m,zero
B-terror-d2-v1,terror,anxiety,anxiety,false,11,m,zero
B-terror-d2-v2,terror,anxiety,anxiety,false,11,m,zero
B-terror-d2-v3,terror,anxiety,anxiety,false,11,m,zero
B-terror-d2-v4,terror,fear,fear,false,11,m,zero
B-terror-d3-v1,terror,fear,fear,false,11,m,zero
B-terror-d3-v2,terror,anxiety,anxiety,false,11,m,zero
B-terror-d3-v3,terror,fear,fear,false,11,m,zero
B-terror-d3-v4,terror,fear,fear,false,11,m,zero
B-vigilance-d1-v1,vigilance,concern,concern,false,11,m,zero
B-vigilance-d1-v2,vigilance,anxiety,anxiety,false,11,m,zero
B-vigilance-d1-v3,vigilance,anxiety,anxiety,false,11,m,zero
B-vigilance-d1-v4,vigilance,concern,concern,false,11,m,zero
B-vigilance-d2-v1,vigilance,anxiety,focus,true,11,m,zero
B-vigilance-d2-v2,vigilance,anticipation,anticipation,false,11,m,zero
B-vigilance-d2-v3,vigilance,focus,focus,false,11,m,zero
B-vigilance-d2-v4,vigilance,focus,focus,false,11,m,zero
B-vigilance-d3-v1,vigilance,focus,focus,false,11,m,zero
B-vigilance-d3-v2,vigilance,focus,focus,false,11,m,zero
B-vigilance-d3-v3,vigilance,concern,anxiety,true,11,m,zero
B-vigilance-d3-v4,vigilance,alert,alert,false,11,m,zero
B-admiration-d1-v1,admiration,admiration,admiration,false,12,m,zero
B-admiration-d1-v2,admiration,empathy,relief,true,12,m,zero
B-admiration-d1-v3,admiration,admiration,admiration,false,12,m,zero
B-admiration-d1-v4,admiration,admiration,awe,true,12,m,zero
B-admiration-d2-v1,admiration,guilt,guilt,false,12,m,zero
B-admiration-d2-v2,admiration,compassion,compassion,false,12,m,zero
B-admiration-d2-v3,admiration,guilt,guilt,false,12,m,zero
B-admiration-d2-v4,admiration,dedication,dedication,false,12,m,zero
B-admiration-d3-v1,admiration,pride,pride,false,12,m,zero
B-admiration-d3-v2,admiration,relief,relief,false,12,m,zero
B-admiration-d3-v3,admiration,determination,determination,false,12,m,zero
B-admiration-d3-v4,admiration,empathy,empathy,false,12,m,zero
B-amazement-d1-v1,amazement,awe,awe,false,12,m,zero
B-amazement-d1-v2,amazement,awe,awe,false,12,m,zero
B-amazement-d1-v3,amazement,awe,awe,false,12,m,zero
B-amazement-d1-v4,amazement,awe,awe,false,12,m,zero
B-amazement-d2-v1,amazement,relief,relief,false,12,m,zero
B-amazement-d2-v2,amazement,awe,awe,false,12,m,zero
B-amazement-d2-v3,amazement,relief,relief,false,12,m,zero
B-amazement-d2-v4,amazement,relief,relief,false,12,m,zero
B-amazement-d3-v1,amazement,surprise,surprise,false,12,m,zero
B-amazement-d3-v2,amazement,excitement,excitement,false,12,m,zero
B-amazement-d3-v3,amazement,relief,relief,false,12,m,zero
B-amazement-d3-v4,amazement,surprise,surprise,false,12,m,zero
B-ecstasy-d1-v1,ecstasy,relief,relief,false,12,m,zero
B-ecstasy-d1-v2,ecstasy,despair,despair,false,12,m,zero
B-ecstasy-d1-v3,ecstasy,el,relief,true,12,m,zero
B-ecstasy-d1-v4,ecstasy,pride,pride,false,12,m,zero
B-ecstasy-d2-v1,ecstasy,a,relief,true,12,m,zero
B-ecstasy-d2-v2,ecstasy,relief,happiness,true,12,m,zero
B-ecstasy-d2-v3,ecstasy,nostalgia,relief,true,12,m,zero
B-ecstasy-d2-v4,ecstasy,happiness,relief,true,12,m,zero
B-ecstasy-d3-v1,ecstasy,excitement,excitement,false,12,m,zero
B-ecstasy-d3-v2,ecstasy,wonder,wonder,false,12,m,zero
B-ecstasy-d3-v3,ecstasy,excitement,excitement,false,12,m,zero
B-ecstasy-d3-v4,ecstasy,excitement,excitement,false,12,m,zero
B-grief-d1-v1,grief,grief,grief,false,12,m,zero
B-grief-d1-v2,grief,grief,grief,false,12,m,zero
B-grief-d1-v3,grief,grief,grief,false,12,m,zero
B-grief-d1-v4,grief,grief,grief,false,12,m,zero
B-grief-d2-v1,grief,despair,despair,false,12,m,zero
B-grief-d2-v2,grief,nostalgia,nostalgia,false,12,m,zero
B-grief-d2-v3,grief,melanch,melanch,false,12,m,zero
B-grief-d2-v4,grief,nostalgia,melanch,true,12,m,zero
B-grief-d3-v1,grief,anxiety,anxiety,false,12,m,zero
B-grief-d3-v2,grief,grief,grief,false,12,m,zero
B-grief-d3-v3,grief,melanch,regret,true,12,m,zero
B-grief-d3-v4,grief,longing,longing,false,12,m,zero
B-loathing-d1-v1,loathing,disgust,disgust,false,12,m,zero
B-loathing-d1-v2,loathing,outrage,outrage,false,12,m,zero
B-loathing-d1-v3,loathing,outrage,disgust,true,12,m,zero
B-loathing-d1-v4,loathing,anger,anger,false,12,m,zero
B-loathing-d2-v1,loathing,disgust,disgust,false,12,m,zero
B-loathing-d2-v2,loathing,disgust,disgust,false,12,m,zero
B-loathing-d2-v3,loathing,disgust,disgust,false,12,m,zero
B-loathing-d2-v4,loathing,disgust,disgust,false,12,m,zero
B-loathing-d3-v1,loathing,shame,shame,false,12,m,zero
B-loathing-d3-v2,loathing,anger,anger,false,12,m,zero
B-loathing-d3-v3,loathing,embarrassment,embarrassment,false,12,m,zero
B-loathing-d3-v4,loathing,irony,anger,true,12,m,zero
B-rage-d1-v1,rage,anger,anger,false,12,m,zero
B-rage-d1-v2,rage,anger,anger,false,12,m,zero
B-rage-d1-v3,rage,anger,anger,false,12,m,zero
B-rage-d1-v4,rage,anger,anger,false,12,m,zero
B-rage-d2-v1,rage,relief,relief,false,12,m,zero
B-rage-d2-v2,rage,anger,anger,false,12,m,zero
B-rage-d2-v3,rage,anger,anger,false,12,m,zero
B-rage-d2-v4,rage,shock,anger,true,12,m,zero
B-rage-d3-v1,rage,shock,shock,false,12,m,zero
B-rage-d3-v2,rage,anger,anger,false,12,m,zero
B-rage-d3-v3,rage,anger,anger,false,12,m,zero
B-rage-d3-v4,rage,fear,fear,false,12,m,zero
B-terror-d1-v1,terror,fear,fear,false,12,m,zero
B-terror-d1-v2,terror,suspicion,suspicion,false,12,m,zero
B-terror-d1-v3,terror,fear,fear,false,12,m,zero
B-terror-d1-v4,terror,anxiety,fear,true,12,m,zero
B-terror-d2-v1,terror,anxiety,anxiety,false,12,m,zero
B-terror-d2-v2,terror,anxiety,anxiety,false,12,m,zero
B-terror-d2-v3,terror,anxiety,fear,true,12,m,zero
B-terror-d2-v4,terror,fear,fear,false,12,m,zero
B-terror-d3-v1,terror,fear,fear,false,12,m,zero
B-terror-d3-v2,terror,anxiety,fear,true,12,m,zero
B-terror-d3-v3,terror,fear,fear,false,12,m,zero
B-terror-d3-v4,terror,fear,fear,false,12,m,zero
B-vigilance-d1-v1,vigilance,concern,concern,false,12,m,zero
B-vigilance-d1-v2,vigilance,anxiety,anxiety,false,12,m,zero
B-vigilance-d1-v3,vigilance,anxiety,anxiety,false,12,m,zero
B-vigilance-d1-v4,vigilance,concern,concern,false,12,m,zero
B-vigilance-d2-v1,vigilance,anxiety,concern,true,12,m,zero
B-vigilance-d2-v2,vigilance,anticipation,anticipation,false,12,m,zero
B-vigilance-d2-v3,vigilance,focus,tension,true,12,m,zero
B-vigilance-d2-v4,vigilance,focus,anxiety,true,12,m,zero
B-vigilance-d3-v1,vigilance,focus,focus,false,12,m,zero
B-vigilance-d3-v2,vigilance,focus,anxiety,true,12,m,zero
B-vigilance-d3-v3,vigilance,concern,fear,true,12,m,zero
B-vigilance-d3-v4,vigilance,alert,concern,true,12,m,zero
B-admiration-d1-v1,admiration,admiration,admiration,false,13,m,zero
B-admiration-d1-v2,admiration,empathy,empathy,false,13,m,zero
B-admiration-d1-v3,admiration,admiration,admiration,false,13,m,zero
B-admiration-d1-v4,admiration,admiration,admiration,false,13,m,zero
B-admiration-d2-v1,admiration,guilt,guilt,false,13,m,zero
B-admiration-d2-v2,admiration,compassion,compassion,false,13,m,zero
B-admiration-d2-v3,admiration,guilt,guilt,false,13,m,zero
B-admiration-d2-v4,admiration,dedication,dedication,false,13,m,zero
B-admiration-d3-v1,admiration,pride,pride,false,13,m,zero
B-admiration-d3-v2,admiration,relief,relief,false,13,m,zero
B-admiration-d3-v3,admiration,determination,determination,false,13,m,zero
B-admiration-d3-v4,admiration,empathy,gratitude,true,13,m,zero
B-amazement-d1-v1,amazement,awe,awe,false,13,m,zero
B-amazement-d1-v2,amazement,awe,awe,false,13,m,zero
B-amazement-d1-v3,amazement,awe,awe,false,13,m,zero
B-amazement-d1-v4,amazement,awe,awe,false,13,m,zero
B-amazement-d2-v1,amazement,relief,relief,false,13,m,zero
B-amazement-d2-v2,amazement,awe,awe,false,13,m,zero
B-amazement-d2-v3,amazement,relief,relief,false,13,m,zero
B-amazement-d2-v4,amazement,relief,relief,false,13,m,zero
B-amazement-d3-v1,amazement,surprise,surprise,false,13,m,zero
B-amazement-d3-v2,amazement,excitement,surprise,true,13,m,zero
B-amazement-d3-v3,amazement,relief,relief,false,13,m,zero
B-amazement-d3-v4,amazement,surprise,surprise,false,13,m,zero
B-ecstasy-d1-v1,ecstasy,relief,relief,false,13,m,zero
B-ecstasy-d1-v2,ecstasy,despair,despair,false,13,m,zero
B-ecstasy-d1-v3,ecstasy,el,pride,true,13,m,zero
B-ecstasy-d1-v4,ecstasy,pride,pride,false,13,m,zero
B-ecstasy-d2-v1,ecstasy,a,a,false,13,m,zero
B-ecstasy-d2-v2,ecstasy,relief,relief,false,13,m,zero
B-ecstasy-d2-v3,ecstasy,nostalgia,nostalgia,false,13,m,zero
B-ecstasy-d2-v4,ecstasy,happiness,happiness,false,13,m,zero
B-ecstasy-d3-v1,ecstasy,excitement,excitement,false,13,m,zero
B-ecstasy-d3-v2,ecstasy,wonder,wonder,false,13,m,zero
B-ecstasy-d3-v3,ecstasy,excitement,excitement,false,13,m,zero
B-ecstasy-d3-v4,ecstasy,excitement,excitement,false,13,m,zero
B-grief-d1-v1,grief,grief,grief,false,13,m,zero
B-grief-d1-v2,grief,grief,grief,false,13,m,zero
B-grief-d1-v3,grief,grief,despair,true,13,m,zero
B-grief-d1-v4,grief,grief,grief,false,13,m,zero
B-grief-d2-v1,grief,despair,despair,false,13,m,zero
B-grief-d2-v2,grief,nostalgia,nostalgia,false,13,m,zero
B-grief-d2-v3,grief,melanch,melanch,false,13,m,zero
B-grief-d2-v4,grief,nostalgia,melanch,true,13,m,zero
B-grief-d3-v1,grief,anxiety,anxiety,false,13,m,zero
B-grief-d3-v2,grief,grief,grief,false,13,m,zero
B-grief-d3-v3,grief,melanch,melanch,false,13,m,zero
B-grief-d3-v4,grief,longing,longing,false,13,m,zero
B-loathing-d1-v1,loathing,disgust,disgust,false,13,m,zero
B-loathing-d1-v2,loathing,outrage,outrage,false,13,m,zero
B-loathing-d1-v3,loathing,outrage,disgust,true,13,m,zero
B-loathing-d1-v4,loathing,anger,anger,false,13,m,zero
B-loathing-d2-v1,loathing,disgust,disgust,false,13,m,zero
B-loathing-d2-v2,loathing,disgust,disgust,false,13,m,zero
B-loathing-d2-v3,loathing,disgust,disgust,false,13,m,zero
B-loathing-d2-v4,loathing,disgust,disgust,false,13,m,zero
B-loathing-d3-v1,loathing,shame,shame,false,13,m,zero
B-loathing-d3-v2,loathing,anger,anger,false,13,m,zero
B-loathing-d3-v3,loathing,embarrassment,anger,true,13,m,zero
B-loathing-d3-v4,loathing,irony,anger,true,13,m,zero
B-rage-d1-v1,rage,anger,anger,false,13,m,zero
B-rage-d1-v2,rage,anger,anger,false,13,m,zero
B-rage-d1-v3,rage,anger,anger,false,13,m,zero
B-rage-d1-v4,rage,anger,anger,false,13,m,zero
B-rage-d2-v1,rage,relief,relief,false,13,m,zero
B-rage-d2-v2,rage,anger,anger,false,13,m,zero
B-rage-d2-v3,rage,anger,anger,false,13,m,zero
B-rage-d2-v4,rage,shock,shock,false,13,m,zero
B-rage-d3-v1,rage,shock,anger,true,13,m,zero
B-rage-d3-v2,rage,anger,anger,false,13,m,zero
B-rage-d3-v3,rage,anger,anger,false,13,m,zero
B-rage-d3-v4,rage,fear,anger,true,13,m,zero
B-terror-d1-v1,terror,fear,fear,false,13,m,zero
B-terror-d1-v2,terror,suspicion,suspicion,false,13,m,zero
B-terror-d1-v3,terror,fear,fear,false,13,m,zero
B-terror-d1-v4,terror,anxiety,anxiety,false,13,m,zero
B-terror-d2-v1,terror,anxiety,anxiety,false,13,m,zero
B-terror-d2-v2,terror,anxiety,anxiety,false,13,m,zero
B-terror-d2-v3,terror,anxiety,anxiety,false,13,m,zero
B-terror-d2-v4,terror,fear,fear,false,13,m,zero
B-terror-d3-v1,terror,fear,fear,false,13,m,zero
B-terror-d3-v2,terror,anxiety,anxiety,false,13,m,zero
B-terror-d3-v3,terror,fear,fear,false,13,m,zero
B-terror-d3-v4,terror,fear,anxiety,true,13,m,zero
B-vigilance-d1-v1,vigilance,concern,anxiety,true,13,m,zero
B-vigilance-d1-v2,vigilance,anxiety,anxiety,false,13,m,zero
B-vigilance-d1-v3,vigilance,anxiety,anxiety,false,13,m,zero
B-vigilance-d1-v4,vigilance,concern,concern,false,13,m,zero
B-vigilance-d2-v1,vigilance,anxiety,anxiety,false,13,m,zero
B-vigilance-d2-v2,vigilance,anticipation,anticipation,false,13,m,zero
B-vigilance-d2-v3,vigilance,focus,tension,true,13,m,zero
B-vigilance-d2-v4,vigilance,focus,anxiety,true,13,m,zero
B-vigilance-d3-v1,vigilance,focus,focus,false,13,m,zero
B-vigilance-d3-v2,vigilance,focus,anxiety,true,13,m,zero
B-vigilance-d3-v3,vigilance,concern,anxiety,true,13,m,zero
B-vigilance-d3-v4,vigilance,alert,anxiety,true,13,m,zero
B-admiration-d1-v1,admiration,admiration,admiration,false,14,m,zero
B-admiration-d1-v2,admiration,empathy,gratitude,true,14,m,zero
B-admiration-d1-v3,admiration,admiration,admiration,false,14,m,zero
B-admiration-d1-v4,admiration,admiration,admiration,false,14,m,zero
B-admiration-d2-v1,admiration,guilt,guilt,false,14,m,zero
B-admiration-d2-v2,admiration,compassion,compassion,false,14,m,zero
B-admiration-d2-v3,admiration,guilt,guilt,false,14,m,zero
B-admiration-d2-v4,admiration,dedication,dedication,false,14,m,zero
B-admiration-d3-v1,admiration,pride,pride,false,14,m,zero
B-admiration-d3-v2,admiration,relief,relief,false,14,m,zero
B-admiration-d3-v3,admiration,determination,determination,false,14,m,zero
B-admiration-d3-v4,admiration,empathy,hope,true,14,m,zero
B-amazement-d1-v1,amazement,awe,awe,false,14,m,zero
B-amazement-d1-v2,amazement,awe,awe,false,14,m,zero
B-amazement-d1-v3,amazement,awe,awe,false,14,m,zero
B-amazement-d1-v4,amazement,awe,awe,false,14,m,zero
B-amazement-d2-v1,amazement,relief,relief,false,14,m,zero
B-amazement-d2-v2,amazement,awe,awe,false,14,m,zero
B-amazement-d2-v3,amazement,relief,relief,false,14,m,zero
B-amazement-d2-v4,amazement,relief,relief,false,14,m,zero
B-amazement-d3-v1,amazement,surprise,surprise,false,14,m,zero
B-amazement-d3-v2,amazement,excitement,excitement,false,14,m,zero
B-amazement-d3-v3,amazement,relief,relief,false,14,m,zero
B-amazement-d3-v4,amazement,surprise,surprise,false,14,m,zero
B-ecstasy-d1-v1,ecstasy,relief,relief,false,14,m,zero
B-ecstasy-d1-v2,ecstasy,despair,despair,false,14,m,zero
B-ecstasy-d1-v3,ecstasy,el,el,false,14,m,zero
B-ecstasy-d1-v4,ecstasy,pride,pride,false,14,m,zero
B-ecstasy-d2-v1,ecstasy,a,nostalgia,true,14,m,zero
B-ecstasy-d2-v2,ecstasy,relief,relief,false,14,m,zero
B-ecstasy-d2-v3,ecstasy,nostalgia,nostalgia,false,14,m,zero
B-ecstasy-d2-v4,ecstasy,happiness,happiness,false,14,m,zero
B-ecstasy-d3-v1,ecstasy,excitement,excitement,false,14,m,zero
B-ecstasy-d3-v2,ecstasy,wonder,wonder,false,14,m,zero
B-ecstasy-d3-v3,ecstasy,excitement,excitement,false,14,m,zero
B-ecstasy-d3-v4,ecstasy,excitement,excitement,false,14,m,zero
B-grief-d1-v1,grief,grief,grief,false,14,m,zero
B-grief-d1-v2,grief,grief,melanch,true,14,m,zero
B-grief-d1-v3,grief,grief,grief,false,14,m,zero
B-grief-d1-v4,grief,grief,grief,false,14,m,zero
B-grief-d2-v1,grief,despair,despair,false,14,m,zero
B-grief-d2-v2,grief,nostalgia,nostalgia,false,14,m,zero
B-grief-d2-v3,grief,melanch,melanch,false,14,m,zero
B-grief-d2-v4,grief,nostalgia,nostalgia,false,14,m,zero
B-grief-d3-v1,grief,anxiety,anxiety,false,14,m,zero
B-grief-d3-v2,grief,grief,melanch,true,14,m,zero
B-grief-d3-v3,grief,melanch,sadness,true,14,m,zero
B-grief-d3-v4,grief,longing,longing,false,14,m,zero
B-loathing-d1-v1,loathing,disgust,disgust,false,14,m,zero
B-loathing-d1-v2,loathing,outrage,disgust,true,14,m,zero
B-loathing-d1-v3,loathing,outrage,disgust,true,14,m,zero
B-loathing-d1-v4,loathing,anger,anger,false,14,m,zero
B-loathing-d2-v1,loathing,disgust,disgust,false,14,m,zero
B-loathing-d2-v2,loathing,disgust,disgust,false,14,m,zero
B-loathing-d2-v3,loathing,disgust,disgust,false,14,m,zero
B-loathing-d2-v4,loathing,disgust,disgust,false,14,m,zero
B-loathing-d3-v1,loathing,shame,shame,false,14,m,zero
B-loathing-d3-v2,loathing,anger,anger,false,14,m,zero
B-loathing-d3-v3,loathing,embarrassment,embarrassment,false,14,m,zero
B-loathing-d3-v4,loathing,irony,anger,true,14,m,zero
B-rage-d1-v1,rage,anger,anger,false,14,m,zero
B-rage-d1-v2,rage,anger,anger,false,14,m,zero
B-rage-d1-v3,rage,anger,anger,false,14,m,zero
B-rage-d1-v4,rage,anger,anger,false,14,m,zero
B-rage-d2-v1,rage,relief,relief,false,14,m,zero
B-rage-d2-v2,rage,anger,anger,false,14,m,zero
B-rage-d2-v3,rage,anger,anger,false,14,m,zero
B-rage-d2-v4,rage,shock,shock,false,14,m,zero
B-rage-d3-v1,rage,shock,shock,false,14,m,zero
B-rage-d3-v2,rage,anger,anger,false,14,m,zero
B-rage-d3-v3,rage,anger,anger,false,14,m,zero
B-rage-d3-v4,rage,fear,fear,false,14,m,zero
B-terror-d1-v1,terror,fear,fear,false,14,m,zero
B-terror-d1-v2,terror,suspicion,suspicion,false,14,m,zero
B-terror-d1-v3,terror,fear,fear,false,14,m,zero
B-terror-d1-v4,terror,anxiety,anxiety,false,14,m,zero
B-terror-d2-v1,terror,anxiety,anxiety,false,14,m,zero
B-terror-d2-v2,terror,anxiety,anxiety,false,14,m,zero
B-terror-d2-v3,terror,anxiety,fear,true,14,m,zero
B-terror-d2-v4,terror,fear,fear,false,14,m,zero
B-terror-d3-v1,terror,fear,fear,false,14,m,zero
B-terror-d3-v2,terror,anxiety,anxiety,false,14,m,zero
B-terror-d3-v3,terror,fear,fear,false,14,m,zero
B-terror-d3-v4,terror,fear,fear,false,14,m,zero
B-vigilance-d1-v1,vigilance,concern,concern,false,14,m,zero
B-vigilance-d1-v2,vigilance,anxiety,anxiety,false,14,m,zero
B-vigilance-d1-v3,vigilance,anxiety,anxiety,false,14,m,zero
B-vigilance-d1-v4,vigilance,concern,concern,false,14,m,zero
B-vigilance-d2-v1,vigilance,anxiety,focus,true,14,m,zero
B-vigilance-d2-v2,vigilance,anticipation,anticipation,false,14,m,zero
B-vigilance-d2-v3,vigilance,focus,focus,false,14,m,zero
B-vigilance-d2-v4,vigilance,focus,focus,false,14,m,zero
B-vigilance-d3-v1,vigilance,focus,focus,false,14,m,zero
B-vigilance-d3-v2,vigilance,focus,anxiety,true,14,m,zero
B-vigilance-d3-v3,vigilance,concern,fear,true,14,m,zero
B-vigilance-d3-v4,vigilance,alert,alert,false,14,m,zero
B-admiration-d1-v1,admiration,admiration,admiration,false,15,m,zero
B-admiration-d1-v2,admiration,empathy,empathy,false,15,m,zero
B-admiration-d1-v3,admiration,admiration,admiration,false,15,m,zero
B-admiration-d1-v4,admiration,admiration,admiration,false,15,m,zero
B-admiration-d2-v1,admiration,guilt,guilt,false,15,m,zero
B-admiration-d2-v2,admiration,compassion,grief,true,15,m,zero
B-admiration-d2-v3,admiration,guilt,guilt,false,15,m,zero
B-admiration-d2-v4,admiration,dedication,dedication,false,15,m,zero
B-admiration-d3-v1,admiration,pride,pride,false,15,m,zero
B-admiration-d3-v2,admiration,relief,relief,false,15,m,zero
B-admiration-d3-v3,admiration,determination,determination,false,15,m,zero
B-admiration-d3-v4,admiration,empathy,empathy,false,15,m,zero
B-amazement-d1-v1,amazement,awe,awe,false,15,m,zero
B-amazement-d1-v2,amazement,awe,awe,false,15,m,zero
B-amazement-d1-v3,amazement,awe,awe,false,15,m,zero
B-amazement-d1-v4,amazement,awe,fear,true,15,m,zero
B-amazement-d2-v1,amazement,relief,relief,false,15,m,zero
B-amazement-d2-v2,amazement,awe,awe,false,15,m,zero
B-amazement-d2-v3,amazement,relief,relief,false,15,m,zero
B-amazement-d2-v4,amazement,relief,relief,false,15,m,zero
B-amazement-d3-v1,amazement,surprise,surprise,false,15,m,zero
B-amazement-d3-v2,amazement,excitement,excitement,false,15,m,zero
B-amazement-d3-v3,amazement,relief,relief,false,15,m,zero
B-amazement-d3-v4,amazement,surprise,surprise,false,15,m,zero
B-ecstasy-d1-v1,ecstasy,relief,relief,false,15,m,zero
B-ecstasy-d1-v2,ecstasy,despair,despair,false,15,m,zero
B-ecstasy-d1-v3,ecstasy,el,el,false,15,m,zero
B-ecstasy-d1-v4,ecstasy,pride,pride,false,15,m,zero
B-ecstasy-d2-v1,ecstasy,a,a,false,15,m,zero
B-ecstasy-d2-v2,ecstasy,relief,relief,false,15,m,zero
B-ecstasy-d2-v3,ecstasy,nostalgia,nostalgia,false,15,m,zero
B-ecstasy-d2-v4,ecstasy,happiness,happiness,false,15,m,zero
B-ecstasy-d3-v1,ecstasy,excitement,excitement,false,15,m,zero
B-ecstasy-d3-v2,ecstasy,wonder,awe,true,15,m,zero
B-ecstasy-d3-v3,ecstasy,excitement,excitement,false,15,m,zero
B-ecstasy-d3-v4,ecstasy,excitement,excitement,false,15,m,zero
B-grief-d1-v1,grief,grief,grief,false,15,m,zero
B-grief-d1-v2,grief,grief,grief,false,15,m,zero
B-grief-d1-v3,grief,grief,grief,false,15,m,zero
B-grief-d1-v4,grief,grief,grief,false,15,m,zero
B-grief-d2-v1,grief,despair,despair,false,15,m,zero
B-grief-d2-v2,grief,nostalgia,melanch,true,15,m,zero
B-grief-d2-v3,grief,melanch,melanch,false,15,m,zero
B-grief-d2-v4,grief,nostalgia,melanch,true,15,m,zero
B-grief-d3-v1,grief,anxiety,anxiety,false,15,m,zero
B-grief-d3-v2,grief,grief,melanch,true,15,m,zero
B-grief-d3-v3,grief,melanch,sadness,true,15,m,zero
B-grief-d3-v4,grief,longing,grief,true,15,m,zero
B-loathing-d1-v1,loathing,disgust,anger,true,15,m,zero
B-loathing-d1-v2,loathing,outrage,outrage,false,15,m,zero
B-loathing-d1-v3,loathing,outrage,anger,true,15,m,zero
B-loathing-d1-v4,loathing,anger,anger,false,15,m,zero
B-loathing-d2-v1,loathing,disgust,disgust,false,15,m,zero
B-loathing-d2-v2,loathing,disgust,disgust,false,15,m,zero
B-loathing-d2-v3,loathing,disgust,fear,true,15,m,zero
B-loathing-d2-v4,loathing,disgust,disgust,false,15,m,zero
B-loathing-d3-v1,loathing,shame,shame,false,15,m,zero
B-loathing-d3-v2,loathing,anger,anger,false,15,m,zero
B-loathing-d3-v3,loathing,embarrassment,embarrassment,false,15,m,zero
B-loathing-d3-v4,loathing,irony,guilt,true,15,m,zero
B-rage-d1-v1,rage,anger,anger,false,15,m,zero
B-rage-d1-v2,rage,anger,anger,false,15,m,zero
B-rage-d1-v3,rage,anger,anger,false,15,m,zero
B-rage-d1-v4,rage,anger,anger,false,15,m,zero
B-rage-d2-v1,rage,relief,relief,false,15,m,zero
B-rage-d2-v2,rage,anger,anger,false,15,m,zero
B-rage-d2-v3,rage,anger,anger,false,15,m,zero
B-rage-d2-v4,rage,shock,anger,true,15,m,zero
B-rage-d3-v1,rage,shock,anger,true,15,m,zero
B-rage-d3-v2,rage,anger,anger,false,15,m,zero
B-rage-d3-v3,rage,anger,anger,false,15,m,zero
B-rage-d3-v4,rage,fear,fear,false,15,m,zero
B-terror-d1-v1,terror,fear,fear,false,15,m,zero
B-terror-d1-v2,terror,suspicion,suspicion,false,15,m,zero
B-terror-d1-v3,terror,fear,fear,false,15,m,zero
B-terror-d1-v4,terror,anxiety,fear,true,15,m,zero
B-terror-d2-v1,terror,anxiety,anxiety,false,15,m,zero
B-terror-d2-v2,terror,anxiety,anxiety,false,15,m,zero
B-terror-d2-v3,terror,anxiety,anxiety,false,15,m,zero
B-terror-d2-v4,terror,fear,fear,false,15,m,zero
B-terror-d3-v1,terror,fear,fear,false,15,m,zero
B-terror-d3-v2,terror,anxiety,anxiety,false,15,m,zero
B-terror-d3-v3,terror,fear,fear,false,15,m,zero
B-terror-d3-v4,terror,fear,fear,false,15,m,zero
B-vigilance-d1-v1,vigilance,concern,concern,false,15,m,zero
B-vigilance-d1-v2,vigilance,anxiety,anxiety,false,15,m,zero
B-vigilance-d1-v3,vigilance,anxiety,anxiety,false,15,m,zero
B-vigilance-d1-v4,vigilance,concern,concern,false,15,m,zero
B-vigilance-d2-v1,vigilance,anxiety,anxiety,false,15,m,zero
B-vigilance-d2-v2,vigilance,anticipation,anticipation,false,15,m,zero
B-vigilance-d2-v3,vigilance,focus,focus,false,15,m,zero
B-vigilance-d2-v4,vigilance,focus,focus,false,15,m,zero
B-vigilance-d3-v1,vigilance,focus,focus,false,15,m,zero
B-vigilance-d3-v2,vigilance,focus,anxiety,true,15,m,zero
B-vigilance-d3-v3,vigilance,concern,fear,true,15,m,zero
B-vigilance-d3-v4,vigilance,alert,alert,false,15,m,zero
B-admiration-d1-v1,admiration,admiration,admiration,false,16,m,zero
B-admiration-d1-v2,admiration,empathy,relief,true,16,m,zero
B-admiration-d1-v3,admiration,admiration,admiration,false,16,m,zero
B-admiration-d1-v4,admiration,admiration,admiration,false,16,m,zero
B-admiration-d2-v1,admiration,guilt,guilt,false,16,m,zero
B-admiration-d2-v2,admiration,compassion,compassion,false,16,m,zero
B-admiration-d2-v3,admiration,guilt,regret,true,16,m,zero
B-admiration-d2-v4,admiration,dedication,dedication,false,16,m,zero
B-admiration-d3-v1,admiration,pride,pride,false,16,m,zero
B-admiration-d3-v2,admiration,relief,relief,false,16,m,zero
B-admiration-d3-v3,admiration,determination,determination,false,16,m,zero
B-admiration-d3-v4,admiration,empathy,hope,true,16,m,zero
B-amazement-d1-v1,amazement,awe,awe,false,16,m,zero
B-amazement-d1-v2,amazement,awe,awe,false,16,m,zero
B-amazement-d1-v3,amazement,awe,awe,false,16,m,zero
B-amazement-d1-v4,amazement,awe,awe,false,16,m,zero
B-amazement-d2-v1,amazement,relief,relief,false,16,m,zero
B-amazement-d2-v2,amazement,awe,awe,false,16,m,zero
B-amazement-d2-v3,amazement,relief,relief,false,16,m,zero
B-amazement-d2-v4,amazement,relief,relief,false,16,m,zero
B-amazement-d3-v1,amazement,surprise,surprise,false,16,m,zero
B-amazement-d3-v2,amazement,excitement,surprise,true,16,m,zero
B-amazement-d3-v3,amazement,relief,relief,false,16,m,zero
B-amazement-d3-v4,amazement,surprise,surprise,false,16,m,zero
B-ecstasy-d1-v1,ecstasy,relief,relief,false,16,m,zero
B-ecstasy-d1-v2,ecstasy,despair,despair,false,16,m,zero
B-ecstasy-d1-v3,ecstasy,el,relief,true,16,m,zero
B-ecstasy-d1-v4,ecstasy,pride,relief,true,16,m,zero
B-ecstasy-d2-v1,ecstasy,a,relief,true,16,m,zero
B-ecstasy-d2-v2,ecstasy,relief,relief,false,16,m,zero
B-ecstasy-d2-v3,ecstasy,nostalgia,nostalgia,false,16,m,zero
B-ecstasy-d2-v4,ecstasy,happiness,relief,true,16,m,zero
B-ecstasy-d3-v1,ecstasy,excitement,excitement,false,16,m,zero
B-ecstasy-d3-v2,ecstasy,wonder,wonder,false,16,m,zero
B-ecstasy-d3-v3,ecstasy,excitement,excitement,false,16,m,zero
B-ecstasy-d3-v4,ecstasy,excitement,excitement,false,16,m,zero
B-grief-d1-v1,grief,grief,grief,false,16,m,zero
B-grief-d1-v2,grief,grief,melanch,true,16,m,zero
B-grief-d1-v3,grief,grief,grief,false,16,m,zero
B-grief-d1-v4,grief,grief,grief,false,16,m,zero
B-grief-d2-v1,grief,despair,despair,false,16,m,zero
B-grief-d2-v2,grief,nostalgia,nostalgia,false,16,m,zero
B-grief-d2-v3,grief,melanch,melanch,false,16,m,zero
B-grief-d2-v4,grief,nostalgia,nostalgia,false,16,m,zero
B-grief-d3-v1,grief,anxiety,shock,true,16,m,zero
B-grief-d3-v2,grief,grief,grief,false,16,m,zero
B-grief-d3-v3,grief,melanch,nostalgia,true,16,m,zero
B-grief-d3-v4,grief,longing,longing,false,16,m,zero
B-loathing-d1-v1,loathing,disgust,disgust,false,16,m,zero
B-loathing-d1-v2,loathing,outrage,outrage,false,16,m,zero
B-loathing-d1-v3,loathing,outrage,disgust,true,16,m,zero
B-loathing-d1-v4,loathing,anger,anger,false,16,m,zero
B-loathing-d2-v1,loathing,disgust,disgust,false,16,m,zero
B-loathing-d2-v2,loathing,disgust,disgust,false,16,m,zero
B-loathing-d2-v3,loathing,disgust,disgust,false,16,m,zero
B-loathing-d2-v4,loathing,disgust,disgust,false,16,m,zero
B-loathing-d3-v1,loathing,shame,shame,false,16,m,zero
B-loathing-d3-v2,loathing,anger,anger,false,16,m,zero
B-loathing-d3-v3,loathing,embarrassment,embarrassment,false,16,m,zero
B-loathing-d3-v4,loathing,irony,anger,true,16,m,zero
B-rage-d1-v1,rage,anger,anger,false,16,m,zero
B-rage-d1-v2,rage,anger,anger,false,16,m,zero
B-rage-d1-v3,rage,anger,anger,false,16,m,zero
B-rage-d1-v4,rage,anger,anger,false,16,m,zero
B-rage-d2-v1,rage,relief,relief,false,16,m,zero
B-rage-d2-v2,rage,anger,anger,false,16,m,zero
B-rage-d2-v3,rage,anger,anger,false,16,m,zero
B-rage-d2-v4,rage,shock,shock,false,16,m,zero
B-rage-d3-v1,rage,shock,shock,false,16,m,zero
B-rage-d3-v2,rage,anger,anger,false,16,m,zero
B-rage-d3-v3,rage,anger,resentment,true,16,m,zero
B-rage-d3-v4,rage,fear,fear,false,16,m,zero
B-terror-d1-v1,terror,fear,fear,false,16,m,zero
B-terror-d1-v2,terror,suspicion,suspicion,false,16,m,zero
B-terror-d1-v3,terror,fear,fear,false,16,m,zero
B-terror-d1-v4,terror,anxiety,anxiety,false,16,m,zero
B-terror-d2-v1,terror,anxiety,anxiety,false,16,m,zero
B-terror-d2-v2,terror,anxiety,anxiety,false,16,m,zero
B-terror-d2-v3,terror,anxiety,anxiety,false,16,m,zero
B-terror-d2-v4,terror,fear,fear,false,16,m,zero
B-terror-d3-v1,terror,fear,fear,false,16,m,zero
B-terror-d3-v2,terror,anxiety,anxiety,false,16,m,zero
B-terror-d3-v3,terror,fear,fear,false,16,m,zero
B-terror-d3-v4,terror,fear,anxiety,true,16,m,zero
B-vigilance-d1-v1,vigilance,concern,concern,false,16,m,zero
B-vigilance-d1-v2,vigilance,anxiety,anxiety,false,16,m,zero
B-vigilance-d1-v3,vigilance,anxiety,anxiety,false,16,m,zero
B-vigilance-d1-v4,vigilance,concern,concern,false,16,m,zero
B-vigilance-d2-v1,vigilance,anxiety,focus,true,16,m,zero
B-vigilance-d2-v2,vigilance,anticipation,anticipation,false,16,m,zero
B-vigilance-d2-v3,vigilance,focus,focus,false,16,m,zero
B-vigilance-d2-v4,vigilance,focus,focus,false,16,m,zero
B-vigilance-d3-v1,vigilance,focus,focus,false,16,m,zero
B-vigilance-d3-v2,vigilance,focus,focus,false,16,m,zero
B-vigilance-d3-v3,vigilance,concern,concern,false,16,m,zero
B-vigilance-d3-v4,vigilance,alert,caution,true,16,m,zero
B-admiration-d1-v1,admiration,admiration,admiration,false,17,m,zero
B-admiration-d1-v2,admiration,empathy,empathy,false,17,m,zero
B-admiration-d1-v3,admiration,admiration,admiration,false,17,m,zero
B-admiration-d1-v4,admiration,admiration,admiration,false,17,m,zero
B-admiration-d2-v1,admiration,guilt,guilt,false,17,m,zero
B-admiration-d2-v2,admiration,compassion,compassion,false,17,m,zero
B-admiration-d2-v3,admiration,guilt,guilt,false,17,m,zero
B-admiration-d2-v4,admiration,dedication,dedication,false,17,m,zero
B-admiration-d3-v1,admiration,pride,pride,false,17,m,zero
B-admiration-d3-v2,admiration,relief,relief,false,17,m,zero
B-admiration-d3-v3,admiration,determination,determination,false,17,m,zero
B-admiration-d3-v4,admiration,empathy,compassion,true,17,m,zero
B-amazement-d1-v1,amazement,awe,awe,false,17,m,zero
B-amazement-d1-v2,amazement,awe,awe,false,17,m,zero
B-amazement-d1-v3,amazement,awe,awe,false,17,m,zero
B-amazement-d1-v4,amazement,awe,awe,false,17,m,zero
B-amazement-d2-v1,amazement,relief,relief,false,17,m,zero
B-amazement-d2-v2,amazement,awe,awe,false,17,m,zero
B-amazement-d2-v3,amazement,relief,compassion,true,17,m,zero
B-amazement-d2-v4,amazement,relief,relief,false,17,m,zero
B-amazement-d3-v1,amazement,surprise,nostalgia,true,17,m,zero
B-amazement-d3-v2,amazement,excitement,excitement,false,17,m,zero
B-amazement-d3-v3,amazement,relief,relief,false,17,m,zero
B-amazement-d3-v4,amazement,surprise,surprise,false,17,m,zero
B-ecstasy-d1-v1,ecstasy,relief,relief,false,17,m,zero
B-ecstasy-d1-v2,ecstasy,despair,despair,false,17,m,zero
B-ecstasy-d1-v3,ecstasy,el,el,false,17,m,zero
B-ecstasy-d1-v4,ecstasy,pride,relief,true,17,m,zero
B-ecstasy-d2-v1,ecstasy,a,nostalgia,true,17,m,zero
B-ecstasy-d2-v2,ecstasy,relief,relief,false,17,m,zero
B-ecstasy-d2-v3,ecstasy,nostalgia,nostalgia,false,17,m,zero
B-ecstasy-d2-v4,ecstasy,happiness,happiness,false,17,m,zero
B-ecstasy-d3-v1,ecstasy,excitement,excitement,false,17,m,zero
B-ecstasy-d3-v2,ecstasy,wonder,awe,true,17,m,zero
B-ecstasy-d3-v3,ecstasy,excitement,excitement,false,17,m,zero
B-ecstasy-d3-v4,ecstasy,excitement,excitement,false,17,m,zero
B-grief-d1-v1,grief,grief,grief,false,17,m,zero
B-grief-d1-v2,grief,grief,grief,false,17,m,zero
B-grief-d1-v3,grief,grief,grief,false,17,m,zero
B-grief-d1-v4,grief,grief,grief,false,17,m,zero
B-grief-d2-v1,grief,despair,despair,false,17,m,zero
B-grief-d2-v2,grief,nostalgia,nostalgia,false,17,m,zero
B-grief-d2-v3,grief,melanch,nostalgia,true,17,m,zero
B-grief-d2-v4,grief,nostalgia,nostalgia,false,17,m,zero
B-grief-d3-v1,grief,anxiety,fear,true,17,m,zero
B-grief-d3-v2,grief,grief,grief,false,17,m,zero
B-grief-d3-v3,grief,melanch,sadness,true,17,m,zero
B-grief-d3-v4,grief,longing,longing,false,17,m,zero
B-loathing-d1-v1,loathing,disgust,anger,true,17,m,zero
B-loathing-d1-v2,loathing,outrage,outrage,false,17,m,zero
B-loathing-d1-v3,loathing,outrage,disgust,true,17,m,zero
B-loathing-d1-v4,loathing,anger,anger,false,17,m,zero
B-loathing-d2-v1,loathing,disgust,disgust,false,17,m,zero
B-loathing-d2-v2,loathing,disgust,disgust,false,17,m,zero
B-loathing-d2-v3,loathing,disgust,disgust,false,17,m,zero
B-loathing-d2-v4,loathing,disgust,disgust,false,17,m,zero
B-loathing-d3-v1,loathing,shame,shame,false,17,m,zero
B-loathing-d3-v2,loathing,anger,anger,false,17,m,zero
B-loathing-d3-v3,loathing,embarrassment,embarrassment,false,17,m,zero
B-loathing-d3-v4,loathing,irony,anger,true,17,m,zero
B-rage-d1-v1,rage,anger,anger,false,17,m,zero
B-rage-d1-v2,rage,anger,anger,false,17,m,zero
B-rage-d1-v3,rage,anger,anger,false,17,m,zero
B-rage-d1-v4,rage,anger,anger,false,17,m,zero
B-rage-d2-v1,rage,relief,relief,false,17,m,zero
B-rage-d2-v2,rage,anger,anger,false,17,m,zero
B-rage-d2-v3,rage,anger,anger,false,17,m,zero
B-rage-d2-v4,rage,shock,shock,false,17,m,zero
B-rage-d3-v1,rage,shock,shock,false,17,m,zero
B-rage-d3-v2,rage,anger,anger,false,17,m,zero
B-rage-d3-v3,rage,anger,anger,false,17,m,zero
B-rage-d3-v4,rage,fear,fear,false,17,m,zero
B-terror-d1-v1,terror,fear,fear,false,17,m,zero
B-terror-d1-v2,terror,suspicion,paranoia,true,17,m,zero
B-terror-d1-v3,terror,fear,fear,false,17,m,zero
B-terror-d1-v4,terror,anxiety,anxiety,false,17,m,zero
B-terror-d2-v1,terror,anxiety,anxiety,false,17,m,zero
B-terror-d2-v2,terror,anxiety,fear,true,17,m,zero
B-terror-d2-v3,terror,anxiety,fear,true,17,m,zero
B-terror-d2-v4,terror,fear,fear,false,17,m,zero
B-terror-d3-v1,terror,fear,fear,false,17,m,zero
B-terror-d3-v2,terror,anxiety,anxiety,false,17,m,zero
B-terror-d3-v3,terror,fear,fear,false,17,m,zero
B-terror-d3-v4,terror,fear,fear,false,17,m,zero
B-vigilance-d1-v1,vigilance,concern,alert,true,17,m,zero
B-vigilance-d1-v2,vigilance,anxiety,anxiety,false,17,m,zero
B-vigilance-d1-v3,vigilance,anxiety,anxiety,false,17,m,zero
B-vigilance-d1-v4,vigilance,concern,concern,false,17,m,zero
B-vigilance-d2-v1,vigilance,anxiety,focus,true,17,m,zero
B-vigilance-d2-v2,vigilance,anticipation,anticipation,false,17,m,zero
B-vigilance-d2-v3,vigilance,focus,focus,false,17,m,zero
B-vigilance-d2-v4,vigilance,focus,focus,false,17,m,zero
B-vigilance-d3-v1,vigilance,focus,focus,false,17,m,zero
B-vigilance-d3-v2,vigilance,focus,focus,false,17,m,zero
B-vigilance-d3-v3,vigilance,concern,anxiety,true,17,m,zero
B-vigilance-d3-v4,vigilance,alert,alert,false,17,m,zero
B-admiration-d1-v1,admiration,admiration,admiration,false,18,m,zero
B-admiration-d1-v2,admiration,empathy,empathy,false,18,m,zero
B-admiration-d1-v3,admiration,admiration,admiration,false,18,m,zero
B-admiration-d1-v4,admiration,admiration,admiration,false,18,m,zero
B-admiration-d2-v1,admiration,guilt,guilt,false,18,m,zero
B-admiration-d2-v2,admiration,compassion,compassion,false,18,m,zero
B-admiration-d2-v3,admiration,guilt,guilt,false,18,m,zero
B-admiration-d2-v4,admiration,dedication,dedication,false,18,m,zero
B-admiration-d3-v1,admiration,pride,pride,false,18,m,zero
B-admiration-d3-v2,admiration,relief,determination,true,18,m,zero
B-admiration-d3-v3,admiration,determination,determination,false,18,m,zero
B-admiration-d3-v4,admiration,empathy,empathy,false,18,m,zero
B-amazement-d1-v1,amazement,awe,awe,false,18,m,zero
B-amazement-d1-v2,amazement,awe,awe,false,18,m,zero
B-amazement-d1-v3,amazement,awe,awe,false,18,m,zero
B-amazement-d1-v4,amazement,awe,awe,false,18,m,zero
B-amazement-d2-v1,amazement,relief,relief,false,18,m,zero
B-amazement-d2-v2,amazement,awe,awe,false,18,m,zero
B-amazement-d2-v3,amazement,relief,relief,false,18,m,zero
B-amazement-d2-v4,amazement,relief,relief,false,18,m,zero
B-amazement-d3-v1,amazement,surprise,excitement,true,18,m,zero
B-amazement-d3-v2,amazement,excitement,excitement,false,18,m,zero
B-amazement-d3-v3,amazement,relief,surprise,true,18,m,zero
B-amazement-d3-v4,amazement,surprise,surprise,false,18,m,zero
B-ecstasy-d1-v1,ecstasy,relief,relief,false,18,m,zero
B-ecstasy-d1-v2,ecstasy,despair,despair,false,18,m,zero
B-ecstasy-d1-v3,ecstasy,el,el,false,18,m,zero
B-ecstasy-d1-v4,ecstasy,pride,pride,false,18,m,zero
B-ecstasy-d2-v1,ecstasy,a,a,false,18,m,zero
B-ecstasy-d2-v2,ecstasy,relief,happiness,true,18,m,zero
B-ecstasy-d2-v3,ecstasy,nostalgia,nostalgia,false,18,m,zero
B-ecstasy-d2-v4,ecstasy,happiness,happiness,false,18,m,zero
B-ecstasy-d3-v1,ecstasy,excitement,excitement,false,18,m,zero
B-ecstasy-d3-v2,ecstasy,wonder,awe,true,18,m,zero
B-ecstasy-d3-v3,ecstasy,excitement,excitement,false,18,m,zero
B-ecstasy-d3-v4,ecstasy,excitement,excitement,false,18,m,zero
B-grief-d1-v1,grief,grief,grief,false,18,m,zero
B-grief-d1-v2,grief,grief,grief,false,18,m,zero
B-grief-d1-v3,grief,grief,grief,false,18,m,zero
B-grief-d1-v4,grief,grief,grief,false,18,m,zero
B-grief-d2-v1,grief,despair,despair,false,18,m,zero
B-grief-d2-v2,grief,nostalgia,melanch,true,18,m,zero
B-grief-d2-v3,grief,melanch,melanch,false,18,m,zero
B-grief-d2-v4,grief,nostalgia,nostalgia,false,18,m,zero
B-grief-d3-v1,grief,anxiety,fear,true,18,m,zero
B-grief-d3-v2,grief,grief,grief,false,18,m,zero
B-grief-d3-v3,grief,melanch,sadness,true,18,m,zero
B-grief-d3-v4,grief,longing,longing,false,18,m,zero
B-loathing-d1-v1,loathing,disgust,disgust,false,18,m,zero
B-loathing-d1-v2,loathing,outrage,outrage,false,18,m,zero
B-loathing-d1-v3,loathing,outrage,disgust,true,18,m,zero
B-loathing-d1-v4,loathing,anger,anger,false,18,m,zero
B-loathing-d2-v1,loathing,disgust,disgust,false,18,m,zero
B-loathing-d2-v2,loathing,disgust,disgust,false,18,m,zero
B-loathing-d2-v3,loathing,disgust,disgust,false,18,m,zero
B-loathing-d2-v4,loathing,disgust,disgust,false,18,m,zero
B-loathing-d3-v1,loathing,shame,shame,false,18,m,zero
B-loathing-d3-v2,loathing,anger,anger,false,18,m,zero
B-loathing-d3-v3,loathing,embarrassment,disgust,true,18,m,zero
B-loathing-d3-v4,loathing,irony,anger,true,18,m,zero
B-rage-d1-v1,rage,anger,anger,false,18,m,zero
B-rage-d1-v2,rage,anger,anger,false,18,m,zero
B-rage-d1-v3,rage,anger,anger,false,18,m,zero
B-rage-d1-v4,rage,anger,betrayal,true,18,m,zero
B-rage-d2-v1,rage,relief,indifference,true,18,m,zero
B-rage-d2-v2,rage,anger,anger,false,18,m,zero
B-rage-d2-v3,rage,anger,anger,false,18,m,zero
B-rage-d2-v4,rage,shock,guilt,true,18,m,zero
B-rage-d3-v1,rage,shock,betrayal,true,18,m,zero
B-rage-d3-v2,rage,anger,anger,false,18,m,zero
B-rage-d3-v3,rage,anger,anger,false,18,m,zero
B-rage-d3-v4,rage,fear,fear,false,18,m,zero
B-terror-d1-v1,terror,fear,fear,false,18,m,zero
B-terror-d1-v2,terror,suspicion,suspicion,false,18,m,zero
B-terror-d1-v3,terror,fear,fear,false,18,m,zero
B-terror-d1-v4,terror,anxiety,fear,true,18,m,zero
B-terror-d2-v1,terror,anxiety,anxiety,false,18,m,zero
B-terror-d2-v2,terror,anxiety,fear,true,18,m,zero
B-terror-d2-v3,terror,anxiety,fear,true,18,m,zero
B-terror-d2-v4,terror,fear,fear,false,18,m,zero
B-terror-d3-v1,terror,fear,fear,false,18,m,zero
B-terror-d3-v2,terror,anxiety,fear,true,18,m,zero
B-terror-d3-v3,terror,fear,fear,false,18,m,zero
B-terror-d3-v4,terror,fear,fear,false,18,m,zero
B-vigilance-d1-v1,vigilance,concern,concern,false,18,m,zero
B-vigilance-d1-v2,vigilance,anxiety,anxiety,false,18,m,zero
B-vigilance-d1-v3,vigilance,anxiety,anxiety,false,18,m,zero
B-vigilance-d1-v4,vigilance,concern,concern,false,18,m,zero
B-vigilance-d2-v1,vigilance,anxiety,anxiety,false,18,m,zero
B-vigilance-d2-v2,vigilance,anticipation,anticipation,false,18,m,zero
B-vigilance-d2-v3,vigilance,focus,focus,false,18,m,zero
B-vigilance-d2-v4,vigilance,focus,focus,false,18,m,zero
B-vigilance-d3-v1,vigilance,focus,focus,false,18,m,zero
B-vigilance-d3-v2,vigilance,focus,focus,false,18,m,zero
B-vigilance-d3-v3,vigilance,concern,anxiety,true,18,m,zero
B-vigilance-d3-v4,vigilance,alert,alert,false,18,m,zero
B-admiration-d1-v1,admiration,admiration,admiration,false,19,m,zero
B-admiration-d1-v2,admiration,empathy,gratitude,true,19,m,zero
B-admiration-d1-v3,admiration,admiration,admiration,false,19,m,zero
B-admiration-d1-v4,admiration,admiration,admiration,false,19,m,zero
B-admiration-d2-v1,admiration,guilt,guilt,false,19,m,zero
B-admiration-d2-v2,admiration,compassion,compassion,false,19,m,zero
B-admiration-d2-v3,admiration,guilt,guilt,false,19,m,zero
B-admiration-d2-v4,admiration,dedication,dedication,false,19,m,zero
B-admiration-d3-v1,admiration,pride,pride,false,19,m,zero
B-admiration-d3-v2,admiration,relief,relief,false,19,m,zero
B-admiration-d3-v3,admiration,determination,determination,false,19,m,zero
B-admiration-d3-v4,admiration,empathy,hope,true,19,m,zero
B-amazement-d1-v1,amazement,awe,awe,false,19,m,zero
B-amazement-d1-v2,amazement,awe,awe,false,19,m,zero
B-amazement-d1-v3,amazement,awe,awe,false,19,m,zero
B-amazement-d1-v4,amazement,awe,awe,false,19,m,zero
B-amazement-d2-v1,amazement,relief,relief,false,19,m,zero
B-amazement-d2-v2,amazement,awe,awe,false,19,m,zero
B-amazement-d2-v3,amazement,relief,relief,false,19,m,zero
B-amazement-d2-v4,amazement,relief,relief,false,19,m,zero
B-amazement-d3-v1,amazement,surprise,surprise,false,19,m,zero
B-amazement-d3-v2,amazement,excitement,excitement,false,19,m,zero
B-amazement-d3-v3,amazement,relief,relief,false,19,m,zero
B-amazement-d3-v4,amazement,surprise,surprise,false,19,m,zero
B-ecstasy-d1-v1,ecstasy,relief,relief,false,19,m,zero
B-ecstasy-d1-v2,ecstasy,despair,despair,false,19,m,zero
B-ecstasy-d1-v3,ecstasy,el,el,false,19,m,zero
B-ecstasy-d1-v4,ecstasy,pride,pride,false,19,m,zero
B-ecstasy-d2-v1,ecstasy,a,longing,true,19,m,zero
B-ecstasy-d2-v2,ecstasy,relief,relief,false,19,m,zero
B-ecstasy-d2-v3,ecstasy,nostalgia,nostalgia,false,19,m,zero
B-ecstasy-d2-v4,ecstasy,happiness,happiness,false,19,m,zero
B-ecstasy-d3-v1,ecstasy,excitement,excitement,false,19,m,zero
B-ecstasy-d3-v2,ecstasy,wonder,wonder,false,19,m,zero
B-ecstasy-d3-v3,ecstasy,excitement,excitement,false,19,m,zero
B-ecstasy-d3-v4,ecstasy,excitement,excitement,false,19,m,zero
B-grief-d1-v1,grief,grief,grief,false,19,m,zero
B-grief-d1-v2,grief,grief,grief,false,19,m,zero
B-grief-d1-v3,grief,grief,grief,false,19,m,zero
B-grief-d1-v4,grief,grief,grief,false,19,m,zero
B-grief-d2-v1,grief,despair,despair,false,19,m,zero
B-grief-d2-v2,grief,nostalgia,nostalgia,false,19,m,zero
B-grief-d2-v3,grief,melanch,melanch,false,19,m,zero
B-grief-d2-v4,grief,nostalgia,nostalgia,false,19,m,zero
B-grief-d3-v1,grief,anxiety,anxiety,false,19,m,zero
B-grief-d3-v2,grief,grief,grief,false,19,m,zero
B-grief-d3-v3,grief,melanch,sadness,true,19,m,zero
B-grief-d3-v4,grief,longing,longing,false,19,m,zero
B-loathing-d1-v1,loathing,disgust,anger,true,19,m,zero
B-loathing-d1-v2,loathing,outrage,outrage,false,19,m,zero
B-loathing-d1-v3,loathing,outrage,anger,true,19,m,zero
B-loathing-d1-v4,loathing,anger,anger,false,19,m,zero
B-loathing-d2-v1,loathing,disgust,disgust,false,19,m,zero
B-loathing-d2-v2,loathing,disgust,disgust,false,19,m,zero
B-loathing-d2-v3,loathing,disgust,fear,true,19,m,zero
B-loathing-d2-v4,loathing,disgust,disgust,false,19,m,zero
B-loathing-d3-v1,loathing,shame,shame,false,19,m,zero
B-loathing-d3-v2,loathing,anger,anger,false,19,m,zero
B-loathing-d3-v3,loathing,embarrassment,embarrassment,false,19,m,zero
B-loathing-d3-v4,loathing,irony,irony,false,19,m,zero
B-rage-d1-v1,rage,anger,anger,false,19,m,zero
B-rage-d1-v2,rage,anger,anger,false,19,m,zero
B-rage-d1-v3,rage,anger,anger,false,19,m,zero
B-rage-d1-v4,rage,anger,anger,false,19,m,zero
B-rage-d2-v1,rage,relief,relief,false,19,m,zero
B-rage-d2-v2,rage,anger,anger,false,19,m,zero
B-rage-d2-v3,rage,anger,anger,false,19,m,zero
B-rage-d2-v4,rage,shock,shock,false,19,m,zero
B-rage-d3-v1,rage,shock,anger,true,19,m,zero
B-rage-d3-v2,rage,anger,anger,false,19,m,zero
B-rage-d3-v3,rage,anger,anger,false,19,m,zero
B-rage-d3-v4,rage,fear,fear,false,19,m,zero
B-terror-d1-v1,terror,fear,fear,false,19,m,zero
B-terror-d1-v2,terror,suspicion,suspicion,false,19,m,zero
B-terror-d1-v3,terror,fear,fear,false,19,m,zero
B-terror-d1-v4,terror,anxiety,anxiety,false,19,m,zero
B-terror-d2-v1,terror,anxiety,anxiety,false,19,m,zero
B-terror-d2-v2,terror,anxiety,anxiety,false,19,m,zero
B-terror-d2-v3,terror,anxiety,anxiety,false,19,m,zero
B-terror-d2-v4,terror,fear,fear,false,19,m,zero
B-terror-d3-v1,terror,fear,fear,false,19,m,zero
B-terror-d3-v2,terror,anxiety,anxiety,false,19,m,zero
B-terror-d3-v3,terror,fear,fear,false,19,m,zero
B-terror-d3-v4,terror,fear,anxiety,true,19,m,zero
B-vigilance-d1-v1,vigilance,concern,concern,false,19,m,zero
B-vigilance-d1-v2,vigilance,anxiety,anxiety,false,19,m,zero
B-vigilance-d1-v3,vigilance,anxiety,anxiety,false,19,m,zero
B-vigilance-d1-v4,vigilance,concern,concern,false,19,m,zero
B-vigilance-d2-v1,vigilance,anxiety,anxiety,false,19,m,zero
B-vigilance-d2-v2,vigilance,anticipation,anticipation,false,19,m,zero
B-vigilance-d2-v3,vigilance,focus,focus,false,19,m,zero
B-vigilance-d2-v4,vigilance,focus,anxiety,true,19,m,zero
B-vigilance-d3-v1,vigilance,focus,focus,false,19,m,zero
B-vigilance-d3-v2,vigilance,focus,focus,false,19,m,zero
B-vigilance-d3-v3,vigilance,concern,anxiety,true,19,m,zero
B-vigilance-d3-v4,vigilance,alert,alert,false,19,m,zero
B-admiration-d1-v1,admiration,admiration,admiration,false,20,m,zero
B-admiration-d1-v2,admiration,empathy,gratitude,true,20,m,zero
B-admiration-d1-v3,admiration,admiration,admiration,false,20,m,zero
B-admiration-d1-v4,admiration,admiration,admiration,false,20,m,zero
B-admiration-d2-v1,admiration,guilt,empathy,true,20,m,zero
B-admiration-d2-v2,admiration,compassion,compassion,false,20,m,zero
B-admiration-d2-v3,admiration,guilt,frustration,true,20,m,zero
B-admiration-d2-v4,admiration,dedication,dedication,false,20,m,zero
B-admiration-d3-v1,admiration,pride,pride,false,20,m,zero
B-admiration-d3-v2,admiration,relief,relief,false,20,m,zero
B-admiration-d3-v3,admiration,determination,determination,false,20,m,zero
B-admiration-d3-v4,admiration,empathy,empathy,false,20,m,zero
B-amazement-d1-v1,amazement,awe,awe,false,20,m,zero
B-amazement-d1-v2,amazement,awe,awe,false,20,m,zero
B-amazement-d1-v3,amazement,awe,awe,false,20,m,zero
B-amazement-d1-v4,amazement,awe,awe,false,20,m,zero
B-amazement-d2-v1,amazement,relief,relief,false,20,m,zero
B-amazement-d2-v2,amazement,awe,awe,false,20,m,zero
B-amazement-d2-v3,amazement,relief,relief,false,20,m,zero
B-amazement-d2-v4,amazement,relief,relief,false,20,m,zero
B-amazement-d3-v1,amazement,surprise,excitement,true,20,m,zero
B-amazement-d3-v2,amazement,excitement,excitement,false,20,m,zero
B-amazement-d3-v3,amazement,relief,relief,false,20,m,zero
B-amazement-d3-v4,amazement,surprise,surprise,false,20,m,zero
B-ecstasy-d1-v1,ecstasy,relief,relief,false,20,m,zero
B-ecstasy-d1-v2,ecstasy,despair,despair,false,20,m,zero
B-ecstasy-d1-v3,ecstasy,el,el,false,20,m,zero
B-ecstasy-d1-v4,ecstasy,pride,pride,false,20,m,zero
B-ecstasy-d2-v1,ecstasy,a,relief,true,20,m,zero
B-ecstasy-d2-v2,ecstasy,relief,relief,false,20,m,zero
B-ecstasy-d2-v3,ecstasy,nostalgia,nostalgia,false,20,m,zero
B-ecstasy-d2-v4,ecstasy,happiness,relief,true,20,m,zero
B-ecstasy-d3-v1,ecstasy,excitement,excitement,false,20,m,zero
B-ecstasy-d3-v2,ecstasy,wonder,awe,true,20,m,zero
B-ecstasy-d3-v3,ecstasy,excitement,excitement,false,20,m,zero
B-ecstasy-d3-v4,ecstasy,excitement,excitement,false,20,m,zero
B-grief-d1-v1,grief,grief,grief,false,20,m,zero
B-grief-d1-v2,grief,grief,grief,false,20,m,zero
B-grief-d1-v3,grief,grief,grief,false,20,m,zero
B-grief-d1-v4,grief,grief,grief,false,20,m,zero
B-grief-d2-v1,grief,despair,despair,false,20,m,zero
B-grief-d2-v2,grief,nostalgia,nostalgia,false,20,m,zero
B-grief-d2-v3,grief,melanch,melanch,false,20,m,zero
B-grief-d2-v4,grief,nostalgia,nostalgia,false,20,m,zero
B-grief-d3-v1,grief,anxiety,anxiety,false,20,m,zero
B-grief-d3-v2,grief,grief,grief,false,20,m,zero
B-grief-d3-v3,grief,melanch,sadness,true,20,m,zero
B-grief-d3-v4,grief,longing,longing,false,20,m,zero
B-loathing-d1-v1,loathing,disgust,anger,true,20,m,zero
B-loathing-d1-v2,loathing,outrage,outrage,false,20,m,zero
B-loathing-d1-v3,loathing,outrage,anger,true,20,m,zero
B-loathing-d1-v4,loathing,anger,anger,false,20,m,zero
B-loathing-d2-v1,loathing,disgust,disgust,false,20,m,zero
B-loathing-d2-v2,loathing,disgust,disgust,false,20,m,zero
B-loathing-d2-v3,loathing,disgust,disgust,false,20,m,zero
B-loathing-d2-v4,loathing,disgust,disgust,false,20,m,zero
B-loathing-d3-v1,loathing,shame,shock,true,20,m,zero
B-loathing-d3-v2,loathing,anger,anger,false,20,m,zero
B-loathing-d3-v3,loathing,embarrassment,anger,true,20,m,zero
B-loathing-d3-v4,loathing,irony,anger,true,20,m,zero
B-rage-d1-v1,rage,anger,anger,false,20,m,zero
B-rage-d1-v2,rage,anger,anger,false,20,m,zero
B-rage-d1-v3,rage,anger,anger,false,20,m,zero
B-rage-d1-v4,rage,anger,anger,false,20,m,zero
B-rage-d2-v1,rage,relief,relief,false,20,m,zero
B-rage-d2-v2,rage,anger,anger,false,20,m,zero
B-rage-d2-v3,rage,anger,anger,false,20,m,zero
B-rage-d2-v4,rage,shock,anger,true,20,m,zero
B-rage-d3-v1,rage,shock,anger,true,20,m,zero
B-rage-d3-v2,rage,anger,anger,false,20,m,zero
B-rage-d3-v3,rage,anger,anger,false,20,m,zero
B-rage-d3-v4,rage,fear,anger,true,20,m,zero
B-terror-d1-v1,terror,fear,fear,false,20,m,zero
B-terror-d1-v2,terror,suspicion,suspicion,false,20,m,zero
B-terror-d1-v3,terror,fear,fear,false,20,m,zero
B-terror-d1-v4,terror,anxiety,anxiety,false,20,m,zero
B-terror-d2-v1,terror,anxiety,anxiety,false,20,m,zero
B-terror-d2-v2,terror,anxiety,anxiety,false,20,m,zero
B-terror-d2-v3,terror,anxiety,anxiety,false,20,m,zero
B-terror-d2-v4,terror,fear,fear,false,20,m,zero
B-terror-d3-v1,terror,fear,fear,false,20,m,zero
B-terror-d3-v2,terror,anxiety,anxiety,false,20,m,zero
B-terror-d3-v3,terror,fear,fear,false,20,m,zero
B-terror-d3-v4,terror,fear,anxiety,true,20,m,zero
B-vigilance-d1-v1,vigilance,concern,concern,false,20,m,zero
B-vigilance-d1-v2,vigilance,anxiety,anxiety,false,20,m,zero
B-vigilance-d1-v3,vigilance,anxiety,anxiety,false,20,m,zero
B-vigilance-d1-v4,vigilance,concern,concern,false,20,m,zero
B-vigilance-d2-v1,vigilance,anxiety,anxiety,false,20,m,zero
B-vigilance-d2-v2,vigilance,anticipation,anticipation,false,20,m,zero
B-vigilance-d2-v3,vigilance,focus,focus,false,20,m,zero
B-vigilance-d2-v4,vigilance,focus,focus,false,20,m,zero
B-vigilance-d3-v1,vigilance,focus,focus,false,20,m,zero
B-vigilance-d3-v2,vigilance,focus,focus,false,20,m,zero
B-vigilance-d3-v3,vigilance,concern,concern,false,20,m,zero
B-vigilance-d3-v4,vigilance,alert,concern,true,20,m,zero
B-admiration-d1-v1,admiration,admiration,admiration,false,21,m,zero
B-admiration-d1-v2,admiration,empathy,relief,true,21,m,zero
B-admiration-d1-v3,admiration,admiration,admiration,false,21,m,zero
B-admiration-d1-v4,admiration,admiration,admiration,false,21,m,zero
B-admiration-d2-v1,admiration,guilt,guilt,false,21,m,zero
B-admiration-d2-v2,admiration,compassion,compassion,false,21,m,zero
B-admiration-d2-v3,admiration,guilt,guilt,false,21,m,zero
B-admiration-d2-v4,admiration,dedication,dedication,false,21,m,zero
B-admiration-d3-v1,admiration,pride,pride,false,21,m,zero
B-admiration-d3-v2,admiration,relief,relief,false,21,m,zero
B-admiration-d3-v3,admiration,determination,determination,false,21,m,zero
B-admiration-d3-v4,admiration,empathy,hope,true,21,m,zero
B-amazement-d1-v1,amazement,awe,awe,false,21,m,zero
B-amazement-d1-v2,amazement,awe,awe,false,21,m,zero
B-amazement-d1-v3,amazement,awe,awe,false,21,m,zero
B-amazement-d1-v4,amazement,awe,awe,false,21,m,zero
B-amazement-d2-v1,amazement,relief,relief,false,21,m,zero
B-amazement-d2-v2,amazement,awe,awe,false,21,m,zero
B-amazement-d2-v3,amazement,relief,relief,false,21,m,zero
B-amazement-d2-v4,amazement,relief,relief,false,21,m,zero
B-amazement-d3-v1,amazement,surprise,pride,true,21,m,zero
B-amazement-d3-v2,amazement,excitement,excitement,false,21,m,zero
B-amazement-d3-v3,amazement,relief,relief,false,21,m,zero
B-amazement-d3-v4,amazement,surprise,surprise,false,21,m,zero
B-ecstasy-d1-v1,ecstasy,relief,relief,false,21,m,zero
B-ecstasy-d1-v2,ecstasy,despair,despair,false,21,m,zero
B-ecstasy-d1-v3,ecstasy,el,pride,true,21,m,zero
B-ecstasy-d1-v4,ecstasy,pride,pride,false,21,m,zero
B-ecstasy-d2-v1,ecstasy,a,relief,true,21,m,zero
B-ecstasy-d2-v2,ecstasy,relief,relief,false,21,m,zero
B-ecstasy-d2-v3,ecstasy,nostalgia,nostalgia,false,21,m,zero
B-ecstasy-d2-v4,ecstasy,happiness,happiness,false,21,m,zero
B-ecstasy-d3-v1,ecstasy,excitement,excitement,false,21,m,zero
B-ecstasy-d3-v2,ecstasy,wonder,awe,true,21,m,zero
B-ecstasy-d3-v3,ecstasy,excitement,excitement,false,21,m,zero
B-ecstasy-d3-v4,ecstasy,excitement,excitement,false,21,m,zero
B-grief-d1-v1,grief,grief,grief,false,21,m,zero
B-grief-d1-v2,grief,grief,grief,false,21,m,zero
B-grief-d1-v3,grief,grief,grief,false,21,m,zero
B-grief-d1-v4,grief,grief,grief,false,21,m,zero
B-grief-d2-v1,grief,despair,despair,false,21,m,zero
B-grief-d2-v2,grief,nostalgia,nostalgia,false,21,m,zero
B-grief-d2-v3,grief,melanch,melanch,false,21,m,zero
B-grief-d2-v4,grief,nostalgia,nostalgia,false,21,m,zero
B-grief-d3-v1,grief,anxiety,anxiety,false,21,m,zero
B-grief-d3-v2,grief,grief,grief,false,21,m,zero
B-grief-d3-v3,grief,melanch,regret,true,21,m,zero
B-grief-d3-v4,grief,longing,longing,false,21,m,zero
B-loathing-d1-v1,loathing,disgust,disgust,false,21,m,zero
B-loathing-d1-v2,loathing,outrage,disgust,true,21,m,zero
B-loathing-d1-v3,loathing,outrage,disgust,true,21,m,zero
B-loathing-d1-v4,loathing,anger,anger,false,21,m,zero
B-loathing-d2-v1,loathing,disgust,disgust,false,21,m,zero
B-loathing-d2-v2,loathing,disgust,disgust,false,21,m,zero
B-loathing-d2-v3,loathing,disgust,disgust,false,21,m,zero
B-loathing-d2-v4,loathing,disgust,disgust,false,21,m,zero
B-loathing-d3-v1,loathing,shame,shame,false,21,m,zero
B-loathing-d3-v2,loathing,anger,disgust,true,21,m,zero
B-loathing-d3-v3,loathing,embarrassment,embarrassment,false,21,m,zero
B-loathing-d3-v4,loathing,irony,shame,true,21,m,zero
B-rage-d1-v1,rage,anger,anger,false,21,m,zero
B-rage-d1-v2,rage,anger,anger,false,21,m,zero
B-rage-d1-v3,rage,anger,shock,true,21,m,zero
B-rage-d1-v4,rage,anger,shock,true,21,m,zero
B-rage-d2-v1,rage,relief,relief,false,21,m,zero
B-rage-d2-v2,rage,anger,anger,false,21,m,zero
B-rage-d2-v3,rage,anger,outrage,true,21,m,zero
B-rage-d2-v4,rage,shock,shock,false,21,m,zero
B-rage-d3-v1,rage,shock,shock,false,21,m,zero
B-rage-d3-v2,rage,anger,anger,false,21,m,zero
B-rage-d3-v3,rage,anger,anger,false,21,m,zero
B-rage-d3-v4,rage,fear,fear,false,21,m,zero
B-terror-d1-v1,terror,fear,fear,false,21,m,zero
B-terror-d1-v2,terror,suspicion,suspicion,false,21,m,zero
B-terror-d1-v3,terror,fear,fear,false,21,m,zero
B-terror-d1-v4,terror,anxiety,anxiety,false,21,m,zero
B-terror-d2-v1,terror,anxiety,anxiety,false,21,m,zero
B-terror-d2-v2,terror,anxiety,anxiety,false,21,m,zero
B-terror-d2-v3,terror,anxiety,anxiety,false,21,m,zero
B-terror-d2-v4,terror,fear,fear,false,21,m,zero
B-terror-d3-v1,terror,fear,fear,false,21,m,zero
B-terror-d3-v2,terror,anxiety,anxiety,false,21,m,zero
B-terror-d3-v3,terror,fear,fear,false,21,m,zero
B-terror-d3-v4,terror,fear,fear,false,21,m,zero
B-vigilance-d1-v1,vigilance,concern,anxiety,true,21,m,zero
B-vigilance-d1-v2,vigilance,anxiety,anxiety,false,21,m,zero
B-vigilance-d1-v3,vigilance,anxiety,anxiety,false,21,m,zero
B-vigilance-d1-v4,vigilance,concern,concern,false,21,m,zero
B-vigilance-d2-v1,vigilance,anxiety,anxiety,false,21,m,zero
B-vigilance-d2-v2,vigilance,anticipation,anticipation,false,21,m,zero
B-vigilance-d2-v3,vigilance,focus,focus,false,21,m,zero
B-vigilance-d2-v4,vigilance,focus,focus,false,21,m,zero
B-vigilance-d3-v1,vigilance,focus,focus,false,21,m,zero
B-vigilance-d3-v2,vigilance,focus,focus,false,21,m,zero
B-vigilance-d3-v3,vigilance,concern,anxiety,true,21,m,zero
B-vigilance-d3-v4,vigilance,alert,vigil,true,21,m,zero
B-admiration-d1-v1,admiration,admiration,admiration,false,22,m,zero
B-admiration-d1-v2,admiration,empathy,empathy,false,22,m,zero
B-admiration-d1-v3,admiration,admiration,admiration,false,22,m,zero
B-admiration-d1-v4,admiration,admiration,admiration,false,22,m,zero
B-admiration-d2-v1,admiration,guilt,guilt,false,22,m,zero
B-admiration-d2-v2,admiration,compassion,compassion,false,22,m,zero
B-admiration-d2-v3,admiration,guilt,guilt,false,22,m,zero
B-admiration-d2-v4,admiration,dedication,loyalty,true,22,m,zero
B-admiration-d3-v1,admiration,pride,pride,false,22,m,zero
B-admiration-d3-v2,admiration,relief,relief,false,22,m,zero
B-admiration-d3-v3,admiration,determination,determination,false,22,m,zero
B-admiration-d3-v4,admiration,empathy,empathy,false,22,m,zero
B-amazement-d1-v1,amazement,awe,awe,false,22,m,zero
B-amazement-d1-v2,amazement,awe,awe,false,22,m,zero
B-amazement-d1-v3,amazement,awe,awe,false,22,m,zero
B-amazement-d1-v4,amazement,awe,awe,false,22,m,zero
B-amazement-d2-v1,amazement,relief,relief,false,22,m,zero
B-amazement-d2-v2,amazement,awe,awe,false,22,m,zero
B-amazement-d2-v3,amazement,relief,relief,false,22,m,zero
B-amazement-d2-v4,amazement,relief,relief,false,22,m,zero
B-amazement-d3-v1,amazement,surprise,surprise,false,22,m,zero
B-amazement-d3-v2,amazement,excitement,surprise,true,22,m,zero
B-amazement-d3-v3,amazement,relief,relief,false,22,m,zero
B-amazement-d3-v4,amazement,surprise,surprise,false,22,m,zero
B-ecstasy-d1-v1,ecstasy,relief,relief,false,22,m,zero
B-ecstasy-d1-v2,ecstasy,despair,despair,false,22,m,zero
B-ecstasy-d1-v3,ecstasy,el,relief,true,22,m,zero
B-ecstasy-d1-v4,ecstasy,pride,pride,false,22,m,zero
B-ecstasy-d2-v1,ecstasy,a,relief,true,22,m,zero
B-ecstasy-d2-v2,ecstasy,relief,relief,false,22,m,zero
B-ecstasy-d2-v3,ecstasy,nostalgia,nostalgia,false,22,m,zero
B-ecstasy-d2-v4,ecstasy,happiness,relief,true,22,m,zero
B-ecstasy-d3-v1,ecstasy,excitement,excitement,false,22,m,zero
B-ecstasy-d3-v2,ecstasy,wonder,wonder,false,22,m,zero
B-ecstasy-d3-v3,ecstasy,excitement,excitement,false,22,m,zero
B-ecstasy-d3-v4,ecstasy,excitement,excitement,false,22,m,zero
B-grief-d1-v1,grief,grief,grief,false,22,m,zero
B-grief-d1-v2,grief,grief,resignation,true,22,m,zero
B-grief-d1-v3,grief,grief,grief,false,22,m,zero
B-grief-d1-v4,grief,grief,grief,false,22,m,zero
B-grief-d2-v1,grief,despair,despair,false,22,m,zero
B-grief-d2-v2,grief,nostalgia,nostalgia,false,22,m,zero
B-grief-d2-v3,grief,melanch,melanch,false,22,m,zero
B-grief-d2-v4,grief,nostalgia,nostalgia,false,22,m,zero
B-grief-d3-v1,grief,anxiety,anxiety,false,22,m,zero
B-grief-d3-v2,grief,grief,grief,false,22,m,zero
B-grief-d3-v3,grief,melanch,sadness,true,22,m,zero
B-grief-d3-v4,grief,longing,longing,false,22,m,zero
B-loathing-d1-v1,loathing,disgust,disgust,false,22,m,zero
B-loathing-d1-v2,loathing,outrage,outrage,false,22,m,zero
B-loathing-d1-v3,loathing,outrage,disgust,true,22,m,zero
B-loathing-d1-v4,loathing,anger,anger,false,22,m,zero
B-loathing-d2-v1,loathing,disgust,disgust,false,22,m,zero
B-loathing-d2-v2,loathing,disgust,disgust,false,22,m,zero
B-loathing-d2-v3,loathing,disgust,disgust,false,22,m,zero
B-loathing-d2-v4,loathing,disgust,disgust,false,22,m,zero
B-loathing-d3-v1,loathing,shame,shame,false,22,m,zero
B-loathing-d3-v2,loathing,anger,anger,false,22,m,zero
B-loathing-d3-v3,loathing,embarrassment,embarrassment,false,22,m,zero
B-loathing-d3-v4,loathing,irony,anger,true,22,m,zero
B-rage-d1-v1,rage,anger,anger,false,22,m,zero
B-rage-d1-v2,rage,anger,anger,false,22,m,zero
B-rage-d1-v3,rage,anger,anger,false,22,m,zero
B-rage-d1-v4,rage,anger,anger,false,22,m,zero
B-rage-d2-v1,rage,relief,relief,false,22,m,zero
B-rage-d2-v2,rage,anger,anger,false,22,m,zero
B-rage-d2-v3,rage,anger,anger,false,22,m,zero
B-rage-d2-v4,rage,shock,shock,false,22,m,zero
B-rage-d3-v1,rage,shock,shock,false,22,m,zero
B-rage-d3-v2,rage,anger,anger,false,22,m,zero
B-rage-d3-v3,rage,anger,anger,false,22,m,zero
B-rage-d3-v4,rage,fear,fear,false,22,m,zero
B-terror-d1-v1,terror,fear,fear,false,22,m,zero
B-terror-d1-v2,terror,suspicion,suspicion,false,22,m,zero
B-terror-d1-v3,terror,fear,fear,false,22,m,zero
B-terror-d1-v4,terror,anxiety,fear,true,22,m,zero
B-terror-d2-v1,terror,anxiety,anxiety,false,22,m,zero
B-terror-d2-v2,terror,anxiety,anxiety,false,22,m,zero
B-terror-d2-v3,terror,anxiety,fear,true,22,m,zero
B-terror-d2-v4,terror,fear,fear,false,22,m,zero
B-terror-d3-v1,terror,fear,fear,false,22,m,zero
B-terror-d3-v2,terror,anxiety,anxiety,false,22,m,zero
B-terror-d3-v3,terror,fear,fear,false,22,m,zero
B-terror-d3-v4,terror,fear,fear,false,22,m,zero
B-vigilance-d1-v1,vigilance,concern,concern,false,22,m,zero
B-vigilance-d1-v2,vigilance,anxiety,anxiety,false,22,m,zero
B-vigilance-d1-v3,vigilance,anxiety,anxiety,false,22,m,zero
B-vigilance-d1-v4,vigilance,concern,concern,false,22,m,zero
B-vigilance-d2-v1,vigilance,anxiety,anxiety,false,22,m,zero
B-vigilance-d2-v2,vigilance,anticipation,anticipation,false,22,m,zero
B-vigilance-d2-v3,vigilance,focus,focus,false,22,m,zero
B-vigilance-d2-v4,vigilance,focus,focus,false,22,m,zero
B-vigilance-d3-v1,vigilance,focus,focus,false,22,m,zero
B-vigilance-d3-v2,vigilance,focus,focus,false,22,m,zero
B-vigilance-d3-v3,vigilance,concern,concern,false,22,m,zero
B-vigilance-d3-v4,vigilance,alert,concern,true,22,m,zero
B-admiration-d1-v1,admiration,admiration,admiration,false,23,m,zero
B-admiration-d1-v2,admiration,empathy,empathy,false,23,m,zero
B-admiration-d1-v3,admiration,admiration,admiration,false,23,m,zero
B-admiration-d1-v4,admiration,admiration,admiration,false,23,m,zero
B-admiration-d2-v1,admiration,guilt,guilt,false,23,m,zero
B-admiration-d2-v2,admiration,compassion,compassion,false,23,m,zero
B-admiration-d2-v3,admiration,guilt,guilt,false,23,m,zero
B-admiration-d2-v4,admiration,dedication,dedication,false,23,m,zero
B-admiration-d3-v1,admiration,pride,pride,false,23,m,zero
B-admiration-d3-v2,admiration,relief,relief,false,23,m,zero
B-admiration-d3-v3,admiration,determination,determination,false,23,m,zero
B-admiration-d3-v4,admiration,empathy,empathy,false,23,m,zero
B-amazement-d1-v1,amazement,awe,awe,false,23,m,zero
B-amazement-d1-v2,amazement,awe,awe,false,23,m,zero
B-amazement-d1-v3,amazement,awe,awe,false,23,m,zero
B-amazement-d1-v4,amazement,awe,awe,false,23,m,zero
B-amazement-d2-v1,amazement,relief,relief,false,23,m,zero
B-amazement-d2-v2,amazement,awe,awe,false,23,m,zero
B-amazement-d2-v3,amazement,relief,relief,false,23,m,zero
B-amazement-d2-v4,amazement,relief,relief,false,23,m,zero
B-amazement-d3-v1,amazement,surprise,surprise,false,23,m,zero
B-amazement-d3-v2,amazement,excitement,excitement,false,23,m,zero
B-amazement-d3-v3,amazement,relief,relief,false,23,m,zero
B-amazement-d3-v4,amazement,surprise,surprise,false,23,m,zero
B-ecstasy-d1-v1,ecstasy,relief,relief,false,23,m,zero
B-ecstasy-d1-v2,ecstasy,despair,despair,false,23,m,zero
B-ecstasy-d1-v3,ecstasy,el,el,false,23,m,zero
B-ecstasy-d1-v4,ecstasy,pride,pride,false,23,m,zero
B-ecstasy-d2-v1,ecstasy,a,a,false,23,m,zero
B-ecstasy-d2-v2,ecstasy,relief,relief,false,23,m,zero
B-ecstasy-d2-v3,ecstasy,nostalgia,nostalgia,false,23,m,zero
B-ecstasy-d2-v4,ecstasy,happiness,happiness,false,23,m,zero
B-ecstasy-d3-v1,ecstasy,excitement,excitement,false,23,m,zero
B-ecstasy-d3-v2,ecstasy,wonder,wonder,false,23,m,zero
B-ecstasy-d3-v3,ecstasy,excitement,excitement,false,23,m,zero
B-ecstasy-d3-v4,ecstasy,excitement,excitement,false,23,m,zero
B-grief-d1-v1,grief,grief,grief,false,23,m,zero
B-grief-d1-v2,grief,grief,melanch,true,23,m,zero
B-grief-d1-v3,grief,grief,grief,false,23,m,zero
B-grief-d1-v4,grief,grief,grief,false,23,m,zero
B-grief-d2-v1,grief,despair,despair,false,23,m,zero
B-grief-d2-v2,grief,nostalgia,melanch,true,23,m,zero
B-grief-d2-v3,grief,melanch,melanch,false,23,m,zero
B-grief-d2-v4,grief,nostalgia,melanch,true,23,m,zero
B-grief-d3-v1,grief,anxiety,concern,true,23,m,zero
B-grief-d3-v2,grief,grief,melanch,true,23,m,zero
B-grief-d3-v3,grief,melanch,melanch,false,23,m,zero
B-grief-d3-v4,grief,longing,longing,false,23,m,zero
B-loathing-d1-v1,loathing,disgust,disgust,false,23,m,zero
B-loathing-d1-v2,loathing,outrage,outrage,false,23,m,zero
B-loathing-d1-v3,loathing,outrage,disgust,true,23,m,zero
B-loathing-d1-v4,loathing,anger,anger,false,23,m,zero
B-loathing-d2-v1,loathing,disgust,disgust,false,23,m,zero
B-loathing-d2-v2,loathing,disgust,disgust,false,23,m,zero
B-loathing-d2-v3,loathing,disgust,disgust,false,23,m,zero
B-loathing-d2-v4,loathing,disgust,disgust,false,23,m,zero
B-loathing-d3-v1,loathing,shame,shame,false,23,m,zero
B-loathing-d3-v2,loathing,anger,anger,false,23,m,zero
B-loathing-d3-v3,loathing,embarrassment,embarrassment,false,23,m,zero
B-loathing-d3-v4,loathing,irony,irony,false,23,m,zero
B-rage-d1-v1,rage,anger,anger,false,23,m,zero
B-rage-d1-v2,rage,anger,anger,false,23,m,zero
B-rage-d1-v3,rage,anger,anger,false,23,m,zero
B-rage-d1-v4,rage,anger,anger,false,23,m,zero
B-rage-d2-v1,rage,relief,relief,false,23,m,zero
B-rage-d2-v2,rage,anger,anger,false,23,m,zero
B-rage-d2-v3,rage,anger,anger,false,23,m,zero
B-rage-d2-v4,rage,shock,shock,false,23,m,zero
B-rage-d3-v1,rage,shock,anger,true,23,m,zero
B-rage-d3-v2,rage,anger,anger,false,23,m,zero
B-rage-d3-v3,rage,anger,anger,false,23,m,zero
B-rage-d3-v4,rage,fear,fear,false,23,m,zero
B-terror-d1-v1,terror,fear,fear,false,23,m,zero
B-terror-d1-v2,terror,suspicion,anxiety,true,23,m,zero
B-terror-d1-v3,terror,fear,fear,false,23,m,zero
B-terror-d1-v4,terror,anxiety,anxiety,false,23,m,zero
B-terror-d2-v1,terror,anxiety,anxiety,false,23,m,zero
B-terror-d2-v2,terror,anxiety,anxiety,false,23,m,zero
B-terror-d2-v3,terror,anxiety,anxiety,false,23,m,zero
B-terror-d2-v4,terror,fear,anxiety,true,23,m,zero
B-terror-d3-v1,terror,fear,fear,false,23,m,zero
B-terror-d3-v2,terror,anxiety,anxiety,false,23,m,zero
B-terror-d3-v3,terror,fear,fear,false,23,m,zero
B-terror-d3-v4,terror,fear,anxiety,true,23,m,zero
B-vigilance-d1-v1,vigilance,concern,concern,false,23,m,zero
B-vigilance-d1-v2,vigilance,anxiety,anxiety,false,23,m,zero
B-vigilance-d1-v3,vigilance,anxiety,anxiety,false,23,m,zero
B-vigilance-d1-v4,vigilance,concern,concern,false,23,m,zero
B-vigilance-d2-v1,vigilance,anxiety,anxiety,false,23,m,zero
B-vigilance-d2-v2,vigilance,anticipation,anticipation,false,23,m,zero
B-vigilance-d2-v3,vigilance,focus,tension,true,23,m,zero
B-vigilance-d2-v4,vigilance,focus,anxiety,true,23,m,zero
B-vigilance-d3-v1,vigilance,focus,alert,true,23,m,zero
B-vigilance-d3-v2,vigilance,focus,anxiety,true,23,m,zero
B-vigilance-d3-v3,vigilance,concern,concern,false,23,m,zero
B-vigilance-d3-v4,vigilance,alert,alert,false,23,m,zero
B-admiration-d1-v1,admiration,admiration,admiration,false,24,m,zero
B-admiration-d1-v2,admiration,empathy,empathy,false,24,m,zero
B-admiration-d1-v3,admiration,admiration,admiration,false,24,m,zero
B-admiration-d1-v4,admiration,admiration,respect,true,24,m,zero
B-admiration-d2-v1,admiration,guilt,guilt,false,24,m,zero
B-admiration-d2-v2,admiration,compassion,compassion,false,24,m,zero
B-admiration-d2-v3,admiration,guilt,guilt,false,24,m,zero
B-admiration-d2-v4,admiration,dedication,dedication,false,24,m,zero
B-admiration-d3-v1,admiration,pride,pride,false,24,m,zero
B-admiration-d3-v2,admiration,relief,relief,false,24,m,zero
B-admiration-d3-v3,admiration,determination,determination,false,24,m,zero
B-admiration-d3-v4,admiration,empathy,hope,true,24,m,zero
B-amazement-d1-v1,amazement,awe,awe,false,24,m,zero
B-amazement-d1-v2,amazement,awe,awe,false,24,m,zero
B-amazement-d1-v3,amazement,awe,awe,false,24,m,zero
B-amazement-d1-v4,amazement,awe,fear,true,24,m,zero
B-amazement-d2-v1,amazement,relief,relief,false,24,m,zero
B-amazement-d2-v2,amazement,awe,awe,false,24,m,zero
B-amazement-d2-v3,amazement,relief,relief,false,24,m,zero
B-amazement-d2-v4,amazement,relief,relief,false,24,m,zero
B-amazement-d3-v1,amazement,surprise,surprise,false,24,m,zero
B-amazement-d3-v2,amazement,excitement,excitement,false,24,m,zero
B-amazement-d3-v3,amazement,relief,surprise,true,24,m,zero
B-amazement-d3-v4,amazement,surprise,surprise,false,24,m,zero
B-ecstasy-d1-v1,ecstasy,relief,relief,false,24,m,zero
B-ecstasy-d1-v2,ecstasy,despair,despair,false,24,m,zero
B-ecstasy-d1-v3,ecstasy,el,el,false,24,m,zero
B-ecstasy-d1-v4,ecstasy,pride,pride,false,24,m,zero
B-ecstasy-d2-v1,ecstasy,a,a,false,24,m,zero
B-ecstasy-d2-v2,ecstasy,relief,happiness,true,24,m,zero
B-ecstasy-d2-v3,ecstasy,nostalgia,nostalgia,false,24,m,zero
B-ecstasy-d2-v4,ecstasy,happiness,happiness,false,24,m,zero
B-ecstasy-d3-v1,ecstasy,excitement,excitement,false,24,m,zero
B-ecstasy-d3-v2,ecstasy,wonder,wonder,false,24,m,zero
B-ecstasy-d3-v3,ecstasy,excitement,excitement,false,24,m,zero
B-ecstasy-d3-v4,ecstasy,excitement,excitement,false,24,m,zero
B-grief-d1-v1,grief,grief,grief,false,24,m,zero
B-grief-d1-v2,grief,grief,grief,false,24,m,zero
B-grief-d1-v3,grief,grief,grief,false,24,m,zero
B-grief-d1-v4,grief,grief,grief,false,24,m,zero
B-grief-d2-v1,grief,despair,despair,false,24,m,zero
B-grief-d2-v2,grief,nostalgia,melanch,true,24,m,zero
B-grief-d2-v3,grief,melanch,melanch,false,24,m,zero
B-grief-d2-v4,grief,nostalgia,melanch,true,24,m,zero
B-grief-d3-v1,grief,anxiety,anxiety,false,24,m,zero
B-grief-d3-v2,grief,grief,grief,false,24,m,zero
B-grief-d3-v3,grief,melanch,b,true,24,m,zero
B-grief-d3-v4,grief,longing,longing,false,24,m,zero
B-loathing-d1-v1,loathing,disgust,disgust,false,24,m,zero
B-loathing-d1-v2,loathing,outrage,outrage,false,24,m,zero
B-loathing-d1-v3,loathing,outrage,disgust,true,24,m,zero
B-loathing-d1-v4,loathing,anger,anger,false,24,m,zero
B-loathing-d2-v1,loathing,disgust,disgust,false,24,m,zero
B-loathing-d2-v2,loathing,disgust,disgust,false,24,m,zero
B-loathing-d2-v3,loathing,disgust,disgust,false,24,m,zero
B-loathing-d2-v4,loathing,disgust,disgust,false,24,m,zero
B-loathing-d3-v1,loathing,shame,shame,false,24,m,zero
B-loathing-d3-v2,loathing,anger,anger,false,24,m,zero
B-loathing-d3-v3,loathing,embarrassment,embarrassment,false,24,m,zero
B-loathing-d3-v4,loathing,irony,irony,false,24,m,zero
B-rage-d1-v1,rage,anger,anger,false,24,m,zero
B-rage-d1-v2,rage,anger,anger,false,24,m,zero
B-rage-d1-v3,rage,anger,anger,false,24,m,zero
B-rage-d1-v4,rage,anger,anger,false,24,m,zero
B-rage-d2-v1,rage,relief,relief,false,24,m,zero
B-rage-d2-v2,rage,anger,anger,false,24,m,zero
B-rage-d2-v3,rage,anger,anger,false,24,m,zero
B-rage-d2-v4,rage,shock,shock,false,24,m,zero
B-rage-d3-v1,rage,shock,shock,false,24,m,zero
B-rage-d3-v2,rage,anger,anger,false,24,m,zero
B-rage-d3-v3,rage,anger,anger,false,24,m,zero
B-rage-d3-v4,rage,fear,fear,false,24,m,zero
B-terror-d1-v1,terror,fear,fear,false,24,m,zero
B-terror-d1-v2,terror,suspicion,suspicion,false,24,m,zero
B-terror-d1-v3,terror,fear,fear,false,24,m,zero
B-terror-d1-v4,terror,anxiety,fear,true,24,m,zero
B-terror-d2-v1,terror,anxiety,anxiety,false,24,m,zero
B-terror-d2-v2,terror,anxiety,anxiety,false,24,m,zero
B-terror-d2-v3,terror,anxiety,fear,true,24,m,zero
B-terror-d2-v4,terror,fear,fear,false,24,m,zero
B-terror-d3-v1,terror,fear,fear,false,24,m,zero
B-terror-d3-v2,terror,anxiety,anxiety,false,24,m,zero
B-terror-d3-v3,terror,fear,fear,false,24,m,zero
B-terror-d3-v4,terror,fear,fear,false,24,m,zero
B-vigilance-d1-v1,vigilance,concern,concern,false,24,m,zero
B-vigilance-d1-v2,vigilance,anxiety,anxiety,false,24,m,zero
B-vigilance-d1-v3,vigilance,anxiety,anxiety,false,24,m,zero
B-vigilance-d1-v4,vigilance,concern,concern,false,24,m,zero
B-vigilance-d2-v1,vigilance,anxiety,focus,true,24,m,zero
B-vigilance-d2-v2,vigilance,anticipation,anticipation,false,24,m,zero
B-vigilance-d2-v3,vigilance,focus,focus,false,24,m,zero
B-vigilance-d2-v4,vigilance,focus,focus,false,24,m,zero
B-vigilance-d3-v1,vigilance,focus,focus,false,24,m,zero
B-vigilance-d3-v2,vigilance,focus,focus,false,24,m,zero
B-vigilance-d3-v3,vigilance,concern,fear,true,24,m,zero
B-vigilance-d3-v4,vigilance,alert,vigil,true,24,m,zero
B-admiration-d1-v1,admiration,admiration,admiration,false,25,m,zero
B-admiration-d1-v2,admiration,empathy,gratitude,true,25,m,zero
B-admiration-d1-v3,admiration,admiration,admiration,false,25,m,zero
B-admiration-d1-v4,admiration,admiration,respect,true,25,m,zero
B-admiration-d2-v1,admiration,guilt,guilt,false,25,m,zero
B-admiration-d2-v2,admiration,compassion,compassion,false,25,m,zero
B-admiration-d2-v3,admiration,guilt,guilt,false,25,m,zero
B-admiration-d2-v4,admiration,dedication,dedication,false,25,m,zero
B-admiration-d3-v1,admiration,pride,pride,false,25,m,zero
B-admiration-d3-v2,admiration,relief,relief,false,25,m,zero
B-admiration-d3-v3,admiration,determination,determination,false,25,m,zero
B-admiration-d3-v4,admiration,empathy,empathy,false,25,m,zero
B-amazement-d1-v1,amazement,awe,awe,false,25,m,zero
B-amazement-d1-v2,amazement,awe,awe,false,25,m,zero
B-amazement-d1-v3,amazement,awe,awe,false,25,m,zero
B-amazement-d1-v4,amazement,awe,awe,false,25,m,zero
B-amazement-d2-v1,amazement,relief,relief,false,25,m,zero
B-amazement-d2-v2,amazement,awe,awe,false,25,m,zero
B-amazement-d2-v3,amazement,relief,relief,false,25,m,zero
B-amazement-d2-v4,amazement,relief,relief,false,25,m,zero
B-amazement-d3-v1,amazement,surprise,surprise,false,25,m,zero
B-amazement-d3-v2,amazement,excitement,excitement,false,25,m,zero
B-amazement-d3-v3,amazement,relief,relief,false,25,m,zero
B-amazement-d3-v4,amazement,surprise,surprise,false,25,m,zero
B-ecstasy-d1-v1,ecstasy,relief,relief,false,25,m,zero
B-ecstasy-d1-v2,ecstasy,despair,despair,false,25,m,zero
B-ecstasy-d1-v3,ecstasy,el,relief,true,25,m,zero
B-ecstasy-d1-v4,ecstasy,pride,pride,false,25,m,zero
B-ecstasy-d2-v1,ecstasy,a,relief,true,25,m,zero
B-ecstasy-d2-v2,ecstasy,relief,relief,false,25,m,zero
B-ecstasy-d2-v3,ecstasy,nostalgia,relief,true,25,m,zero
B-ecstasy-d2-v4,ecstasy,happiness,happiness,false,25,m,zero
B-ecstasy-d3-v1,ecstasy,excitement,excitement,false,25,m,zero
B-ecstasy-d3-v2,ecstasy,wonder,wonder,false,25,m,zero
B-ecstasy-d3-v3,ecstasy,excitement,excitement,false,25,m,zero
B-ecstasy-d3-v4,ecstasy,excitement,excitement,false,25,m,zero
B-grief-d1-v1,grief,grief,grief,false,25,m,zero
B-grief-d1-v2,grief,grief,grief,false,25,m,zero
B-grief-d1-v3,grief,grief,grief,false,25,m,zero
B-grief-d1-v4,grief,grief,grief,false,25,m,zero
B-grief-d2-v1,grief,despair,despair,false,25,m,zero
B-grief-d2-v2,grief,nostalgia,melanch,true,25,m,zero
B-grief-d2-v3,grief,melanch,melanch,false,25,m,zero
B-grief-d2-v4,grief,nostalgia,melanch,true,25,m,zero
B-grief-d3-v1,grief,anxiety,fear,true,25,m,zero
B-grief-d3-v2,grief,grief,grief,false,25,m,zero
B-grief-d3-v3,grief,melanch,sadness,true,25,m,zero
B-grief-d3-v4,grief,longing,longing,false,25,m,zero
B-loathing-d1-v1,loathing,disgust,anger,true,25,m,zero
B-loathing-d1-v2,loathing,outrage,outrage,false,25,m,zero
B-loathing-d1-v3,loathing,outrage,outrage,false,25,m,zero
B-loathing-d1-v4,loathing,anger,anger,false,25,m,zero
B-loathing-d2-v1,loathing,disgust,disgust,false,25,m,zero
B-loathing-d2-v2,loathing,disgust,disgust,false,25,m,zero
B-loathing-d2-v3,loathing,disgust,fear,true,25,m,zero
B-loathing-d2-v4,loathing,disgust,disgust,false,25,m,zero
B-loathing-d3-v1,loathing,shame,shame,false,25,m,zero
B-loathing-d3-v2,loathing,anger,anger,false,25,m,zero
B-loathing-d3-v3,loathing,embarrassment,shame,true,25,m,zero
B-loathing-d3-v4,loathing,irony,irony,false,25,m,zero
B-rage-d1-v1,rage,anger,anger,false,25,m,zero
B-rage-d1-v2,rage,anger,anger,false,25,m,zero
B-rage-d1-v3,rage,anger,anger,false,25,m,zero
B-rage-d1-v4,rage,anger,anger,false,25,m,zero
B-rage-d2-v1,rage,relief,relief,false,25,m,zero
B-rage-d2-v2,rage,anger,anger,false,25,m,zero
B-rage-d2-v3,rage,anger,anger,false,25,m,zero
B-rage-d2-v4,rage,shock,shock,false,25,m,zero
B-rage-d3-v1,rage,shock,shock,false,25,m,zero
B-rage-d3-v2,rage,anger,anger,false,25,m,zero
B-rage-d3-v3,rage,anger,anger,false,25,m,zero
B-rage-d3-v4,rage,fear,fear,false,25,m,zero
B-terror-d1-v1,terror,fear,fear,false,25,m,zero
B-terror-d1-v2,terror,suspicion,suspicion,false,25,m,zero
B-terror-d1-v3,terror,fear,fear,false,25,m,zero
B-terror-d1-v4,terror,anxiety,fear,true,25,m,zero
B-terror-d2-v1,terror,anxiety,anxiety,false,25,m,zero
B-terror-d2-v2,terror,anxiety,anxiety,false,25,m,zero
B-terror-d2-v3,terror,anxiety,fear,true,25,m,zero
B-terror-d2-v4,terror,fear,fear,false,25,m,zero
B-terror-d3-v1,terror,fear,fear,false,25,m,zero
B-terror-d3-v2,terror,anxiety,fear,true,25,m,zero
B-terror-d3-v3,terror,fear,fear,false,25,m,zero
B-terror-d3-v4,terror,fear,fear,false,25,m,zero
B-vigilance-d1-v1,vigilance,concern,alert,true,25,m,zero
B-vigilance-d1-v2,vigilance,anxiety,anxiety,false,25,m,zero
B-vigilance-d1-v3,vigilance,anxiety,anxiety,false,25,m,zero
B-vigilance-d1-v4,vigilance,concern,concern,false,25,m,zero
B-vigilance-d2-v1,vigilance,anxiety,anxiety,false,25,m,zero
B-vigilance-d2-v2,vigilance,anticipation,anticipation,false,25,m,zero
B-vigilance-d2-v3,vigilance,focus,focus,false,25,m,zero
B-vigilance-d2-v4,vigilance,focus,focus,false,25,m,zero
B-vigilance-d3-v1,vigilance,focus,focus,false,25,m,zero
B-vigilance-d3-v2,vigilance,focus,focus,false,25,m,zero
B-vigilance-d3-v3,vigilance,concern,fear,true,25,m,zero
B-vigilance-d3-v4,vigilance,alert,alert,false,25,m,zero
B-admiration-d1-v1,admiration,admiration,admiration,false,26,m,zero
B-admiration-d1-v2,admiration,empathy,empathy,false,26,m,zero
B-admiration-d1-v3,admiration,admiration,admiration,false,26,m,zero
B-admiration-d1-v4,admiration,admiration,admiration,false,26,m,zero
B-admiration-d2-v1,admiration,guilt,guilt,false,26,m,zero
B-admiration-d2-v2,admiration,compassion,compassion,false,26,m,zero
B-admiration-d2-v3,admiration,guilt,guilt,false,26,m,zero
B-admiration-d2-v4,admiration,dedication,dedication,false,26,m,zero
B-admiration-d3-v1,admiration,pride,pride,false,26,m,zero
B-admiration-d3-v2,admiration,relief,relief,false,26,m,zero
B-admiration-d3-v3,admiration,determination,determination,false,26,m,zero
B-admiration-d3-v4,admiration,empathy,empathy,false,26,m,zero
B-amazement-d1-v1,amazement,awe,awe,false,26,m,zero
B-amazement-d1-v2,amazement,awe,awe,false,26,m,zero
B-amazement-d1-v3,amazement,awe,awe,false,26,m,zero
B-amazement-d1-v4,amazement,awe,awe,false,26,m,zero
B-amazement-d2-v1,amazement,relief,relief,false,26,m,zero
B-amazement-d2-v2,amazement,awe,awe,false,26,m,zero
B-amazement-d2-v3,amazement,relief,relief,false,26,m,zero
B-amazement-d2-v4,amazement,relief,relief,false,26,m,zero
B-amazement-d3-v1,amazement,surprise,surprise,false,26,m,zero
B-amazement-d3-v2,amazement,excitement,excitement,false,26,m,zero
B-amazement-d3-v3,amazement,relief,relief,false,26,m,zero
B-amazement-d3-v4,amazement,surprise,surprise,false,26,m,zero
B-ecstasy-d1-v1,ecstasy,relief,relief,false,26,m,zero
B-ecstasy-d1-v2,ecstasy,despair,despair,false,26,m,zero
B-ecstasy-d1-v3,ecstasy,el,el,false,26,m,zero
B-ecstasy-d1-v4,ecstasy,pride,pride,false,26,m,zero
B-ecstasy-d2-v1,ecstasy,a,relief,true,26,m,zero
B-ecstasy-d2-v2,ecstasy,relief,relief,false,26,m,zero
B-ecstasy-d2-v3,ecstasy,nostalgia,nostalgia,false,26,m,zero
B-ecstasy-d2-v4,ecstasy,happiness,happiness,false,26,m,zero
B-ecstasy-d3-v1,ecstasy,excitement,excitement,false,26,m,zero
B-ecstasy-d3-v2,ecstasy,wonder,wonder,false,26,m,zero
B-ecstasy-d3-v3,ecstasy,excitement,excitement,false,26,m,zero
B-ecstasy-d3-v4,ecstasy,excitement,excitement,false,26,m,zero
B-grief-d1-v1,grief,grief,grief,false,26,m,zero
B-grief-d1-v2,grief,grief,grief,false,26,m,zero
B-grief-d1-v3,grief,grief,grief,false,26,m,zero
B-grief-d1-v4,grief,grief,grief,false,26,m,zero
B-grief-d2-v1,grief,despair,despair,false,26,m,zero
B-grief-d2-v2,grief,nostalgia,nostalgia,false,26,m,zero
B-grief-d2-v3,grief,melanch,melanch,false,26,m,zero
B-grief-d2-v4,grief,nostalgia,nostalgia,false,26,m,zero
B-grief-d3-v1,grief,anxiety,anxiety,false,26,m,zero
B-grief-d3-v2,grief,grief,melanch,true,26,m,zero
B-grief-d3-v3,grief,melanch,melanch,false,26,m,zero
B-grief-d3-v4,grief,longing,longing,false,26,m,zero
B-loathing-d1-v1,loathing,disgust,disgust,false,26,m,zero
B-loathing-d1-v2,loathing,outrage,outrage,false,26,m,zero
B-loathing-d1-v3,loathing,outrage,outrage,false,26,m,zero
B-loathing-d1-v4,loathing,anger,anger,false,26,m,zero
B-loathing-d2-v1,loathing,disgust,disgust,false,26,m,zero
B-loathing-d2-v2,loathing,disgust,disgust,false,26,m,zero
B-loathing-d2-v3,loathing,disgust,disgust,false,26,m,zero
B-loathing-d2-v4,loathing,disgust,disgust,false,26,m,zero
B-loathing-d3-v1,loathing,shame,shock,true,26,m,zero
B-loathing-d3-v2,loathing,anger,anger,false,26,m,zero
B-loathing-d3-v3,loathing,embarrassment,embarrassment,false,26,m,zero
B-loathing-d3-v4,loathing,irony,anger,true,26,m,zero
B-rage-d1-v1,rage,anger,anger,false,26,m,zero
B-rage-d1-v2,rage,anger,anger,false,26,m,zero
B-rage-d1-v3,rage,anger,anger,false,26,m,zero
B-rage-d1-v4,rage,anger,anger,false,26,m,zero
B-rage-d2-v1,rage,relief,relief,false,26,m,zero
B-rage-d2-v2,rage,anger,anger,false,26,m,zero
B-rage-d2-v3,rage,anger,anger,false,26,m,zero
B-rage-d2-v4,rage,shock,shock,false,26,m,zero
B-rage-d3-v1,rage,shock,shock,false,26,m,zero
B-rage-d3-v2,rage,anger,anger,false,26,m,zero
B-rage-d3-v3,rage,anger,anger,false,26,m,zero
B-rage-d3-v4,rage,fear,fear,false,26,m,zero
B-terror-d1-v1,terror,fear,fear,false,26,m,zero
B-terror-d1-v2,terror,suspicion,suspicion,false,26,m,zero
B-terror-d1-v3,terror,fear,fear,false,26,m,zero
B-terror-d1-v4,terror,anxiety,anxiety,false,26,m,zero
B-terror-d2-v1,terror,anxiety,anxiety,false,26,m,zero
B-terror-d2-v2,terror,anxiety,anxiety,false,26,m,zero
B-terror-d2-v3,terror,anxiety,anxiety,false,26,m,zero
B-terror-d2-v4,terror,fear,fear,false,26,m,zero
B-terror-d3-v1,terror,fear,fear,false,26,m,zero
B-terror-d3-v2,terror,anxiety,anxiety,false,26,m,zero
B-terror-d3-v3,terror,fear,fear,false,26,m,zero
B-terror-d3-v4,terror,fear,fear,false,26,m,zero
B-vigilance-d1-v1,vigilance,concern,concern,false,26,m,zero
B-vigilance-d1-v2,vigilance,anxiety,anxiety,false,26,m,zero
B-vigilance-d1-v3,vigilance,anxiety,anxiety,false,26,m,zero
B-vigilance-d1-v4,vigilance,concern,concern,false,26,m,zero
B-vigilance-d2-v1,vigilance,anxiety,anxiety,false,26,m,zero
B-vigilance-d2-v2,vigilance,anticipation,anticipation,false,26,m,zero
B-vigilance-d2-v3,vigilance,focus,focus,false,26,m,zero
B-vigilance-d2-v4,vigilance,focus,concentration,true,26,m,zero
B-vigilance-d3-v1,vigilance,focus,focus,false,26,m,zero
B-vigilance-d3-v2,vigilance,focus,focus,false,26,m,zero
B-vigilance-d3-v3,vigilance,concern,concern,false,26,m,zero
B-vigilance-d3-v4,vigilance,alert,vigil,true,26,m,zero
B-admiration-d1-v1,admiration,admiration,admiration,false,27,m,zero
B-admiration-d1-v2,admiration,empathy,gratitude,true,27,m,zero
B-admiration-d1-v3,admiration,admiration,admiration,false,27,m,zero
B-admiration-d1-v4,admiration,admiration,admiration,false,27,m,zero
B-admiration-d2-v1,admiration,guilt,guilt,false,27,m,zero
B-admiration-d2-v2,admiration,compassion,compassion,false,27,m,zero
B-admiration-d2-v3,admiration,guilt,guilt,false,27,m,zero
B-admiration-d2-v4,admiration,dedication,dedication,false,27,m,zero
B-admiration-d3-v1,admiration,pride,pride,false,27,m,zero
B-admiration-d3-v2,admiration,relief,relief,false,27,m,zero
B-admiration-d3-v3,admiration,determination,determination,false,27,m,zero
B-admiration-d3-v4,admiration,empathy,empathy,false,27,m,zero
B-amazement-d1-v1,amazement,awe,awe,false,27,m,zero
B-amazement-d1-v2,amazement,awe,awe,false,27,m,zero
B-amazement-d1-v3,amazement,awe,awe,false,27,m,zero
B-amazement-d1-v4,amazement,awe,awe,false,27,m,zero
B-amazement-d2-v1,amazement,relief,relief,false,27,m,zero
B-amazement-d2-v2,amazement,awe,awe,false,27,m,zero
B-amazement-d2-v3,amazement,relief,relief,false,27,m,zero
B-amazement-d2-v4,amazement,relief,relief,false,27,m,zero
B-amazement-d3-v1,amazement,surprise,surprise,false,27,m,zero
B-amazement-d3-v2,amazement,excitement,excitement,false,27,m,zero
B-amazement-d3-v3,amazement,relief,relief,false,27,m,zero
B-amazement-d3-v4,amazement,surprise,surprise,false,27,m,zero
B-ecstasy-d1-v1,ecstasy,relief,relief,false,27,m,zero
B-ecstasy-d1-v2,ecstasy,despair,despair,false,27,m,zero
B-ecstasy-d1-v3,ecstasy,el,relief,true,27,m,zero
B-ecstasy-d1-v4,ecstasy,pride,pride,false,27,m,zero
B-ecstasy-d2-v1,ecstasy,a,nostalgia,true,27,m,zero
B-ecstasy-d2-v2,ecstasy,relief,happiness,true,27,m,zero
B-ecstasy-d2-v3,ecstasy,nostalgia,nostalgia,false,27,m,zero
B-ecstasy-d2-v4,ecstasy,happiness,happiness,false,27,m,zero
B-ecstasy-d3-v1,ecstasy,excitement,excitement,false,27,m,zero
B-ecstasy-d3-v2,ecstasy,wonder,wonder,false,27,m,zero
B-ecstasy-d3-v3,ecstasy,excitement,excitement,false,27,m,zero
B-ecstasy-d3-v4,ecstasy,excitement,excitement,false,27,m,zero
B-grief-d1-v1,grief,grief,grief,false,27,m,zero
B-grief-d1-v2,grief,grief,melanch,true,27,m,zero
B-grief-d1-v3,grief,grief,grief,false,27,m,zero
B-grief-d1-v4,grief,grief,grief,false,27,m,zero
B-grief-d2-v1,grief,despair,grief,true,27,m,zero
B-grief-d2-v2,grief,nostalgia,melanch,true,27,m,zero
B-grief-d2-v3,grief,melanch,melanch,false,27,m,zero
B-grief-d2-v4,grief,nostalgia,melanch,true,27,m,zero
B-grief-d3-v1,grief,anxiety,anxiety,false,27,m,zero
B-grief-d3-v2,grief,grief,grief,false,27,m,zero
B-grief-d3-v3,grief,melanch,melanch,false,27,m,zero
B-grief-d3-v4,grief,longing,grief,true,27,m,zero
B-loathing-d1-v1,loathing,disgust,disgust,false,27,m,zero
B-loathing-d1-v2,loathing,outrage,outrage,false,27,m,zero
B-loathing-d1-v3,loathing,outrage,outrage,false,27,m,zero
B-loathing-d1-v4,loathing,anger,anger,false,27,m,zero
B-loathing-d2-v1,loathing,disgust,disgust,false,27,m,zero
B-loathing-d2-v2,loathing,disgust,disgust,false,27,m,zero
B-loathing-d2-v3,loathing,disgust,horror,true,27,m,zero
B-loathing-d2-v4,loathing,disgust,disgust,false,27,m,zero
B-loathing-d3-v1,loathing,shame,shame,false,27,m,zero
B-loathing-d3-v2,loathing,anger,suspicion,true,27,m,zero
B-loathing-d3-v3,loathing,embarrassment,embarrassment,false,27,m,zero
B-loathing-d3-v4,loathing,irony,anger,true,27,m,zero
B-rage-d1-v1,rage,anger,anger,false,27,m,zero
B-rage-d1-v2,rage,anger,anger,false,27,m,zero
B-rage-d1-v3,rage,anger,anger,false,27,m,zero
B-rage-d1-v4,rage,anger,anger,false,27,m,zero
B-rage-d2-v1,rage,relief,relief,false,27,m,zero
B-rage-d2-v2,rage,anger,anger,false,27,m,zero
B-rage-d2-v3,rage,anger,anger,false,27,m,zero
B-rage-d2-v4,rage,shock,shock,false,27,m,zero
B-rage-d3-v1,rage,shock,shock,false,27,m,zero
B-rage-d3-v2,rage,anger,anger,false,27,m,zero
B-rage-d3-v3,rage,anger,anger,false,27,m,zero
B-rage-d3-v4,rage,fear,fear,false,27,m,zero
B-terror-d1-v1,terror,fear,fear,false,27,m,zero
B-terror-d1-v2,terror,suspicion,suspicion,false,27,m,zero
B-terror-d1-v3,terror,fear,fear,false,27,m,zero
B-terror-d1-v4,terror,anxiety,anxiety,false,27,m,zero
B-terror-d2-v1,terror,anxiety,anxiety,false,27,m,zero
B-terror-d2-v2,terror,anxiety,anxiety,false,27,m,zero
B-terror-d2-v3,terror,anxiety,anxiety,false,27,m,zero
B-terror-d2-v4,terror,fear,panic,true,27,m,zero
B-terror-d3-v1,terror,fear,fear,false,27,m,zero
B-terror-d3-v2,terror,anxiety,anxiety,false,27,m,zero
B-terror-d3-v3,terror,fear,fear,false,27,m,zero
B-terror-d3-v4,terror,fear,fear,false,27,m,zero
B-vigilance-d1-v1,vigilance,concern,concern,false,27,m,zero
B-vigilance-d1-v2,vigilance,anxiety,anxiety,false,27,m,zero
B-vigilance-d1-v3,vigilance,anxiety,anxiety,false,27,m,zero
B-vigilance-d1-v4,vigilance,concern,concern,false,27,m,zero
B-vigilance-d2-v1,vigilance,anxiety,concern,true,27,m,zero
B-vigilance-d2-v2,vigilance,anticipation,anticipation,false,27,m,zero
B-vigilance-d2-v3,vigilance,focus,focus,false,27,m,zero
B-vigilance-d2-v4,vigilance,focus,focus,false,27,m,zero
B-vigilance-d3-v1,vigilance,focus,focus,false,27,m,zero
B-vigilance-d3-v2,vigilance,focus,focus,false,27,m,zero
B-vigilance-d3-v3,vigilance,concern,anxiety,true,27,m,zero
B-vigilance-d3-v4,vigilance,alert,caution,true,27,m,zero
B-admiration-d1-v1,admiration,admiration,admiration,false,28,m,zero
B-admiration-d1-v2,admiration,empathy,gratitude,true,28,m,zero
B-admiration-d1-v3,admiration,admiration,admiration,false,28,m,zero
B-admiration-d1-v4,admiration,admiration,admiration,false,28,m,zero
B-admiration-d2-v1,admiration,guilt,guilt,false,28,m,zero
B-admiration-d2-v2,admiration,compassion,compassion,false,28,m,zero
B-admiration-d2-v3,admiration,guilt,frustration,true,28,m,zero
B-admiration-d2-v4,admiration,dedication,dedication,false,28,m,zero
B-admiration-d3-v1,admiration,pride,pride,false,28,m,zero
B-admiration-d3-v2,admiration,relief,relief,false,28,m,zero
B-admiration-d3-v3,admiration,determination,determination,false,28,m,zero
B-admiration-d3-v4,admiration,empathy,hope,true,28,m,zero
B-amazement-d1-v1,amazement,awe,awe,false,28,m,zero
B-amazement-d1-v2,amazement,awe,awe,false,28,m,zero
B-amazement-d1-v3,amazement,awe,awe,false,28,m,zero
B-amazement-d1-v4,amazement,awe,awe,false,28,m,zero
B-amazement-d2-v1,amazement,relief,relief,false,28,m,zero
B-amazement-d2-v2,amazement,awe,pride,true,28,m,zero
B-amazement-d2-v3,amazement,relief,relief,false,28,m,zero
B-amazement-d2-v4,amazement,relief,relief,false,28,m,zero
B-amazement-d3-v1,amazement,surprise,pride,true,28,m,zero
B-amazement-d3-v2,amazement,excitement,excitement,false,28,m,zero
B-amazement-d3-v3,amazement,relief,relief,false,28,m,zero
B-amazement-d3-v4,amazement,surprise,surprise,false,28,m,zero
B-ecstasy-d1-v1,ecstasy,relief,relief,false,28,m,zero
B-ecstasy-d1-v2,ecstasy,despair,despair,false,28,m,zero
B-ecstasy-d1-v3,ecstasy,el,pride,true,28,m,zero
B-ecstasy-d1-v4,ecstasy,pride,pride,false,28,m,zero
B-ecstasy-d2-v1,ecstasy,a,nostalgia,true,28,m,zero
B-ecstasy-d2-v2,ecstasy,relief,relief,false,28,m,zero
B-ecstasy-d2-v3,ecstasy,nostalgia,nostalgia,false,28,m,zero
B-ecstasy-d2-v4,ecstasy,happiness,happiness,false,28,m,zero
B-ecstasy-d3-v1,ecstasy,excitement,excitement,false,28,m,zero
B-ecstasy-d3-v2,ecstasy,wonder,wonder,false,28,m,zero
B-ecstasy-d3-v3,ecstasy,excitement,excitement,false,28,m,zero
B-ecstasy-d3-v4,ecstasy,excitement,excitement,false,28,m,zero
B-grief-d1-v1,grief,grief,grief,false,28,m,zero
B-grief-d1-v2,grief,grief,melanch,true,28,m,zero
B-grief-d1-v3,grief,grief,grief,false,28,m,zero
B-grief-d1-v4,grief,grief,grief,false,28,m,zero
B-grief-d2-v1,grief,despair,despair,false,28,m,zero
B-grief-d2-v2,grief,nostalgia,nostalgia,false,28,m,zero
B-grief-d2-v3,grief,melanch,melanch,false,28,m,zero
B-grief-d2-v4,grief,nostalgia,nostalgia,false,28,m,zero
B-grief-d3-v1,grief,anxiety,anxiety,false,28,m,zero
B-grief-d3-v2,grief,grief,melanch,true,28,m,zero
B-grief-d3-v3,grief,melanch,nostalgia,true,28,m,zero
B-grief-d3-v4,grief,longing,nostalgia,true,28,m,zero
B-loathing-d1-v1,loathing,disgust,disgust,false,28,m,zero
B-loathing-d1-v2,loathing,outrage,outrage,false,28,m,zero
B-loathing-d1-v3,loathing,outrage,disgust,true,28,m,zero
B-loathing-d1-v4,loathing,anger,anger,false,28,m,zero
B-loathing-d2-v1,loathing,disgust,disgust,false,28,m,zero
B-loathing-d2-v2,loathing,disgust,disgust,false,28,m,zero
B-loathing-d2-v3,loathing,disgust,disgust,false,28,m,zero
B-loathing-d2-v4,loathing,disgust,disgust,false,28,m,zero
B-loathing-d3-v1,loathing,shame,shame,false,28,m,zero
B-loathing-d3-v2,loathing,anger,anger,false,28,m,zero
B-loathing-d3-v3,loathing,embarrassment,embarrassment,false,28,m,zero
B-loathing-d3-v4,loathing,irony,anger,true,28,m,zero
B-rage-d1-v1,rage,anger,anger,false,28,m,zero
B-rage-d1-v2,rage,anger,anger,false,28,m,zero
B-rage-d1-v3,rage,anger,anger,false,28,m,zero
B-rage-d1-v4,rage,anger,anger,false,28,m,zero
B-rage-d2-v1,rage,relief,relief,false,28,m,zero
B-rage-d2-v2,rage,anger,anger,false,28,m,zero
B-rage-d2-v3,rage,anger,frustration,true,28,m,zero
B-rage-d2-v4,rage,shock,shock,false,28,m,zero
B-rage-d3-v1,rage,shock,shock,false,28,m,zero
B-rage-d3-v2,rage,anger,anger,false,28,m,zero
B-rage-d3-v3,rage,anger,anger,false,28,m,zero
B-rage-d3-v4,rage,fear,fear,false,28,m,zero
B-terror-d1-v1,terror,fear,fear,false,28,m,zero
B-terror-d1-v2,terror,suspicion,suspicion,false,28,m,zero
B-terror-d1-v3,terror,fear,fear,false,28,m,zero
B-terror-d1-v4,terror,anxiety,anxiety,false,28,m,zero
B-terror-d2-v1,terror,anxiety,anxiety,false,28,m,zero
B-terror-d2-v2,terror,anxiety,anxiety,false,28,m,zero
B-terror-d2-v3,terror,anxiety,anxiety,false,28,m,zero
B-terror-d2-v4,terror,fear,fear,false,28,m,zero
B-terror-d3-v1,terror,fear,fear,false,28,m,zero
B-terror-d3-v2,terror,anxiety,anxiety,false,28,m,zero
B-terror-d3-v3,terror,fear,fear,false,28,m,zero
B-terror-d3-v4,terror,fear,fear,false,28,m,zero
B-vigilance-d1-v1,vigilance,concern,concern,false,28,m,zero
B-vigilance-d1-v2,vigilance,anxiety,anxiety,false,28,m,zero
B-vigilance-d1-v3,vigilance,anxiety,anxiety,false,28,m,zero
B-vigilance-d1-v4,vigilance,concern,concern,false,28,m,zero
B-vigilance-d2-v1,vigilance,anxiety,anxiety,false,28,m,zero
B-vigilance-d2-v2,vigilance,anticipation,anticipation,false,28,m,zero
B-vigilance-d2-v3,vigilance,focus,tension,true,28,m,zero
B-vigilance-d2-v4,vigilance,focus,focus,false,28,m,zero
B-vigilance-d3-v1,vigilance,focus,focus,false,28,m,zero
B-vigilance-d3-v2,vigilance,focus,focus,false,28,m,zero
B-vigilance-d3-v3,vigilance,concern,concern,false,28,m,zero
B-vigilance-d3-v4,vigilance,alert,alert,false,28,m,zero
B-admiration-d1-v1,admiration,admiration,admiration,false,29,m,zero
B-admiration-d1-v2,admiration,empathy,relief,true,29,m,zero
B-admiration-d1-v3,admiration,admiration,admiration,false,29,m,zero
B-admiration-d1-v4,admiration,admiration,admiration,false,29,m,zero
B-admiration-d2-v1,admiration,guilt,guilt,false,29,m,zero
B-admiration-d2-v2,admiration,compassion,compassion,false,29,m,zero
B-admiration-d2-v3,admiration,guilt,guilt,false,29,m,zero
B-admiration-d2-v4,admiration,dedication,dedication,false,29,m,zero
B-admiration-d3-v1,admiration,pride,pride,false,29,m,zero
B-admiration-d3-v2,admiration,relief,relief,false,29,m,zero
B-admiration-d3-v3,admiration,determination,determination,false,29,m,zero
B-admiration-d3-v4,admiration,empathy,gratitude,true,29,m,zero
B-amazement-d1-v1,amazement,awe,awe,false,29,m,zero
B-amazement-d1-v2,amazement,awe,awe,false,29,m,zero
B-amazement-d1-v3,amazement,awe,awe,false,29,m,zero
B-amazement-d1-v4,amazement,awe,awe,false,29,m,zero
B-amazement-d2-v1,amazement,relief,relief,false,29,m,zero
B-amazement-d2-v2,amazement,awe,awe,false,29,m,zero
B-amazement-d2-v3,amazement,relief,relief,false,29,m,zero
B-amazement-d2-v4,amazement,relief,relief,false,29,m,zero
B-amazement-d3-v1,amazement,surprise,surprise,false,29,m,zero
B-amazement-d3-v2,amazement,excitement,surprise,true,29,m,zero
B-amazement-d3-v3,amazement,relief,relief,false,29,m,zero
B-amazement-d3-v4,amazement,surprise,surprise,false,29,m,zero
B-ecstasy-d1-v1,ecstasy,relief,relief,false,29,m,zero
B-ecstasy-d1-v2,ecstasy,despair,despair,false,29,m,zero
B-ecstasy-d1-v3,ecstasy,el,relief,true,29,m,zero
B-ecstasy-d1-v4,ecstasy,pride,relief,true,29,m,zero
B-ecstasy-d2-v1,ecstasy,a,relief,true,29,m,zero
B-ecstasy-d2-v2,ecstasy,relief,relief,false,29,m,zero
B-ecstasy-d2-v3,ecstasy,nostalgia,nostalgia,false,29,m,zero
B-ecstasy-d2-v4,ecstasy,happiness,relief,true,29,m,zero
B-ecstasy-d3-v1,ecstasy,excitement,excitement,false,29,m,zero
B-ecstasy-d3-v2,ecstasy,wonder,awe,true,29,m,zero
B-ecstasy-d3-v3,ecstasy,excitement,excitement,false,29,m,zero
B-ecstasy-d3-v4,ecstasy,excitement,excitement,false,29,m,zero
B-grief-d1-v1,grief,grief,grief,false,29,m,zero
B-grief-d1-v2,grief,grief,grief,false,29,m,zero
B-grief-d1-v3,grief,grief,grief,false,29,m,zero
B-grief-d1-v4,grief,grief,grief,false,29,m,zero
B-grief-d2-v1,grief,despair,despair,false,29,m,zero
B-grief-d2-v2,grief,nostalgia,melanch,true,29,m,zero
B-grief-d2-v3,grief,melanch,melanch,false,29,m,zero
B-grief-d2-v4,grief,nostalgia,melanch,true,29,m,zero
B-grief-d3-v1,grief,anxiety,anxiety,false,29,m,zero
B-grief-d3-v2,grief,grief,grief,false,29,m,zero
B-grief-d3-v3,grief,melanch,regret,true,29,m,zero
B-grief-d3-v4,grief,longing,longing,false,29,m,zero
B-loathing-d1-v1,loathing,disgust,disgust,false,29,m,zero
B-loathing-d1-v2,loathing,outrage,anger,true,29,m,zero
B-loathing-d1-v3,loathing,outrage,anger,true,29,m,zero
B-loathing-d1-v4,loathing,anger,anger,false,29,m,zero
B-loathing-d2-v1,loathing,disgust,disgust,false,29,m,zero
B-loathing-d2-v2,loathing,disgust,disgust,false,29,m,zero
B-loathing-d2-v3,loathing,disgust,disgust,false,29,m,zero
B-loathing-d2-v4,loathing,disgust,disgust,false,29,m,zero
B-loathing-d3-v1,loathing,shame,shame,false,29,m,zero
B-loathing-d3-v2,loathing,anger,anger,false,29,m,zero
B-loathing-d3-v3,loathing,embarrassment,embarrassment,false,29,m,zero
B-loathing-d3-v4,loathing,irony,anger,true,29,m,zero
B-rage-d1-v1,rage,anger,anger,false,29,m,zero
B-rage-d1-v2,rage,anger,anger,false,29,m,zero
B-rage-d1-v3,rage,anger,anger,false,29,m,zero
B-rage-d1-v4,rage,anger,anger,false,29,m,zero
B-rage-d2-v1,rage,relief,relief,false,29,m,zero
B-rage-d2-v2,rage,anger,anger,false,29,m,zero
B-rage-d2-v3,rage,anger,anger,false,29,m,zero
B-rage-d2-v4,rage,shock,anger,true,29,m,zero
B-rage-d3-v1,rage,shock,anger,true,29,m,zero
B-rage-d3-v2,rage,anger,anger,false,29,m,zero
B-rage-d3-v3,rage,anger,anger,false,29,m,zero
B-rage-d3-v4,rage,fear,fear,false,29,m,zero
B-terror-d1-v1,terror,fear,fear,false,29,m,zero
B-terror-d1-v2,terror,suspicion,suspicion,false,29,m,zero
B-terror-d1-v3,terror,fear,fear,false,29,m,zero
B-terror-d1-v4,terror,anxiety,anxiety,false,29,m,zero
B-terror-d2-v1,terror,anxiety,anxiety,false,29,m,zero
B-terror-d2-v2,terror,anxiety,anxiety,false,29,m,zero
B-terror-d2-v3,terror,anxiety,anxiety,false,29,m,zero
B-terror-d2-v4,terror,fear,fear,false,29,m,zero
B-terror-d3-v1,terror,fear,fear,false,29,m,zero
B-terror-d3-v2,terror,anxiety,anxiety,false,29,m,zero
B-terror-d3-v3,terror,fear,fear,false,29,m,zero
B-terror-d3-v4,terror,fear,fear,false,29,m,zero
B-vigilance-d1-v1,vigilance,concern,concern,false,29,m,zero
B-vigilance-d1-v2,vigilance,anxiety,anxiety,false,29,m,zero
B-vigilance-d1-v3,vigilance,anxiety,anxiety,false,29,m,zero
B-vigilance-d1-v4,vigilance,concern,concern,false,29,m,zero
B-vigilance-d2-v1,vigilance,anxiety,concern,true,29,m,zero
B-vigilance-d2-v2,vigilance,anticipation,anticipation,false,29,m,zero
B-vigilance-d2-v3,vigilance,focus,focus,false,29,m,zero
B-vigilance-d2-v4,vigilance,focus,focus,false,29,m,zero
B-vigilance-d3-v1,vigilance,focus,focus,false,29,m,zero
B-vigilance-d3-v2,vigilance,focus,focus,false,29,m,zero
B-vigilance-d3-v3,vigilance,concern,concern,false,29,m,zero
B-vigilance-d3-v4,vigilance,alert,caution,true,29,m,zero
B-admiration-d1-v1,admiration,admiration,admiration,false,30,m,zero
B-admiration-d1-v2,admiration,empathy,relief,true,30,m,zero
B-admiration-d1-v3,admiration,admiration,admiration,false,30,m,zero
B-admiration-d1-v4,admiration,admiration,admiration,false,30,m,zero
B-admiration-d2-v1,admiration,guilt,guilt,false,30,m,zero
B-admiration-d2-v2,admiration,compassion,compassion,false,30,m,zero
B-admiration-d2-v3,admiration,guilt,guilt,false,30,m,zero
B-admiration-d2-v4,admiration,dedication,dedication,false,30,m,zero
B-admiration-d3-v1,admiration,pride,pride,false,30,m,zero
B-admiration-d3-v2,admiration,relief,relief,false,30,m,zero
B-admiration-d3-v3,admiration,determination,determination,false,30,m,zero
B-admiration-d3-v4,admiration,empathy,hope,true,30,m,zero
B-amazement-d1-v1,amazement,awe,awe,false,30,m,zero
B-amazement-d1-v2,amazement,awe,awe,false,30,m,zero
B-amazement-d1-v3,amazement,awe,awe,false,30,m,zero
B-amazement-d1-v4,amazement,awe,awe,false,30,m,zero
B-amazement-d2-v1,amazement,relief,relief,false,30,m,zero
B-amazement-d2-v2,amazement,awe,awe,false,30,m,zero
B-amazement-d2-v3,amazement,relief,relief,false,30,m,zero
B-amazement-d2-v4,amazement,relief,relief,false,30,m,zero
B-amazement-d3-v1,amazement,surprise,surprise,false,30,m,zero
B-amazement-d3-v2,amazement,excitement,excitement,false,30,m,zero
B-amazement-d3-v3,amazement,relief,relief,false,30,m,zero
B-amazement-d3-v4,amazement,surprise,surprise,false,30,m,zero
B-ecstasy-d1-v1,ecstasy,relief,relief,false,30,m,zero
B-ecstasy-d1-v2,ecstasy,despair,despair,false,30,m,zero
B-ecstasy-d1-v3,ecstasy,el,relief,true,30,m,zero
B-ecstasy-d1-v4,ecstasy,pride,relief,true,30,m,zero
B-ecstasy-d2-v1,ecstasy,a,relief,true,30,m,zero
B-ecstasy-d2-v2,ecstasy,relief,relief,false,30,m,zero
B-ecstasy-d2-v3,ecstasy,nostalgia,relief,true,30,m,zero
B-ecstasy-d2-v4,ecstasy,happiness,relief,true,30,m,zero
B-ecstasy-d3-v1,ecstasy,excitement,excitement,false,30,m,zero
B-ecstasy-d3-v2,ecstasy,wonder,wonder,false,30,m,zero
B-ecstasy-d3-v3,ecstasy,excitement,excitement,false,30,m,zero
B-ecstasy-d3-v4,ecstasy,excitement,excitement,false,30,m,zero
B-grief-d1-v1,grief,grief,grief,false,30,m,zero
B-grief-d1-v2,grief,grief,resignation,true,30,m,zero
B-grief-d1-v3,grief,grief,hope,true,30,m,zero
B-grief-d1-v4,grief,grief,sadness,true,30,m,zero
B-grief-d2-v1,grief,despair,despair,false,30,m,zero
B-grief-d2-v2,grief,nostalgia,nostalgia,false,30,m,zero
B-grief-d2-v3,grief,melanch,resignation,true,30,m,zero
B-grief-d2-v4,grief,nostalgia,resignation,true,30,m,zero
B-grief-d3-v1,grief,anxiety,anxiety,false,30,m,zero
B-grief-d3-v2,grief,grief,melanch,true,30,m,zero
B-grief-d3-v3,grief,melanch,regret,true,30,m,zero
B-grief-d3-v4,grief,longing,longing,false,30,m,zero
B-loathing-d1-v1,loathing,disgust,disgust,false,30,m,zero
B-loathing-d1-v2,loathing,outrage,outrage,false,30,m,zero
B-loathing-d1-v3,loathing,outrage,anger,true,30,m,zero
B-loathing-d1-v4,loathing,anger,anger,false,30,m,zero
B-loathing-d2-v1,loathing,disgust,disgust,false,30,m,zero
B-loathing-d2-v2,loathing,disgust,disgust,false,30,m,zero
B-loathing-d2-v3,loathing,disgust,fear,true,30,m,zero
B-loathing-d2-v4,loathing,disgust,disgust,false,30,m,zero
B-loathing-d3-v1,loathing,shame,shock,true,30,m,zero
B-loathing-d3-v2,loathing,anger,anger,false,30,m,zero
B-loathing-d3-v3,loathing,embarrassment,embarrassment,false,30,m,zero
B-loathing-d3-v4,loathing,irony,irony,false,30,m,zero
B-rage-d1-v1,rage,anger,anger,false,30,m,zero
B-rage-d1-v2,rage,anger,anger,false,30,m,zero
B-rage-d1-v3,rage,anger,anger,false,30,m,zero
B-rage-d1-v4,rage,anger,anger,false,30,m,zero
B-rage-d2-v1,rage,relief,relief,false,30,m,zero
B-rage-d2-v2,rage,anger,anger,false,30,m,zero
B-rage-d2-v3,rage,anger,anger,false,30,m,zero
B-rage-d2-v4,rage,shock,anger,true,30,m,zero
B-rage-d3-v1,rage,shock,anger,true,30,m,zero
B-rage-d3-v2,rage,anger,anger,false,30,m,zero
B-rage-d3-v3,rage,anger,anger,false,30,m,zero
B-rage-d3-v4,rage,fear,fear,false,30,m,zero
B-terror-d1-v1,terror,fear,fear,false,30,m,zero
B-terror-d1-v2,terror,suspicion,suspicion,false,30,m,zero
B-terror-d1-v3,terror,fear,fear,false,30,m,zero
B-terror-d1-v4,terror,anxiety,fear,true,30,m,zero
B-terror-d2-v1,terror,anxiety,anxiety,false,30,m,zero
B-terror-d2-v2,terror,anxiety,anxiety,false,30,m,zero
B-terror-d2-v3,terror,anxiety,anxiety,false,30,m,zero
B-terror-d2-v4,terror,fear,fear,false,30,m,zero
B-terror-d3-v1,terror,fear,fear,false,30,m,zero
B-terror-d3-v2,terror,anxiety,fear,true,30,m,zero
B-terror-d3-v3,terror,fear,fear,false,30,m,zero
B-terror-d3-v4,terror,fear,fear,false,30,m,zero
B-vigilance-d1-v1,vigilance,concern,concern,false,30,m,zero
B-vigilance-d1-v2,vigilance,anxiety,concern,true,30,m,zero
B-vigilance-d1-v3,vigilance,anxiety,anxiety,false,30,m,zero
B-vigilance-d1-v4,vigilance,concern,concern,false,30,m,zero
B-vigilance-d2-v1,vigilance,anxiety,focus,true,30,m,zero
B-vigilance-d2-v2,vigilance,anticipation,anticipation,false,30,m,zero
B-vigilance-d2-v3,vigilance,focus,focus,false,30,m,zero
B-vigilance-d2-v4,vigilance,focus,focus,false,30,m,zero
B-vigilance-d3-v1,vigilance,focus,focus,false,30,m,zero
B-vigilance-d3-v2,vigilance,focus,focus,false,30,m,zero
B-vigilance-d3-v3,vigilance,concern,concern,false,30,m,zero
B-vigilance-d3-v4,vigilance,alert,alert,false,30,m,zero
B-admiration-d1-v1,admiration,admiration,pride,true,31,m,zero
B-admiration-d1-v2,admiration,empathy,pride,true,31,m,zero
B-admiration-d1-v3,admiration,admiration,tend,true,31,m,zero
B-admiration-d1-v4,admiration,admiration,respect,true,31,m,zero
B-admiration-d2-v1,admiration,guilt,mixed,true,31,m,zero
B-admiration-d2-v2,admiration,compassion,b,true,31,m,zero
B-admiration-d2-v3,admiration,guilt,guilt,false,31,m,zero
B-admiration-d2-v4,admiration,dedication,duty,true,31,m,zero
B-admiration-d3-v1,admiration,pride,pride,false,31,m,zero
B-admiration-d3-v2,admiration,relief,relief,false,31,m,zero
B-admiration-d3-v3,admiration,determination,determination,false,31,m,zero
B-admiration-d3-v4,admiration,empathy,tend,true,31,m,zero
B-amazement-d1-v1,amazement,awe,wonder,true,31,m,zero
B-amazement-d1-v2,amazement,awe,wonder,true,31,m,zero
B-amazement-d1-v3,amazement,awe,wonder,true,31,m,zero
B-amazement-d1-v4,amazement,awe,am,true,31,m,zero
B-amazement-d2-v1,amazement,relief,relief,false,31,m,zero
B-amazement-d2-v2,amazement,awe,am,true,31,m,zero
B-amazement-d2-v3,amazement,relief,relief,false,31,m,zero
B-amazement-d2-v4,amazement,relief,relief,false,31,m,zero
B-amazement-d3-v1,amazement,surprise,pride,true,31,m,zero
B-amazement-d3-v2,amazement,excitement,am,true,31,m,zero
B-amazement-d3-v3,amazement,relief,relief,false,31,m,zero
B-amazement-d3-v4,amazement,surprise,surprise,false,31,m,zero
B-ecstasy-d1-v1,ecstasy,relief,el,true,31,m,zero
B-ecstasy-d1-v2,ecstasy,despair,shock,true,31,m,zero
B-ecstasy-d1-v3,ecstasy,el,el,false,31,m,zero
B-ecstasy-d1-v4,ecstasy,pride,pride,false,31,m,zero
B-ecstasy-d2-v1,ecstasy,a,relief,true,31,m,zero
B-ecstasy-d2-v2,ecstasy,relief,relief,false,31,m,zero
B-ecstasy-d2-v3,ecstasy,nostalgia,mixed,true,31,m,zero
B-ecstasy-d2-v4,ecstasy,happiness,relief,true,31,m,zero
B-ecstasy-d3-v1,ecstasy,excitement,el,true,31,m,zero
B-ecstasy-d3-v2,ecstasy,wonder,wonder,false,31,m,zero
B-ecstasy-d3-v3,ecstasy,excitement,excitement,false,31,m,zero
B-ecstasy-d3-v4,ecstasy,excitement,excitement,false,31,m,zero
B-grief-d1-v1,grief,grief,loss,true,31,m,zero
B-grief-d1-v2,grief,grief,des,true,31,m,zero
B-grief-d1-v3,grief,grief,loss,true,31,m,zero
B-grief-d1-v4,grief,grief,shock,true,31,m,zero
B-grief-d2-v1,grief,despair,loss,true,31,m,zero
B-grief-d2-v2,grief,nostalgia,b,true,31,m,zero
B-grief-d2-v3,grief,melanch,loss,true,31,m,zero
B-grief-d2-v4,grief,nostalgia,b,true,31,m,zero
B-grief-d3-v1,grief,anxiety,concern,true,31,m,zero
B-grief-d3-v2,grief,grief,b,true,31,m,zero
B-grief-d3-v3,grief,melanch,b,true,31,m,zero
B-grief-d3-v4,grief,longing,year,true,31,m,zero
B-loathing-d1-v1,loathing,disgust,anger,true,31,m,zero
B-loathing-d1-v2,loathing,outrage,(,true,31,m,zero
B-loathing-d1-v3,loathing,outrage,anger,true,31,m,zero
B-loathing-d1-v4,loathing,anger,anger,false,31,m,zero
B-loathing-d2-v1,loathing,disgust,rev,true,31,m,zero
B-loathing-d2-v2,loathing,disgust,rev,true,31,m,zero
B-loathing-d2-v3,loathing,disgust,fear,true,31,m,zero
B-loathing-d2-v4,loathing,disgust,rev,true,31,m,zero
B-loathing-d3-v1,loathing,shame,shock,true,31,m,zero
B-loathing-d3-v2,loathing,anger,(,true,31,m,zero
B-loathing-d3-v3,loathing,embarrassment,embarrassment,false,31,m,zero
B-loathing-d3-v4,loathing,irony,(,true,31,m,zero
B-rage-d1-v1,rage,anger,anger,false,31,m,zero
B-rage-d1-v2,rage,anger,anger,false,31,m,zero
B-rage-d1-v3,rage,anger,shock,true,31,m,zero
B-rage-d1-v4,rage,anger,anger,false,31,m,zero
B-rage-d2-v1,rage,relief,relief,false,31,m,zero
B-rage-d2-v2,rage,anger,anger,false,31,m,zero
B-rage-d2-v3,rage,anger,(,true,31,m,zero
B-rage-d2-v4,rage,shock,shock,false,31,m,zero
B-rage-d3-v1,rage,shock,shock,false,31,m,zero
B-rage-d3-v2,rage,anger,anger,false,31,m,zero
B-rage-d3-v3,rage,anger,anger,false,31,m,zero
B-rage-d3-v4,rage,fear,fear,false,31,m,zero
B-terror-d1-v1,terror,fear,fear,false,31,m,zero
B-terror-d1-v2,terror,suspicion,alert,true,31,m,zero
B-terror-d1-v3,terror,fear,fear,false,31,m,zero
B-terror-d1-v4,terror,anxiety,anxiety,false,31,m,zero
B-terror-d2-v1,terror,anxiety,concern,true,31,m,zero
B-terror-d2-v2,terror,anxiety,concern,true,31,m,zero
B-terror-d2-v3,terror,anxiety,fear,true,31,m,zero
B-terror-d2-v4,terror,fear,fear,false,31,m,zero
B-terror-d3-v1,terror,fear,fear,false,31,m,zero
B-terror-d3-v2,terror,anxiety,anxiety,false,31,m,zero
B-terror-d3-v3,terror,fear,fear,false,31,m,zero
B-terror-d3-v4,terror,fear,fear,false,31,m,zero
B-vigilance-d1-v1,vigilance,concern,alert,true,31,m,zero
B-vigilance-d1-v2,vigilance,anxiety,concern,true,31,m,zero
B-vigilance-d1-v3,vigilance,anxiety,concern,true,31,m,zero
B-vigilance-d1-v4,vigilance,concern,concern,false,31,m,zero
B-vigilance-d2-v1,vigilance,anxiety,concern,true,31,m,zero
B-vigilance-d2-v2,vigilance,anticipation,tension,true,31,m,zero
B-vigilance-d2-v3,vigilance,focus,focus,false,31,m,zero
B-vigilance-d2-v4,vigilance,focus,focus,false,31,m,zero
B-vigilance-d3-v1,vigilance,focus,focus,false,31,m,zero
B-vigilance-d3-v2,vigilance,focus,focus,false,31,m,zero
B-vigilance-d3-v3,vigilance,concern,concern,false,31,m,zero
B-vigilance-d3-v4,vigilance,alert,alert,false,31,m,zero
